{"ASSIST": 0.27472527472527475, "BLOCK": 0.1111111111111111, "FG_ARC_3_ATTEMPT": 0.19130434782608696, "FG_ARC_3_BLOCK": 0.0, "FG_ARC_3_MADE": 0.4090909090909091, "FG_ARC_3_MADE_FOUL": 0.0, "FG_AT_RIM_ATTEMPT": 0.19540229885057472, "FG_AT_RIM_BLOCK": 0.011494252873563218, "FG_AT_RIM_MADE": 0.7058823529411765, "FG_AT_RIM_MADE_FOUL": 0.011494252873563218, "FG_CORNER_3_ATTEMPT": 0.22580645161290322, "FG_CORNER_3_BLOCK": 0.0, "FG_CORNER_3_MADE": 0.42857142857142855, "FG_CORNER_3_MADE_FOUL": 0.0, "FG_LONG_MID_RANGE_ATTEMPT": 0.41818181818181815, "FG_LONG_MID_RANGE_BLOCK": 0.0, "FG_LONG_MID_RANGE_MADE": 0.43478260869565216, "FG_LONG_MID_RANGE_MADE_FOUL": 0.01818181818181818, "FG_SHORT_MID_RANGE_ATTEMPT": 0.3557692307692308, "FG_SHORT_MID_RANGE_BLOCK": 0.019230769230769232, "FG_SHORT_MID_RANGE_MADE": 0.35135135135135137, "FG_SHORT_MID_RANGE_MADE_FOUL": 0.019230769230769232, "FG_XY": {"ARC_3": {"-47|253": 0.045454545454545456, "-58|236": 0.045454545454545456, "60|246": 0.045454545454545456, "-197|153": 0.045454545454545456, "158|193": 0.045454545454545456, "201|141": 0.045454545454545456, "-136|215": 0.045454545454545456, "-164|193": 0.045454545454545456, "-174|186": 0.045454545454545456, "-183|184": 0.045454545454545456, "83|252": 0.045454545454545456, "-178|189": 0.045454545454545456, "-98|242": 0.045454545454545456, "-107|272": 0.045454545454545456, "-201|150": 0.045454545454545456, "-188|201": 0.045454545454545456, "-218|125": 0.045454545454545456, "-138|203": 0.045454545454545456, "51|253": 0.045454545454545456, "-210|120": 0.045454545454545456, "23|245": 0.045454545454545456, "-191|159": 0.045454545454545456}, "AT_RIM": {"10|15": 0.058823529411764705, "5|31": 0.058823529411764705, "10|-5": 0.058823529411764705, "1|11": 0.058823529411764705, "0|-7": 0.058823529411764705, "22|12": 0.058823529411764705, "36|14": 0.058823529411764705, "-1|-4": 0.058823529411764705, "-7|7": 0.058823529411764705, "0|20": 0.058823529411764705, "0|5": 0.058823529411764705, "-1|10": 0.058823529411764705, "7|17": 0.058823529411764705, "-6|23": 0.058823529411764705, "11|15": 0.058823529411764705, "-2|8": 0.058823529411764705, "11|13": 0.058823529411764705}, "CORNER_3": {"225|34": 0.14285714285714285, "-234|-17": 0.14285714285714285, "-223|-13": 0.14285714285714285, "227|-22": 0.14285714285714285, "-235|17": 0.14285714285714285, "-225|-14": 0.14285714285714285, "230|-24": 0.14285714285714285}, "LONG_MID_RANGE": {"-132|86": 0.043478260869565216, "-141|144": 0.043478260869565216, "-121|121": 0.043478260869565216, "25|199": 0.043478260869565216, "-175|71": 0.043478260869565216, "-156|5": 0.043478260869565216, "66|177": 0.043478260869565216, "-143|8": 0.043478260869565216, "-31|159": 0.043478260869565216, "-98|105": 0.043478260869565216, "-98|154": 0.043478260869565216, "-173|70": 0.043478260869565216, "0|181": 0.043478260869565216, "-2|204": 0.043478260869565216, "-4|141": 0.043478260869565216, "-85|189": 0.043478260869565216, "-114|190": 0.043478260869565216, "-44|196": 0.043478260869565216, "140|43": 0.043478260869565216, "36|162": 0.043478260869565216, "-43|156": 0.043478260869565216, "-141|143": 0.043478260869565216, "-203|34": 0.043478260869565216}, "SHORT_MID_RANGE": {"93|88": 0.02702702702702703, "-69|116": 0.02702702702702703, "36|41": 0.02702702702702703, "-50|65": 0.02702702702702703, "-110|0": 0.02702702702702703, "-42|-2": 0.02702702702702703, "-29|99": 0.02702702702702703, "110|61": 0.02702702702702703, "-38|126": 0.02702702702702703, "-47|126": 0.02702702702702703, "88|70": 0.02702702702702703, "39|11": 0.02702702702702703, "-21|113": 0.02702702702702703, "20|120": 0.02702702702702703, "38|21": 0.02702702702702703, "98|81": 0.02702702702702703, "107|55": 0.02702702702702703, "11|101": 0.02702702702702703, "-119|54": 0.02702702702702703, "-72|8": 0.02702702702702703, "-61|117": 0.02702702702702703, "-39|110": 0.02702702702702703, "37|95": 0.02702702702702703, "-4|110": 0.02702702702702703, "10|127": 0.02702702702702703, "-18|126": 0.02702702702702703, "-114|66": 0.02702702702702703, "77|10": 0.02702702702702703, "-82|31": 0.02702702702702703, "-53|25": 0.02702702702702703, "-47|63": 0.02702702702702703, "6|41": 0.02702702702702703, "-110|35": 0.02702702702702703, "87|21": 0.02702702702702703, "-18|122": 0.02702702702702703, "-54|50": 0.02702702702702703, "-112|-22": 0.02702702702702703}}, "FOUL_AWAY_FROM_PLAY": 0.0, "FOULED_AWAY_FROM_PLAY": 0.0, "FOUL_CLEAR_PATH": 0.0, "FOULED_CLEAR_PATH": 0.0, "FOUL_COUNT_AS_PERSONAL": 0.1875, "FOULED_COUNT_AS_PERSONAL": 0.16470588235294117, "FOUL_COUNT_TOWARD_PENALTY": 0.19736842105263158, "FOULED_COUNT_TOWARD_PENALTY": 0.16883116883116883, "FOUL_DEFENSIVE_NON_SHOOTING": 0.2857142857142857, "FOULED_DEFENSIVE_NON_SHOOTING": 0.14285714285714285, "FOUL_DOUBLE": 0.0, "FOUL_TECHNICAL_DOUBLE": 0.0, "FOUL_FLAGRANT": 0.0, "FOULED_FLAGRANT": 0.0, "FOUL_FLAGRANT_1": 0.0, "FOULED_FLAGRANT_1": 0.0, "FOUL_FLAGRANT_2": 0.0, "FOULED_FLAGRANT_2": 0.0, "FOUL_INBOUND": 0.0, "FOULED_INBOUND": 0.0, "FOUL_LOOSE_BALL": 0.0, "FOULED_LOOSE_BALL": 0.0, "FOUL_OFFENSIVE_CHARGE": 0.0, "FOULED_OFFENSIVE_CHARGE": 0.0, "FOUL_OFFENSIVE_OTHER": 0.0, "FOULED_OFFENSIVE_OTHER": 0.0, "FOUL_OFFENSIVE_TOTAL": 0.0, "FOULED_OFFENSIVE_TOTAL": 0.125, "FOUL_PERSONAL": 0.14285714285714285, "FOULED_PERSONAL": 0.15151515151515152, "FOUL_PERSONAL_BLOCK": 0.0, "FOULED_PERSONAL_BLOCK": 0.0, "FOUL_PERSONAL_TAKE": 0.6923076923076923, "FOULED_PERSONAL_TAKE": 0.3333333333333333, "FOUL_SHOOTING": 0.08823529411764706, "FOULED_SHOOTING": 0.2, "FOUL_SHOOTING_BLOCK": 0.0, "FOULED_SHOOTING_BLOCK": 0.0, "FOUL_TECHNICAL": 0.16666666666666666, "FT": 0.8823529411764706, "REBOUND_DEFENSIVE": 0.0892018779342723, "REBOUND_OFFENSIVE": 0.021645021645021644, "STEAL": 0.25, "SHOT_TYPE_ARC_3_OFFENSIVE": 0.29336734693877553, "SHOT_TYPE_ARC_3_DEFENSIVE": 0.32625994694960214, "SHOT_TYPE_AT_RIM_OFFENSIVE": 0.22193877551020408, "SHOT_TYPE_AT_RIM_DEFENSIVE": 0.27586206896551724, "SHOT_TYPE_CORNER_3_OFFENSIVE": 0.07908163265306123, "SHOT_TYPE_CORNER_3_DEFENSIVE": 0.1246684350132626, "SHOT_TYPE_LONG_MID_RANGE_OFFENSIVE": 0.14030612244897958, "SHOT_TYPE_LONG_MID_RANGE_DEFENSIVE": 0.08488063660477453, "SHOT_TYPE_SHORT_MID_RANGE_OFFENSIVE": 0.2653061224489796, "SHOT_TYPE_SHORT_MID_RANGE_DEFENSIVE": 0.1883289124668435, "TURNOVER": 0.24489795918367346, "VIOLATION_DEFENSIVE_GOALTENDING": 0.0, "VIOLATION_DEFENSIVE_KICK_BALL": 0.0}