{"ASSIST": 0.554945054945055, "BLOCK": 0.11764705882352941, "FG_ARC_3_ATTEMPT": 0.31511254019292606, "FG_ARC_3_BLOCK": 0.0, "FG_ARC_3_MADE": 0.6326530612244898, "FG_ARC_3_MADE_FOUL": 0.003215434083601286, "FG_AT_RIM_ATTEMPT": 0.3320754716981132, "FG_AT_RIM_BLOCK": 0.0037735849056603774, "FG_AT_RIM_MADE": 0.9545454545454546, "FG_AT_RIM_MADE_FOUL": 0.022641509433962263, "FG_CORNER_3_ATTEMPT": 0.1782178217821782, "FG_CORNER_3_BLOCK": 0.0, "FG_CORNER_3_MADE": 0.7222222222222222, "FG_CORNER_3_MADE_FOUL": 0.0, "FG_LONG_MID_RANGE_ATTEMPT": 0.42028985507246375, "FG_LONG_MID_RANGE_BLOCK": 0.0, "FG_LONG_MID_RANGE_MADE": 0.6666666666666666, "FG_LONG_MID_RANGE_MADE_FOUL": 0.0, "FG_SHORT_MID_RANGE_ATTEMPT": 0.38175675675675674, "FG_SHORT_MID_RANGE_BLOCK": 0.006756756756756757, "FG_SHORT_MID_RANGE_MADE": 0.6548672566371682, "FG_SHORT_MID_RANGE_MADE_FOUL": 0.04054054054054054, "FG_XY": {"ARC_3": {"87|253": 0.01020408163265306, "138|212": 0.01020408163265306, "140|207": 0.01020408163265306, "138|211": 0.01020408163265306, "103|234": 0.01020408163265306, "142|194": 0.01020408163265306, "-77|248": 0.01020408163265306, "-165|195": 0.01020408163265306, "-199|155": 0.01020408163265306, "-162|278": 0.01020408163265306, "184|162": 0.01020408163265306, "173|184": 0.01020408163265306, "-191|157": 0.01020408163265306, "179|183": 0.01020408163265306, "-223|104": 0.01020408163265306, "115|221": 0.01020408163265306, "179|198": 0.01020408163265306, "-123|229": 0.01020408163265306, "-23|262": 0.01020408163265306, "91|241": 0.01020408163265306, "1|269": 0.01020408163265306, "201|164": 0.01020408163265306, "-212|160": 0.01020408163265306, "-118|239": 0.01020408163265306, "-147|195": 0.01020408163265306, "-9|272": 0.01020408163265306, "-165|206": 0.01020408163265306, "-54|250": 0.01020408163265306, "-232|95": 0.01020408163265306, "-161|230": 0.01020408163265306, "181|170": 0.01020408163265306, "-217|172": 0.01020408163265306, "-168|216": 0.01020408163265306, "13|290": 0.01020408163265306, "-109|242": 0.01020408163265306, "-222|137": 0.01020408163265306, "72|242": 0.01020408163265306, "146|215": 0.01020408163265306, "51|247": 0.01020408163265306, "181|218": 0.01020408163265306, "-142|215": 0.01020408163265306, "13|247": 0.01020408163265306, "59|251": 0.01020408163265306, "148|199": 0.01020408163265306, "140|223": 0.01020408163265306, "-80|253": 0.01020408163265306, "126|226": 0.01020408163265306, "147|232": 0.01020408163265306, "82|237": 0.01020408163265306, "-1|263": 0.01020408163265306, "-207|129": 0.01020408163265306, "131|229": 0.01020408163265306, "-208|141": 0.01020408163265306, "225|99": 0.01020408163265306, "188|167": 0.01020408163265306, "-121|221": 0.01020408163265306, "168|211": 0.01020408163265306, "108|232": 0.01020408163265306, "-91|239": 0.01020408163265306, "-116|227": 0.01020408163265306, "-67|253": 0.01020408163265306, "55|260": 0.01020408163265306, "175|189": 0.01020408163265306, "93|252": 0.01020408163265306, "-235|101": 0.01020408163265306, "-11|257": 0.01020408163265306, "124|225": 0.01020408163265306, "-16|273": 0.01020408163265306, "167|200": 0.01020408163265306, "-102|244": 0.01020408163265306, "-197|200": 0.01020408163265306, "115|246": 0.01020408163265306, "-143|219": 0.01020408163265306, "-7|279": 0.01020408163265306, "183|188": 0.01020408163265306, "-124|239": 0.01020408163265306, "-47|251": 0.01020408163265306, "-138|217": 0.01020408163265306, "214|131": 0.01020408163265306, "-134|240": 0.01020408163265306, "169|232": 0.01020408163265306, "-163|207": 0.01020408163265306, "-143|206": 0.01020408163265306, "-125|208": 0.01020408163265306, "118|225": 0.01020408163265306, "17|246": 0.01020408163265306, "159|200": 0.01020408163265306, "-202|148": 0.01020408163265306, "-108|241": 0.01020408163265306, "-123|228": 0.01020408163265306, "-81|241": 0.01020408163265306, "170|197": 0.01020408163265306, "38|256": 0.01020408163265306, "118|219": 0.01020408163265306, "143|203": 0.01020408163265306, "-36|248": 0.01020408163265306, "-159|188": 0.01020408163265306, "81|237": 0.01020408163265306}, "AT_RIM": {"-9|10": 0.011363636363636364, "-5|38": 0.011363636363636364, "36|8": 0.011363636363636364, "-9|27": 0.011363636363636364, "7|5": 0.011363636363636364, "5|14": 0.011363636363636364, "18|24": 0.011363636363636364, "-4|14": 0.011363636363636364, "13|15": 0.011363636363636364, "-6|17": 0.011363636363636364, "-1|0": 0.022727272727272728, "16|7": 0.011363636363636364, "4|-1": 0.011363636363636364, "7|-5": 0.011363636363636364, "-2|4": 0.011363636363636364, "-1|-4": 0.011363636363636364, "2|8": 0.011363636363636364, "6|-11": 0.011363636363636364, "23|4": 0.011363636363636364, "-2|1": 0.011363636363636364, "-11|9": 0.011363636363636364, "-20|17": 0.011363636363636364, "-4|30": 0.011363636363636364, "6|-3": 0.011363636363636364, "4|2": 0.011363636363636364, "-15|22": 0.011363636363636364, "-11|31": 0.011363636363636364, "-18|17": 0.011363636363636364, "-10|14": 0.011363636363636364, "-13|15": 0.011363636363636364, "-17|17": 0.011363636363636364, "12|33": 0.011363636363636364, "-4|31": 0.011363636363636364, "6|19": 0.011363636363636364, "22|5": 0.011363636363636364, "-1|15": 0.011363636363636364, "0|10": 0.011363636363636364, "-4|11": 0.011363636363636364, "7|19": 0.011363636363636364, "22|32": 0.011363636363636364, "6|31": 0.011363636363636364, "10|37": 0.011363636363636364, "6|5": 0.011363636363636364, "-21|3": 0.011363636363636364, "4|1": 0.011363636363636364, "-5|1": 0.011363636363636364, "-1|7": 0.022727272727272728, "0|1": 0.011363636363636364, "-9|7": 0.011363636363636364, "-2|12": 0.011363636363636364, "0|-3": 0.011363636363636364, "-4|13": 0.011363636363636364, "2|6": 0.011363636363636364, "4|6": 0.011363636363636364, "2|-4": 0.011363636363636364, "-20|6": 0.011363636363636364, "11|18": 0.011363636363636364, "-23|19": 0.011363636363636364, "26|22": 0.011363636363636364, "15|32": 0.011363636363636364, "-4|23": 0.011363636363636364, "4|21": 0.011363636363636364, "13|6": 0.011363636363636364, "-1|9": 0.011363636363636364, "-4|15": 0.011363636363636364, "7|4": 0.011363636363636364, "-2|38": 0.011363636363636364, "21|23": 0.011363636363636364, "27|27": 0.011363636363636364, "0|5": 0.011363636363636364, "5|4": 0.011363636363636364, "-13|6": 0.011363636363636364, "1|6": 0.011363636363636364, "2|2": 0.011363636363636364, "0|0": 0.011363636363636364, "-2|-12": 0.011363636363636364, "-5|-7": 0.011363636363636364, "-12|2": 0.011363636363636364, "-11|10": 0.011363636363636364, "-6|6": 0.011363636363636364, "6|17": 0.011363636363636364, "-5|16": 0.011363636363636364, "2|0": 0.011363636363636364, "2|10": 0.011363636363636364, "-4|4": 0.011363636363636364, "12|21": 0.011363636363636364}, "CORNER_3": {"-229|47": 0.05555555555555555, "-227|2": 0.05555555555555555, "227|2": 0.05555555555555555, "-223|57": 0.05555555555555555, "227|17": 0.05555555555555555, "234|23": 0.05555555555555555, "-241|0": 0.05555555555555555, "-232|11": 0.05555555555555555, "234|60": 0.05555555555555555, "229|19": 0.05555555555555555, "-230|67": 0.05555555555555555, "-227|4": 0.05555555555555555, "229|45": 0.05555555555555555, "224|39": 0.05555555555555555, "-250|-3": 0.05555555555555555, "244|31": 0.05555555555555555, "-234|-18": 0.05555555555555555, "237|7": 0.05555555555555555}, "LONG_MID_RANGE": {"-12|139": 0.011494252873563218, "86|126": 0.011494252873563218, "-98|104": 0.011494252873563218, "-172|32": 0.011494252873563218, "109|94": 0.011494252873563218, "-1|148": 0.011494252873563218, "113|160": 0.011494252873563218, "9|207": 0.011494252873563218, "-201|15": 0.011494252873563218, "150|143": 0.011494252873563218, "132|50": 0.011494252873563218, "-51|147": 0.011494252873563218, "78|147": 0.011494252873563218, "-47|174": 0.011494252873563218, "-132|129": 0.011494252873563218, "137|55": 0.011494252873563218, "37|178": 0.011494252873563218, "70|134": 0.011494252873563218, "-55|132": 0.011494252873563218, "92|132": 0.011494252873563218, "-114|152": 0.011494252873563218, "123|158": 0.011494252873563218,