{"ASSIST": 0.16129032258064516, "BLOCK": 0.2647058823529412, "FG_ARC_3_ATTEMPT": 0.10483870967741936, "FG_ARC_3_BLOCK": 0.0, "FG_ARC_3_MADE": 0.4230769230769231, "FG_ARC_3_MADE_FOUL": 0.0, "FG_AT_RIM_ATTEMPT": 0.16062176165803108, "FG_AT_RIM_BLOCK": 0.010362694300518135, "FG_AT_RIM_MADE": 0.6774193548387096, "FG_AT_RIM_MADE_FOUL": 0.015544041450777202, "FG_CORNER_3_ATTEMPT": 0.1864406779661017, "FG_CORNER_3_BLOCK": 0.0, "FG_CORNER_3_MADE": 0.5454545454545454, "FG_CORNER_3_MADE_FOUL": 0.0, "FG_LONG_MID_RANGE_ATTEMPT": 0.06493506493506493, "FG_LONG_MID_RANGE_BLOCK": 0.0, "FG_LONG_MID_RANGE_MADE": 0.4, "FG_LONG_MID_RANGE_MADE_FOUL": 0.0, "FG_SHORT_MID_RANGE_ATTEMPT": 0.11864406779661017, "FG_SHORT_MID_RANGE_BLOCK": 0.00847457627118644, "FG_SHORT_MID_RANGE_MADE": 0.21428571428571427, "FG_SHORT_MID_RANGE_MADE_FOUL": 0.0, "FG_XY": {"ARC_3": {"-114|234": 0.038461538461538464, "120|264": 0.038461538461538464, "-158|194": 0.038461538461538464, "-227|130": 0.038461538461538464, "127|224": 0.038461538461538464, "-210|143": 0.038461538461538464, "-186|184": 0.038461538461538464, "-104|242": 0.038461538461538464, "110|222": 0.038461538461538464, "6|270": 0.038461538461538464, "-9|257": 0.038461538461538464, "2|261": 0.038461538461538464, "-168|193": 0.038461538461538464, "-7|273": 0.038461538461538464, "-120|222": 0.038461538461538464, "-179|189": 0.038461538461538464, "-134|206": 0.038461538461538464, "-222|117": 0.038461538461538464, "-165|187": 0.038461538461538464, "180|174": 0.038461538461538464, "196|146": 0.038461538461538464, "2|439": 0.038461538461538464, "135|220": 0.038461538461538464, "-162|206": 0.038461538461538464, "-203|153": 0.038461538461538464, "87|244": 0.038461538461538464}, "AT_RIM": {"5|0": 0.03225806451612903, "-17|3": 0.03225806451612903, "7|25": 0.03225806451612903, "0|0": 0.16129032258064516, "-1|4": 0.03225806451612903, "-15|4": 0.03225806451612903, "1|17": 0.03225806451612903, "12|28": 0.03225806451612903, "-1|22": 0.03225806451612903, "9|13": 0.03225806451612903, "-23|0": 0.03225806451612903, "12|17": 0.03225806451612903, "2|25": 0.03225806451612903, "-1|1": 0.03225806451612903, "28|11": 0.03225806451612903, "4|5": 0.03225806451612903, "7|9": 0.03225806451612903, "-11|19": 0.03225806451612903, "2|13": 0.03225806451612903, "16|6": 0.03225806451612903, "2|3": 0.03225806451612903, "6|22": 0.03225806451612903, "-4|6": 0.03225806451612903, "-2|18": 0.03225806451612903, "13|-2": 0.03225806451612903, "11|6": 0.03225806451612903, "32|9": 0.03225806451612903}, "CORNER_3": {"-232|15": 0.09090909090909091, "-237|38": 0.09090909090909091, "-238|7": 0.09090909090909091, "232|25": 0.09090909090909091, "229|22": 0.09090909090909091, "228|17": 0.09090909090909091, "224|60": 0.09090909090909091, "-227|22": 0.09090909090909091, "234|29": 0.09090909090909091, "-237|-4": 0.09090909090909091, "-235|0": 0.09090909090909091}, "LONG_MID_RANGE": {"164|75": 0.2, "97|158": 0.2, "21|142": 0.2, "7|207": 0.2, "-134|137": 0.2}, "SHORT_MID_RANGE": {"0|106": 0.07142857142857142, "62|66": 0.07142857142857142, "-23|38": 0.07142857142857142, "64|4": 0.07142857142857142, "-13|46": 0.07142857142857142, "-29|69": 0.07142857142857142, "0|50": 0.07142857142857142, "64|80": 0.07142857142857142, "15|65": 0.07142857142857142, "-33|104": 0.07142857142857142, "62|27": 0.07142857142857142, "-1|69": 0.07142857142857142, "45|32": 0.07142857142857142, "13|48": 0.07142857142857142}}, "FOUL_AWAY_FROM_PLAY": 0.0, "FOULED_AWAY_FROM_PLAY": 0.0, "FOUL_CLEAR_PATH": 0.0, "FOULED_CLEAR_PATH": 0.0, "FOUL_COUNT_AS_PERSONAL": 0.1910828025477707, "FOULED_COUNT_AS_PERSONAL": 0.16774193548387098, "FOUL_COUNT_TOWARD_PENALTY": 0.18705035971223022, "FOULED_COUNT_TOWARD_PENALTY": 0.14893617021276595, "FOUL_DEFENSIVE_NON_SHOOTING": 0.2125, "FOULED_DEFENSIVE_NON_SHOOTING": 0.13580246913580246, "FOUL_DOUBLE": 0.0, "FOUL_TECHNICAL_DOUBLE": 0.0, "FOUL_FLAGRANT": 0.5, "FOULED_FLAGRANT": 0.0, "FOUL_FLAGRANT_1": 0.5, "FOULED_FLAGRANT_1": 0.0, "FOUL_FLAGRANT_2": 0.0, "FOULED_FLAGRANT_2": 0.0, "FOUL_INBOUND": 0.0, "FOULED_INBOUND": 0.0, "FOUL_LOOSE_BALL": 0.0, "FOULED_LOOSE_BALL": 0.14285714285714285, "FOUL_OFFENSIVE_CHARGE": 0.0, "FOULED_OFFENSIVE_CHARGE": 0.5714285714285714, "FOUL_OFFENSIVE_OTHER": 0.0, "FOULED_OFFENSIVE_OTHER": 0.0, "FOUL_OFFENSIVE_TOTAL": 0.2222222222222222, "FOULED_OFFENSIVE_TOTAL": 0.35714285714285715, "FOUL_PERSONAL": 0.21428571428571427, "FOULED_PERSONAL": 0.14285714285714285, "FOUL_PERSONAL_BLOCK": 0.0, "FOULED_PERSONAL_BLOCK": 0.0, "FOUL_PERSONAL_TAKE": 0.2222222222222222, "FOULED_PERSONAL_TAKE": 0.1111111111111111, "FOUL_SHOOTING": 0.15254237288135594, "FOULED_SHOOTING": 0.16666666666666666, "FOUL_SHOOTING_BLOCK": 0.0, "FOULED_SHOOTING_BLOCK": 0.0, "FOUL_TECHNICAL": 0.0, "FT": 0.6521739130434783, "REBOUND_DEFENSIVE": 0.19137466307277629, "REBOUND_OFFENSIVE": 0.08136482939632546, "STEAL": 0.23529411764705882, "SHOT_TYPE_ARC_3_OFFENSIVE": 0.35683453237410073, "SHOT_TYPE_ARC_3_DEFENSIVE": 0.29705882352941176, "SHOT_TYPE_AT_RIM_OFFENSIVE": 0.2776978417266187, "SHOT_TYPE_AT_RIM_DEFENSIVE": 0.34411764705882353, "SHOT_TYPE_CORNER_3_OFFENSIVE": 0.08489208633093526, "SHOT_TYPE_CORNER_3_DEFENSIVE": 0.11911764705882352, "SHOT_TYPE_LONG_MID_RANGE_OFFENSIVE": 0.11079136690647481, "SHOT_TYPE_LONG_MID_RANGE_DEFENSIVE": 0.0838235294117647, "SHOT_TYPE_SHORT_MID_RANGE_OFFENSIVE": 0.1697841726618705, "SHOT_TYPE_SHORT_MID_RANGE_DEFENSIVE": 0.15588235294117647, "TURNOVER": 0.16822429906542055, "VIOLATION_DEFENSIVE_GOALTENDING": 0.0, "VIOLATION_DEFENSIVE_KICK_BALL": 0.6666666666666666}