{"ASSIST": 0.31092436974789917, "BLOCK": 0.1111111111111111, "FG_ARC_3_ATTEMPT": 0.1678832116788321, "FG_ARC_3_BLOCK": 0.0, "FG_ARC_3_MADE": 0.5652173913043478, "FG_ARC_3_MADE_FOUL": 0.0, "FG_AT_RIM_ATTEMPT": 0.21929824561403508, "FG_AT_RIM_BLOCK": 0.008771929824561403, "FG_AT_RIM_MADE": 0.6, "FG_AT_RIM_MADE_FOUL": 0.017543859649122806, "FG_CORNER_3_ATTEMPT": 0.2857142857142857, "FG_CORNER_3_BLOCK": 0.0, "FG_CORNER_3_MADE": 0.8, "FG_CORNER_3_MADE_FOUL": 0.0, "FG_LONG_MID_RANGE_ATTEMPT": 0.06896551724137931, "FG_LONG_MID_RANGE_BLOCK": 0.0, "FG_LONG_MID_RANGE_MADE": 0.5, "FG_LONG_MID_RANGE_MADE_FOUL": 0.0, "FG_SHORT_MID_RANGE_ATTEMPT": 0.19387755102040816, "FG_SHORT_MID_RANGE_BLOCK": 0.01020408163265306, "FG_SHORT_MID_RANGE_MADE": 0.47368421052631576, "FG_SHORT_MID_RANGE_MADE_FOUL": 0.01020408163265306, "FG_XY": {"ARC_3": {"-163|199": 0.043478260869565216, "-221|105": 0.043478260869565216, "153|210": 0.043478260869565216, "-185|157": 0.043478260869565216, "-32|254": 0.043478260869565216, "157|197": 0.043478260869565216, "-138|211": 0.043478260869565216, "205|189": 0.043478260869565216, "-197|169": 0.043478260869565216, "-22|515": 0.043478260869565216, "-152|190": 0.043478260869565216, "-186|179": 0.043478260869565216, "-196|164": 0.043478260869565216, "-97|239": 0.043478260869565216, "-202|158": 0.043478260869565216, "69|235": 0.043478260869565216, "97|224": 0.043478260869565216, "-34|257": 0.043478260869565216, "124|215": 0.043478260869565216, "-38|253": 0.043478260869565216, "123|230": 0.043478260869565216, "-70|249": 0.043478260869565216, "152|224": 0.043478260869565216}, "AT_RIM": {"0|0": 0.04, "-4|6": 0.04, "-2|-3": 0.04, "1|-10": 0.04, "-6|17": 0.04, "15|1": 0.04, "-2|-2": 0.04, "-10|-2": 0.04, "0|22": 0.04, "-10|21": 0.04, "-2|17": 0.04, "4|-1": 0.04, "-36|12": 0.04, "27|0": 0.04, "0|16": 0.04, "10|-2": 0.04, "-1|16": 0.04, "11|10": 0.04, "-4|8": 0.04, "5|5": 0.04, "0|32": 0.04, "-15|26": 0.04, "15|5": 0.04, "7|4": 0.04, "1|10": 0.04}, "CORNER_3": {"227|5": 0.1, "-229|4": 0.1, "228|81": 0.1, "223|27": 0.1, "233|-1": 0.1, "-228|52": 0.1, "-234|29": 0.1, "-222|-18": 0.1, "234|50": 0.1, "-223|-7": 0.1}, "LONG_MID_RANGE": {"153|152": 0.25, "-62|164": 0.25, "85|184": 0.25, "97|169": 0.25}, "SHORT_MID_RANGE": {"6|127": 0.05263157894736842, "-53|51": 0.05263157894736842, "37|73": 0.05263157894736842, "0|84": 0.05263157894736842, "65|44": 0.05263157894736842, "-26|69": 0.05263157894736842, "-27|106": 0.05263157894736842, "21|108": 0.05263157894736842, "66|56": 0.05263157894736842, "0|63": 0.05263157894736842, "1|67": 0.05263157894736842, "-10|50": 0.05263157894736842, "-4|65": 0.05263157894736842, "22|68": 0.05263157894736842, "87|50": 0.05263157894736842, "105|61": 0.05263157894736842, "2|76": 0.05263157894736842, "29|41": 0.05263157894736842, "82|6": 0.05263157894736842}}, "FOUL_AWAY_FROM_PLAY": 0.0, "FOULED_AWAY_FROM_PLAY": 0.0, "FOUL_CLEAR_PATH": 0.0, "FOULED_CLEAR_PATH": 0.0, "FOUL_COUNT_AS_PERSONAL": 0.0625, "FOULED_COUNT_AS_PERSONAL": 0.1568627450980392, "FOUL_COUNT_TOWARD_PENALTY": 0.06756756756756757, "FOULED_COUNT_TOWARD_PENALTY": 0.15463917525773196, "FOUL_DEFENSIVE_NON_SHOOTING": 0.10526315789473684, "FOULED_DEFENSIVE_NON_SHOOTING": 0.17857142857142858, "FOUL_DOUBLE": 0.0, "FOUL_TECHNICAL_DOUBLE": 0.0, "FOUL_FLAGRANT": 0.0, "FOULED_FLAGRANT": 0.0, "FOUL_FLAGRANT_1": 0.0, "FOULED_FLAGRANT_1": 0.0, "FOUL_FLAGRANT_2": 0.0, "FOULED_FLAGRANT_2": 0.0, "FOUL_INBOUND": 0.0, "FOULED_INBOUND": 0.0, "FOUL_LOOSE_BALL": 0.0, "FOULED_LOOSE_BALL": 0.0, "FOUL_OFFENSIVE_CHARGE": 0.0, "FOULED_OFFENSIVE_CHARGE": 0.0, "FOUL_OFFENSIVE_OTHER": 0.0, "FOULED_OFFENSIVE_OTHER": 0.0, "FOUL_OFFENSIVE_TOTAL": 0.0, "FOULED_OFFENSIVE_TOTAL": 0.2, "FOUL_PERSONAL": 0.13043478260869565, "FOULED_PERSONAL": 0.21428571428571427, "FOUL_PERSONAL_BLOCK": 0.0, "FOULED_PERSONAL_BLOCK": 0.0, "FOUL_PERSONAL_TAKE": 0.09090909090909091, "FOULED_PERSONAL_TAKE": 0.14285714285714285, "FOUL_SHOOTING": 0.027777777777777776, "FOULED_SHOOTING": 0.12195121951219512, "FOUL_SHOOTING_BLOCK": 0.0, "FOULED_SHOOTING_BLOCK": 0.0, "FOUL_TECHNICAL": 0.0, "FT": 0.7333333333333333, "REBOUND_DEFENSIVE": 0.13414634146341464, "REBOUND_OFFENSIVE": 0.0622568093385214, "STEAL": 0.3157894736842105, "SHOT_TYPE_ARC_3_OFFENSIVE": 0.30995475113122173, "SHOT_TYPE_ARC_3_DEFENSIVE": 0.3387096774193548, "SHOT_TYPE_AT_RIM_OFFENSIVE": 0.2579185520361991, "SHOT_TYPE_AT_RIM_DEFENSIVE": 0.26497695852534564, "SHOT_TYPE_CORNER_3_OFFENSIVE": 0.07918552036199095, "SHOT_TYPE_CORNER_3_DEFENSIVE": 0.11059907834101383, "SHOT_TYPE_LONG_MID_RANGE_OFFENSIVE": 0.13122171945701358, "SHOT_TYPE_LONG_MID_RANGE_DEFENSIVE": 0.0944700460829493, "SHOT_TYPE_SHORT_MID_RANGE_OFFENSIVE": 0.22171945701357465, "SHOT_TYPE_SHORT_MID_RANGE_DEFENSIVE": 0.1912442396313364, "TURNOVER": 0.125, "VIOLATION_DEFENSIVE_GOALTENDING": 0.0, "VIOLATION_DEFENSIVE_KICK_BALL": 0.0}