{"ASSIST": 0.13636363636363635, "BLOCK": 0.12903225806451613, "FG_ARC_3_ATTEMPT": 0.2925764192139738, "FG_ARC_3_BLOCK": 0.004366812227074236, "FG_ARC_3_MADE": 0.26865671641791045, "FG_ARC_3_MADE_FOUL": 0.0, "FG_AT_RIM_ATTEMPT": 0.12437810945273632, "FG_AT_RIM_BLOCK": 0.0, "FG_AT_RIM_MADE": 0.64, "FG_AT_RIM_MADE_FOUL": 0.009950248756218905, "FG_CORNER_3_ATTEMPT": 0.15492957746478872, "FG_CORNER_3_BLOCK": 0.0, "FG_CORNER_3_MADE": 0.2727272727272727, "FG_CORNER_3_MADE_FOUL": 0.0, "FG_LONG_MID_RANGE_ATTEMPT": 0.05263157894736842, "FG_LONG_MID_RANGE_BLOCK": 0.0, "FG_LONG_MID_RANGE_MADE": 0.0, "FG_LONG_MID_RANGE_MADE_FOUL": 0.0, "FG_SHORT_MID_RANGE_ATTEMPT": 0.14285714285714285, "FG_SHORT_MID_RANGE_BLOCK": 0.008403361344537815, "FG_SHORT_MID_RANGE_MADE": 0.47058823529411764, "FG_SHORT_MID_RANGE_MADE_FOUL": 0.0, "FG_XY": {"ARC_3": {"-85|290": 0.014925373134328358, "-123|262": 0.014925373134328358, "44|264": 0.014925373134328358, "180|183": 0.014925373134328358, "-172|275": 0.014925373134328358, "-212|124": 0.014925373134328358, "-97|237": 0.014925373134328358, "-227|100": 0.014925373134328358, "164|214": 0.014925373134328358, "-108|239": 0.014925373134328358, "15|256": 0.014925373134328358, "-132|232": 0.014925373134328358, "-135|232": 0.014925373134328358, "-13|283": 0.014925373134328358, "-103|244": 0.014925373134328358, "-108|242": 0.014925373134328358, "71|252": 0.014925373134328358, "176|194": 0.014925373134328358, "214|153": 0.014925373134328358, "-189|169": 0.014925373134328358, "178|183": 0.014925373134328358, "-22|248": 0.014925373134328358, "-98|237": 0.014925373134328358, "-40|254": 0.014925373134328358, "142|199": 0.014925373134328358, "-223|97": 0.014925373134328358, "-186|165": 0.014925373134328358, "-176|179": 0.014925373134328358, "-65|240": 0.014925373134328358, "-219|90": 0.014925373134328358, "81|227": 0.014925373134328358, "199|164": 0.014925373134328358, "-180|190": 0.014925373134328358, "-56|262": 0.014925373134328358, "218|122": 0.014925373134328358, "-178|193": 0.014925373134328358, "-176|169": 0.014925373134328358, "-211|126": 0.014925373134328358, "165|200": 0.014925373134328358, "223|99": 0.014925373134328358, "-230|99": 0.014925373134328358, "189|236": 0.014925373134328358, "-137|206": 0.014925373134328358, "-156|214": 0.014925373134328358, "-118|231": 0.014925373134328358, "-169|169": 0.014925373134328358, "156|209": 0.014925373134328358, "-123|211": 0.014925373134328358, "-162|204": 0.014925373134328358, "132|218": 0.014925373134328358, "-172|216": 0.014925373134328358, "51|272": 0.014925373134328358, "44|278": 0.014925373134328358, "-225|143": 0.014925373134328358, "-28|263": 0.014925373134328358, "164|216": 0.014925373134328358, "113|278": 0.014925373134328358, "-180|211": 0.014925373134328358, "154|222": 0.014925373134328358, "-6|311": 0.014925373134328358, "44|267": 0.014925373134328358, "-175|216": 0.014925373134328358, "217|121": 0.014925373134328358, "229|101": 0.014925373134328358, "156|471": 0.014925373134328358, "121|226": 0.014925373134328358, "-150|248": 0.014925373134328358}, "AT_RIM": {"6|1": 0.08, "-27|11": 0.04, "-16|-3": 0.04, "2|7": 0.04, "-1|8": 0.04, "15|5": 0.04, "0|0": 0.04, "-10|3": 0.04, "-10|22": 0.04, "29|4": 0.04, "-7|10": 0.04, "6|3": 0.04, "4|23": 0.04, "-1|4": 0.04, "-4|9": 0.04, "25|8": 0.04, "1|9": 0.04, "5|7": 0.04, "2|5": 0.04, "0|5": 0.04, "-18|1": 0.04, "-2|5": 0.04, "5|4": 0.04, "-1|12": 0.04}, "CORNER_3": {"235|1": 0.18181818181818182, "-232|15": 0.09090909090909091, "-228|78": 0.09090909090909091, "-239|11": 0.09090909090909091, "230|-6": 0.09090909090909091, "230|-13": 0.09090909090909091, "233|70": 0.09090909090909091, "-232|17": 0.09090909090909091, "239|11": 0.09090909090909091, "-235|17": 0.09090909090909091}, "LONG_MID_RANGE": {"98|152": 0.3333333333333333, "114|127": 0.3333333333333333, "134|140": 0.3333333333333333}, "SHORT_MID_RANGE": {"15|89": 0.058823529411764705, "-26|68": 0.058823529411764705, "-40|84": 0.058823529411764705, "-12|69": 0.058823529411764705, "-48|48": 0.058823529411764705, "58|73": 0.058823529411764705, "1|50": 0.058823529411764705, "-45|43": 0.058823529411764705, "-22|115": 0.058823529411764705, "-37|126": 0.058823529411764705, "-5|59": 0.058823529411764705, "10|68": 0.058823529411764705, "71|87": 0.058823529411764705, "-67|30": 0.058823529411764705, "-22|57": 0.058823529411764705, "9|76": 0.058823529411764705, "50|15": 0.058823529411764705}}, "FOUL_AWAY_FROM_PLAY": 0.0, "FOULED_AWAY_FROM_PLAY": 0.0, "FOUL_CLEAR_PATH": 0.0, "FOULED_CLEAR_PATH": 0.0, "FOUL_COUNT_AS_PERSONAL": 0.1958041958041958, "FOULED_COUNT_AS_PERSONAL": 0.1388888888888889, "FOUL_COUNT_TOWARD_PENALTY": 0.2, "FOULED_COUNT_TOWARD_PENALTY": 0.13385826771653545, "FOUL_DEFENSIVE_NON_SHOOTING": 0.21794871794871795, "FOULED_DEFENSIVE_NON_SHOOTING": 0.1044776119402985, "FOUL_DOUBLE": 0.0, "FOUL_TECHNICAL_DOUBLE": 0.0, "FOUL_FLAGRANT": 0.0, "FOULED_FLAGRANT": 0.0, "FOUL_FLAGRANT_1": 0.0, "FOULED_FLAGRANT_1": 0.0, "FOUL_FLAGRANT_2": 0.0, "FOULED_FLAGRANT_2": 0.0, "FOUL_INBOUND": 0.0, "FOULED_INBOUND": 0.0, "FOUL_LOOSE_BALL": 0.0, "FOULED_LOOSE_BALL": 0.0, "FOUL_OFFENSIVE_CHARGE": 0.0, "FOULED_OFFENSIVE_CHARGE": 0.0, "FOUL_OFFENSIVE_OTHER": 0.0, "FOULED_OFFENSIVE_OTHER": 0.0, "FOUL_OFFENSIVE_TOTAL": 0.125, "FOULED_OFFENSIVE_TOTAL": 0.17647058823529413, "FOUL_PERSONAL": 0.24561403508771928, "FOULED_PERSONAL": 0.10526315789473684, "FOUL_PERSONAL_BLOCK": 0.0, "FOULED_PERSONAL_BLOCK": 0.0, "FOUL_PERSONAL_TAKE": 0.14285714285714285, "FOULED_PERSONAL_TAKE": 0.14285714285714285, "FOUL_SHOOTING": 0.17543859649122806, "FOULED_SHOOTING": 0.1694915254237288, "FOUL_SHOOTING_BLOCK": 0.0, "FOULED_SHOOTING_BLOCK": 0.0, "FOUL_TECHNICAL": 0.0, "FT": 0.7083333333333334, "REBOUND_DEFENSIVE": 0.1122715404699739, "REBOUND_OFFENSIVE": 0.015915119363395226, "STEAL": 0.24, "SHOT_TYPE_ARC_3_OFFENSIVE": 0.33825701624815363, "SHOT_TYPE_ARC_3_DEFENSIVE": 0.27167630057803466, "SHOT_TYPE_AT_RIM_OFFENSIVE": 0.2968980797636632, "SHOT_TYPE_AT_RIM_DEFENSIVE": 0.3439306358381503, "SHOT_TYPE_CORNER_3_OFFENSIVE": 0.10487444608567208, "SHOT_TYPE_CORNER_3_DEFENSIVE": 0.07658959537572255, "SHOT_TYPE_LONG_MID_RANGE_OFFENSIVE": 0.08419497784342689, "SHOT_TYPE_LONG_MID_RANGE_DEFENSIVE": 0.10549132947976879, "SHOT_TYPE_SHORT_MID_RANGE_OFFENSIVE": 0.1757754800590842, "SHOT_TYPE_SHORT_MID_RANGE_DEFENSIVE": 0.2023121387283237, "TURNOVER": 0.14285714285714285, "VIOLATION_DEFENSIVE_GOALTENDING": 0.0, "VIOLATION_DEFENSIVE_KICK_BALL": 0.0}