{"ASSIST": 0.36024844720496896, "BLOCK": 0.046511627906976744, "FG_ARC_3_ATTEMPT": 0.1875, "FG_ARC_3_BLOCK": 0.0, "FG_ARC_3_MADE": 0.5757575757575758, "FG_ARC_3_MADE_FOUL": 0.0, "FG_AT_RIM_ATTEMPT": 0.20496894409937888, "FG_AT_RIM_BLOCK": 0.012422360248447204, "FG_AT_RIM_MADE": 0.8181818181818182, "FG_AT_RIM_MADE_FOUL": 0.006211180124223602, "FG_CORNER_3_ATTEMPT": 0.2727272727272727, "FG_CORNER_3_BLOCK": 0.015151515151515152, "FG_CORNER_3_MADE": 0.7777777777777778, "FG_CORNER_3_MADE_FOUL": 0.0, "FG_LONG_MID_RANGE_ATTEMPT": 0.17857142857142858, "FG_LONG_MID_RANGE_BLOCK": 0.0, "FG_LONG_MID_RANGE_MADE": 0.8, "FG_LONG_MID_RANGE_MADE_FOUL": 0.0, "FG_SHORT_MID_RANGE_ATTEMPT": 0.23026315789473684, "FG_SHORT_MID_RANGE_BLOCK": 0.006578947368421052, "FG_SHORT_MID_RANGE_MADE": 0.45714285714285713, "FG_SHORT_MID_RANGE_MADE_FOUL": 0.006578947368421052, "FG_XY": {"ARC_3": {"45|246": 0.030303030303030304, "125|223": 0.030303030303030304, "4|258": 0.030303030303030304, "37|255": 0.030303030303030304, "-185|188": 0.030303030303030304, "-99|246": 0.030303030303030304, "-143|197": 0.030303030303030304, "-116|218": 0.030303030303030304, "-114|237": 0.030303030303030304, "-102|249": 0.030303030303030304, "136|222": 0.030303030303030304, "69|254": 0.030303030303030304, "-136|220": 0.030303030303030304, "-203|151": 0.030303030303030304, "-126|206": 0.030303030303030304, "-94|230": 0.030303030303030304, "188|246": 0.030303030303030304, "33|263": 0.030303030303030304, "-153|211": 0.030303030303030304, "-129|211": 0.030303030303030304, "-114|219": 0.030303030303030304, "-143|210": 0.030303030303030304, "202|153": 0.030303030303030304, "29|267": 0.030303030303030304, "-56|245": 0.030303030303030304, "102|247": 0.030303030303030304, "-115|218": 0.030303030303030304, "100|243": 0.030303030303030304, "-9|264": 0.030303030303030304, "105|240": 0.030303030303030304, "99|252": 0.030303030303030304, "99|242": 0.030303030303030304, "-113|221": 0.030303030303030304}, "AT_RIM": {"-6|6": 0.030303030303030304, "-12|30": 0.030303030303030304, "-4|1": 0.030303030303030304, "-4|11": 0.030303030303030304, "-5|12": 0.030303030303030304, "11|22": 0.030303030303030304, "-12|11": 0.030303030303030304, "2|6": 0.030303030303030304, "33|6": 0.030303030303030304, "-21|9": 0.030303030303030304, "-11|9": 0.030303030303030304, "-17|4": 0.030303030303030304, "-7|2": 0.030303030303030304, "13|15": 0.030303030303030304, "-10|6": 0.030303030303030304, "-15|6": 0.030303030303030304, "-4|14": 0.030303030303030304, "9|13": 0.030303030303030304, "2|26": 0.030303030303030304, "-5|10": 0.030303030303030304, "15|22": 0.030303030303030304, "-9|9": 0.030303030303030304, "9|8": 0.030303030303030304, "6|9": 0.030303030303030304, "-21|2": 0.030303030303030304, "2|7": 0.030303030303030304, "6|3": 0.030303030303030304, "4|5": 0.030303030303030304, "25|22": 0.030303030303030304, "9|18": 0.030303030303030304, "16|1": 0.030303030303030304, "11|9": 0.030303030303030304, "0|1": 0.030303030303030304}, "CORNER_3": {"-232|-5": 0.05555555555555555, "234|11": 0.05555555555555555, "227|63": 0.05555555555555555, "-225|-10": 0.05555555555555555, "-239|-5": 0.05555555555555555, "230|-4": 0.05555555555555555, "-228|31": 0.05555555555555555, "-239|53": 0.05555555555555555, "-224|16": 0.05555555555555555, "-235|16": 0.05555555555555555, "228|49": 0.05555555555555555, "-229|-15": 0.05555555555555555, "238|-15": 0.05555555555555555, "-233|1": 0.05555555555555555, "229|0": 0.05555555555555555, "-228|8": 0.05555555555555555, "232|52": 0.05555555555555555, "-227|15": 0.05555555555555555}, "LONG_MID_RANGE": {"4|153": 0.2, "-60|176": 0.2, "-76|126": 0.2, "-2|146": 0.2, "104|164": 0.2}, "SHORT_MID_RANGE": {"-70|85": 0.02857142857142857, "15|101": 0.02857142857142857, "4|131": 0.02857142857142857, "-51|65": 0.02857142857142857, "-43|120": 0.02857142857142857, "53|109": 0.02857142857142857, "-1|73": 0.02857142857142857, "54|17": 0.02857142857142857, "43|123": 0.02857142857142857, "-65|18": 0.02857142857142857, "-56|105": 0.02857142857142857, "6|67": 0.02857142857142857, "-54|42": 0.02857142857142857, "15|133": 0.02857142857142857, "42|107": 0.02857142857142857, "18|43": 0.02857142857142857, "21|42": 0.02857142857142857, "66|44": 0.02857142857142857, "21|62": 0.02857142857142857, "48|27": 0.02857142857142857, "69|69": 0.02857142857142857, "-17|115": 0.02857142857142857, "7|40": 0.02857142857142857, "-2|109": 0.02857142857142857, "-21|36": 0.02857142857142857, "-22|66": 0.02857142857142857, "27|118": 0.02857142857142857, "40|105": 0.02857142857142857, "-25|69": 0.02857142857142857, "-77|37": 0.02857142857142857, "72|55": 0.02857142857142857, "6|74": 0.02857142857142857, "6|77": 0.02857142857142857, "-1|88": 0.02857142857142857, "-1|121": 0.02857142857142857}}, "FOUL_AWAY_FROM_PLAY": 0.0, "FOULED_AWAY_FROM_PLAY": 0.0, "FOUL_CLEAR_PATH": 0.0, "FOULED_CLEAR_PATH": 0.0, "FOUL_COUNT_AS_PERSONAL": 0.0603448275862069, "FOULED_COUNT_AS_PERSONAL": 0.13, "FOUL_COUNT_TOWARD_PENALTY": 0.06862745098039216, "FOULED_COUNT_TOWARD_PENALTY": 0.12631578947368421, "FOUL_DEFENSIVE_NON_SHOOTING": 0.09090909090909091, "FOULED_DEFENSIVE_NON_SHOOTING": 0.1875, "FOUL_DOUBLE": 0.0, "FOUL_TECHNICAL_DOUBLE": 0.0, "FOUL_FLAGRANT": 0.0, "FOULED_FLAGRANT": 0.0, "FOUL_FLAGRANT_1": 0.0, "FOULED_FLAGRANT_1": 0.0, "FOUL_FLAGRANT_2": 0.0, "FOULED_FLAGRANT_2": 0.0, "FOUL_INBOUND": 0.0, "FOULED_INBOUND": 0.0, "FOUL_LOOSE_BALL": 0.0, "FOULED_LOOSE_BALL": 0.14285714285714285, "FOUL_OFFENSIVE_CHARGE": 0.0, "FOULED_OFFENSIVE_CHARGE": 0.0, "FOUL_OFFENSIVE_OTHER": 0.0, "FOULED_OFFENSIVE_OTHER": 0.0, "FOUL_OFFENSIVE_TOTAL": 0.0, "FOULED_OFFENSIVE_TOTAL": 0.2, "FOUL_PERSONAL": 0.05555555555555555, "FOULED_PERSONAL": 0.18181818181818182, "FOUL_PERSONAL_BLOCK": 0.0, "FOULED_PERSONAL_BLOCK": 0.0, "FOUL_PERSONAL_TAKE": 0.5, "FOULED_PERSONAL_TAKE": 0.25, "FOUL_SHOOTING": 0.05172413793103448, "FOULED_SHOOTING": 0.06382978723404255, "FOUL_SHOOTING_BLOCK": 0.0, "FOULED_SHOOTING_BLOCK": 0.0, "FOUL_TECHNICAL": 0.0, "FT": 0.875, "REBOUND_DEFENSIVE": 0.12244897959183673, "REBOUND_OFFENSIVE": 0.008771929824561403, "STEAL": 0.1935483870967742, "SHOT_TYPE_ARC_3_OFFENSIVE": 0.3018867924528302, "SHOT_TYPE_ARC_3_DEFENSIVE": 0.31305903398926654, "SHOT_TYPE_AT_RIM_OFFENSIVE": 0.27615780445969124, "SHOT_TYPE_AT_RIM_DEFENSIVE": 0.35062611806797855, "SHOT_TYPE_CORNER_3_OFFENSIVE": 0.11320754716981132, "SHOT_TYPE_CORNER_3_DEFENSIVE": 0.06797853309481217, "SHOT_TYPE_LONG_MID_RANGE_OFFENSIVE": 0.048027444253859346, "SHOT_TYPE_LONG_MID_RANGE_DEFENSIVE": 0.07334525939177101, "SHOT_TYPE_SHORT_MID_RANGE_OFFENSIVE": 0.2607204116638079, "SHOT_TYPE_SHORT_MID_RANGE_DEFENSIVE": 0.19499105545617174, "TURNOVER": 0.13924050632911392, "VIOLATION_DEFENSIVE_GOALTENDING": 0.0, "VIOLATION_DEFENSIVE_KICK_BALL": 0.3333333333333333}