{"ASSIST": 0.09722222222222222, "BLOCK": 0.12962962962962962, "FG_ARC_3_ATTEMPT": 0.11635220125786164, "FG_ARC_3_BLOCK": 0.0, "FG_ARC_3_MADE": 0.2972972972972973, "FG_ARC_3_MADE_FOUL": 0.0, "FG_AT_RIM_ATTEMPT": 0.19692307692307692, "FG_AT_RIM_BLOCK": 0.033846153846153845, "FG_AT_RIM_MADE": 0.5, "FG_AT_RIM_MADE_FOUL": 0.012307692307692308, "FG_CORNER_3_ATTEMPT": 0.2247191011235955, "FG_CORNER_3_BLOCK": 0.0, "FG_CORNER_3_MADE": 0.05, "FG_CORNER_3_MADE_FOUL": 0.0, "FG_LONG_MID_RANGE_ATTEMPT": 0.17777777777777778, "FG_LONG_MID_RANGE_BLOCK": 0.0, "FG_LONG_MID_RANGE_MADE": 0.4375, "FG_LONG_MID_RANGE_MADE_FOUL": 0.011111111111111112, "FG_SHORT_MID_RANGE_ATTEMPT": 0.19047619047619047, "FG_SHORT_MID_RANGE_BLOCK": 0.006802721088435374, "FG_SHORT_MID_RANGE_MADE": 0.35714285714285715, "FG_SHORT_MID_RANGE_MADE_FOUL": 0.006802721088435374, "FG_XY": {"ARC_3": {"82|242": 0.02702702702702703, "-85|241": 0.02702702702702703, "138|215": 0.02702702702702703, "-157|245": 0.02702702702702703, "-118|231": 0.02702702702702703, "135|243": 0.02702702702702703, "-190|148": 0.02702702702702703, "119|236": 0.02702702702702703, "-216|132": 0.02702702702702703, "130|227": 0.02702702702702703, "-221|128": 0.02702702702702703, "-167|193": 0.02702702702702703, "-136|241": 0.02702702702702703, "206|135": 0.02702702702702703, "-161|195": 0.02702702702702703, "-146|243": 0.02702702702702703, "91|230": 0.02702702702702703, "-227|113": 0.02702702702702703, "156|238": 0.02702702702702703, "164|191": 0.02702702702702703, "103|239": 0.02702702702702703, "-185|174": 0.02702702702702703, "163|199": 0.02702702702702703, "-167|207": 0.02702702702702703, "145|241": 0.02702702702702703, "-210|140": 0.02702702702702703, "-189|178": 0.02702702702702703, "-124|228": 0.02702702702702703, "99|236": 0.02702702702702703, "230|91": 0.02702702702702703, "-173|179": 0.02702702702702703, "-110|233": 0.02702702702702703, "-186|183": 0.02702702702702703, "-164|200": 0.02702702702702703, "164|205": 0.02702702702702703, "174|210": 0.02702702702702703, "147|213": 0.02702702702702703}, "AT_RIM": {"11|13": 0.03125, "-16|31": 0.015625, "-5|5": 0.015625, "-9|8": 0.015625, "-9|0": 0.015625, "-34|6": 0.015625, "-21|2": 0.015625, "6|-7": 0.015625, "4|10": 0.015625, "7|20": 0.015625, "-1|26": 0.03125, "-5|15": 0.015625, "12|22": 0.015625, "-6|4": 0.015625, "-33|1": 0.015625, "-6|-1": 0.015625, "-22|-10": 0.015625, "-9|3": 0.015625, "-12|-1": 0.015625, "13|22": 0.015625, "6|15": 0.015625, "-15|0": 0.015625, "16|-5": 0.015625, "-12|4": 0.015625, "9|10": 0.015625, "0|4": 0.015625, "22|16": 0.015625, "-20|4": 0.015625, "10|9": 0.015625, "-2|0": 0.015625, "23|11": 0.015625, "-7|12": 0.015625, "-13|10": 0.015625, "2|15": 0.015625, "-22|6": 0.015625, "22|0": 0.015625, "-6|3": 0.015625, "-16|-1": 0.015625, "-1|0": 0.015625, "6|9": 0.015625, "-1|8": 0.015625, "0|17": 0.015625, "21|3": 0.015625, "-22|10": 0.015625, "0|22": 0.015625, "5|2": 0.015625, "10|0": 0.015625, "21|6": 0.015625, "15|3": 0.015625, "2|1": 0.015625, "-17|5": 0.015625, "13|15": 0.015625, "-15|7": 0.015625, "21|28": 0.015625, "-16|18": 0.015625, "-20|1": 0.015625, "13|16": 0.015625, "-2|8": 0.015625, "-17|7": 0.015625, "0|-2": 0.015625, "17|12": 0.015625, "32|17": 0.015625}, "CORNER_3": {"228|5": 0.05, "224|21": 0.05, "230|54": 0.05, "237|73": 0.05, "240|64": 0.05, "234|4": 0.05, "-240|20": 0.05, "-245|-5": 0.05, "-233|11": 0.05, "228|8": 0.05, "235|29": 0.05, "-222|15": 0.05, "-225|78": 0.05, "221|63": 0.05, "228|15": 0.05, "-235|22": 0.05, "-230|-3": 0.05, "-232|17": 0.05, "-235|8": 0.05, "232|50": 0.05}, "LONG_MID_RANGE": {"191|22": 0.0625, "12|189": 0.0625, "191|83": 0.0625, "-197|0": 0.0625, "31|148": 0.0625, "61|190": 0.0625, "-99|168": 0.0625, "-170|67": 0.0625, "-72|122": 0.0625, "-137|157": 0.0625, "-150|20": 0.0625, "-152|21": 0.0625, "-49|173": 0.0625, "-153|23": 0.0625, "92|147": 0.0625, "203|69": 0.0625}, "SHORT_MID_RANGE": {"-89|20": 0.03571428571428571, "37|25": 0.03571428571428571, "-1|95": 0.03571428571428571, "-1|63": 0.03571428571428571, "-39|87": 0.03571428571428571, "67|22": 0.03571428571428571, "-2|66": 0.03571428571428571, "28|37": 0.03571428571428571, "10|74": 0.03571428571428571, "-33|36": 0.03571428571428571, "-105|10": 0.03571428571428571, "23|75": 0.03571428571428571, "54|42": 0.03571428571428571, "-45|71": 0.03571428571428571, "-70|94": 0.03571428571428571, "9|63": 0.03571428571428571, "-32|31": 0.03571428571428571, "-34|36": 0.03571428571428571, "5|130": 0.03571428571428571, "-33|54": 0.03571428571428571, "-11|43": 0.03571428571428571, "-44|3": 0.03571428571428571, "-138|0": 0.03571428571428571, "56|11": 0.03571428571428571, "48|25": 0.03571428571428571, "54|41": 0.03571428571428571, "13|101": 0.03571428571428571, "-55|28": 0.03571428571428571}}, "FOUL_AWAY_FROM_PLAY": 0.0, "FOULED_AWAY_FROM_PLAY": 0.0, "FOUL_CLEAR_PATH": 0.0, "FOULED_CLEAR_PATH": 0.0, "FOUL_COUNT_AS_PERSONAL": 0.175, "FOULED_COUNT_AS_PERSONAL": 0.2843601895734597, "FOUL_COUNT_TOWARD_PENALTY": 0.19021739130434784, "FOULED_COUNT_TOWARD_PENALTY": 0.29949238578680204, "FOUL_DEFENSIVE_NON_SHOOTING": 0.18478260869565216, "FOULED_DEFENSIVE_NON_SHOOTING": 0.2376237623762376, "FOUL_DOUBLE": 0.0, "FOUL_TECHNICAL_DOUBLE": 0.0, "FOUL_FLAGRANT": 0.0, "FOULED_FLAGRANT": 0.0, "FOUL_FLAGRANT_1": 0.0, "FOULED_FLAGRANT_1": 0.0, "FOUL_FLAGRANT_2": 0.0, "FOULED_FLAGRANT_2": 0.0, "FOUL_INBOUND": 0.0, "FOULED_INBOUND": 0.0, "FOUL_LOOSE_BALL": 0.0, "FOULED_LOOSE_BALL": 0.0, "FOUL_OFFENSIVE_CHARGE": 0.0, "FOULED_OFFENSIVE_CHARGE": 0.0, "FOUL_OFFENSIVE_OTHER": 0.0, "FOULED_OFFENSIVE_OTHER": 0.0, "FOUL_OFFENSIVE_TOTAL": 0.0, "FOULED_OFFENSIVE_TOTAL": 0.07142857142857142, "FOUL_PERSONAL": 0.22580645161290322, "FOULED_PERSONAL": 0.29411764705882354, "FOUL_PERSONAL_BLOCK": 0.0, "FOULED_PERSONAL_BLOCK": 0.0, "FOUL_PERSONAL_TAKE": 0.15, "FOULED_PERSONAL_TAKE": 0.21052631578947367, "FOUL_SHOOTING": 0.1956521739130435, "FOULED_SHOOTING": 0.3684210526315789, "FOUL_SHOOTING_BLOCK": 0.0, "FOULED_SHOOTING_BLOCK": 0.0, "FOUL_TECHNICAL": 0.0, "FT": 0.8115942028985508, "REBOUND_DEFENSIVE": 0.072265625, "REBOUND_OFFENSIVE": 0.013435700575815739, "STEAL": 0.2, "SHOT_TYPE_ARC_3_OFFENSIVE": 0.3281733746130031, "SHOT_TYPE_ARC_3_DEFENSIVE": 0.2736842105263158, "SHOT_TYPE_AT_RIM_OFFENSIVE": 0.33539731682146545, "SHOT_TYPE_AT_RIM_DEFENSIVE": 0.3136842105263158, "SHOT_TYPE_CORNER_3_OFFENSIVE": 0.09184726522187822, "SHOT_TYPE_CORNER_3_DEFENSIVE": 0.11052631578947368, "SHOT_TYPE_LONG_MID_RANGE_OFFENSIVE": 0.09287925696594428, "SHOT_TYPE_LONG_MID_RANGE_DEFENSIVE": 0.10947368421052632, "SHOT_TYPE_SHORT_MID_RANGE_OFFENSIVE": 0.15170278637770898, "SHOT_TYPE_SHORT_MID_RANGE_DEFENSIVE": 0.19263157894736843, "TURNOVER": 0.13846153846153847, "VIOLATION_DEFENSIVE_GOALTENDING": 0.0, "VIOLATION_DEFENSIVE_KICK_BALL": 0.0}