{"ASSIST": 0.15267175572519084, "BLOCK": 0.19736842105263158, "FG_ARC_3_ATTEMPT": 0.12359550561797752, "FG_ARC_3_BLOCK": 0.0, "FG_ARC_3_MADE": 0.36363636363636365, "FG_ARC_3_MADE_FOUL": 0.0, "FG_AT_RIM_ATTEMPT": 0.0915032679738562, "FG_AT_RIM_BLOCK": 0.006535947712418301, "FG_AT_RIM_MADE": 0.75, "FG_AT_RIM_MADE_FOUL": 0.00980392156862745, "FG_CORNER_3_ATTEMPT": 0.2283464566929134, "FG_CORNER_3_BLOCK": 0.007874015748031496, "FG_CORNER_3_MADE": 0.20689655172413793, "FG_CORNER_3_MADE_FOUL": 0.0, "FG_LONG_MID_RANGE_ATTEMPT": 0.041666666666666664, "FG_LONG_MID_RANGE_BLOCK": 0.0, "FG_LONG_MID_RANGE_MADE": 1.0, "FG_LONG_MID_RANGE_MADE_FOUL": 0.0, "FG_SHORT_MID_RANGE_ATTEMPT": 0.03879310344827586, "FG_SHORT_MID_RANGE_BLOCK": 0.0, "FG_SHORT_MID_RANGE_MADE": 0.5555555555555556, "FG_SHORT_MID_RANGE_MADE_FOUL": 0.0, "FG_XY": {"ARC_3": {"-50|267": 0.022727272727272728, "-164|192": 0.022727272727272728, "221|193": 0.022727272727272728, "119|215": 0.022727272727272728, "-189|227": 0.022727272727272728, "-176|191": 0.022727272727272728, "130|236": 0.022727272727272728, "151|231": 0.022727272727272728, "228|137": 0.022727272727272728, "217|222": 0.022727272727272728, "-205|218": 0.022727272727272728, "-137|309": 0.022727272727272728, "114|221": 0.022727272727272728, "-15|247": 0.022727272727272728, "138|223": 0.022727272727272728, "-130|211": 0.022727272727272728, "45|253": 0.022727272727272728, "-18|245": 0.022727272727272728, "136|205": 0.022727272727272728, "-130|204": 0.022727272727272728, "-158|211": 0.022727272727272728, "-178|190": 0.022727272727272728, "131|241": 0.022727272727272728, "-102|220": 0.022727272727272728, "-189|158": 0.022727272727272728, "176|260": 0.022727272727272728, "113|222": 0.022727272727272728, "-103|231": 0.022727272727272728, "-237|101": 0.022727272727272728, "202|182": 0.022727272727272728, "135|235": 0.022727272727272728, "-184|189": 0.022727272727272728, "157|198": 0.022727272727272728, "-174|168": 0.022727272727272728, "-131|209": 0.022727272727272728, "137|227": 0.022727272727272728, "188|172": 0.022727272727272728, "-10|262": 0.022727272727272728, "228|101": 0.022727272727272728, "-229|120": 0.022727272727272728, "230|104": 0.022727272727272728, "163|221": 0.022727272727272728, "109|238": 0.022727272727272728, "-167|252": 0.022727272727272728}, "AT_RIM": {"6|39": 0.03571428571428571, "2|27": 0.03571428571428571, "-6|2": 0.03571428571428571, "2|6": 0.03571428571428571, "25|16": 0.03571428571428571, "4|-10": 0.03571428571428571, "0|0": 0.03571428571428571, "4|24": 0.03571428571428571, "10|6": 0.03571428571428571, "1|0": 0.03571428571428571, "16|8": 0.03571428571428571, "11|1": 0.03571428571428571, "-1|15": 0.03571428571428571, "-12|18": 0.03571428571428571, "34|16": 0.03571428571428571, "-23|-7": 0.03571428571428571, "0|20": 0.03571428571428571, "28|4": 0.03571428571428571, "27|1": 0.03571428571428571, "13|20": 0.03571428571428571, "-10|16": 0.03571428571428571, "21|10": 0.07142857142857142, "-15|17": 0.03571428571428571, "-23|0": 0.03571428571428571, "15|-10": 0.03571428571428571, "6|25": 0.03571428571428571, "23|18": 0.03571428571428571}, "CORNER_3": {"-235|2": 0.034482758620689655, "227|-13": 0.034482758620689655, "225|1": 0.034482758620689655, "229|46": 0.034482758620689655, "-233|42": 0.034482758620689655, "227|25": 0.034482758620689655, "-232|-29": 0.034482758620689655, "-233|-4": 0.034482758620689655, "227|43": 0.034482758620689655, "-223|53": 0.034482758620689655, "223|26": 0.034482758620689655, "232|6": 0.034482758620689655, "234|5": 0.034482758620689655, "-241|13": 0.034482758620689655, "-234|38": 0.034482758620689655, "-230|36": 0.034482758620689655, "223|7": 0.034482758620689655, "-232|-1": 0.034482758620689655, "223|17": 0.034482758620689655, "233|38": 0.034482758620689655, "-229|-5": 0.034482758620689655, "227|32": 0.034482758620689655, "-230|-1": 0.034482758620689655, "232|25": 0.034482758620689655, "-228|87": 0.034482758620689655, "-237|63": 0.034482758620689655, "-228|-27": 0.034482758620689655, "222|7": 0.034482758620689655, "-239|13": 0.034482758620689655}, "LONG_MID_RANGE": {"-104|177": 0.5, "196|95": 0.5}, "SHORT_MID_RANGE": {"67|41": 0.1111111111111111, "5|74": 0.1111111111111111, "-67|6": 0.1111111111111111, "-60|29": 0.1111111111111111, "-87|-5": 0.1111111111111111, "29|31": 0.1111111111111111, "-21|55": 0.1111111111111111, "-2|40": 0.1111111111111111, "67|37": 0.1111111111111111}}, "FOUL_AWAY_FROM_PLAY": 0.5, "FOULED_AWAY_FROM_PLAY": 0.0, "FOUL_CLEAR_PATH": 1.0, "FOULED_CLEAR_PATH": 0.0, "FOUL_COUNT_AS_PERSONAL": 0.1896551724137931, "FOULED_COUNT_AS_PERSONAL": 0.07307692307692308, "FOUL_COUNT_TOWARD_PENALTY": 0.2028985507246377, "FOULED_COUNT_TOWARD_PENALTY": 0.06097560975609756, "FOUL_DEFENSIVE_NON_SHOOTING": 0.18085106382978725, "FOULED_DEFENSIVE_NON_SHOOTING": 0.06201550387596899, "FOUL_DOUBLE": 0.0, "FOUL_TECHNICAL_DOUBLE": 0.0, "FOUL_FLAGRANT": 0.0, "FOULED_FLAGRANT": 0.0, "FOUL_FLAGRANT_1": 0.0, "FOULED_FLAGRANT_1": 0.0, "FOUL_FLAGRANT_2": 0.0, "FOULED_FLAGRANT_2": 0.0, "FOUL_INBOUND": 0.0, "FOULED_INBOUND": 0.0, "FOUL_LOOSE_BALL": 0.0, "FOULED_LOOSE_BALL": 0.10526315789473684, "FOUL_OFFENSIVE_CHARGE": 0.0, "FOULED_OFFENSIVE_CHARGE": 0.0, "FOUL_OFFENSIVE_OTHER": 0.0, "FOULED_OFFENSIVE_OTHER": 0.0, "FOUL_OFFENSIVE_TOTAL": 0.08, "FOULED_OFFENSIVE_TOTAL": 0.2857142857142857, "FOUL_PERSONAL": 0.2033898305084746, "FOULED_PERSONAL": 0.05263157894736842, "FOUL_PERSONAL_BLOCK": 0.0, "FOULED_PERSONAL_BLOCK": 0.0, "FOUL_PERSONAL_TAKE": 0.14285714285714285, "FOULED_PERSONAL_TAKE": 0.06666666666666667, "FOUL_SHOOTING": 0.21621621621621623, "FOULED_SHOOTING": 0.05982905982905983, "FOUL_SHOOTING_BLOCK": 0.0, "FOULED_SHOOTING_BLOCK": 0.0, "FOUL_TECHNICAL": 0.0, "FT": 0.6666666666666666, "REBOUND_DEFENSIVE": 0.11642743221690591, "REBOUND_OFFENSIVE": 0.029209621993127148, "STEAL": 0.2962962962962963, "SHOT_TYPE_ARC_3_OFFENSIVE": 0.333021515434986, "SHOT_TYPE_ARC_3_DEFENSIVE": 0.2848101265822785, "SHOT_TYPE_AT_RIM_OFFENSIVE": 0.2862488306828812, "SHOT_TYPE_AT_RIM_DEFENSIVE": 0.26582278481012656, "SHOT_TYPE_CORNER_3_OFFENSIVE": 0.11880261927034612, "SHOT_TYPE_CORNER_3_DEFENSIVE": 0.06238698010849909, "SHOT_TYPE_LONG_MID_RANGE_OFFENSIVE": 0.04490177736202058, "SHOT_TYPE_LONG_MID_RANGE_DEFENSIVE": 0.12296564195298372, "SHOT_TYPE_SHORT_MID_RANGE_OFFENSIVE": 0.21702525724976612, "SHOT_TYPE_SHORT_MID_RANGE_DEFENSIVE": 0.2640144665461121, "TURNOVER": 0.1329479768786127, "VIOLATION_DEFENSIVE_GOALTENDING": 0.0, "VIOLATION_DEFENSIVE_KICK_BALL": 0.25}