{"ASSIST": 0.3208955223880597, "BLOCK": 0.14285714285714285, "FG_ARC_3_ATTEMPT": 0.3893129770992366, "FG_ARC_3_BLOCK": 0.0, "FG_ARC_3_MADE": 0.3333333333333333, "FG_ARC_3_MADE_FOUL": 0.0, "FG_AT_RIM_ATTEMPT": 0.3194444444444444, "FG_AT_RIM_BLOCK": 0.013888888888888888, "FG_AT_RIM_MADE": 0.6521739130434783, "FG_AT_RIM_MADE_FOUL": 0.013888888888888888, "FG_CORNER_3_ATTEMPT": 0.2698412698412698, "FG_CORNER_3_BLOCK": 0.0, "FG_CORNER_3_MADE": 0.7058823529411765, "FG_CORNER_3_MADE_FOUL": 0.015873015873015872, "FG_LONG_MID_RANGE_ATTEMPT": 0.17073170731707318, "FG_LONG_MID_RANGE_BLOCK": 0.0, "FG_LONG_MID_RANGE_MADE": 0.7142857142857143, "FG_LONG_MID_RANGE_MADE_FOUL": 0.0, "FG_SHORT_MID_RANGE_ATTEMPT": 0.32727272727272727, "FG_SHORT_MID_RANGE_BLOCK": 0.01818181818181818, "FG_SHORT_MID_RANGE_MADE": 0.3611111111111111, "FG_SHORT_MID_RANGE_MADE_FOUL": 0.0, "FG_XY": {"ARC_3": {"-12|251": 0.0196078431372549, "15|266": 0.0196078431372549, "-180|186": 0.0196078431372549, "97|244": 0.0196078431372549, "230|117": 0.0196078431372549, "-163|225": 0.0196078431372549, "109|253": 0.0196078431372549, "-143|213": 0.0196078431372549, "151|213": 0.0196078431372549, "214|132": 0.0196078431372549, "200|158": 0.0196078431372549, "38|250": 0.0196078431372549, "116|235": 0.0196078431372549, "-135|240": 0.0196078431372549, "115|243": 0.0196078431372549, "43|256": 0.0196078431372549, "210|132": 0.0196078431372549, "18|256": 0.0196078431372549, "-40|264": 0.0196078431372549, "-40|258": 0.0196078431372549, "15|262": 0.0196078431372549, "-22|266": 0.0196078431372549, "168|188": 0.0196078431372549, "-199|137": 0.0196078431372549, "-141|215": 0.0196078431372549, "158|205": 0.0196078431372549, "75|257": 0.0196078431372549, "-132|226": 0.0196078431372549, "56|266": 0.0196078431372549, "-76|257": 0.0196078431372549, "48|253": 0.0196078431372549, "172|203": 0.0196078431372549, "-162|221": 0.0196078431372549, "162|202": 0.0196078431372549, "15|269": 0.0196078431372549, "49|252": 0.0196078431372549, "142|225": 0.0196078431372549, "-134|214": 0.0196078431372549, "-29|257": 0.0196078431372549, "142|218": 0.0196078431372549, "-175|180": 0.0196078431372549, "-36|245": 0.0196078431372549, "203|153": 0.0196078431372549, "-214|131": 0.0196078431372549, "110|226": 0.0196078431372549, "190|157": 0.0196078431372549, "-113|238": 0.0196078431372549, "-62|252": 0.0196078431372549, "25|253": 0.0196078431372549, "200|151": 0.0196078431372549, "94|225": 0.0196078431372549}, "AT_RIM": {"4|23": 0.021739130434782608, "-7|10": 0.021739130434782608, "9|9": 0.021739130434782608, "5|3": 0.021739130434782608, "-21|14": 0.021739130434782608, "2|11": 0.021739130434782608, "12|-5": 0.021739130434782608, "9|1": 0.021739130434782608, "18|6": 0.021739130434782608, "9|8": 0.021739130434782608, "2|1": 0.021739130434782608, "-12|15": 0.021739130434782608, "-16|8": 0.021739130434782608, "9|10": 0.021739130434782608, "13|4": 0.021739130434782608, "-7|5": 0.021739130434782608, "7|6": 0.021739130434782608, "-2|15": 0.021739130434782608, "-9|16": 0.021739130434782608, "-9|-1": 0.021739130434782608, "1|16": 0.021739130434782608, "0|8": 0.021739130434782608, "5|11": 0.021739130434782608, "7|11": 0.021739130434782608, "5|10": 0.021739130434782608, "13|13": 0.021739130434782608, "5|6": 0.021739130434782608, "20|26": 0.021739130434782608, "-7|2": 0.021739130434782608, "-13|4": 0.021739130434782608, "0|0": 0.043478260869565216, "20|21": 0.021739130434782608, "21|22": 0.021739130434782608, "1|13": 0.021739130434782608, "-6|2": 0.021739130434782608, "20|15": 0.021739130434782608, "-25|5": 0.021739130434782608, "-9|7": 0.021739130434782608, "-4|5": 0.021739130434782608, "-27|4": 0.021739130434782608, "4|10": 0.021739130434782608, "15|11": 0.021739130434782608, "0|6": 0.021739130434782608, "-23|26": 0.021739130434782608, "11|3": 0.021739130434782608}, "CORNER_3": {"227|-19": 0.058823529411764705, "230|73": 0.058823529411764705, "233|29": 0.058823529411764705, "224|16": 0.058823529411764705, "-250|-3": 0.058823529411764705, "232|12": 0.058823529411764705, "-227|1": 0.058823529411764705, "-227|75": 0.058823529411764705, "233|1": 0.058823529411764705, "-227|22": 0.058823529411764705, "225|15": 0.058823529411764705, "-234|85": 0.058823529411764705, "230|79": 0.058823529411764705, "243|0": 0.058823529411764705, "237|11": 0.058823529411764705, "232|9": 0.058823529411764705, "230|46": 0.058823529411764705}, "LONG_MID_RANGE": {"-91|163": 0.14285714285714285, "-44|171": 0.14285714285714285, "145|127": 0.14285714285714285, "123|140": 0.14285714285714285, "92|113": 0.14285714285714285, "77|133": 0.14285714285714285, "208|4": 0.14285714285714285}, "SHORT_MID_RANGE": {"-96|58": 0.027777777777777776, "-48|81": 0.027777777777777776, "80|101": 0.027777777777777776, "-53|82": 0.027777777777777776, "43|59": 0.027777777777777776, "-40|54": 0.027777777777777776, "4|100": 0.027777777777777776, "-28|30": 0.027777777777777776, "-58|17": 0.027777777777777776, "9|39": 0.027777777777777776, "5|53": 0.027777777777777776, "37|32": 0.027777777777777776, "0|97": 0.027777777777777776, "-40|72": 0.027777777777777776, "28|53": 0.027777777777777776, "56|102": 0.027777777777777776, "37|52": 0.027777777777777776, "-28|46": 0.027777777777777776, "-23|57": 0.027777777777777776, "-2|89": 0.027777777777777776, "-22|54": 0.027777777777777776, "-40|79": 0.027777777777777776, "11|94": 0.027777777777777776, "50|3": 0.027777777777777776, "6|77": 0.027777777777777776, "-22|41": 0.027777777777777776, "4|57": 0.027777777777777776, "20|91": 0.027777777777777776, "-43|71": 0.027777777777777776, "-10|49": 0.027777777777777776, "60|30": 0.027777777777777776, "-11|114": 0.027777777777777776, "64|110": 0.027777777777777776, "-85|99": 0.027777777777777776, "-17|100": 0.027777777777777776, "-16|77": 0.027777777777777776}}, "FOUL_AWAY_FROM_PLAY": 0.0, "FOULED_AWAY_FROM_PLAY": 0.0, "FOUL_CLEAR_PATH": 0.0, "FOULED_CLEAR_PATH": 0.0, "FOUL_COUNT_AS_PERSONAL": 0.20491803278688525, "FOULED_COUNT_AS_PERSONAL": 0.25, "FOUL_COUNT_TOWARD_PENALTY": 0.21153846153846154, "FOULED_COUNT_TOWARD_PENALTY": 0.24444444444444444, "FOUL_DEFENSIVE_NON_SHOOTING": 0.20754716981132076, "FOULED_DEFENSIVE_NON_SHOOTING": 0.15384615384615385, "FOUL_DOUBLE": 0.0, "FOUL_TECHNICAL_DOUBLE": 0.0, "FOUL_FLAGRANT": 0.0, "FOULED_FLAGRANT": 0.0, "FOUL_FLAGRANT_1": 0.0, "FOULED_FLAGRANT_1": 0.0, "FOUL_FLAGRANT_2": 0.0, "FOULED_FLAGRANT_2": 0.0, "FOUL_INBOUND": 0.0, "FOULED_INBOUND": 0.0, "FOUL_LOOSE_BALL": 0.0, "FOULED_LOOSE_BALL": 0.0, "FOUL_OFFENSIVE_CHARGE": 0.0, "FOULED_OFFENSIVE_CHARGE": 0.5, "FOUL_OFFENSIVE_OTHER": 0.0, "FOULED_OFFENSIVE_OTHER": 0.0, "FOUL_OFFENSIVE_TOTAL": 0.16666666666666666, "FOULED_OFFENSIVE_TOTAL": 0.2727272727272727, "FOUL_PERSONAL": 0.2619047619047619, "FOULED_PERSONAL": 0.12, "FOUL_PERSONAL_BLOCK": 0.0, "FOULED_PERSONAL_BLOCK": 0.0, "FOUL_PERSONAL_TAKE": 0.0, "FOULED_PERSONAL_TAKE": 0.3333333333333333, "FOUL_SHOOTING": 0.21568627450980393, "FOULED_SHOOTING": 0.3137254901960784, "FOUL_SHOOTING_BLOCK": 0.0, "FOULED_SHOOTING_BLOCK": 0.0, "FOUL_TECHNICAL": 0.0, "FT": 0.8157894736842105, "REBOUND_DEFENSIVE": 0.11073825503355705, "REBOUND_OFFENSIVE": 0.017605633802816902, "STEAL": 0.20833333333333334, "SHOT_TYPE_ARC_3_OFFENSIVE": 0.26789366053169733, "SHOT_TYPE_ARC_3_DEFENSIVE": 0.3002070393374741, "SHOT_TYPE_AT_RIM_OFFENSIVE": 0.294478527607362, "SHOT_TYPE_AT_RIM_DEFENSIVE": 0.2484472049689441, "SHOT_TYPE_CORNER_3_OFFENSIVE": 0.12883435582822086, "SHOT_TYPE_CORNER_3_DEFENSIVE": 0.08074534161490683, "SHOT_TYPE_LONG_MID_RANGE_OFFENSIVE": 0.08384458077709611, "SHOT_TYPE_LONG_MID_RANGE_DEFENSIVE": 0.13871635610766045, "SHOT_TYPE_SHORT_MID_RANGE_OFFENSIVE": 0.2249488752556237, "SHOT_TYPE_SHORT_MID_RANGE_DEFENSIVE": 0.2318840579710145, "TURNOVER": 0.24175824175824176, "VIOLATION_DEFENSIVE_GOALTENDING": 0.0, "VIOLATION_DEFENSIVE_KICK_BALL": 0.0}