{"ASSIST": 0.3649122807017544, "BLOCK": 0.16470588235294117, "FG_ARC_3_ATTEMPT": 0.3522167487684729, "FG_ARC_3_BLOCK": 0.0024630541871921183, "FG_ARC_3_MADE": 0.3356643356643357, "FG_ARC_3_MADE_FOUL": 0.0, "FG_AT_RIM_ATTEMPT": 0.26380368098159507, "FG_AT_RIM_BLOCK": 0.024539877300613498, "FG_AT_RIM_MADE": 0.7674418604651163, "FG_AT_RIM_MADE_FOUL": 0.015337423312883436, "FG_CORNER_3_ATTEMPT": 0.18085106382978725, "FG_CORNER_3_BLOCK": 0.0, "FG_CORNER_3_MADE": 0.5882352941176471, "FG_CORNER_3_MADE_FOUL": 0.0, "FG_LONG_MID_RANGE_ATTEMPT": 0.611764705882353, "FG_LONG_MID_RANGE_BLOCK": 0.0, "FG_LONG_MID_RANGE_MADE": 0.46153846153846156, "FG_LONG_MID_RANGE_MADE_FOUL": 0.0, "FG_SHORT_MID_RANGE_ATTEMPT": 0.31693989071038253, "FG_SHORT_MID_RANGE_BLOCK": 0.01639344262295082, "FG_SHORT_MID_RANGE_MADE": 0.4482758620689655, "FG_SHORT_MID_RANGE_MADE_FOUL": 0.01092896174863388, "FG_XY": {"ARC_3": {"207|146": 0.006993006993006993, "157|201": 0.006993006993006993, "207|142": 0.006993006993006993, "180|178": 0.006993006993006993, "-184|157": 0.006993006993006993, "-213|136": 0.006993006993006993, "-55|254": 0.006993006993006993, "-97|236": 0.006993006993006993, "17|277": 0.006993006993006993, "184|167": 0.006993006993006993, "-71|251": 0.006993006993006993, "-167|207": 0.006993006993006993, "-72|256": 0.006993006993006993, "-132|226": 0.006993006993006993, "154|220": 0.006993006993006993, "-29|255": 0.006993006993006993, "-4|261": 0.006993006993006993, "-125|212": 0.006993006993006993, "176|178": 0.006993006993006993, "221|115": 0.006993006993006993, "205|139": 0.006993006993006993, "-2|248": 0.006993006993006993, "99|242": 0.006993006993006993, "-51|246": 0.006993006993006993, "85|262": 0.006993006993006993, "-44|284": 0.006993006993006993, "227|115": 0.006993006993006993, "76|258": 0.006993006993006993, "-134|235": 0.006993006993006993, "-90|696": 0.006993006993006993, "23|282": 0.006993006993006993, "-58|292": 0.006993006993006993, "-104|256": 0.006993006993006993, "-116|237": 0.006993006993006993, "-75|264": 0.006993006993006993, "-112|235": 0.006993006993006993, "6|297": 0.006993006993006993, "194|150": 0.006993006993006993, "-134|227": 0.006993006993006993, "194|163": 0.006993006993006993, "132|214": 0.006993006993006993, "-50|247": 0.006993006993006993, "-70|248": 0.006993006993006993, "42|242": 0.006993006993006993, "-150|226": 0.006993006993006993, "181|374": 0.006993006993006993, "175|191": 0.006993006993006993, "-76|252": 0.006993006993006993, "127|233": 0.006993006993006993, "-205|144": 0.006993006993006993, "-55|240": 0.006993006993006993, "142|215": 0.006993006993006993, "108|240": 0.006993006993006993, "150|197": 0.006993006993006993, "-70|264": 0.006993006993006993, "72|251": 0.006993006993006993, "201|177": 0.006993006993006993, "-189|164": 0.006993006993006993, "-184|200": 0.006993006993006993, "20|271": 0.006993006993006993, "55|264": 0.006993006993006993, "-152|211": 0.006993006993006993, "83|258": 0.006993006993006993, "-176|207": 0.006993006993006993, "-196|174": 0.006993006993006993, "235|109": 0.006993006993006993, "-12|281": 0.006993006993006993, "192|155": 0.006993006993006993, "-181|184": 0.006993006993006993, "-158|215": 0.006993006993006993, "-141|231": 0.006993006993006993, "0|262": 0.006993006993006993, "4|277": 0.006993006993006993, "50|268": 0.006993006993006993, "-152|226": 0.006993006993006993, "-186|209": 0.006993006993006993, "-34|258": 0.006993006993006993, "127|247": 0.006993006993006993, "92|292": 0.006993006993006993, "-5|288": 0.006993006993006993, "185|210": 0.006993006993006993, "-65|254": 0.006993006993006993, "172|183": 0.006993006993006993, "-50|277": 0.006993006993006993, "176|159": 0.006993006993006993, "-192|146": 0.006993006993006993, "77|245": 0.006993006993006993, "120|215": 0.006993006993006993, "62|246": 0.006993006993006993, "83|241": 0.006993006993006993, "66|247": 0.006993006993006993, "-49|248": 0.006993006993006993, "-185|166": 0.006993006993006993, "-195|163": 0.006993006993006993, "28|246": 0.006993006993006993, "-87|241": 0.006993006993006993, "87|236": 0.013986013986013986, "71|246": 0.006993006993006993, "43|287": 0.006993006993006993, "202|142": 0.006993006993006993, "-154|193": 0.006993006993006993, "42|245": 0.006993006993006993, "49|300": 0.006993006993006993, "-100|221": 0.006993006993006993, "-74|244": 0.006993006993006993, "49|241": 0.006993006993006993, "162|190": 0.006993006993006993, "71|238": 0.006993006993006993, "195|153": 0.006993006993006993, "168|200": 0.006993006993006993, "-112|225": 0.006993006993006993, "45|242": 0.006993006993006993, "156|213": 0.006993006993006993, "-37|260": 0.006993006993006993, "217|131": 0.006993006993006993, "54|255": 0.006993006993006993, "156|207": 0.006993006993006993, "-109|236": 0.006993006993006993, "-71|260": 0.006993006993006993, "4|262": 0.006993006993006993, "-5|272": 0.006993006993006993, "78|242": 0.006993006993006993, "-37|269": 0.006993006993006993, "-185|148": 0.006993006993006993, "75|258": 0.006993006993006993, "-159|193": 0.006993006993006993, "-9|251": 0.006993006993006993, "-137|215": 0.006993006993006993, "-53|256": 0.006993006993006993, "-158|302": 0.006993006993006993, "-103|232": 0.006993006993006993, "-235|124": 0.006993006993006993, "75|264": 0.006993006993006993, "127|226": 0.006993006993006993, "56|259": 0.006993006993006993, "143|218": 0.006993006993006993, "-1|261": 0.006993006993006993, "85|239": 0.006993006993006993, "143|220": 0.006993006993006993, "77|252": 0.006993006993006993, "-148|215": 0.006993006993006993, "-12|264": 0.006993006993006993}, "AT_RIM": {"1|6": 0.011627906976744186, "-6|-4": 0.011627906976744186, "2|0": 0.011627906976744186, "-15|6": 0.011627906976744186, "-18|18": 0.011627906976744186, "-4|12": 0.011627906976744186, "2|36": 0.011627906976744186, "-4|2": 0.011627906976744186, "-11|15": 0.011627906976744186, "2|17": 0.011627906976744186, "-11|13": 0.011627906976744186, "-1|9": 0.011627906976744186, "-5|0": 0.011627906976744186, "-4|10": 0.011627906976744186, "4|15": 0.011627906976744186, "36|14": 0.011627906976744186, "-18|16": 0.011627906976744186, "13|21": 0.011627906976744186, "11|24": 0.011627906976744186, "1|10": 0.011627906976744186, "-6|5": 0.011627906976744186, "-22|13": 0.011627906976744186, "0|20": 0.011627906976744186, "-4|15": 0.011627906976744186, "0|7": 0.011627906976744186, "-1|16": 0.011627906976744186, "-5|7": 0.011627906976744186, "26|28": 0.011627906976744186, "25|11": 0.011627906976744186, "-1|20": 0.011627906976744186, "-33|18": 0.011627906976744186, "11|17": 0.011627906976744186, "2|-9": 0.011627906976744186, "16|8": 0.011627906976744186, "-1|-1": 0.011627906976744186, "22|15": 0.011627906976744186, "-2|-1": 0.011627906976744186, "15|15": 0.011627906976744186, "1|34": 0.011627906976744186, "-9|15": 0.011627906976744186, "-18|9": 0.011627906976744186, "-17|16": 0.011627906976744186, "1|5": 0.011627906976744186, "-31|3": 0.011627906976744186, "-2|-4": 0.011627906976744186, "21|14": 0.011627906976744186, "-4|8": 0.011627906976744186, "-1|10": 0.011627906976744186, "-5|15": 0.011627906976744186, "-1|12": 0.011627906976744186, "-6|7": 0.011627906976744186, "-2|11": 0.011627906976744186, "-4|25": 0.011627906976744186, "5|10": 0.011627906976744186, "-11|9": 0.011627906976744186, "7|12": 0.011627906976744186, "-5|8": 0.011627906976744186, "-2|13": 0.011627906976744186, "2|13": 0.011627906976744186, "-2|8": 0.011627906976744186, "-1|13": 0.011627906976744186, "-9|12": 0.011627906976744186, "0|0": 0.011627906976744186, "-1|3": 0.011627906976744186, "-17|-1": 0.011627906976744186, "-12|5": 0.011627906976744186, "-18|4": 0.011627906976744186, "-9|0": 0.011627906976744186, "-10|12": 0.011627906976744186, "7|23": 0.011627906976744186, "26|6": 0.011627906976744186, "-18|1": 0.011627906976744186, "31|13": 0.011627906976744186, "-13|18": 0.011627906976744186, "-33|5": 0.011627906976744186, "11|0": 0.011627906976744186, "-26|28": 0.011627906976744186, "17|23": 0.011627906976744186,