{"ASSIST": 0.07692307692307693, "BLOCK": 0.3333333333333333, "FG_ARC_3_ATTEMPT": 0.05263157894736842, "FG_ARC_3_BLOCK": 0.0, "FG_ARC_3_MADE": 1.0, "FG_ARC_3_MADE_FOUL": 0.0, "FG_AT_RIM_ATTEMPT": 0.3684210526315789, "FG_AT_RIM_BLOCK": 0.10526315789473684, "FG_AT_RIM_MADE": 0.2857142857142857, "FG_AT_RIM_MADE_FOUL": 0.05263157894736842, "FG_CORNER_3_ATTEMPT": 0.0, "FG_CORNER_3_BLOCK": 0.0, "FG_CORNER_3_MADE": 0.0, "FG_CORNER_3_MADE_FOUL": 0.0, "FG_LONG_MID_RANGE_ATTEMPT": 0.3333333333333333, "FG_LONG_MID_RANGE_BLOCK": 0.0, "FG_LONG_MID_RANGE_MADE": 1.0, "FG_LONG_MID_RANGE_MADE_FOUL": 0.0, "FG_SHORT_MID_RANGE_ATTEMPT": 0.2, "FG_SHORT_MID_RANGE_BLOCK": 0.0, "FG_SHORT_MID_RANGE_MADE": 0.4, "FG_SHORT_MID_RANGE_MADE_FOUL": 0.0, "FG_XY": {"ARC_3": {"59|241": 1.0}, "AT_RIM": {"-5|13": 0.14285714285714285, "23|31": 0.14285714285714285, "0|0": 0.42857142857142855, "-1|38": 0.14285714285714285, "-12|21": 0.14285714285714285}, "CORNER_3": {}, "LONG_MID_RANGE": {"-136|147": 0.5, "124|146": 0.5}, "SHORT_MID_RANGE": {"-48|52": 0.2, "13|84": 0.2, "-4|78": 0.2, "-86|39": 0.2, "-53|116": 0.2}}, "FOUL_AWAY_FROM_PLAY": 0.0, "FOULED_AWAY_FROM_PLAY": 0.0, "FOUL_CLEAR_PATH": 0.0, "FOULED_CLEAR_PATH": 0.0, "FOUL_COUNT_AS_PERSONAL": 0.4583333333333333, "FOULED_COUNT_AS_PERSONAL": 0.3333333333333333, "FOUL_COUNT_TOWARD_PENALTY": 0.42857142857142855, "FOULED_COUNT_TOWARD_PENALTY": 0.34782608695652173, "FOUL_DEFENSIVE_NON_SHOOTING": 0.4, "FOULED_DEFENSIVE_NON_SHOOTING": 0.2727272727272727, "FOUL_DOUBLE": 0.0, "FOUL_TECHNICAL_DOUBLE": 0.0, "FOUL_FLAGRANT": 0.0, "FOULED_FLAGRANT": 0.0, "FOUL_FLAGRANT_1": 0.0, "FOULED_FLAGRANT_1": 0.0, "FOUL_FLAGRANT_2": 0.0, "FOULED_FLAGRANT_2": 0.0, "FOUL_INBOUND": 0.0, "FOULED_INBOUND": 0.0, "FOUL_LOOSE_BALL": 0.0, "FOULED_LOOSE_BALL": 0.0, "FOUL_OFFENSIVE_CHARGE": 0.0, "FOULED_OFFENSIVE_CHARGE": 0.0, "FOUL_OFFENSIVE_OTHER": 0.0, "FOULED_OFFENSIVE_OTHER": 0.0, "FOUL_OFFENSIVE_TOTAL": 0.6666666666666666, "FOULED_OFFENSIVE_TOTAL": 0.0, "FOUL_PERSONAL": 0.42857142857142855, "FOULED_PERSONAL": 0.3333333333333333, "FOUL_PERSONAL_BLOCK": 0.0, "FOULED_PERSONAL_BLOCK": 0.0, "FOUL_PERSONAL_TAKE": 0.0, "FOULED_PERSONAL_TAKE": 0.0, "FOUL_SHOOTING": 0.5, "FOULED_SHOOTING": 0.4166666666666667, "FOUL_SHOOTING_BLOCK": 0.0, "FOULED_SHOOTING_BLOCK": 0.0, "FOUL_TECHNICAL": 0.0, "FT": 0.5, "REBOUND_DEFENSIVE": 0.15217391304347827, "REBOUND_OFFENSIVE": 0.11904761904761904, "STEAL": 0.0, "SHOT_TYPE_ARC_3_OFFENSIVE": 0.25333333333333335, "SHOT_TYPE_ARC_3_DEFENSIVE": 0.2619047619047619, "SHOT_TYPE_AT_RIM_OFFENSIVE": 0.25333333333333335, "SHOT_TYPE_AT_RIM_DEFENSIVE": 0.2976190476190476, "SHOT_TYPE_CORNER_3_OFFENSIVE": 0.08, "SHOT_TYPE_CORNER_3_DEFENSIVE": 0.07142857142857142, "SHOT_TYPE_LONG_MID_RANGE_OFFENSIVE": 0.08, "SHOT_TYPE_LONG_MID_RANGE_DEFENSIVE": 0.13095238095238096, "SHOT_TYPE_SHORT_MID_RANGE_OFFENSIVE": 0.3333333333333333, "SHOT_TYPE_SHORT_MID_RANGE_DEFENSIVE": 0.23809523809523808, "TURNOVER": 0.3333333333333333, "VIOLATION_DEFENSIVE_GOALTENDING": 0.0, "VIOLATION_DEFENSIVE_KICK_BALL": 0.0}