{"ASSIST": 0.16929133858267717, "BLOCK": 0.3050847457627119, "FG_ARC_3_ATTEMPT": 0.1746987951807229, "FG_ARC_3_BLOCK": 0.0, "FG_ARC_3_MADE": 0.27586206896551724, "FG_ARC_3_MADE_FOUL": 0.0, "FG_AT_RIM_ATTEMPT": 0.1867007672634271, "FG_AT_RIM_BLOCK": 0.03324808184143223, "FG_AT_RIM_MADE": 0.547945205479452, "FG_AT_RIM_MADE_FOUL": 0.010230179028132993, "FG_CORNER_3_ATTEMPT": 0.18947368421052632, "FG_CORNER_3_BLOCK": 0.0, "FG_CORNER_3_MADE": 0.4444444444444444, "FG_CORNER_3_MADE_FOUL": 0.0, "FG_LONG_MID_RANGE_ATTEMPT": 0.2923076923076923, "FG_LONG_MID_RANGE_BLOCK": 0.0, "FG_LONG_MID_RANGE_MADE": 0.2631578947368421, "FG_LONG_MID_RANGE_MADE_FOUL": 0.0, "FG_SHORT_MID_RANGE_ATTEMPT": 0.29605263157894735, "FG_SHORT_MID_RANGE_BLOCK": 0.05921052631578947, "FG_SHORT_MID_RANGE_MADE": 0.28888888888888886, "FG_SHORT_MID_RANGE_MADE_FOUL": 0.019736842105263157, "FG_XY": {"ARC_3": {"152|205": 0.017241379310344827, "72|242": 0.017241379310344827, "-44|252": 0.017241379310344827, "-22|585": 0.017241379310344827, "189|172": 0.017241379310344827, "180|179": 0.017241379310344827, "-20|248": 0.017241379310344827, "-172|194": 0.017241379310344827, "40|257": 0.017241379310344827, "-2|269": 0.017241379310344827, "124|239": 0.017241379310344827, "21|251": 0.017241379310344827, "-201|159": 0.017241379310344827, "93|237": 0.017241379310344827, "75|242": 0.017241379310344827, "190|157": 0.017241379310344827, "-16|268": 0.017241379310344827, "33|275": 0.017241379310344827, "216|99": 0.017241379310344827, "78|241": 0.017241379310344827, "158|196": 0.017241379310344827, "28|264": 0.017241379310344827, "188|190": 0.017241379310344827, "80|248": 0.017241379310344827, "-12|253": 0.017241379310344827, "-175|214": 0.017241379310344827, "194|164": 0.017241379310344827, "-194|174": 0.017241379310344827, "89|258": 0.017241379310344827, "-99|273": 0.017241379310344827, "25|253": 0.017241379310344827, "142|235": 0.017241379310344827, "232|95": 0.017241379310344827, "-11|260": 0.017241379310344827, "-112|243": 0.017241379310344827, "-200|147": 0.017241379310344827, "-140|210": 0.017241379310344827, "156|195": 0.017241379310344827, "0|262": 0.017241379310344827, "-80|235": 0.017241379310344827, "203|137": 0.017241379310344827, "-89|244": 0.017241379310344827, "125|250": 0.017241379310344827, "13|250": 0.017241379310344827, "-71|257": 0.017241379310344827, "-89|273": 0.017241379310344827, "145|218": 0.017241379310344827, "-70|253": 0.017241379310344827, "211|125": 0.017241379310344827, "-180|163": 0.017241379310344827, "148|219": 0.017241379310344827, "-65|268": 0.017241379310344827, "-146|236": 0.017241379310344827, "85|251": 0.017241379310344827, "48|260": 0.017241379310344827, "219|122": 0.017241379310344827, "-66|262": 0.017241379310344827, "-184|176": 0.017241379310344827}, "AT_RIM": {"2|29": 0.0136986301369863, "16|23": 0.0136986301369863, "1|9": 0.0136986301369863, "-29|23": 0.0136986301369863, "-2|15": 0.0136986301369863, "0|0": 0.1506849315068493, "-5|25": 0.0136986301369863, "-17|31": 0.0136986301369863, "-9|0": 0.0136986301369863, "2|6": 0.0136986301369863, "-13|8": 0.0136986301369863, "-9|10": 0.0136986301369863, "-13|23": 0.0136986301369863, "18|26": 0.0136986301369863, "12|4": 0.0136986301369863, "12|15": 0.0136986301369863, "28|4": 0.0136986301369863, "23|21": 0.0136986301369863, "11|5": 0.0136986301369863, "22|13": 0.0136986301369863, "-17|4": 0.0136986301369863, "1|7": 0.0136986301369863, "-21|9": 0.0136986301369863, "-2|8": 0.0136986301369863, "-4|38": 0.0136986301369863, "28|10": 0.0136986301369863, "-20|17": 0.0136986301369863, "12|7": 0.0136986301369863, "1|16": 0.0136986301369863, "22|22": 0.0136986301369863, "5|12": 0.0136986301369863, "1|25": 0.0136986301369863, "4|19": 0.0136986301369863, "10|31": 0.0136986301369863, "-6|36": 0.0136986301369863, "-1|9": 0.0136986301369863, "0|10": 0.0136986301369863, "0|6": 0.0136986301369863, "17|7": 0.0136986301369863, "0|4": 0.0136986301369863, "7|11": 0.0136986301369863, "-29|22": 0.0136986301369863, "9|27": 0.0136986301369863, "29|-1": 0.0136986301369863, "-6|-1": 0.0136986301369863, "2|19": 0.0136986301369863, "-20|22": 0.0136986301369863, "-32|21": 0.0136986301369863, "15|4": 0.0136986301369863, "13|26": 0.0136986301369863, "-13|6": 0.0136986301369863, "0|34": 0.0136986301369863, "-9|8": 0.0136986301369863, "-26|12": 0.0136986301369863, "-33|21": 0.0136986301369863, "1|39": 0.0136986301369863, "6|18": 0.0136986301369863, "-9|18": 0.0136986301369863, "-1|18": 0.0136986301369863, "16|11": 0.0136986301369863, "-12|22": 0.0136986301369863, "2|8": 0.0136986301369863, "-20|1": 0.0136986301369863}, "CORNER_3": {"227|10": 0.05555555555555555, "222|27": 0.05555555555555555, "-237|36": 0.05555555555555555, "-221|0": 0.05555555555555555, "-227|12": 0.05555555555555555, "-246|17": 0.05555555555555555, "-234|26": 0.05555555555555555, "235|27": 0.05555555555555555, "227|67": 0.05555555555555555, "-228|22": 0.05555555555555555, "233|34": 0.05555555555555555, "229|32": 0.05555555555555555, "225|63": 0.05555555555555555, "-233|17": 0.05555555555555555, "-227|9": 0.05555555555555555, "-223|8": 0.05555555555555555, "-229|-1": 0.05555555555555555, "230|11": 0.05555555555555555}, "LONG_MID_RANGE": {"-129|139": 0.05263157894736842, "-184|34": 0.05263157894736842, "184|74": 0.05263157894736842, "-183|-12": 0.05263157894736842, "-129|56": 0.05263157894736842, "185|111": 0.05263157894736842, "137|27": 0.05263157894736842, "-100|126": 0.05263157894736842, "38|200": 0.05263157894736842, "-217|60": 0.05263157894736842, "-178|75": 0.05263157894736842, "141|60": 0.05263157894736842, "-72|179": 0.05263157894736842, "148|131": 0.05263157894736842, "-53|140": 0.05263157894736842, "-130|58": 0.05263157894736842, "-72|176": 0.05263157894736842, "44|154": 0.05263157894736842, "-134|134": 0.05263157894736842}, "SHORT_MID_RANGE": {"44|94": 0.022222222222222223, "-16|74": 0.022222222222222223, "18|39": 0.022222222222222223, "-2|127": 0.022222222222222223, "-5|63": 0.022222222222222223, "-4|62": 0.022222222222222223, "65|9": 0.022222222222222223, "-67|17": 0.022222222222222223, "33|59": 0.022222222222222223, "-20|57": 0.022222222222222223, "26|55": 0.022222222222222223, "15|112": 0.022222222222222223, "61|47": 0.022222222222222223, "28|48": 0.022222222222222223, "66|25": 0.022222222222222223, "18|46": 0.022222222222222223, "-9|48": 0.022222222222222223, "37|27": 0.022222222222222223, "22|88": 0.022222222222222223, "-130|39": 0.022222222222222223, "4|48": 0.022222222222222223, "25|45": 0.022222222222222223, "-10|103": 0.022222222222222223, "34|101": 0.022222222222222223, "-20|41": 0.022222222222222223, "64|88": 0.022222222222222223, "54|59": 0.022222222222222223, "-42|58": 0.022222222222222223, "-47|71": 0.022222222222222223, "-56|57": 0.022222222222222223, "-21|127": 0.022222222222222223, "71|80": 0.022222222222222223, "2|46": 0.022222222222222223, "31|27": 0.022222222222222223, "-16|48": 0.022222222222222223, "-54|28": 0.022222222222222223, "61|30": 0.022222222222222223, "10|49": 0.022222222222222223, "-16|45": 0.022222222222222223, "16|61": 0.022222222222222223, "100|20": 0.022222222222222223, "53|52": 0.022222222222222223, "-1|57": 0.022222222222222223, "20|41": 0.022222222222222223, "59|50": 0.022222222222222223}}, "FOUL_AWAY_FROM_PLAY": 0.0, "FOULED_AWAY_FROM_PLAY": 0.0, "FOUL_CLEAR_PATH": 0.0, "FOULED_CLEAR_PATH": 0.0, "FOUL_COUNT_AS_PERSONAL": 0.1829787234042553, "FOULED_COUNT_AS_PERSONAL": 0.2851985559566787, "FOUL_COUNT_TOWARD_PENALTY": 0.17061611374407584, "FOULED_COUNT_TOWARD_PENALTY": 0.3117408906882591, "FOUL_DEFENSIVE_NON_SHOOTING": 0.102803738317757, "FOULED_DEFENSIVE_NON_SHOOTING": 0.3821138211382114, "FOUL_DOUBLE": 0.0, "FOUL_TECHNICAL_DOUBLE": 0.0, "FOUL_FLAGRANT": 0.0, "FOULED_FLAGRANT": 0.25, "FOUL_FLAGRANT_1": 0.0, "FOULED_FLAGRANT_1": 0.25, "FOUL_FLAGRANT_2": 0.0, "FOULED_FLAGRANT_2": 0.0, "FOUL_INBOUND": 0.0, "FOULED_INBOUND": 0.0, "FOUL_LOOSE_BALL": 0.0, "FOULED_LOOSE_BALL": 0.5, "FOUL_OFFENSIVE_CHARGE": 0.3333333333333333,