{"ASSIST": 0.22727272727272727, "BLOCK": 0.2857142857142857, "FG_ARC_3_ATTEMPT": 0.11904761904761904, "FG_ARC_3_BLOCK": 0.0, "FG_ARC_3_MADE": 1.0, "FG_ARC_3_MADE_FOUL": 0.0, "FG_AT_RIM_ATTEMPT": 0.2222222222222222, "FG_AT_RIM_BLOCK": 0.047619047619047616, "FG_AT_RIM_MADE": 0.5714285714285714, "FG_AT_RIM_MADE_FOUL": 0.015873015873015872, "FG_CORNER_3_ATTEMPT": 0.05555555555555555, "FG_CORNER_3_BLOCK": 0.0, "FG_CORNER_3_MADE": 1.0, "FG_CORNER_3_MADE_FOUL": 0.0, "FG_LONG_MID_RANGE_ATTEMPT": 0.15384615384615385, "FG_LONG_MID_RANGE_BLOCK": 0.0, "FG_LONG_MID_RANGE_MADE": 1.0, "FG_LONG_MID_RANGE_MADE_FOUL": 0.0, "FG_SHORT_MID_RANGE_ATTEMPT": 0.21739130434782608, "FG_SHORT_MID_RANGE_BLOCK": 0.0, "FG_SHORT_MID_RANGE_MADE": 0.4, "FG_SHORT_MID_RANGE_MADE_FOUL": 0.0, "FG_XY": {"ARC_3": {"203|183": 0.2, "212|148": 0.2, "-148|216": 0.2, "96|234": 0.2, "186|173": 0.2}, "AT_RIM": {"-35|14": 0.07142857142857142, "-23|21": 0.07142857142857142, "11|10": 0.07142857142857142, "0|0": 0.2857142857142857, "17|-5": 0.07142857142857142, "11|14": 0.07142857142857142, "31|1": 0.07142857142857142, "-2|34": 0.07142857142857142, "-1|20": 0.07142857142857142, "26|-4": 0.07142857142857142, "-17|14": 0.07142857142857142}, "CORNER_3": {"-235|22": 1.0}, "LONG_MID_RANGE": {"-153|9": 0.25, "188|99": 0.25, "-48|172": 0.25, "-206|87": 0.25}, "SHORT_MID_RANGE": {"15|77": 0.1, "-18|84": 0.1, "-62|12": 0.1, "-4|133": 0.1, "12|98": 0.1, "-102|72": 0.1, "75|21": 0.1, "-61|3": 0.1, "56|15": 0.1, "-1|74": 0.1}}, "FOUL_AWAY_FROM_PLAY": 0.0, "FOULED_AWAY_FROM_PLAY": 0.0, "FOUL_CLEAR_PATH": 1.0, "FOULED_CLEAR_PATH": 0.0, "FOUL_COUNT_AS_PERSONAL": 0.2916666666666667, "FOULED_COUNT_AS_PERSONAL": 0.3333333333333333, "FOUL_COUNT_TOWARD_PENALTY": 0.26666666666666666, "FOULED_COUNT_TOWARD_PENALTY": 0.3333333333333333, "FOUL_DEFENSIVE_NON_SHOOTING": 0.15789473684210525, "FOULED_DEFENSIVE_NON_SHOOTING": 0.375, "FOUL_DOUBLE": 0.0, "FOUL_TECHNICAL_DOUBLE": 0.0, "FOUL_FLAGRANT": 0.0, "FOULED_FLAGRANT": 0.0, "FOUL_FLAGRANT_1": 0.0, "FOULED_FLAGRANT_1": 0.0, "FOUL_FLAGRANT_2": 0.0, "FOULED_FLAGRANT_2": 0.0, "FOUL_INBOUND": 0.0, "FOULED_INBOUND": 0.0, "FOUL_LOOSE_BALL": 0.0, "FOULED_LOOSE_BALL": 0.6666666666666666, "FOUL_OFFENSIVE_CHARGE": 0.0, "FOULED_OFFENSIVE_CHARGE": 0.0, "FOUL_OFFENSIVE_OTHER": 0.0, "FOULED_OFFENSIVE_OTHER": 0.0, "FOUL_OFFENSIVE_TOTAL": 0.6666666666666666, "FOULED_OFFENSIVE_TOTAL": 0.3333333333333333, "FOUL_PERSONAL": 0.125, "FOULED_PERSONAL": 0.4, "FOUL_PERSONAL_BLOCK": 0.0, "FOULED_PERSONAL_BLOCK": 0.0, "FOUL_PERSONAL_TAKE": 0.0, "FOULED_PERSONAL_TAKE": 0.0, "FOUL_SHOOTING": 0.34615384615384615, "FOULED_SHOOTING": 0.30434782608695654, "FOUL_SHOOTING_BLOCK": 0.0, "FOULED_SHOOTING_BLOCK": 0.0, "FOUL_TECHNICAL": 0.0, "FT": 0.7857142857142857, "REBOUND_DEFENSIVE": 0.3113207547169811, "REBOUND_OFFENSIVE": 0.1, "STEAL": 0.26666666666666666, "SHOT_TYPE_ARC_3_OFFENSIVE": 0.2153846153846154, "SHOT_TYPE_ARC_3_DEFENSIVE": 0.3259668508287293, "SHOT_TYPE_AT_RIM_OFFENSIVE": 0.3230769230769231, "SHOT_TYPE_AT_RIM_DEFENSIVE": 0.3314917127071823, "SHOT_TYPE_CORNER_3_OFFENSIVE": 0.09230769230769231, "SHOT_TYPE_CORNER_3_DEFENSIVE": 0.09392265193370165, "SHOT_TYPE_LONG_MID_RANGE_OFFENSIVE": 0.13333333333333333, "SHOT_TYPE_LONG_MID_RANGE_DEFENSIVE": 0.03867403314917127, "SHOT_TYPE_SHORT_MID_RANGE_OFFENSIVE": 0.2358974358974359, "SHOT_TYPE_SHORT_MID_RANGE_DEFENSIVE": 0.20994475138121546, "TURNOVER": 0.35714285714285715, "VIOLATION_DEFENSIVE_GOALTENDING": 0.0, "VIOLATION_DEFENSIVE_KICK_BALL": 0.0}