{"ASSIST": 0.25203252032520324, "BLOCK": 0.08928571428571429, "FG_ARC_3_ATTEMPT": 0.323943661971831, "FG_ARC_3_BLOCK": 0.0035211267605633804, "FG_ARC_3_MADE": 0.32608695652173914, "FG_ARC_3_MADE_FOUL": 0.0, "FG_AT_RIM_ATTEMPT": 0.28524590163934427, "FG_AT_RIM_BLOCK": 0.022950819672131147, "FG_AT_RIM_MADE": 0.7241379310344828, "FG_AT_RIM_MADE_FOUL": 0.019672131147540985, "FG_CORNER_3_ATTEMPT": 0.2288135593220339, "FG_CORNER_3_BLOCK": 0.00847457627118644, "FG_CORNER_3_MADE": 0.6296296296296297, "FG_CORNER_3_MADE_FOUL": 0.0, "FG_LONG_MID_RANGE_ATTEMPT": 0.4039408866995074, "FG_LONG_MID_RANGE_BLOCK": 0.0, "FG_LONG_MID_RANGE_MADE": 0.3780487804878049, "FG_LONG_MID_RANGE_MADE_FOUL": 0.0, "FG_SHORT_MID_RANGE_ATTEMPT": 0.34069400630914826, "FG_SHORT_MID_RANGE_BLOCK": 0.022082018927444796, "FG_SHORT_MID_RANGE_MADE": 0.4351851851851852, "FG_SHORT_MID_RANGE_MADE_FOUL": 0.015772870662460567, "FG_XY": {"ARC_3": {"183|170": 0.010869565217391304, "-126|239": 0.010869565217391304, "115|221": 0.010869565217391304, "-142|201": 0.010869565217391304, "-202|143": 0.010869565217391304, "-129|220": 0.010869565217391304, "-70|263": 0.010869565217391304, "-132|230": 0.010869565217391304, "-96|259": 0.010869565217391304, "-188|169": 0.010869565217391304, "-135|221": 0.010869565217391304, "-180|236": 0.010869565217391304, "-157|211": 0.010869565217391304, "-140|221": 0.010869565217391304, "121|230": 0.010869565217391304, "148|204": 0.010869565217391304, "-229|114": 0.010869565217391304, "-18|249": 0.010869565217391304, "-118|236": 0.010869565217391304, "-1|253": 0.010869565217391304, "-161|204": 0.010869565217391304, "-173|210": 0.010869565217391304, "-194|172": 0.010869565217391304, "-97|242": 0.010869565217391304, "-126|225": 0.010869565217391304, "81|250": 0.010869565217391304, "51|252": 0.010869565217391304, "9|277": 0.010869565217391304, "-97|254": 0.010869565217391304, "138|230": 0.010869565217391304, "-153|249": 0.010869565217391304, "-121|233": 0.010869565217391304, "72|262": 0.010869565217391304, "153|220": 0.010869565217391304, "-156|229": 0.010869565217391304, "-152|243": 0.010869565217391304, "17|274": 0.010869565217391304, "-148|226": 0.010869565217391304, "173|190": 0.010869565217391304, "12|257": 0.010869565217391304, "-165|201": 0.010869565217391304, "197|198": 0.010869565217391304, "141|220": 0.010869565217391304, "48|248": 0.010869565217391304, "-173|195": 0.010869565217391304, "136|221": 0.010869565217391304, "-135|218": 0.010869565217391304, "224|126": 0.010869565217391304, "-173|221": 0.010869565217391304, "-196|145": 0.010869565217391304, "192|155": 0.010869565217391304, "124|240": 0.010869565217391304, "103|245": 0.010869565217391304, "121|241": 0.010869565217391304, "-135|203": 0.010869565217391304, "-107|230": 0.010869565217391304, "105|239": 0.010869565217391304, "0|254": 0.010869565217391304, "219|105": 0.010869565217391304, "-43|246": 0.010869565217391304, "-195|166": 0.010869565217391304, "94|263": 0.010869565217391304, "170|181": 0.010869565217391304, "112|222": 0.010869565217391304, "214|120": 0.010869565217391304, "-4|247": 0.010869565217391304, "172|191": 0.010869565217391304, "163|215": 0.010869565217391304, "-134|231": 0.010869565217391304, "148|263": 0.010869565217391304, "-143|232": 0.010869565217391304, "176|179": 0.010869565217391304, "-238|88": 0.010869565217391304, "167|190": 0.010869565217391304, "-98|252": 0.010869565217391304, "-181|227": 0.010869565217391304, "-158|209": 0.010869565217391304, "-102|220": 0.010869565217391304, "174|199": 0.010869565217391304, "-199|145": 0.010869565217391304, "-179|200": 0.010869565217391304, "183|184": 0.010869565217391304, "161|193": 0.010869565217391304, "-172|190": 0.010869565217391304, "152|201": 0.010869565217391304, "140|224": 0.010869565217391304, "-17|248": 0.010869565217391304, "156|213": 0.010869565217391304, "1|264": 0.010869565217391304, "132|226": 0.010869565217391304, "-60|237": 0.010869565217391304, "163|194": 0.010869565217391304}, "AT_RIM": {"0|-3": 0.022988505747126436, "-1|-4": 0.011494252873563218, "15|0": 0.011494252873563218, "4|11": 0.011494252873563218, "28|20": 0.022988505747126436, "-1|10": 0.011494252873563218, "-2|8": 0.011494252873563218, "-20|8": 0.011494252873563218, "-11|11": 0.022988505747126436, "12|0": 0.011494252873563218, "-5|5": 0.011494252873563218, "21|11": 0.011494252873563218, "18|-1": 0.011494252873563218, "-17|11": 0.011494252873563218, "20|19": 0.011494252873563218, "7|4": 0.011494252873563218, "0|0": 0.022988505747126436, "-34|7": 0.011494252873563218, "-1|-3": 0.011494252873563218, "11|1": 0.011494252873563218, "-6|-4": 0.011494252873563218, "-13|15": 0.011494252873563218, "5|10": 0.011494252873563218, "4|9": 0.011494252873563218, "5|9": 0.011494252873563218, "-5|10": 0.011494252873563218, "-6|17": 0.011494252873563218, "-11|17": 0.011494252873563218, "-12|22": 0.011494252873563218, "-18|26": 0.011494252873563218, "-26|12": 0.011494252873563218, "4|13": 0.011494252873563218, "-2|13": 0.011494252873563218, "-4|11": 0.011494252873563218, "7|6": 0.011494252873563218, "-23|-1": 0.011494252873563218, "-21|8": 0.011494252873563218, "12|9": 0.011494252873563218, "-9|-4": 0.011494252873563218, "-5|27": 0.011494252873563218, "6|29": 0.011494252873563218, "-5|25": 0.011494252873563218, "-10|21": 0.011494252873563218, "-1|6": 0.011494252873563218, "-1|1": 0.011494252873563218, "-4|-1": 0.011494252873563218, "0|8": 0.011494252873563218, "-1|12": 0.011494252873563218, "4|6": 0.011494252873563218, "7|22": 0.011494252873563218, "-1|11": 0.011494252873563218, "-6|10": 0.011494252873563218, "-2|-1": 0.011494252873563218, "2|25": 0.011494252873563218, "-1|5": 0.011494252873563218, "9|7": 0.011494252873563218, "15|6": 0.011494252873563218, "-1|4": 0.011494252873563218, "-5|8": 0.011494252873563218, "-21|16": 0.011494252873563218, "16|11": 0.011494252873563218, "-7|20": 0.011494252873563218, "18|23": 0.011494252873563218, "-22|21": 0.011494252873563218, "-23|22": 0.011494252873563218, "6|15": 0.011494252873563218, "-11|7": 0.011494252873563218, "4|12": 0.011494252873563218, "15|27": 0.011494252873563218, "-11|24": 0.011494252873563218, "5|5": 0.011494252873563218, "2|10": 0.011494252873563218, "26|8": 0.011494252873563218, "12|5": 0.011494252873563218, "33|12": 0.011494252873563218, "20|-4": 0.011494252873563218, "12|7": 0.011494252873563218, "17|-3": 0.011494252873563218, "-6|21": 0.011494252873563218, "-12|5": 0.011494252873563218, "11|8": 0.011494252873563218, "2|13": 0.011494252873563218, "6|5": 0.011494252873563218}, "CORNER_3": {"-230|20": 0.037037037037037035, "-230|1": 0.037037037037037035, "223|25": 0.037037037037037035, "227|36": 0.037037037037037035, "-228|80": 0.037037037037037035, "-232|15": 0.037037037037037035, "233|38": 0.037037037037037035, "-238|9": 0.037037037037037035, "229|69": 0.037037037037037035, "230|84": 0.037037037037037035, "234|6": 0.037037037037037035, "-233|-23": 0.037037037037037035, "-222|78": 0.037037037037037035, "233|68": 0.037037037037037035, "222|66": 0.037037037037037035, "-233|47": 0.037037037037037035, "224|29": 0.037037037037037035, "-232|1": 0.037037037037037035, "-238|-1": 0.037037037037037035, "-230|53": 0.037037037037037035, "230|13": 0.037037037037037035, "-235|5": 0.037037037037037035, "235|20": 0.037037037037037035, "-244|6": 0.037037037037037035, "233|7": 0.037037037037037035, "-232|-6": 0.037037037037037035, "227|-3": 0.037037037037037035}, "LONG_MID_RANGE": {"18|154": 0.012195121951219513, "-123|118": 0.012195121951219513, "191|34": 0.012195121951219513, "-55|159": 0.012195121951219513, "66|220": 0.012195121951219513, "-71|146": 0.012195121951219513, "-174|67": 0.012195121951219513, "16|147": 0.012195121951219513, "-181|19": 0.012195121951219513, "112|110": 0.012195121951219513, "-113|135": 0.012195121951219513, "140|22": 0.012195121951219513, "-134|152": 0.012195121951219513, "-197|41": 0.012195121951219513, "56|175": 0.012195121951219513, "153|71": 0.012195121951219513, "-135|69": 0.012195121951219513,