{"ASSIST": 0.1125, "BLOCK": 0.3, "FG_ARC_3_ATTEMPT": 0.045871559633027525, "FG_ARC_3_BLOCK": 0.0, "FG_ARC_3_MADE": 0.8, "FG_ARC_3_MADE_FOUL": 0.0, "FG_AT_RIM_ATTEMPT": 0.16470588235294117, "FG_AT_RIM_BLOCK": 0.047058823529411764, "FG_AT_RIM_MADE": 0.2857142857142857, "FG_AT_RIM_MADE_FOUL": 0.0, "FG_CORNER_3_ATTEMPT": 0.023809523809523808, "FG_CORNER_3_BLOCK": 0.0, "FG_CORNER_3_MADE": 1.0, "FG_CORNER_3_MADE_FOUL": 0.0, "FG_LONG_MID_RANGE_ATTEMPT": 0.08108108108108109, "FG_LONG_MID_RANGE_BLOCK": 0.0, "FG_LONG_MID_RANGE_MADE": 0.3333333333333333, "FG_LONG_MID_RANGE_MADE_FOUL": 0.02702702702702703, "FG_SHORT_MID_RANGE_ATTEMPT": 0.11940298507462686, "FG_SHORT_MID_RANGE_BLOCK": 0.029850746268656716, "FG_SHORT_MID_RANGE_MADE": 0.25, "FG_SHORT_MID_RANGE_MADE_FOUL": 0.0, "FG_XY": {"ARC_3": {"-37|250": 0.2, "142|216": 0.2, "100|243": 0.2, "-34|280": 0.2, "-58|246": 0.2}, "AT_RIM": {"-5|24": 0.07142857142857142, "-1|8": 0.07142857142857142, "-15|6": 0.07142857142857142, "0|0": 0.2857142857142857, "0|25": 0.07142857142857142, "-17|15": 0.07142857142857142, "18|-1": 0.07142857142857142, "-23|9": 0.07142857142857142, "-4|6": 0.07142857142857142, "15|15": 0.07142857142857142, "-17|5": 0.07142857142857142}, "CORNER_3": {"-223|-3": 1.0}, "LONG_MID_RANGE": {"-97|173": 0.3333333333333333, "9|172": 0.3333333333333333, "-4|163": 0.3333333333333333}, "SHORT_MID_RANGE": {"1|41": 0.125, "32|-27": 0.125, "39|32": 0.125, "37|35": 0.125, "-25|120": 0.125, "22|39": 0.125, "37|39": 0.125, "-36|69": 0.125}}, "FOUL_AWAY_FROM_PLAY": 0.0, "FOULED_AWAY_FROM_PLAY": 0.0, "FOUL_CLEAR_PATH": 0.0, "FOULED_CLEAR_PATH": 0.0, "FOUL_COUNT_AS_PERSONAL": 0.22666666666666666, "FOULED_COUNT_AS_PERSONAL": 0.06779661016949153, "FOUL_COUNT_TOWARD_PENALTY": 0.22727272727272727, "FOULED_COUNT_TOWARD_PENALTY": 0.07692307692307693, "FOUL_DEFENSIVE_NON_SHOOTING": 0.13793103448275862, "FOULED_DEFENSIVE_NON_SHOOTING": 0.11538461538461539, "FOUL_DOUBLE": 0.0, "FOUL_TECHNICAL_DOUBLE": 0.0, "FOUL_FLAGRANT": 0.0, "FOULED_FLAGRANT": 0.0, "FOUL_FLAGRANT_1": 0.0, "FOULED_FLAGRANT_1": 0.0, "FOUL_FLAGRANT_2": 0.0, "FOULED_FLAGRANT_2": 0.0, "FOUL_INBOUND": 0.0, "FOULED_INBOUND": 0.0, "FOUL_LOOSE_BALL": 0.0, "FOULED_LOOSE_BALL": 0.5, "FOUL_OFFENSIVE_CHARGE": 0.0, "FOULED_OFFENSIVE_CHARGE": 0.0, "FOUL_OFFENSIVE_OTHER": 0.0, "FOULED_OFFENSIVE_OTHER": 0.0, "FOUL_OFFENSIVE_TOTAL": 0.2222222222222222, "FOULED_OFFENSIVE_TOTAL": 0.0, "FOUL_PERSONAL": 0.058823529411764705, "FOULED_PERSONAL": 0.09090909090909091, "FOUL_PERSONAL_BLOCK": 0.0, "FOULED_PERSONAL_BLOCK": 0.0, "FOUL_PERSONAL_TAKE": 0.125, "FOULED_PERSONAL_TAKE": 0.0, "FOUL_SHOOTING": 0.2972972972972973, "FOULED_SHOOTING": 0.038461538461538464, "FOUL_SHOOTING_BLOCK": 0.0, "FOULED_SHOOTING_BLOCK": 0.0, "FOUL_TECHNICAL": 0.0, "FT": 0.5, "REBOUND_DEFENSIVE": 0.13966480446927373, "REBOUND_OFFENSIVE": 0.06666666666666667, "STEAL": 0.17142857142857143, "SHOT_TYPE_ARC_3_OFFENSIVE": 0.3205882352941177, "SHOT_TYPE_ARC_3_DEFENSIVE": 0.27124183006535946, "SHOT_TYPE_AT_RIM_OFFENSIVE": 0.25, "SHOT_TYPE_AT_RIM_DEFENSIVE": 0.2549019607843137, "SHOT_TYPE_CORNER_3_OFFENSIVE": 0.12352941176470589, "SHOT_TYPE_CORNER_3_DEFENSIVE": 0.08823529411764706, "SHOT_TYPE_LONG_MID_RANGE_OFFENSIVE": 0.10882352941176471, "SHOT_TYPE_LONG_MID_RANGE_DEFENSIVE": 0.13071895424836602, "SHOT_TYPE_SHORT_MID_RANGE_OFFENSIVE": 0.19705882352941176, "SHOT_TYPE_SHORT_MID_RANGE_DEFENSIVE": 0.2549019607843137, "TURNOVER": 0.15555555555555556, "VIOLATION_DEFENSIVE_GOALTENDING": 0.0, "VIOLATION_DEFENSIVE_KICK_BALL": 0.0}