{"ASSIST": 0.07508532423208192, "BLOCK": 0.6666666666666666, "FG_ARC_3_ATTEMPT": 0.1440922190201729, "FG_ARC_3_BLOCK": 0.0, "FG_ARC_3_MADE": 0.08, "FG_ARC_3_MADE_FOUL": 0.0, "FG_AT_RIM_ATTEMPT": 0.1021671826625387, "FG_AT_RIM_BLOCK": 0.01238390092879257, "FG_AT_RIM_MADE": 0.6060606060606061, "FG_AT_RIM_MADE_FOUL": 0.006191950464396285, "FG_CORNER_3_ATTEMPT": 0.13861386138613863, "FG_CORNER_3_BLOCK": 0.0, "FG_CORNER_3_MADE": 0.21428571428571427, "FG_CORNER_3_MADE_FOUL": 0.0, "FG_LONG_MID_RANGE_ATTEMPT": 0.06422018348623854, "FG_LONG_MID_RANGE_BLOCK": 0.0, "FG_LONG_MID_RANGE_MADE": 0.5714285714285714, "FG_LONG_MID_RANGE_MADE_FOUL": 0.0, "FG_SHORT_MID_RANGE_ATTEMPT": 0.10267857142857142, "FG_SHORT_MID_RANGE_BLOCK": 0.017857142857142856, "FG_SHORT_MID_RANGE_MADE": 0.30434782608695654, "FG_SHORT_MID_RANGE_MADE_FOUL": 0.004464285714285714, "FG_XY": {"ARC_3": {"83|237": 0.02, "119|230": 0.02, "-195|251": 0.02, "-110|269": 0.02, "199|227": 0.02, "-217|132": 0.02, "153|222": 0.02, "75|260": 0.02, "72|245": 0.02, "20|271": 0.02, "-65|241": 0.02, "29|268": 0.02, "100|250": 0.02, "78|243": 0.02, "-13|260": 0.02, "-178|178": 0.02, "2|283": 0.02, "-135|218": 0.02, "-5|263": 0.02, "65|257": 0.02, "29|275": 0.02, "0|264": 0.02, "-116|234": 0.02, "49|260": 0.02, "-179|193": 0.02, "93|241": 0.02, "-17|251": 0.02, "119|226": 0.02, "11|250": 0.02, "108|248": 0.02, "125|211": 0.02, "-12|265": 0.02, "18|261": 0.02, "-124|216": 0.02, "120|260": 0.02, "-167|223": 0.02, "36|260": 0.02, "-29|279": 0.02, "10|267": 0.02, "-145|208": 0.02, "-152|222": 0.02, "119|221": 0.02, "229|113": 0.02, "47|258": 0.02, "156|272": 0.02, "-208|150": 0.02, "91|251": 0.02, "186|173": 0.02, "-13|261": 0.02, "-228|105": 0.02}, "AT_RIM": {"-11|3": 0.030303030303030304, "-16|20": 0.030303030303030304, "36|15": 0.030303030303030304, "26|28": 0.030303030303030304, "0|0": 0.15151515151515152, "-6|20": 0.030303030303030304, "-10|13": 0.030303030303030304, "-28|23": 0.030303030303030304, "5|1": 0.030303030303030304, "-7|2": 0.030303030303030304, "20|20": 0.030303030303030304, "-12|16": 0.030303030303030304, "-12|20": 0.030303030303030304, "23|16": 0.030303030303030304, "-11|-2": 0.030303030303030304, "1|15": 0.030303030303030304, "-4|35": 0.030303030303030304, "-32|22": 0.030303030303030304, "5|31": 0.030303030303030304, "27|15": 0.030303030303030304, "15|10": 0.030303030303030304, "2|8": 0.030303030303030304, "1|9": 0.030303030303030304, "-2|24": 0.030303030303030304, "22|-1": 0.030303030303030304, "10|23": 0.030303030303030304, "11|12": 0.030303030303030304, "36|16": 0.030303030303030304, "22|20": 0.030303030303030304}, "CORNER_3": {"-228|27": 0.07142857142857142, "-232|1": 0.07142857142857142, "232|-10": 0.07142857142857142, "227|18": 0.07142857142857142, "-228|13": 0.07142857142857142, "-225|8": 0.07142857142857142, "-239|5": 0.07142857142857142, "225|15": 0.07142857142857142, "-235|48": 0.07142857142857142, "-233|-13": 0.07142857142857142, "223|64": 0.07142857142857142, "222|2": 0.07142857142857142, "-224|63": 0.07142857142857142, "222|31": 0.07142857142857142}, "LONG_MID_RANGE": {"42|217": 0.14285714285714285, "-44|167": 0.14285714285714285, "0|230": 0.14285714285714285, "-22|215": 0.14285714285714285, "70|127": 0.14285714285714285, "-179|57": 0.14285714285714285, "-51|184": 0.14285714285714285}, "SHORT_MID_RANGE": {"9|59": 0.043478260869565216, "-49|53": 0.043478260869565216, "-21|34": 0.043478260869565216, "58|8": 0.043478260869565216, "34|100": 0.043478260869565216, "-45|67": 0.043478260869565216, "18|92": 0.043478260869565216, "-36|34": 0.043478260869565216, "65|80": 0.043478260869565216, "44|21": 0.043478260869565216, "10|53": 0.08695652173913043, "-56|47": 0.043478260869565216, "6|64": 0.043478260869565216, "-75|21": 0.043478260869565216, "-16|106": 0.043478260869565216, "25|57": 0.043478260869565216, "49|25": 0.043478260869565216, "4|57": 0.043478260869565216, "-112|45": 0.043478260869565216, "-2|47": 0.043478260869565216, "-33|68": 0.043478260869565216, "40|80": 0.043478260869565216}}, "FOUL_AWAY_FROM_PLAY": 0.0, "FOULED_AWAY_FROM_PLAY": 0.0, "FOUL_CLEAR_PATH": 0.0, "FOULED_CLEAR_PATH": 0.0, "FOUL_COUNT_AS_PERSONAL": 0.2073170731707317, "FOULED_COUNT_AS_PERSONAL": 0.21818181818181817, "FOUL_COUNT_TOWARD_PENALTY": 0.19090909090909092, "FOULED_COUNT_TOWARD_PENALTY": 0.2328042328042328, "FOUL_DEFENSIVE_NON_SHOOTING": 0.08571428571428572, "FOULED_DEFENSIVE_NON_SHOOTING": 0.18181818181818182, "FOUL_DOUBLE": 0.0, "FOUL_TECHNICAL_DOUBLE": 0.0, "FOUL_FLAGRANT": 0.0, "FOULED_FLAGRANT": 0.0, "FOUL_FLAGRANT_1": 0.0, "FOULED_FLAGRANT_1": 0.0, "FOUL_FLAGRANT_2": 0.0, "FOULED_FLAGRANT_2": 0.0, "FOUL_INBOUND": 0.0, "FOULED_INBOUND": 0.0, "FOUL_LOOSE_BALL": 0.0, "FOULED_LOOSE_BALL": 0.23076923076923078, "FOUL_OFFENSIVE_CHARGE": 0.25, "FOULED_OFFENSIVE_CHARGE": 0.3333333333333333, "FOUL_OFFENSIVE_OTHER": 0.0, "FOULED_OFFENSIVE_OTHER": 0.0, "FOUL_OFFENSIVE_TOTAL": 0.34615384615384615, "FOULED_OFFENSIVE_TOTAL": 0.12903225806451613, "FOUL_PERSONAL": 0.078125, "FOULED_PERSONAL": 0.18421052631578946, "FOUL_PERSONAL_BLOCK": 0.0, "FOULED_PERSONAL_BLOCK": 0.0, "FOUL_PERSONAL_TAKE": 0.0, "FOULED_PERSONAL_TAKE": 0.1, "FOUL_SHOOTING": 0.28695652173913044, "FOULED_SHOOTING": 0.29213483146067415, "FOUL_SHOOTING_BLOCK": 0.0, "FOULED_SHOOTING_BLOCK": 0.0, "FOUL_TECHNICAL": 0.1111111111111111, "FT": 0.6981132075471698, "REBOUND_DEFENSIVE": 0.1941448382126348, "REBOUND_OFFENSIVE": 0.05518394648829431, "STEAL": 0.15853658536585366, "SHOT_TYPE_ARC_3_OFFENSIVE": 0.31431159420289856, "SHOT_TYPE_ARC_3_DEFENSIVE": 0.27696526508226693, "SHOT_TYPE_AT_RIM_OFFENSIVE": 0.29257246376811596, "SHOT_TYPE_AT_RIM_DEFENSIVE": 0.2915904936014625, "SHOT_TYPE_CORNER_3_OFFENSIVE": 0.09148550724637682, "SHOT_TYPE_CORNER_3_DEFENSIVE": 0.07221206581352833, "SHOT_TYPE_LONG_MID_RANGE_OFFENSIVE": 0.09873188405797101, "SHOT_TYPE_LONG_MID_RANGE_DEFENSIVE": 0.12888482632541134, "SHOT_TYPE_SHORT_MID_RANGE_OFFENSIVE": 0.2028985507246377, "SHOT_TYPE_SHORT_MID_RANGE_DEFENSIVE": 0.2303473491773309, "TURNOVER": 0.16129032258064516, "VIOLATION_DEFENSIVE_GOALTENDING": 2.0, "VIOLATION_DEFENSIVE_KICK_BALL": 0.3333333333333333}