{"ASSIST": 0.09210526315789473, "BLOCK": 0.34615384615384615, "FG_ARC_3_ATTEMPT": 0.04961832061068702, "FG_ARC_3_BLOCK": 0.0, "FG_ARC_3_MADE": 0.8461538461538461, "FG_ARC_3_MADE_FOUL": 0.003816793893129771, "FG_AT_RIM_ATTEMPT": 0.21052631578947367, "FG_AT_RIM_BLOCK": 0.02834008097165992, "FG_AT_RIM_MADE": 0.6346153846153846, "FG_AT_RIM_MADE_FOUL": 0.020242914979757085, "FG_CORNER_3_ATTEMPT": 0.0, "FG_CORNER_3_BLOCK": 0.0, "FG_CORNER_3_MADE": 0.0, "FG_CORNER_3_MADE_FOUL": 0.0, "FG_LONG_MID_RANGE_ATTEMPT": 0.08139534883720931, "FG_LONG_MID_RANGE_BLOCK": 0.011627906976744186, "FG_LONG_MID_RANGE_MADE": 0.42857142857142855, "FG_LONG_MID_RANGE_MADE_FOUL": 0.0, "FG_SHORT_MID_RANGE_ATTEMPT": 0.11739130434782609, "FG_SHORT_MID_RANGE_BLOCK": 0.008695652173913044, "FG_SHORT_MID_RANGE_MADE": 0.14814814814814814, "FG_SHORT_MID_RANGE_MADE_FOUL": 0.0, "FG_XY": {"ARC_3": {"154|203": 0.07692307692307693, "-92|241": 0.07692307692307693, "2|252": 0.07692307692307693, "-142|221": 0.07692307692307693, "-132|220": 0.07692307692307693, "-80|235": 0.07692307692307693, "-60|246": 0.07692307692307693, "-150|205": 0.07692307692307693, "-43|257": 0.07692307692307693, "85|237": 0.07692307692307693, "33|256": 0.07692307692307693, "159|209": 0.07692307692307693, "13|259": 0.07692307692307693}, "AT_RIM": {"0|0": 0.36538461538461536, "-7|11": 0.019230769230769232, "25|22": 0.019230769230769232, "-6|24": 0.019230769230769232, "-4|22": 0.019230769230769232, "0|10": 0.019230769230769232, "-4|6": 0.019230769230769232, "17|-1": 0.019230769230769232, "1|11": 0.019230769230769232, "-12|14": 0.019230769230769232, "9|6": 0.019230769230769232, "-9|15": 0.019230769230769232, "34|13": 0.019230769230769232, "21|12": 0.019230769230769232, "17|11": 0.019230769230769232, "31|19": 0.019230769230769232, "16|20": 0.019230769230769232, "-28|18": 0.019230769230769232, "-17|10": 0.019230769230769232, "9|12": 0.019230769230769232, "23|15": 0.019230769230769232, "0|28": 0.019230769230769232, "12|36": 0.019230769230769232, "-2|21": 0.019230769230769232, "12|-2": 0.019230769230769232, "-22|18": 0.019230769230769232, "11|16": 0.019230769230769232, "4|9": 0.019230769230769232, "-17|6": 0.019230769230769232, "16|6": 0.019230769230769232, "-9|4": 0.019230769230769232, "4|6": 0.019230769230769232, "-27|18": 0.019230769230769232, "17|15": 0.019230769230769232}, "CORNER_3": {}, "LONG_MID_RANGE": {"143|59": 0.14285714285714285, "-25|147": 0.14285714285714285, "-136|100": 0.14285714285714285, "40|136": 0.14285714285714285, "65|125": 0.14285714285714285, "153|-13": 0.14285714285714285, "38|163": 0.14285714285714285}, "SHORT_MID_RANGE": {"22|62": 0.037037037037037035, "2|96": 0.037037037037037035, "-50|80": 0.037037037037037035, "48|124": 0.037037037037037035, "43|94": 0.037037037037037035, "6|82": 0.037037037037037035, "78|40": 0.037037037037037035, "-45|116": 0.037037037037037035, "51|14": 0.037037037037037035, "26|42": 0.037037037037037035, "-99|65": 0.037037037037037035, "-2|70": 0.037037037037037035, "56|123": 0.037037037037037035, "-47|75": 0.037037037037037035, "29|42": 0.037037037037037035, "33|32": 0.037037037037037035, "5|62": 0.037037037037037035, "-2|115": 0.037037037037037035, "-18|43": 0.037037037037037035, "45|119": 0.037037037037037035, "11|139": 0.037037037037037035, "-1|127": 0.037037037037037035, "-27|131": 0.037037037037037035, "1|116": 0.037037037037037035, "-36|31": 0.037037037037037035, "37|41": 0.037037037037037035, "5|126": 0.037037037037037035}}, "FOUL_AWAY_FROM_PLAY": 0.0, "FOULED_AWAY_FROM_PLAY": 1.0, "FOUL_CLEAR_PATH": 0.0, "FOULED_CLEAR_PATH": 0.0, "FOUL_COUNT_AS_PERSONAL": 0.29842931937172773, "FOULED_COUNT_AS_PERSONAL": 0.20707070707070707, "FOUL_COUNT_TOWARD_PENALTY": 0.2824858757062147, "FOULED_COUNT_TOWARD_PENALTY": 0.21621621621621623, "FOUL_DEFENSIVE_NON_SHOOTING": 0.22988505747126436, "FOULED_DEFENSIVE_NON_SHOOTING": 0.1951219512195122, "FOUL_DOUBLE": 0.0, "FOUL_TECHNICAL_DOUBLE": 0.0, "FOUL_FLAGRANT": 0.0, "FOULED_FLAGRANT": 0.5, "FOUL_FLAGRANT_1": 0.0, "FOULED_FLAGRANT_1": 0.5, "FOUL_FLAGRANT_2": 0.0, "FOULED_FLAGRANT_2": 0.0, "FOUL_INBOUND": 0.0, "FOULED_INBOUND": 0.0, "FOUL_LOOSE_BALL": 0.0, "FOULED_LOOSE_BALL": 0.7777777777777778, "FOUL_OFFENSIVE_CHARGE": 0.2, "FOULED_OFFENSIVE_CHARGE": 0.0, "FOUL_OFFENSIVE_OTHER": 0.0, "FOULED_OFFENSIVE_OTHER": 0.0, "FOUL_OFFENSIVE_TOTAL": 0.5, "FOULED_OFFENSIVE_TOTAL": 0.07692307692307693, "FOUL_PERSONAL": 0.21666666666666667, "FOULED_PERSONAL": 0.1111111111111111, "FOUL_PERSONAL_BLOCK": 0.0, "FOULED_PERSONAL_BLOCK": 0.0, "FOUL_PERSONAL_TAKE": 0.07692307692307693, "FOULED_PERSONAL_TAKE": 0.125, "FOUL_SHOOTING": 0.33707865168539325, "FOULED_SHOOTING": 0.22549019607843138, "FOUL_SHOOTING_BLOCK": 0.0, "FOULED_SHOOTING_BLOCK": 0.0, "FOUL_TECHNICAL": 0.2727272727272727, "FT": 0.851063829787234, "REBOUND_DEFENSIVE": 0.24708171206225682, "REBOUND_OFFENSIVE": 0.09861932938856016, "STEAL": 0.08823529411764706, "SHOT_TYPE_ARC_3_OFFENSIVE": 0.2891832229580574, "SHOT_TYPE_ARC_3_DEFENSIVE": 0.29179978700745474, "SHOT_TYPE_AT_RIM_OFFENSIVE": 0.2726269315673289, "SHOT_TYPE_AT_RIM_DEFENSIVE": 0.3045793397231097, "SHOT_TYPE_CORNER_3_OFFENSIVE": 0.08940397350993377, "SHOT_TYPE_CORNER_3_DEFENSIVE": 0.08306709265175719, "SHOT_TYPE_LONG_MID_RANGE_OFFENSIVE": 0.09492273730684327, "SHOT_TYPE_LONG_MID_RANGE_DEFENSIVE": 0.08306709265175719, "SHOT_TYPE_SHORT_MID_RANGE_OFFENSIVE": 0.25386313465783666, "SHOT_TYPE_SHORT_MID_RANGE_DEFENSIVE": 0.2374866879659212, "TURNOVER": 0.18831168831168832, "VIOLATION_DEFENSIVE_GOALTENDING": 1.5, "VIOLATION_DEFENSIVE_KICK_BALL": 0.25}