{"ASSIST": 0.19701492537313434, "BLOCK": 0.2857142857142857, "FG_ARC_3_ATTEMPT": 0.1875, "FG_ARC_3_BLOCK": 0.0, "FG_ARC_3_MADE": 0.35555555555555557, "FG_ARC_3_MADE_FOUL": 0.0, "FG_AT_RIM_ATTEMPT": 0.2727272727272727, "FG_AT_RIM_BLOCK": 0.04415584415584416, "FG_AT_RIM_MADE": 0.580952380952381, "FG_AT_RIM_MADE_FOUL": 0.012987012987012988, "FG_CORNER_3_ATTEMPT": 0.11538461538461539, "FG_CORNER_3_BLOCK": 0.0, "FG_CORNER_3_MADE": 0.4, "FG_CORNER_3_MADE_FOUL": 0.0, "FG_LONG_MID_RANGE_ATTEMPT": 0.1956521739130435, "FG_LONG_MID_RANGE_BLOCK": 0.010869565217391304, "FG_LONG_MID_RANGE_MADE": 0.2777777777777778, "FG_LONG_MID_RANGE_MADE_FOUL": 0.0, "FG_SHORT_MID_RANGE_ATTEMPT": 0.2651162790697674, "FG_SHORT_MID_RANGE_BLOCK": 0.027906976744186046, "FG_SHORT_MID_RANGE_MADE": 0.38596491228070173, "FG_SHORT_MID_RANGE_MADE_FOUL": 0.009302325581395349, "FG_XY": {"ARC_3": {"7|256": 0.011111111111111112, "22|256": 0.011111111111111112, "192|200": 0.011111111111111112, "189|167": 0.011111111111111112, "-146|201": 0.011111111111111112, "-25|253": 0.011111111111111112, "-91|239": 0.011111111111111112, "102|220": 0.011111111111111112, "-158|202": 0.011111111111111112, "6|254": 0.011111111111111112, "2|251": 0.011111111111111112, "16|253": 0.011111111111111112, "-10|269": 0.011111111111111112, "61|242": 0.011111111111111112, "195|151": 0.011111111111111112, "-76|239": 0.011111111111111112, "115|240": 0.011111111111111112, "-94|256": 0.011111111111111112, "28|277": 0.011111111111111112, "-175|206": 0.011111111111111112, "175|171": 0.011111111111111112, "-16|252": 0.011111111111111112, "-168|194": 0.011111111111111112, "-80|239": 0.011111111111111112, "102|233": 0.011111111111111112, "-11|252": 0.011111111111111112, "91|232": 0.011111111111111112, "4|260": 0.011111111111111112, "159|200": 0.011111111111111112, "-36|245": 0.011111111111111112, "0|250": 0.011111111111111112, "-205|130": 0.011111111111111112, "-195|159": 0.011111111111111112, "-162|186": 0.011111111111111112, "-55|252": 0.011111111111111112, "62|273": 0.011111111111111112, "87|266": 0.011111111111111112, "10|257": 0.011111111111111112, "-93|242": 0.011111111111111112, "-180|196": 0.011111111111111112, "-194|158": 0.011111111111111112, "-159|217": 0.011111111111111112, "-126|219": 0.011111111111111112, "119|264": 0.011111111111111112, "29|246": 0.011111111111111112, "188|215": 0.011111111111111112, "-130|247": 0.011111111111111112, "-194|192": 0.011111111111111112, "-203|180": 0.011111111111111112, "-54|262": 0.011111111111111112, "-43|295": 0.011111111111111112, "222|99": 0.011111111111111112, "123|226": 0.011111111111111112, "-25|271": 0.011111111111111112, "-140|224": 0.011111111111111112, "-25|266": 0.011111111111111112, "92|228": 0.011111111111111112, "135|226": 0.011111111111111112, "-163|212": 0.011111111111111112, "-61|252": 0.011111111111111112, "51|305": 0.011111111111111112, "211|147": 0.011111111111111112, "130|240": 0.011111111111111112, "-186|180": 0.011111111111111112, "92|232": 0.011111111111111112, "-97|248": 0.011111111111111112, "190|152": 0.011111111111111112, "45|248": 0.011111111111111112, "48|255": 0.011111111111111112, "-140|209": 0.011111111111111112, "1|253": 0.011111111111111112, "-180|169": 0.011111111111111112, "109|218": 0.011111111111111112, "115|221": 0.011111111111111112, "-130|216": 0.011111111111111112, "184|164": 0.011111111111111112, "-76|232": 0.011111111111111112, "-16|250": 0.011111111111111112, "12|257": 0.011111111111111112, "-158|207": 0.011111111111111112, "-43|257": 0.011111111111111112, "-189|185": 0.011111111111111112, "132|211": 0.011111111111111112, "-170|206": 0.011111111111111112, "175|181": 0.011111111111111112, "-40|254": 0.011111111111111112, "172|199": 0.011111111111111112, "0|254": 0.011111111111111112, "-98|226": 0.011111111111111112, "138|236": 0.011111111111111112}, "AT_RIM": {"-6|19": 0.009523809523809525, "-1|17": 0.009523809523809525, "-9|8": 0.009523809523809525, "-9|15": 0.009523809523809525, "1|27": 0.009523809523809525, "-18|13": 0.009523809523809525, "-2|5": 0.009523809523809525, "12|30": 0.009523809523809525, "-4|0": 0.009523809523809525, "4|29": 0.009523809523809525, "-5|32": 0.009523809523809525, "13|12": 0.009523809523809525, "0|16": 0.009523809523809525, "-15|14": 0.009523809523809525, "-2|36": 0.009523809523809525, "10|26": 0.009523809523809525, "2|8": 0.009523809523809525, "-2|4": 0.009523809523809525, "4|6": 0.009523809523809525, "5|13": 0.009523809523809525, "12|9": 0.009523809523809525, "-25|13": 0.009523809523809525, "-2|33": 0.009523809523809525, "2|2": 0.009523809523809525, "-2|10": 0.009523809523809525, "1|7": 0.009523809523809525, "-2|7": 0.009523809523809525, "-4|5": 0.009523809523809525, "6|6": 0.009523809523809525, "-4|29": 0.009523809523809525, "2|19": 0.009523809523809525, "1|-1": 0.009523809523809525, "28|12": 0.009523809523809525, "20|1": 0.009523809523809525, "22|17": 0.009523809523809525, "-36|5": 0.009523809523809525, "-11|20": 0.009523809523809525, "1|25": 0.009523809523809525, "-33|17": 0.009523809523809525, "0|0": 0.06666666666666667, "-9|37": 0.009523809523809525, "-27|15": 0.009523809523809525, "26|6": 0.009523809523809525, "6|11": 0.009523809523809525, "20|14": 0.009523809523809525, "-1|2": 0.009523809523809525, "16|16": 0.009523809523809525, "28|11": 0.009523809523809525, "0|5": 0.009523809523809525, "-10|11": 0.009523809523809525, "-1|15": 0.009523809523809525, "29|17": 0.009523809523809525, "-5|1": 0.01904761904761905, "-4|6": 0.01904761904761905, "-5|8": 0.009523809523809525, "-4|13": 0.009523809523809525, "5|17": 0.009523809523809525, "5|22": 0.009523809523809525, "-11|37": 0.009523809523809525, "6|0": 0.009523809523809525, "-15|5": 0.009523809523809525, "-4|8": 0.009523809523809525, "4|10": 0.009523809523809525, "0|27": 0.009523809523809525, "-12|16": 0.009523809523809525, "-1|6": 0.009523809523809525, "1|-11": 0.009523809523809525, "28|16": 0.009523809523809525, "-10|-1": 0.009523809523809525, "-21|3": 0.009523809523809525, "31|19": 0.009523809523809525, "-32|8": 0.009523809523809525, "-28|3": 0.009523809523809525, "-2|1": 0.009523809523809525, "17|10": 0.009523809523809525, "4|28": 0.009523809523809525, "-16|1": 0.009523809523809525, "31|5": 0.009523809523809525, "20|17": 0.009523809523809525, "18|22": 0.009523809523809525, "-27|17": 0.009523809523809525, "-9|6": 0.009523809523809525, "-21|19": 0.009523809523809525, "-16|4": 0.009523809523809525, "6|25": 0.009523809523809525, "0|22": 0.009523809523809525, "2|17": 0.009523809523809525, "-1|19": 0.009523809523809525, "-2|27": 0.009523809523809525, "-5|24": 0.009523809523809525, "-5|27": 0.009523809523809525, "16|26": 0.009523809523809525, "5|12": 0.009523809523809525, "17|7": 0.009523809523809525, "5|29": 0.009523809523809525, "-9|0": 0.009523809523809525, "-7|10": 0.009523809523809525}, "CORNER_3": {"233|35": 0.06666666666666667, "-233|-1": 0.06666666666666667, "229|26": 0.06666666666666667, "221|21": 0.06666666666666667, "238|32": 0.06666666666666667, "-232|-17": 0.06666666666666667, "224|15": 0.06666666666666667, "228|40": 0.06666666666666667, "232|40": 0.06666666666666667, "-238|24": 0.06666666666666667, "230|4": 0.06666666666666667, "-224|1": 0.06666666666666667, "230|17": 0.06666666666666667, "-228|0": 0.06666666666666667, "-232|0": 0.06666666666666667}, "LONG_MID_RANGE": {"-27|174": 0.05555555555555555, "6|145": 0.05555555555555555, "-2|201": 0.05555555555555555, "-102|153": 0.05555555555555555, "-146|3": 0.05555555555555555, "-2|157": 0.05555555555555555, "-159|22": 0.05555555555555555, "-100|186": 0.05555555555555555, "-167|121": 0.05555555555555555, "-146|-9": 0.05555555555555555, "-192|102": 0.05555555555555555, "-147|175": 0.05555555555555555, "-141|122": 0.05555555555555555, "-13|225": 0.05555555555555555, "-4|153": 0.05555555555555555, "-148|50": 0.05555555555555555, "-80|207": 0.05555555555555555, "127|111": 0.05555555555555555}, "SHORT_MID_RANGE": {"38|43": 0.017543859649122806, "-33|31": 0.017543859649122806, "0|64": 0.017543859649122806,