{"ASSIST": 0.06369426751592357, "BLOCK": 0.08333333333333333, "FG_ARC_3_ATTEMPT": 0.21450151057401812, "FG_ARC_3_BLOCK": 0.0030211480362537764, "FG_ARC_3_MADE": 0.08450704225352113, "FG_ARC_3_MADE_FOUL": 0.0, "FG_AT_RIM_ATTEMPT": 0.12433862433862433, "FG_AT_RIM_BLOCK": 0.031746031746031744, "FG_AT_RIM_MADE": 0.44680851063829785, "FG_AT_RIM_MADE_FOUL": 0.0026455026455026454, "FG_CORNER_3_ATTEMPT": 0.31932773109243695, "FG_CORNER_3_BLOCK": 0.0, "FG_CORNER_3_MADE": 0.15789473684210525, "FG_CORNER_3_MADE_FOUL": 0.0, "FG_LONG_MID_RANGE_ATTEMPT": 0.10666666666666667, "FG_LONG_MID_RANGE_BLOCK": 0.0, "FG_LONG_MID_RANGE_MADE": 0.375, "FG_LONG_MID_RANGE_MADE_FOUL": 0.0, "FG_SHORT_MID_RANGE_ATTEMPT": 0.1459227467811159, "FG_SHORT_MID_RANGE_BLOCK": 0.02145922746781116, "FG_SHORT_MID_RANGE_MADE": 0.29411764705882354, "FG_SHORT_MID_RANGE_MADE_FOUL": 0.004291845493562232, "FG_XY": {"ARC_3": {"129|217": 0.014084507042253521, "-98|238": 0.014084507042253521, "-55|251": 0.014084507042253521, "-107|224": 0.014084507042253521, "-206|147": 0.014084507042253521, "156|216": 0.014084507042253521, "163|199": 0.014084507042253521, "186|174": 0.014084507042253521, "-61|255": 0.014084507042253521, "37|245": 0.014084507042253521, "159|205": 0.014084507042253521, "-58|247": 0.014084507042253521, "165|188": 0.014084507042253521, "-165|195": 0.014084507042253521, "96|239": 0.014084507042253521, "-153|227": 0.014084507042253521, "146|205": 0.014084507042253521, "-157|212": 0.014084507042253521, "-216|101": 0.014084507042253521, "113|239": 0.014084507042253521, "188|174": 0.014084507042253521, "158|204": 0.014084507042253521, "54|256": 0.014084507042253521, "156|204": 0.014084507042253521, "165|208": 0.014084507042253521, "-203|138": 0.014084507042253521, "153|202": 0.014084507042253521, "146|297": 0.014084507042253521, "184|197": 0.014084507042253521, "-40|260": 0.014084507042253521, "-140|236": 0.014084507042253521, "-146|204": 0.014084507042253521, "-6|253": 0.014084507042253521, "-143|217": 0.014084507042253521, "159|200": 0.014084507042253521, "0|252": 0.014084507042253521, "-178|206": 0.014084507042253521, "131|224": 0.014084507042253521, "-218|122": 0.014084507042253521, "-153|207": 0.014084507042253521, "142|225": 0.014084507042253521, "175|188": 0.014084507042253521, "69|240": 0.014084507042253521, "186|189": 0.014084507042253521, "146|202": 0.014084507042253521, "145|211": 0.014084507042253521, "-53|248": 0.014084507042253521, "138|210": 0.014084507042253521, "167|187": 0.014084507042253521, "141|216": 0.014084507042253521, "0|264": 0.014084507042253521, "-78|241": 0.014084507042253521, "212|161": 0.014084507042253521, "232|104": 0.014084507042253521, "-82|240": 0.014084507042253521, "201|170": 0.014084507042253521, "134|201": 0.014084507042253521, "-56|258": 0.014084507042253521, "-134|247": 0.014084507042253521, "28|254": 0.014084507042253521, "146|210": 0.014084507042253521, "-146|226": 0.014084507042253521, "131|225": 0.014084507042253521, "-81|245": 0.014084507042253521, "89|252": 0.014084507042253521, "-185|176": 0.014084507042253521, "135|215": 0.014084507042253521, "-120|216": 0.014084507042253521, "-38|274": 0.014084507042253521, "161|202": 0.014084507042253521, "-165|202": 0.014084507042253521}, "AT_RIM": {"-20|6": 0.02127659574468085, "6|-2": 0.02127659574468085, "1|24": 0.02127659574468085, "-26|13": 0.02127659574468085, "-9|7": 0.02127659574468085, "0|0": 0.0851063829787234, "13|27": 0.02127659574468085, "12|34": 0.02127659574468085, "16|22": 0.02127659574468085, "-16|25": 0.02127659574468085, "-4|17": 0.02127659574468085, "1|9": 0.02127659574468085, "-6|31": 0.02127659574468085, "1|17": 0.02127659574468085, "-7|1": 0.0425531914893617, "-34|20": 0.02127659574468085, "31|21": 0.02127659574468085, "12|6": 0.02127659574468085, "26|14": 0.02127659574468085, "22|15": 0.02127659574468085, "4|5": 0.02127659574468085, "-20|11": 0.02127659574468085, "17|27": 0.02127659574468085, "5|5": 0.02127659574468085, "4|13": 0.02127659574468085, "9|12": 0.02127659574468085, "7|26": 0.02127659574468085, "-7|11": 0.02127659574468085, "-21|-2": 0.02127659574468085, "10|22": 0.02127659574468085, "-2|6": 0.02127659574468085, "-1|9": 0.02127659574468085, "-6|3": 0.02127659574468085, "-4|-1": 0.02127659574468085, "11|17": 0.02127659574468085, "-13|8": 0.02127659574468085, "-20|20": 0.02127659574468085, "21|32": 0.02127659574468085, "20|16": 0.02127659574468085, "9|34": 0.02127659574468085, "-25|27": 0.02127659574468085, "-1|13": 0.02127659574468085, "-9|15": 0.02127659574468085}, "CORNER_3": {"238|2": 0.02631578947368421, "230|-6": 0.02631578947368421, "229|-6": 0.02631578947368421, "-228|-15": 0.02631578947368421, "-232|14": 0.02631578947368421, "-233|27": 0.02631578947368421, "221|65": 0.02631578947368421, "-227|34": 0.02631578947368421, "-238|50": 0.02631578947368421, "-233|66": 0.02631578947368421, "227|-4": 0.02631578947368421, "-227|58": 0.02631578947368421, "238|36": 0.02631578947368421, "-234|11": 0.02631578947368421, "-240|6": 0.02631578947368421, "233|33": 0.02631578947368421, "-233|5": 0.02631578947368421, "227|63": 0.02631578947368421, "230|33": 0.02631578947368421, "-234|22": 0.02631578947368421, "223|2": 0.02631578947368421, "-230|73": 0.02631578947368421, "-235|4": 0.02631578947368421, "-235|27": 0.02631578947368421, "-229|38": 0.02631578947368421, "241|62": 0.02631578947368421, "-228|16": 0.02631578947368421, "232|17": 0.02631578947368421, "227|24": 0.02631578947368421, "228|-4": 0.02631578947368421, "235|6": 0.02631578947368421, "-233|8": 0.02631578947368421, "237|10": 0.02631578947368421, "232|-19": 0.02631578947368421, "-233|-5": 0.02631578947368421, "-223|36": 0.02631578947368421, "-222|8": 0.02631578947368421, "229|37": 0.02631578947368421}, "LONG_MID_RANGE": {"76|155": 0.125, "5|163": 0.125, "9|214": 0.125, "92|110": 0.125, "-97|111": 0.125, "168|17": 0.125, "2|145": 0.125, "102|130": 0.125}, "SHORT_MID_RANGE": {"9|43": 0.029411764705882353, "-39|28": 0.029411764705882353, "88|44": 0.029411764705882353, "-13|74": 0.029411764705882353, "7|58": 0.029411764705882353, "118|4": 0.029411764705882353, "-112|81": 0.029411764705882353, "2|65": 0.029411764705882353, "-12|60": 0.029411764705882353, "-76|73": 0.029411764705882353, "-43|62": 0.029411764705882353, "9|68": 0.029411764705882353, "91|13": 0.029411764705882353, "45|26": 0.029411764705882353, "136|9": 0.029411764705882353, "28|34": 0.029411764705882353, "23|59": 0.029411764705882353, "-20|41": 0.029411764705882353, "33|32": 0.029411764705882353, "-39|123": 0.029411764705882353, "-20|104": 0.029411764705882353, "42|103": 0.029411764705882353, "53|106": 0.029411764705882353, "-6|59": 0.029411764705882353, "-6|78": 0.029411764705882353, "-1|62": 0.029411764705882353, "6|77": 0.029411764705882353, "-1|49": 0.029411764705882353, "-50|57": 0.029411764705882353, "47|113": 0.029411764705882353, "-28|44": 0.029411764705882353, "56|53": 0.029411764705882353, "-67|78": 0.029411764705882353, "72|64": 0.029411764705882353}}, "FOUL_AWAY_FROM_PLAY": 0.0, "FOULED_AWAY_FROM_PLAY": 0.0, "FOUL_CLEAR_PATH": 0.0, "FOULED_CLEAR_PATH": 0.5, "FOUL_COUNT_AS_PERSONAL": 0.22088353413654618, "FOULED_COUNT_AS_PERSONAL": 0.15810276679841898, "FOUL_COUNT_TOWARD_PENALTY": 0.24107142857142858, "FOULED_COUNT_TOWARD_PENALTY": 0.15879828326180256, "FOUL_DEFENSIVE_NON_SHOOTING": 0.2396694214876033, "FOULED_DEFENSIVE_NON_SHOOTING": 0.14655172413793102, "FOUL_DOUBLE": 0.0, "FOUL_TECHNICAL_DOUBLE": 0.0, "FOUL_FLAGRANT": 0.5, "FOULED_FLAGRANT": 0.0, "FOUL_FLAGRANT_1": 0.5, "FOULED_FLAGRANT_1": 0.0, "FOUL_FLAGRANT_2": 0.0, "FOULED_FLAGRANT_2": 0.0, "FOUL_INBOUND": 0.0, "FOULED_INBOUND": 0.0, "FOUL_LOOSE_BALL": 0.0, "FOULED_LOOSE_BALL": 0.21428571428571427, "FOUL_OFFENSIVE_CHARGE": 0.0, "FOULED_OFFENSIVE_CHARGE": 0.0, "FOUL_OFFENSIVE_OTHER": 0.0, "FOULED_OFFENSIVE_OTHER": 0.0, "FOUL_OFFENSIVE_TOTAL": 0.04, "FOULED_OFFENSIVE_TOTAL": 0.15, "FOUL_PERSONAL": 0.25842696629213485, "FOULED_PERSONAL": 0.12345679012345678, "FOUL_PERSONAL_BLOCK": 0.0,