{"ASSIST": 0.09655172413793103, "BLOCK": 0.11538461538461539, "FG_ARC_3_ATTEMPT": 0.1935483870967742, "FG_ARC_3_BLOCK": 0.0, "FG_ARC_3_MADE": 0.1388888888888889, "FG_ARC_3_MADE_FOUL": 0.005376344086021506, "FG_AT_RIM_ATTEMPT": 0.19883040935672514, "FG_AT_RIM_BLOCK": 0.011695906432748537, "FG_AT_RIM_MADE": 0.6176470588235294, "FG_AT_RIM_MADE_FOUL": 0.03508771929824561, "FG_CORNER_3_ATTEMPT": 0.16923076923076924, "FG_CORNER_3_BLOCK": 0.0, "FG_CORNER_3_MADE": 0.18181818181818182, "FG_CORNER_3_MADE_FOUL": 0.0, "FG_LONG_MID_RANGE_ATTEMPT": 0.08823529411764706, "FG_LONG_MID_RANGE_BLOCK": 0.0, "FG_LONG_MID_RANGE_MADE": 0.0, "FG_LONG_MID_RANGE_MADE_FOUL": 0.0, "FG_SHORT_MID_RANGE_ATTEMPT": 0.18072289156626506, "FG_SHORT_MID_RANGE_BLOCK": 0.024096385542168676, "FG_SHORT_MID_RANGE_MADE": 0.2, "FG_SHORT_MID_RANGE_MADE_FOUL": 0.012048192771084338, "FG_XY": {"ARC_3": {"113|232": 0.027777777777777776, "55|256": 0.027777777777777776, "16|257": 0.027777777777777776, "119|241": 0.027777777777777776, "87|256": 0.027777777777777776, "142|230": 0.027777777777777776, "-48|256": 0.027777777777777776, "199|155": 0.027777777777777776, "173|180": 0.027777777777777776, "-183|167": 0.027777777777777776, "96|237": 0.027777777777777776, "-125|227": 0.027777777777777776, "143|204": 0.027777777777777776, "-60|252": 0.027777777777777776, "-89|270": 0.027777777777777776, "201|163": 0.027777777777777776, "-164|206": 0.027777777777777776, "12|260": 0.027777777777777776, "-131|236": 0.027777777777777776, "-151|231": 0.027777777777777776, "-181|211": 0.027777777777777776, "-219|136": 0.027777777777777776, "202|158": 0.027777777777777776, "-64|277": 0.027777777777777776, "88|263": 0.027777777777777776, "153|221": 0.027777777777777776, "-147|238": 0.027777777777777776, "-16|301": 0.027777777777777776, "-180|193": 0.027777777777777776, "-118|238": 0.027777777777777776, "-38|267": 0.027777777777777776, "-33|278": 0.027777777777777776, "136|220": 0.027777777777777776, "-119|241": 0.027777777777777776, "-26|268": 0.027777777777777776, "-2|264": 0.027777777777777776}, "AT_RIM": {"25|10": 0.029411764705882353, "20|6": 0.029411764705882353, "17|4": 0.029411764705882353, "0|-2": 0.029411764705882353, "-6|20": 0.029411764705882353, "0|0": 0.29411764705882354, "5|34": 0.029411764705882353, "-9|9": 0.029411764705882353, "16|10": 0.029411764705882353, "-21|19": 0.029411764705882353, "22|4": 0.029411764705882353, "18|-2": 0.029411764705882353, "-6|-3": 0.029411764705882353, "23|25": 0.029411764705882353, "18|10": 0.029411764705882353, "-11|13": 0.029411764705882353, "6|25": 0.029411764705882353, "6|7": 0.029411764705882353, "-2|32": 0.029411764705882353, "1|37": 0.029411764705882353, "17|11": 0.029411764705882353, "6|11": 0.029411764705882353, "5|8": 0.029411764705882353, "2|10": 0.029411764705882353, "-4|11": 0.029411764705882353}, "CORNER_3": {"230|20": 0.09090909090909091, "-229|4": 0.09090909090909091, "-225|13": 0.09090909090909091, "229|22": 0.09090909090909091, "-237|-13": 0.09090909090909091, "228|18": 0.09090909090909091, "-234|-1": 0.09090909090909091, "233|31": 0.09090909090909091, "233|27": 0.09090909090909091, "235|31": 0.09090909090909091, "234|19": 0.09090909090909091}, "LONG_MID_RANGE": {"-59|162": 0.3333333333333333, "-199|40": 0.3333333333333333, "176|6": 0.3333333333333333}, "SHORT_MID_RANGE": {"-12|50": 0.06666666666666667, "2|114": 0.06666666666666667, "97|89": 0.06666666666666667, "-26|31": 0.06666666666666667, "98|38": 0.06666666666666667, "-32|120": 0.06666666666666667, "-49|29": 0.06666666666666667, "2|64": 0.06666666666666667, "36|39": 0.06666666666666667, "-42|9": 0.06666666666666667, "7|51": 0.06666666666666667, "40|65": 0.06666666666666667, "6|41": 0.06666666666666667, "10|52": 0.06666666666666667, "7|130": 0.06666666666666667}}, "FOUL_AWAY_FROM_PLAY": 0.0, "FOULED_AWAY_FROM_PLAY": 0.0, "FOUL_CLEAR_PATH": 0.0, "FOULED_CLEAR_PATH": 0.0, "FOUL_COUNT_AS_PERSONAL": 0.1885245901639344, "FOULED_COUNT_AS_PERSONAL": 0.2138364779874214, "FOUL_COUNT_TOWARD_PENALTY": 0.16666666666666666, "FOULED_COUNT_TOWARD_PENALTY": 0.23776223776223776, "FOUL_DEFENSIVE_NON_SHOOTING": 0.2127659574468085, "FOULED_DEFENSIVE_NON_SHOOTING": 0.08196721311475409, "FOUL_DOUBLE": 0.0, "FOUL_TECHNICAL_DOUBLE": 0.0, "FOUL_FLAGRANT": 0.0, "FOULED_FLAGRANT": 0.0, "FOUL_FLAGRANT_1": 0.0, "FOULED_FLAGRANT_1": 0.0, "FOUL_FLAGRANT_2": 0.0, "FOULED_FLAGRANT_2": 0.0, "FOUL_INBOUND": 0.0, "FOULED_INBOUND": 0.0, "FOUL_LOOSE_BALL": 0.0, "FOULED_LOOSE_BALL": 0.14285714285714285, "FOUL_OFFENSIVE_CHARGE": 0.3333333333333333, "FOULED_OFFENSIVE_CHARGE": 0.0, "FOUL_OFFENSIVE_OTHER": 0.0, "FOULED_OFFENSIVE_OTHER": 0.0, "FOUL_OFFENSIVE_TOTAL": 0.35714285714285715, "FOULED_OFFENSIVE_TOTAL": 0.0, "FOUL_PERSONAL": 0.18181818181818182, "FOULED_PERSONAL": 0.06382978723404255, "FOUL_PERSONAL_BLOCK": 0.0, "FOULED_PERSONAL_BLOCK": 0.0, "FOUL_PERSONAL_TAKE": 0.0, "FOULED_PERSONAL_TAKE": 0.2, "FOUL_SHOOTING": 0.13114754098360656, "FOULED_SHOOTING": 0.35802469135802467, "FOUL_SHOOTING_BLOCK": 0.0, "FOULED_SHOOTING_BLOCK": 0.0, "FOUL_TECHNICAL": 0.0, "FT": 0.7659574468085106, "REBOUND_DEFENSIVE": 0.18815331010452963, "REBOUND_OFFENSIVE": 0.08143322475570032, "STEAL": 0.10344827586206896, "SHOT_TYPE_ARC_3_OFFENSIVE": 0.3450834879406308, "SHOT_TYPE_ARC_3_DEFENSIVE": 0.30036630036630035, "SHOT_TYPE_AT_RIM_OFFENSIVE": 0.3172541743970315, "SHOT_TYPE_AT_RIM_DEFENSIVE": 0.2857142857142857, "SHOT_TYPE_CORNER_3_OFFENSIVE": 0.12059369202226346, "SHOT_TYPE_CORNER_3_DEFENSIVE": 0.08974358974358974, "SHOT_TYPE_LONG_MID_RANGE_OFFENSIVE": 0.06307977736549165, "SHOT_TYPE_LONG_MID_RANGE_DEFENSIVE": 0.10989010989010989, "SHOT_TYPE_SHORT_MID_RANGE_OFFENSIVE": 0.15398886827458255, "SHOT_TYPE_SHORT_MID_RANGE_DEFENSIVE": 0.21428571428571427, "TURNOVER": 0.18867924528301888, "VIOLATION_DEFENSIVE_GOALTENDING": 0.0, "VIOLATION_DEFENSIVE_KICK_BALL": 0.0}