{"ASSIST": 0.11486486486486487, "BLOCK": 0.18604651162790697, "FG_ARC_3_ATTEMPT": 0.15083798882681565, "FG_ARC_3_BLOCK": 0.0, "FG_ARC_3_MADE": 0.2222222222222222, "FG_ARC_3_MADE_FOUL": 0.0, "FG_AT_RIM_ATTEMPT": 0.08917197452229299, "FG_AT_RIM_BLOCK": 0.012738853503184714, "FG_AT_RIM_MADE": 0.7142857142857143, "FG_AT_RIM_MADE_FOUL": 0.006369426751592357, "FG_CORNER_3_ATTEMPT": 0.14814814814814814, "FG_CORNER_3_BLOCK": 0.037037037037037035, "FG_CORNER_3_MADE": 0.125, "FG_CORNER_3_MADE_FOUL": 0.0, "FG_LONG_MID_RANGE_ATTEMPT": 0.2222222222222222, "FG_LONG_MID_RANGE_BLOCK": 0.011111111111111112, "FG_LONG_MID_RANGE_MADE": 0.45, "FG_LONG_MID_RANGE_MADE_FOUL": 0.011111111111111112, "FG_SHORT_MID_RANGE_ATTEMPT": 0.15671641791044777, "FG_SHORT_MID_RANGE_BLOCK": 0.0, "FG_SHORT_MID_RANGE_MADE": 0.42857142857142855, "FG_SHORT_MID_RANGE_MADE_FOUL": 0.0, "FG_XY": {"ARC_3": {"-143|232": 0.037037037037037035, "-186|197": 0.037037037037037035, "-200|171": 0.037037037037037035, "-91|236": 0.037037037037037035, "-199|180": 0.037037037037037035, "-37|258": 0.037037037037037035, "-143|225": 0.037037037037037035, "-178|174": 0.037037037037037035, "-180|201": 0.037037037037037035, "-33|248": 0.037037037037037035, "-186|168": 0.037037037037037035, "-210|168": 0.037037037037037035, "-201|126": 0.037037037037037035, "211|145": 0.037037037037037035, "218|143": 0.037037037037037035, "-207|146": 0.037037037037037035, "164|189": 0.037037037037037035, "18|251": 0.037037037037037035, "82|256": 0.037037037037037035, "-72|241": 0.037037037037037035, "-1|252": 0.037037037037037035, "141|231": 0.037037037037037035, "127|225": 0.037037037037037035, "-130|233": 0.037037037037037035, "-172|206": 0.037037037037037035, "-140|215": 0.037037037037037035, "-4|251": 0.037037037037037035}, "AT_RIM": {"20|13": 0.07142857142857142, "16|8": 0.07142857142857142, "-25|20": 0.07142857142857142, "-26|14": 0.07142857142857142, "-11|16": 0.07142857142857142, "-7|28": 0.07142857142857142, "-29|11": 0.07142857142857142, "1|6": 0.07142857142857142, "-5|-5": 0.07142857142857142, "0|15": 0.07142857142857142, "-10|20": 0.07142857142857142, "-5|3": 0.07142857142857142, "-2|4": 0.07142857142857142, "-1|5": 0.07142857142857142}, "CORNER_3": {"-233|29": 0.125, "-233|10": 0.125, "230|32": 0.125, "-232|57": 0.125, "-235|58": 0.125, "-233|20": 0.125, "-229|50": 0.125, "-230|13": 0.125}, "LONG_MID_RANGE": {"137|141": 0.05, "71|129": 0.05, "-83|116": 0.05, "-72|131": 0.05, "-6|149": 0.05, "-175|62": 0.05, "185|-4": 0.05, "134|69": 0.05, "0|186": 0.05, "11|187": 0.05, "-152|142": 0.05, "131|175": 0.05, "-71|127": 0.05, "-76|173": 0.05, "-4|228": 0.05, "-54|155": 0.05, "-93|147": 0.05, "-53|133": 0.05, "43|222": 0.05, "-50|173": 0.05}, "SHORT_MID_RANGE": {"-45|91": 0.047619047619047616, "71|74": 0.047619047619047616, "-59|116": 0.047619047619047616, "-49|87": 0.047619047619047616, "93|69": 0.047619047619047616, "0|46": 0.047619047619047616, "45|27": 0.047619047619047616, "-23|38": 0.047619047619047616, "130|32": 0.047619047619047616, "-26|31": 0.047619047619047616, "-82|25": 0.047619047619047616, "6|105": 0.047619047619047616, "-34|53": 0.047619047619047616, "-49|89": 0.047619047619047616, "12|121": 0.047619047619047616, "4|111": 0.047619047619047616, "59|95": 0.047619047619047616, "-54|124": 0.047619047619047616, "-80|59": 0.047619047619047616, "27|136": 0.047619047619047616, "47|124": 0.047619047619047616}}, "FOUL_AWAY_FROM_PLAY": 0.0, "FOULED_AWAY_FROM_PLAY": 0.0, "FOUL_CLEAR_PATH": 0.0, "FOULED_CLEAR_PATH": 0.0, "FOUL_COUNT_AS_PERSONAL": 0.18309859154929578, "FOULED_COUNT_AS_PERSONAL": 0.12244897959183673, "FOUL_COUNT_TOWARD_PENALTY": 0.1968503937007874, "FOULED_COUNT_TOWARD_PENALTY": 0.11510791366906475, "FOUL_DEFENSIVE_NON_SHOOTING": 0.18518518518518517, "FOULED_DEFENSIVE_NON_SHOOTING": 0.13043478260869565, "FOUL_DOUBLE": 0.0, "FOUL_TECHNICAL_DOUBLE": 0.0, "FOUL_FLAGRANT": 0.0, "FOULED_FLAGRANT": 0.0, "FOUL_FLAGRANT_1": 0.0, "FOULED_FLAGRANT_1": 0.0, "FOUL_FLAGRANT_2": 0.0, "FOULED_FLAGRANT_2": 0.0, "FOUL_INBOUND": 0.0, "FOULED_INBOUND": 0.0, "FOUL_LOOSE_BALL": 0.0, "FOULED_LOOSE_BALL": 0.25, "FOUL_OFFENSIVE_CHARGE": 0.2, "FOULED_OFFENSIVE_CHARGE": 0.0, "FOUL_OFFENSIVE_OTHER": 0.0, "FOULED_OFFENSIVE_OTHER": 0.0, "FOUL_OFFENSIVE_TOTAL": 0.06666666666666667, "FOULED_OFFENSIVE_TOTAL": 0.25, "FOUL_PERSONAL": 0.23255813953488372, "FOULED_PERSONAL": 0.08, "FOUL_PERSONAL_BLOCK": 0.0, "FOULED_PERSONAL_BLOCK": 0.0, "FOUL_PERSONAL_TAKE": 0.0, "FOULED_PERSONAL_TAKE": 0.3333333333333333, "FOUL_SHOOTING": 0.2054794520547945, "FOULED_SHOOTING": 0.1, "FOUL_SHOOTING_BLOCK": 0.0, "FOULED_SHOOTING_BLOCK": 0.0, "FOUL_TECHNICAL": 0.5, "FT": 0.7894736842105263, "REBOUND_DEFENSIVE": 0.10029498525073746, "REBOUND_OFFENSIVE": 0.02932551319648094, "STEAL": 0.16, "SHOT_TYPE_ARC_3_OFFENSIVE": 0.2915309446254072, "SHOT_TYPE_ARC_3_DEFENSIVE": 0.3181818181818182, "SHOT_TYPE_AT_RIM_OFFENSIVE": 0.255700325732899, "SHOT_TYPE_AT_RIM_DEFENSIVE": 0.2727272727272727, "SHOT_TYPE_CORNER_3_OFFENSIVE": 0.08794788273615635, "SHOT_TYPE_CORNER_3_DEFENSIVE": 0.07305194805194805, "SHOT_TYPE_LONG_MID_RANGE_OFFENSIVE": 0.1465798045602606, "SHOT_TYPE_LONG_MID_RANGE_DEFENSIVE": 0.12012987012987013, "SHOT_TYPE_SHORT_MID_RANGE_OFFENSIVE": 0.2182410423452769, "SHOT_TYPE_SHORT_MID_RANGE_DEFENSIVE": 0.2159090909090909, "TURNOVER": 0.11458333333333333, "VIOLATION_DEFENSIVE_GOALTENDING": 0.0, "VIOLATION_DEFENSIVE_KICK_BALL": 0.0}