{"ASSIST": 0.13541666666666666, "BLOCK": 0.3181818181818182, "FG_ARC_3_ATTEMPT": 0.10204081632653061, "FG_ARC_3_BLOCK": 0.0, "FG_ARC_3_MADE": 0.1, "FG_ARC_3_MADE_FOUL": 0.0, "FG_AT_RIM_ATTEMPT": 0.25675675675675674, "FG_AT_RIM_BLOCK": 0.02702702702702703, "FG_AT_RIM_MADE": 0.42105263157894735, "FG_AT_RIM_MADE_FOUL": 0.0, "FG_CORNER_3_ATTEMPT": 0.1388888888888889, "FG_CORNER_3_BLOCK": 0.0, "FG_CORNER_3_MADE": 0.8, "FG_CORNER_3_MADE_FOUL": 0.0, "FG_LONG_MID_RANGE_ATTEMPT": 0.06521739130434782, "FG_LONG_MID_RANGE_BLOCK": 0.0, "FG_LONG_MID_RANGE_MADE": 0.6666666666666666, "FG_LONG_MID_RANGE_MADE_FOUL": 0.0, "FG_SHORT_MID_RANGE_ATTEMPT": 0.17857142857142858, "FG_SHORT_MID_RANGE_BLOCK": 0.011904761904761904, "FG_SHORT_MID_RANGE_MADE": 0.4666666666666667, "FG_SHORT_MID_RANGE_MADE_FOUL": 0.011904761904761904, "FG_XY": {"ARC_3": {"-164|210": 0.1, "-184|173": 0.1, "-136|226": 0.1, "-88|251": 0.1, "-33|255": 0.1, "203|149": 0.1, "-162|201": 0.1, "-50|263": 0.1, "-91|226": 0.1, "34|261": 0.1}, "AT_RIM": {"-7|1": 0.05263157894736842, "-9|5": 0.05263157894736842, "-11|17": 0.05263157894736842, "29|17": 0.05263157894736842, "-6|9": 0.05263157894736842, "4|6": 0.05263157894736842, "16|36": 0.05263157894736842, "11|8": 0.05263157894736842, "-20|26": 0.05263157894736842, "29|25": 0.05263157894736842, "0|0": 0.10526315789473684, "17|6": 0.05263157894736842, "-26|21": 0.05263157894736842, "18|12": 0.05263157894736842, "1|19": 0.05263157894736842, "4|10": 0.05263157894736842, "-1|3": 0.05263157894736842, "2|9": 0.05263157894736842}, "CORNER_3": {"-245|15": 0.2, "-233|34": 0.2, "-234|51": 0.2, "229|66": 0.2, "233|36": 0.2}, "LONG_MID_RANGE": {"-10|204": 0.3333333333333333, "-194|122": 0.3333333333333333, "-200|-8": 0.3333333333333333}, "SHORT_MID_RANGE": {"21|40": 0.06666666666666667, "-7|121": 0.06666666666666667, "26|89": 0.06666666666666667, "34|32": 0.06666666666666667, "38|25": 0.06666666666666667, "-2|55": 0.06666666666666667, "-5|49": 0.06666666666666667, "-5|65": 0.06666666666666667, "-39|80": 0.06666666666666667, "45|99": 0.06666666666666667, "-1|55": 0.06666666666666667, "-99|6": 0.06666666666666667, "54|11": 0.06666666666666667, "1|43": 0.06666666666666667, "13|42": 0.06666666666666667}}, "FOUL_AWAY_FROM_PLAY": 0.0, "FOULED_AWAY_FROM_PLAY": 0.0, "FOUL_CLEAR_PATH": 0.0, "FOULED_CLEAR_PATH": 0.0, "FOUL_COUNT_AS_PERSONAL": 0.21212121212121213, "FOULED_COUNT_AS_PERSONAL": 0.30158730158730157, "FOUL_COUNT_TOWARD_PENALTY": 0.21311475409836064, "FOULED_COUNT_TOWARD_PENALTY": 0.3090909090909091, "FOUL_DEFENSIVE_NON_SHOOTING": 0.12121212121212122, "FOULED_DEFENSIVE_NON_SHOOTING": 0.21875, "FOUL_DOUBLE": 0.0, "FOUL_TECHNICAL_DOUBLE": 0.0, "FOUL_FLAGRANT": 0.0, "FOULED_FLAGRANT": 0.0, "FOUL_FLAGRANT_1": 0.0, "FOULED_FLAGRANT_1": 0.0, "FOUL_FLAGRANT_2": 0.0, "FOULED_FLAGRANT_2": 0.0, "FOUL_INBOUND": 0.0, "FOULED_INBOUND": 0.0, "FOUL_LOOSE_BALL": 0.0, "FOULED_LOOSE_BALL": 0.3333333333333333, "FOUL_OFFENSIVE_CHARGE": 0.0, "FOULED_OFFENSIVE_CHARGE": 0.0, "FOUL_OFFENSIVE_OTHER": 0.0, "FOULED_OFFENSIVE_OTHER": 0.0, "FOUL_OFFENSIVE_TOTAL": 0.2, "FOULED_OFFENSIVE_TOTAL": 0.25, "FOUL_PERSONAL": 0.07407407407407407, "FOULED_PERSONAL": 0.21052631578947367, "FOUL_PERSONAL_BLOCK": 0.0, "FOULED_PERSONAL_BLOCK": 0.0, "FOUL_PERSONAL_TAKE": 0.0, "FOULED_PERSONAL_TAKE": 0.14285714285714285, "FOUL_SHOOTING": 0.32142857142857145, "FOULED_SHOOTING": 0.43478260869565216, "FOUL_SHOOTING_BLOCK": 0.0, "FOULED_SHOOTING_BLOCK": 0.0, "FOUL_TECHNICAL": 0.0, "FT": 0.9, "REBOUND_DEFENSIVE": 0.14563106796116504, "REBOUND_OFFENSIVE": 0.06321839080459771, "STEAL": 0.18604651162790697, "SHOT_TYPE_ARC_3_OFFENSIVE": 0.28994082840236685, "SHOT_TYPE_ARC_3_DEFENSIVE": 0.263768115942029, "SHOT_TYPE_AT_RIM_OFFENSIVE": 0.21893491124260356, "SHOT_TYPE_AT_RIM_DEFENSIVE": 0.2985507246376812, "SHOT_TYPE_CORNER_3_OFFENSIVE": 0.10650887573964497, "SHOT_TYPE_CORNER_3_DEFENSIVE": 0.05217391304347826, "SHOT_TYPE_LONG_MID_RANGE_OFFENSIVE": 0.13609467455621302, "SHOT_TYPE_LONG_MID_RANGE_DEFENSIVE": 0.13043478260869565, "SHOT_TYPE_SHORT_MID_RANGE_OFFENSIVE": 0.2485207100591716, "SHOT_TYPE_SHORT_MID_RANGE_DEFENSIVE": 0.25507246376811593, "TURNOVER": 0.1, "VIOLATION_DEFENSIVE_GOALTENDING": 0.0, "VIOLATION_DEFENSIVE_KICK_BALL": 1.0}