{"ASSIST": 0.16334661354581673, "BLOCK": 0.32432432432432434, "FG_ARC_3_ATTEMPT": 0.06866952789699571, "FG_ARC_3_BLOCK": 0.0, "FG_ARC_3_MADE": 0.6875, "FG_ARC_3_MADE_FOUL": 0.004291845493562232, "FG_AT_RIM_ATTEMPT": 0.2892857142857143, "FG_AT_RIM_BLOCK": 0.04642857142857143, "FG_AT_RIM_MADE": 0.6419753086419753, "FG_AT_RIM_MADE_FOUL": 0.017857142857142856, "FG_CORNER_3_ATTEMPT": 0.037037037037037035, "FG_CORNER_3_BLOCK": 0.0, "FG_CORNER_3_MADE": 1.0, "FG_CORNER_3_MADE_FOUL": 0.0, "FG_LONG_MID_RANGE_ATTEMPT": 0.13253012048192772, "FG_LONG_MID_RANGE_BLOCK": 0.0, "FG_LONG_MID_RANGE_MADE": 0.45454545454545453, "FG_LONG_MID_RANGE_MADE_FOUL": 0.0, "FG_SHORT_MID_RANGE_ATTEMPT": 0.18025751072961374, "FG_SHORT_MID_RANGE_BLOCK": 0.004291845493562232, "FG_SHORT_MID_RANGE_MADE": 0.40476190476190477, "FG_SHORT_MID_RANGE_MADE_FOUL": 0.004291845493562232, "FG_XY": {"ARC_3": {"181|207": 0.0625, "69|273": 0.0625, "-1|276": 0.0625, "157|221": 0.0625, "-175|191": 0.0625, "1|532": 0.0625, "137|211": 0.0625, "211|138": 0.0625, "-156|192": 0.0625, "-170|212": 0.0625, "-83|255": 0.0625, "-29|258": 0.0625, "-216|141": 0.0625, "47|247": 0.0625, "-148|214": 0.0625, "-125|216": 0.0625}, "AT_RIM": {"-4|-4": 0.012345679012345678, "1|-5": 0.012345679012345678, "5|38": 0.012345679012345678, "4|-6": 0.012345679012345678, "16|-5": 0.012345679012345678, "-23|17": 0.012345679012345678, "17|31": 0.012345679012345678, "-25|5": 0.012345679012345678, "0|4": 0.012345679012345678, "-27|24": 0.012345679012345678, "-4|9": 0.012345679012345678, "0|0": 0.09876543209876543, "-13|23": 0.012345679012345678, "-31|23": 0.024691358024691357, "-1|33": 0.012345679012345678, "-20|27": 0.012345679012345678, "1|18": 0.012345679012345678, "7|27": 0.012345679012345678, "-5|22": 0.012345679012345678, "12|25": 0.012345679012345678, "-1|13": 0.012345679012345678, "22|28": 0.012345679012345678, "-18|20": 0.012345679012345678, "-1|26": 0.024691358024691357, "-21|23": 0.012345679012345678, "2|3": 0.012345679012345678, "-1|-1": 0.012345679012345678, "4|8": 0.012345679012345678, "-5|4": 0.012345679012345678, "4|15": 0.012345679012345678, "26|17": 0.012345679012345678, "-4|29": 0.012345679012345678, "33|19": 0.012345679012345678, "-4|-2": 0.012345679012345678, "-5|1": 0.012345679012345678, "1|16": 0.012345679012345678, "-5|8": 0.012345679012345678, "-4|7": 0.012345679012345678, "-31|11": 0.012345679012345678, "15|20": 0.012345679012345678, "-6|38": 0.012345679012345678, "-20|14": 0.012345679012345678, "22|21": 0.012345679012345678, "-1|16": 0.012345679012345678, "-36|5": 0.012345679012345678, "2|19": 0.012345679012345678, "-20|0": 0.012345679012345678, "-9|5": 0.012345679012345678, "-15|1": 0.012345679012345678, "-13|10": 0.012345679012345678, "9|10": 0.012345679012345678, "-11|6": 0.012345679012345678, "5|25": 0.012345679012345678, "-1|17": 0.012345679012345678, "-9|30": 0.012345679012345678, "-17|16": 0.012345679012345678, "-2|26": 0.012345679012345678, "13|10": 0.012345679012345678, "-11|27": 0.012345679012345678, "-2|0": 0.012345679012345678, "-31|-5": 0.012345679012345678, "-18|16": 0.012345679012345678, "11|-5": 0.012345679012345678, "-38|8": 0.012345679012345678, "-10|-4": 0.012345679012345678, "-26|20": 0.012345679012345678, "-11|12": 0.012345679012345678, "29|11": 0.012345679012345678, "-6|34": 0.012345679012345678, "-17|4": 0.012345679012345678, "1|6": 0.012345679012345678, "15|3": 0.012345679012345678}, "CORNER_3": {"240|-15": 0.3333333333333333, "-229|68": 0.3333333333333333, "-241|13": 0.3333333333333333}, "LONG_MID_RANGE": {"-152|26": 0.09090909090909091, "-29|183": 0.09090909090909091, "210|33": 0.09090909090909091, "127|66": 0.09090909090909091, "22|236": 0.09090909090909091, "0|152": 0.09090909090909091, "9|211": 0.09090909090909091, "81|152": 0.09090909090909091, "-147|144": 0.09090909090909091, "56|169": 0.09090909090909091, "62|206": 0.09090909090909091}, "SHORT_MID_RANGE": {"17|86": 0.023809523809523808, "26|35": 0.023809523809523808, "-22|46": 0.023809523809523808, "32|73": 0.023809523809523808, "70|63": 0.023809523809523808, "-20|84": 0.023809523809523808, "64|29": 0.023809523809523808, "77|41": 0.023809523809523808, "62|13": 0.023809523809523808, "20|44": 0.023809523809523808, "-44|101": 0.023809523809523808, "-93|10": 0.023809523809523808, "4|60": 0.023809523809523808, "-47|17": 0.023809523809523808, "11|41": 0.023809523809523808, "22|58": 0.023809523809523808, "-9|46": 0.023809523809523808, "-21|52": 0.023809523809523808, "-22|35": 0.023809523809523808, "132|8": 0.023809523809523808, "0|56": 0.023809523809523808, "26|38": 0.023809523809523808, "-59|46": 0.023809523809523808, "53|26": 0.023809523809523808, "-78|59": 0.023809523809523808, "-114|67": 0.023809523809523808, "-56|27": 0.023809523809523808, "39|78": 0.023809523809523808, "-42|58": 0.023809523809523808, "-64|37": 0.023809523809523808, "-6|53": 0.023809523809523808, "-104|41": 0.023809523809523808, "-2|63": 0.023809523809523808, "105|-3": 0.023809523809523808, "87|36": 0.023809523809523808, "-15|125": 0.023809523809523808, "126|18": 0.023809523809523808, "-53|43": 0.023809523809523808, "43|32": 0.023809523809523808, "-113|10": 0.023809523809523808, "61|31": 0.023809523809523808, "13|119": 0.023809523809523808}}, "FOUL_AWAY_FROM_PLAY": 0.5, "FOULED_AWAY_FROM_PLAY": 0.0, "FOUL_CLEAR_PATH": 0.0, "FOULED_CLEAR_PATH": 0.0, "FOUL_COUNT_AS_PERSONAL": 0.20218579234972678, "FOULED_COUNT_AS_PERSONAL": 0.34615384615384615, "FOUL_COUNT_TOWARD_PENALTY": 0.19298245614035087, "FOULED_COUNT_TOWARD_PENALTY": 0.35545023696682465, "FOUL_DEFENSIVE_NON_SHOOTING": 0.18888888888888888, "FOULED_DEFENSIVE_NON_SHOOTING": 0.2828282828282828, "FOUL_DOUBLE": 0.0, "FOUL_TECHNICAL_DOUBLE": 0.0, "FOUL_FLAGRANT": 0.0, "FOULED_FLAGRANT": 0.0, "FOUL_FLAGRANT_1": 0.0, "FOULED_FLAGRANT_1": 0.0, "FOUL_FLAGRANT_2": 0.0, "FOULED_FLAGRANT_2": 0.0, "FOUL_INBOUND": 0.0, "FOULED_INBOUND": 0.0, "FOUL_LOOSE_BALL": 0.0, "FOULED_LOOSE_BALL": 0.6923076923076923, "FOUL_OFFENSIVE_CHARGE": 0.4, "FOULED_OFFENSIVE_CHARGE": 0.5454545454545454, "FOUL_OFFENSIVE_OTHER": 0.0, "FOULED_OFFENSIVE_OTHER": 0.0, "FOUL_OFFENSIVE_TOTAL": 0.3333333333333333, "FOULED_OFFENSIVE_TOTAL": 0.2608695652173913, "FOUL_PERSONAL": 0.16176470588235295, "FOULED_PERSONAL": 0.22077922077922077, "FOUL_PERSONAL_BLOCK": 0.0, "FOULED_PERSONAL_BLOCK": 0.0, "FOUL_PERSONAL_TAKE": 0.07692307692307693, "FOULED_PERSONAL_TAKE": 0.2222222222222222, "FOUL_SHOOTING": 0.189873417721519, "FOULED_SHOOTING": 0.42342342342342343, "FOUL_SHOOTING_BLOCK": 0.0, "FOULED_SHOOTING_BLOCK": 0.0, "FOUL_TECHNICAL": 0.3333333333333333, "FT": 0.7647058823529411, "REBOUND_DEFENSIVE": 0.20912547528517111, "REBOUND_OFFENSIVE": 0.11224489795918367, "STEAL": 0.14492753623188406, "SHOT_TYPE_ARC_3_OFFENSIVE": 0.256043956043956, "SHOT_TYPE_ARC_3_DEFENSIVE": 0.2691489361702128, "SHOT_TYPE_AT_RIM_OFFENSIVE": 0.3076923076923077, "SHOT_TYPE_AT_RIM_DEFENSIVE": 0.2404255319148936, "SHOT_TYPE_CORNER_3_OFFENSIVE": 0.08901098901098901, "SHOT_TYPE_CORNER_3_DEFENSIVE": 0.08085106382978724, "SHOT_TYPE_LONG_MID_RANGE_OFFENSIVE": 0.0912087912087912, "SHOT_TYPE_LONG_MID_RANGE_DEFENSIVE": 0.13191489361702127, "SHOT_TYPE_SHORT_MID_RANGE_OFFENSIVE": 0.256043956043956, "SHOT_TYPE_SHORT_MID_RANGE_DEFENSIVE": 0.2776595744680851, "TURNOVER": 0.1390728476821192, "VIOLATION_DEFENSIVE_GOALTENDING": 0.5, "VIOLATION_DEFENSIVE_KICK_BALL": 0.0}