{"ASSIST": 0.20588235294117646, "BLOCK": 0.35714285714285715, "FG_ARC_3_ATTEMPT": 0.08695652173913043, "FG_ARC_3_BLOCK": 0.0, "FG_ARC_3_MADE": 0.3333333333333333, "FG_ARC_3_MADE_FOUL": 0.0, "FG_AT_RIM_ATTEMPT": 0.18333333333333332, "FG_AT_RIM_BLOCK": 0.03333333333333333, "FG_AT_RIM_MADE": 0.45454545454545453, "FG_AT_RIM_MADE_FOUL": 0.0, "FG_CORNER_3_ATTEMPT": 0.4090909090909091, "FG_CORNER_3_BLOCK": 0.0, "FG_CORNER_3_MADE": 0.6666666666666666, "FG_CORNER_3_MADE_FOUL": 0.0, "FG_LONG_MID_RANGE_ATTEMPT": 0.13636363636363635, "FG_LONG_MID_RANGE_BLOCK": 0.0, "FG_LONG_MID_RANGE_MADE": 0.0, "FG_LONG_MID_RANGE_MADE_FOUL": 0.0, "FG_SHORT_MID_RANGE_ATTEMPT": 0.23076923076923078, "FG_SHORT_MID_RANGE_BLOCK": 0.057692307692307696, "FG_SHORT_MID_RANGE_MADE": 0.25, "FG_SHORT_MID_RANGE_MADE_FOUL": 0.0, "FG_XY": {"ARC_3": {"234|108": 0.16666666666666666, "186|187": 0.16666666666666666, "-169|168": 0.16666666666666666, "-218|117": 0.16666666666666666, "223|146": 0.16666666666666666, "212|137": 0.16666666666666666}, "AT_RIM": {"1|15": 0.09090909090909091, "-21|18": 0.09090909090909091, "9|10": 0.09090909090909091, "0|0": 0.09090909090909091, "-10|17": 0.09090909090909091, "21|9": 0.09090909090909091, "-27|11": 0.09090909090909091, "-1|6": 0.09090909090909091, "-15|11": 0.09090909090909091, "11|20": 0.09090909090909091, "26|23": 0.09090909090909091}, "CORNER_3": {"-224|22": 0.1111111111111111, "233|34": 0.1111111111111111, "-235|37": 0.1111111111111111, "234|-17": 0.1111111111111111, "230|9": 0.1111111111111111, "233|16": 0.1111111111111111, "-232|39": 0.1111111111111111, "-237|65": 0.1111111111111111, "235|46": 0.1111111111111111}, "LONG_MID_RANGE": {"-65|124": 0.3333333333333333, "76|135": 0.3333333333333333, "83|177": 0.3333333333333333}, "SHORT_MID_RANGE": {"29|51": 0.08333333333333333, "11|100": 0.08333333333333333, "-17|50": 0.08333333333333333, "0|43": 0.08333333333333333, "-27|34": 0.08333333333333333, "49|73": 0.08333333333333333, "-34|64": 0.08333333333333333, "-2|50": 0.08333333333333333, "-27|39": 0.08333333333333333, "29|52": 0.08333333333333333, "23|33": 0.08333333333333333, "-70|32": 0.08333333333333333}}, "FOUL_AWAY_FROM_PLAY": 0.0, "FOULED_AWAY_FROM_PLAY": 0.0, "FOUL_CLEAR_PATH": 0.0, "FOULED_CLEAR_PATH": 0.0, "FOUL_COUNT_AS_PERSONAL": 0.18333333333333332, "FOULED_COUNT_AS_PERSONAL": 0.12195121951219512, "FOUL_COUNT_TOWARD_PENALTY": 0.12962962962962962, "FOULED_COUNT_TOWARD_PENALTY": 0.125, "FOUL_DEFENSIVE_NON_SHOOTING": 0.13043478260869565, "FOULED_DEFENSIVE_NON_SHOOTING": 0.16666666666666666, "FOUL_DOUBLE": 0.0, "FOUL_TECHNICAL_DOUBLE": 0.0, "FOUL_FLAGRANT": 0.0, "FOULED_FLAGRANT": 0.0, "FOUL_FLAGRANT_1": 0.0, "FOULED_FLAGRANT_1": 0.0, "FOUL_FLAGRANT_2": 0.0, "FOULED_FLAGRANT_2": 0.0, "FOUL_INBOUND": 0.0, "FOULED_INBOUND": 0.0, "FOUL_LOOSE_BALL": 0.0, "FOULED_LOOSE_BALL": 0.5, "FOUL_OFFENSIVE_CHARGE": 0.5, "FOULED_OFFENSIVE_CHARGE": 0.0, "FOUL_OFFENSIVE_OTHER": 0.0, "FOULED_OFFENSIVE_OTHER": 0.0, "FOUL_OFFENSIVE_TOTAL": 0.6666666666666666, "FOULED_OFFENSIVE_TOTAL": 0.0, "FOUL_PERSONAL": 0.15384615384615385, "FOULED_PERSONAL": 0.08333333333333333, "FOUL_PERSONAL_BLOCK": 0.0, "FOULED_PERSONAL_BLOCK": 0.0, "FOUL_PERSONAL_TAKE": 0.0, "FOULED_PERSONAL_TAKE": 0.25, "FOUL_SHOOTING": 0.13333333333333333, "FOULED_SHOOTING": 0.09090909090909091, "FOUL_SHOOTING_BLOCK": 0.0, "FOULED_SHOOTING_BLOCK": 0.0, "FOUL_TECHNICAL": 0.0, "FT": 0.5, "REBOUND_DEFENSIVE": 0.18115942028985507, "REBOUND_OFFENSIVE": 0.05343511450381679, "STEAL": 0.2608695652173913, "SHOT_TYPE_ARC_3_OFFENSIVE": 0.30666666666666664, "SHOT_TYPE_ARC_3_DEFENSIVE": 0.2412280701754386, "SHOT_TYPE_AT_RIM_OFFENSIVE": 0.26666666666666666, "SHOT_TYPE_AT_RIM_DEFENSIVE": 0.3815789473684211, "SHOT_TYPE_CORNER_3_OFFENSIVE": 0.09777777777777778, "SHOT_TYPE_CORNER_3_DEFENSIVE": 0.07894736842105263, "SHOT_TYPE_LONG_MID_RANGE_OFFENSIVE": 0.09777777777777778, "SHOT_TYPE_LONG_MID_RANGE_DEFENSIVE": 0.08333333333333333, "SHOT_TYPE_SHORT_MID_RANGE_OFFENSIVE": 0.2311111111111111, "SHOT_TYPE_SHORT_MID_RANGE_DEFENSIVE": 0.2149122807017544, "TURNOVER": 0.3684210526315789, "VIOLATION_DEFENSIVE_GOALTENDING": 0.0, "VIOLATION_DEFENSIVE_KICK_BALL": 1.0}