{"ASSIST": 0.09523809523809523, "BLOCK": 0.35294117647058826, "FG_ARC_3_ATTEMPT": 0.11023622047244094, "FG_ARC_3_BLOCK": 0.0, "FG_ARC_3_MADE": 0.2857142857142857, "FG_ARC_3_MADE_FOUL": 0.0, "FG_AT_RIM_ATTEMPT": 0.19186046511627908, "FG_AT_RIM_BLOCK": 0.029069767441860465, "FG_AT_RIM_MADE": 0.5151515151515151, "FG_AT_RIM_MADE_FOUL": 0.0, "FG_CORNER_3_ATTEMPT": 0.25, "FG_CORNER_3_BLOCK": 0.0, "FG_CORNER_3_MADE": 0.15789473684210525, "FG_CORNER_3_MADE_FOUL": 0.0, "FG_LONG_MID_RANGE_ATTEMPT": 0.23076923076923078, "FG_LONG_MID_RANGE_BLOCK": 0.02564102564102564, "FG_LONG_MID_RANGE_MADE": 0.3888888888888889, "FG_LONG_MID_RANGE_MADE_FOUL": 0.0, "FG_SHORT_MID_RANGE_ATTEMPT": 0.21323529411764705, "FG_SHORT_MID_RANGE_BLOCK": 0.022058823529411766, "FG_SHORT_MID_RANGE_MADE": 0.27586206896551724, "FG_SHORT_MID_RANGE_MADE_FOUL": 0.0, "FG_XY": {"ARC_3": {"98|253": 0.03571428571428571, "67|247": 0.03571428571428571, "67|257": 0.03571428571428571, "172|185": 0.03571428571428571, "-125|221": 0.03571428571428571, "-51|242": 0.03571428571428571, "134|237": 0.03571428571428571, "124|242": 0.03571428571428571, "4|257": 0.03571428571428571, "-48|278": 0.03571428571428571, "-140|379": 0.03571428571428571, "37|253": 0.03571428571428571, "61|278": 0.03571428571428571, "114|218": 0.03571428571428571, "-129|203": 0.03571428571428571, "-164|212": 0.03571428571428571, "74|242": 0.03571428571428571, "67|244": 0.03571428571428571, "39|266": 0.03571428571428571, "217|122": 0.03571428571428571, "-31|257": 0.03571428571428571, "-127|219": 0.03571428571428571, "-21|265": 0.03571428571428571, "-64|285": 0.03571428571428571, "-70|278": 0.03571428571428571, "-159|199": 0.03571428571428571, "-138|239": 0.03571428571428571, "-53|426": 0.03571428571428571}, "AT_RIM": {"-27|21": 0.030303030303030304, "-15|15": 0.030303030303030304, "16|16": 0.030303030303030304, "0|0": 0.24242424242424243, "16|32": 0.030303030303030304, "-4|11": 0.030303030303030304, "-13|1": 0.030303030303030304, "7|6": 0.030303030303030304, "7|18": 0.030303030303030304, "0|7": 0.030303030303030304, "11|20": 0.030303030303030304, "-6|-6": 0.030303030303030304, "-2|-6": 0.030303030303030304, "22|30": 0.030303030303030304, "-5|4": 0.030303030303030304, "1|13": 0.030303030303030304, "2|19": 0.030303030303030304, "7|25": 0.030303030303030304, "10|27": 0.030303030303030304, "4|21": 0.030303030303030304, "-4|20": 0.030303030303030304, "-10|13": 0.030303030303030304, "-5|34": 0.030303030303030304, "9|34": 0.030303030303030304, "9|20": 0.030303030303030304, "-12|20": 0.030303030303030304}, "CORNER_3": {"230|9": 0.05263157894736842, "-234|21": 0.05263157894736842, "234|-9": 0.05263157894736842, "-232|62": 0.05263157894736842, "-229|5": 0.05263157894736842, "240|9": 0.05263157894736842, "232|-1": 0.05263157894736842, "224|35": 0.05263157894736842, "233|71": 0.05263157894736842, "225|26": 0.05263157894736842, "-224|7": 0.05263157894736842, "228|20": 0.05263157894736842, "-223|14": 0.05263157894736842, "-232|-4": 0.05263157894736842, "-237|-4": 0.05263157894736842, "232|-11": 0.05263157894736842, "229|-4": 0.05263157894736842, "237|13": 0.05263157894736842, "-233|-15": 0.05263157894736842}, "LONG_MID_RANGE": {"-36|183": 0.05555555555555555, "60|128": 0.05555555555555555, "-169|86": 0.05555555555555555, "88|143": 0.05555555555555555, "16|147": 0.05555555555555555, "-184|92": 0.05555555555555555, "98|165": 0.05555555555555555, "54|168": 0.05555555555555555, "180|77": 0.05555555555555555, "-130|97": 0.05555555555555555, "11|148": 0.05555555555555555, "-159|15": 0.05555555555555555, "32|185": 0.05555555555555555, "-64|149": 0.05555555555555555, "-108|175": 0.05555555555555555, "195|69": 0.05555555555555555, "-132|112": 0.05555555555555555, "-142|15": 0.05555555555555555}, "SHORT_MID_RANGE": {"11|50": 0.034482758620689655, "-69|110": 0.034482758620689655, "66|96": 0.034482758620689655, "34|26": 0.034482758620689655, "51|46": 0.034482758620689655, "40|62": 0.034482758620689655, "-132|21": 0.034482758620689655, "-44|15": 0.034482758620689655, "-54|58": 0.034482758620689655, "20|73": 0.034482758620689655, "28|76": 0.034482758620689655, "75|97": 0.034482758620689655, "-112|-23": 0.034482758620689655, "-4|89": 0.034482758620689655, "32|79": 0.034482758620689655, "-70|47": 0.034482758620689655, "22|82": 0.034482758620689655, "40|119": 0.034482758620689655, "-10|57": 0.034482758620689655, "-50|100": 0.034482758620689655, "-121|41": 0.034482758620689655, "0|110": 0.034482758620689655, "-137|10": 0.034482758620689655, "23|78": 0.034482758620689655, "-9|58": 0.034482758620689655, "36|26": 0.034482758620689655, "92|13": 0.034482758620689655, "62|28": 0.034482758620689655, "-118|40": 0.034482758620689655}}, "FOUL_AWAY_FROM_PLAY": 0.0, "FOULED_AWAY_FROM_PLAY": 0.0, "FOUL_CLEAR_PATH": 0.0, "FOULED_CLEAR_PATH": 0.0, "FOUL_COUNT_AS_PERSONAL": 0.24489795918367346, "FOULED_COUNT_AS_PERSONAL": 0.16666666666666666, "FOUL_COUNT_TOWARD_PENALTY": 0.2222222222222222, "FOULED_COUNT_TOWARD_PENALTY": 0.1724137931034483, "FOUL_DEFENSIVE_NON_SHOOTING": 0.208955223880597, "FOULED_DEFENSIVE_NON_SHOOTING": 0.19047619047619047, "FOUL_DOUBLE": 0.0, "FOUL_TECHNICAL_DOUBLE": 0.0, "FOUL_FLAGRANT": 0.0, "FOULED_FLAGRANT": 0.0, "FOUL_FLAGRANT_1": 0.0, "FOULED_FLAGRANT_1": 0.0, "FOUL_FLAGRANT_2": 0.0, "FOULED_FLAGRANT_2": 0.0, "FOUL_INBOUND": 0.0, "FOULED_INBOUND": 0.0, "FOUL_LOOSE_BALL": 0.0, "FOULED_LOOSE_BALL": 0.42857142857142855, "FOUL_OFFENSIVE_CHARGE": 0.0, "FOULED_OFFENSIVE_CHARGE": 0.0, "FOUL_OFFENSIVE_OTHER": 0.0, "FOULED_OFFENSIVE_OTHER": 0.0, "FOUL_OFFENSIVE_TOTAL": 0.5, "FOULED_OFFENSIVE_TOTAL": 0.1, "FOUL_PERSONAL": 0.20408163265306123, "FOULED_PERSONAL": 0.1702127659574468, "FOUL_PERSONAL_BLOCK": 0.0, "FOULED_PERSONAL_BLOCK": 0.0, "FOUL_PERSONAL_TAKE": 0.0, "FOULED_PERSONAL_TAKE": 0.1111111111111111, "FOUL_SHOOTING": 0.23529411764705882, "FOULED_SHOOTING": 0.1509433962264151, "FOUL_SHOOTING_BLOCK": 0.0, "FOULED_SHOOTING_BLOCK": 0.0, "FOUL_TECHNICAL": 0.0, "FT": 0.75, "REBOUND_DEFENSIVE": 0.1797752808988764, "REBOUND_OFFENSIVE": 0.0875, "STEAL": 0.15217391304347827, "SHOT_TYPE_ARC_3_OFFENSIVE": 0.3547486033519553, "SHOT_TYPE_ARC_3_DEFENSIVE": 0.363395225464191, "SHOT_TYPE_AT_RIM_OFFENSIVE": 0.24022346368715083, "SHOT_TYPE_AT_RIM_DEFENSIVE": 0.2718832891246684, "SHOT_TYPE_CORNER_3_OFFENSIVE": 0.10614525139664804, "SHOT_TYPE_CORNER_3_DEFENSIVE": 0.09018567639257294, "SHOT_TYPE_LONG_MID_RANGE_OFFENSIVE": 0.10893854748603352, "SHOT_TYPE_LONG_MID_RANGE_DEFENSIVE": 0.09681697612732096, "SHOT_TYPE_SHORT_MID_RANGE_OFFENSIVE": 0.18994413407821228, "SHOT_TYPE_SHORT_MID_RANGE_DEFENSIVE": 0.17771883289124668, "TURNOVER": 0.1981981981981982, "VIOLATION_DEFENSIVE_GOALTENDING": 0.5, "VIOLATION_DEFENSIVE_KICK_BALL": 1.0}