{"ASSIST": 0.1917808219178082, "BLOCK": 0.13114754098360656, "FG_ARC_3_ATTEMPT": 0.22468354430379747, "FG_ARC_3_BLOCK": 0.0, "FG_ARC_3_MADE": 0.23943661971830985, "FG_ARC_3_MADE_FOUL": 0.0, "FG_AT_RIM_ATTEMPT": 0.2099125364431487, "FG_AT_RIM_BLOCK": 0.0058309037900874635, "FG_AT_RIM_MADE": 0.6666666666666666, "FG_AT_RIM_MADE_FOUL": 0.01749271137026239, "FG_CORNER_3_ATTEMPT": 0.30303030303030304, "FG_CORNER_3_BLOCK": 0.022727272727272728, "FG_CORNER_3_MADE": 0.225, "FG_CORNER_3_MADE_FOUL": 0.0, "FG_LONG_MID_RANGE_ATTEMPT": 0.35714285714285715, "FG_LONG_MID_RANGE_BLOCK": 0.0, "FG_LONG_MID_RANGE_MADE": 0.48, "FG_LONG_MID_RANGE_MADE_FOUL": 0.0, "FG_SHORT_MID_RANGE_ATTEMPT": 0.20853080568720378, "FG_SHORT_MID_RANGE_BLOCK": 0.023696682464454975, "FG_SHORT_MID_RANGE_MADE": 0.3181818181818182, "FG_SHORT_MID_RANGE_MADE_FOUL": 0.009478672985781991, "FG_XY": {"ARC_3": {"168|197": 0.014084507042253521, "126|219": 0.014084507042253521, "216|136": 0.014084507042253521, "-186|180": 0.014084507042253521, "148|201": 0.014084507042253521, "-147|216": 0.014084507042253521, "123|246": 0.014084507042253521, "80|245": 0.014084507042253521, "162|215": 0.014084507042253521, "59|253": 0.014084507042253521, "186|180": 0.014084507042253521, "107|237": 0.014084507042253521, "-200|151": 0.014084507042253521, "-151|228": 0.014084507042253521, "191|200": 0.014084507042253521, "167|185": 0.014084507042253521, "78|251": 0.014084507042253521, "132|242": 0.014084507042253521, "2|254": 0.014084507042253521, "-186|162": 0.014084507042253521, "28|260": 0.014084507042253521, "-120|227": 0.014084507042253521, "-62|262": 0.014084507042253521, "140|216": 0.014084507042253521, "-103|230": 0.014084507042253521, "-173|193": 0.014084507042253521, "-116|237": 0.014084507042253521, "-115|226": 0.014084507042253521, "141|225": 0.014084507042253521, "137|230": 0.014084507042253521, "184|179": 0.014084507042253521, "99|241": 0.014084507042253521, "118|243": 0.014084507042253521, "172|186": 0.014084507042253521, "-199|159": 0.014084507042253521, "-136|220": 0.014084507042253521, "109|242": 0.014084507042253521, "-2|270": 0.014084507042253521, "-188|186": 0.014084507042253521, "-191|188": 0.014084507042253521, "-36|260": 0.014084507042253521, "-66|247": 0.014084507042253521, "-146|213": 0.014084507042253521, "-162|179": 0.014084507042253521, "-238|96": 0.014084507042253521, "-214|209": 0.014084507042253521, "118|225": 0.014084507042253521, "-67|260": 0.014084507042253521, "94|236": 0.014084507042253521, "-173|181": 0.014084507042253521, "219|131": 0.014084507042253521, "-248|117": 0.014084507042253521, "-147|201": 0.014084507042253521, "-184|200": 0.014084507042253521, "-228|115": 0.014084507042253521, "-65|259": 0.014084507042253521, "-102|262": 0.014084507042253521, "-228|91": 0.014084507042253521, "37|239": 0.014084507042253521, "201|159": 0.014084507042253521, "-141|221": 0.014084507042253521, "-116|227": 0.014084507042253521, "178|188": 0.014084507042253521, "232|115": 0.014084507042253521, "17|252": 0.014084507042253521, "172|185": 0.014084507042253521, "-157|206": 0.014084507042253521, "103|238": 0.014084507042253521, "168|195": 0.014084507042253521, "202|163": 0.014084507042253521, "115|232": 0.014084507042253521}, "AT_RIM": {"1|17": 0.013888888888888888, "0|10": 0.013888888888888888, "1|2": 0.013888888888888888, "1|26": 0.013888888888888888, "0|21": 0.013888888888888888, "2|36": 0.013888888888888888, "-2|16": 0.013888888888888888, "-22|5": 0.013888888888888888, "-9|30": 0.013888888888888888, "33|19": 0.013888888888888888, "-17|33": 0.013888888888888888, "-25|7": 0.013888888888888888, "20|5": 0.013888888888888888, "-21|11": 0.013888888888888888, "-16|8": 0.013888888888888888, "-27|11": 0.013888888888888888, "7|18": 0.013888888888888888, "0|20": 0.013888888888888888, "0|0": 0.027777777777777776, "-9|16": 0.013888888888888888, "7|29": 0.013888888888888888, "-16|9": 0.013888888888888888, "15|-10": 0.013888888888888888, "-4|38": 0.013888888888888888, "-2|26": 0.013888888888888888, "-11|11": 0.013888888888888888, "-6|11": 0.013888888888888888, "10|9": 0.013888888888888888, "-1|17": 0.013888888888888888, "-16|3": 0.013888888888888888, "1|9": 0.013888888888888888, "17|20": 0.013888888888888888, "5|34": 0.013888888888888888, "-5|10": 0.013888888888888888, "-7|7": 0.013888888888888888, "22|11": 0.013888888888888888, "2|29": 0.013888888888888888, "9|10": 0.013888888888888888, "9|29": 0.013888888888888888, "10|15": 0.013888888888888888, "-7|15": 0.013888888888888888, "9|13": 0.013888888888888888, "29|9": 0.013888888888888888, "-12|18": 0.013888888888888888, "7|8": 0.013888888888888888, "13|7": 0.013888888888888888, "26|7": 0.013888888888888888, "-31|19": 0.013888888888888888, "4|32": 0.013888888888888888, "15|27": 0.013888888888888888, "-6|13": 0.013888888888888888, "0|16": 0.013888888888888888, "1|4": 0.013888888888888888, "-9|-1": 0.013888888888888888, "17|11": 0.013888888888888888, "11|8": 0.013888888888888888, "20|25": 0.013888888888888888, "15|4": 0.013888888888888888, "-17|8": 0.013888888888888888, "4|19": 0.013888888888888888, "15|13": 0.013888888888888888, "6|5": 0.013888888888888888, "23|13": 0.013888888888888888, "11|16": 0.013888888888888888, "12|8": 0.013888888888888888, "-9|8": 0.013888888888888888, "-6|17": 0.013888888888888888, "-21|27": 0.013888888888888888, "15|21": 0.013888888888888888, "7|20": 0.013888888888888888, "-4|16": 0.013888888888888888}, "CORNER_3": {"239|44": 0.025, "-229|18": 0.025, "244|-26": 0.025, "-232|1": 0.025, "238|38": 0.025, "230|23": 0.025, "-227|4": 0.025, "-232|-6": 0.025, "-222|14": 0.025, "-219|-29": 0.025, "225|13": 0.025, "-228|-10": 0.025, "-228|4": 0.025, "-235|27": 0.025, "-230|10": 0.025, "-237|5": 0.025, "-230|9": 0.025, "234|15": 0.025, "-230|73": 0.025, "-244|-10": 0.025, "240|69": 0.025, "-228|6": 0.025, "-237|51": 0.025, "-241|66": 0.025, "-233|-17": 0.025, "233|43": 0.025, "-237|0": 0.025, "-230|36": 0.025, "-237|53": 0.025, "-240|24": 0.025, "-230|-5": 0.025, "232|28": 0.025, "228|11": 0.025, "-233|-8": 0.025, "-230|25": 0.025, "-223|47": 0.025, "-224|30": 0.025, "224|23": 0.025, "229|54": 0.025, "-228|26": 0.025}, "LONG_MID_RANGE": {"-2|176": 0.04, "81|121": 0.04, "-81|157": 0.04, "121|180": 0.04, "161|19": 0.04, "-207|47": 0.04, "120|92": 0.04, "151|73": 0.04, "-141|55": 0.04, "-140|56": 0.04, "180|96": 0.04, "-179|4": 0.04, "45|150": 0.04, "-99|166": 0.04, "88|134": 0.04, "-205|58": 0.04, "-81|138": 0.04, "191|-1": 0.04, "162|115": 0.04, "-85|210": 0.04, "15|143": 0.04, "-85|143": 0.04, "59|137": 0.04, "-112|128": 0.04, "-195|105": 0.04}, "SHORT_MID_RANGE": {"20|86": 0.022727272727272728, "69|25": 0.022727272727272728, "-85|42": 0.022727272727272728, "34|44": 0.022727272727272728, "-12|121": 0.022727272727272728, "49|82": 0.022727272727272728, "-29|36": 0.022727272727272728, "104|53": 0.022727272727272728, "-34|85": 0.022727272727272728, "16|105": 0.022727272727272728, "-18|83": 0.022727272727272728, "-49|126": 0.022727272727272728, "-31|39": 0.022727272727272728, "43|99": 0.022727272727272728, "42|56": 0.022727272727272728, "34|25": 0.022727272727272728, "-21|130": 0.022727272727272728, "-37|37": 0.022727272727272728, "-47|69": 0.022727272727272728, "36|74": 0.022727272727272728, "-54|112": 0.022727272727272728, "31|57": 0.022727272727272728, "-27|95": 0.022727272727272728, "-44|87": 0.022727272727272728, "21|78": 0.022727272727272728, "4|65": 0.022727272727272728, "18|48": 0.022727272727272728, "-2|115": 0.022727272727272728, "27|38": 0.022727272727272728, "-44|65": 0.022727272727272728, "-7|74": 0.022727272727272728, "6|85": 0.022727272727272728, "45|94": 0.022727272727272728, "28|115": 0.022727272727272728, "4|71": 0.022727272727272728, "-28|64": 0.022727272727272728, "-48|48": 0.022727272727272728, "34|39": 0.022727272727272728, "-60|82": 0.022727272727272728, "33|48": 0.022727272727272728, "69|120": 0.022727272727272728, "71|116": 0.022727272727272728, "-34|33": 0.022727272727272728, "44|49": 0.022727272727272728}},