{"ASSIST": 0.2184873949579832, "BLOCK": 0.08641975308641975, "FG_ARC_3_ATTEMPT": 0.16585365853658537, "FG_ARC_3_BLOCK": 0.0024390243902439024, "FG_ARC_3_MADE": 0.45588235294117646, "FG_ARC_3_MADE_FOUL": 0.0, "FG_AT_RIM_ATTEMPT": 0.26288659793814434, "FG_AT_RIM_BLOCK": 0.02577319587628866, "FG_AT_RIM_MADE": 0.6274509803921569, "FG_AT_RIM_MADE_FOUL": 0.020618556701030927, "FG_CORNER_3_ATTEMPT": 0.06611570247933884, "FG_CORNER_3_BLOCK": 0.0, "FG_CORNER_3_MADE": 0.5, "FG_CORNER_3_MADE_FOUL": 0.0, "FG_LONG_MID_RANGE_ATTEMPT": 0.12878787878787878, "FG_LONG_MID_RANGE_BLOCK": 0.0, "FG_LONG_MID_RANGE_MADE": 0.7058823529411765, "FG_LONG_MID_RANGE_MADE_FOUL": 0.0, "FG_SHORT_MID_RANGE_ATTEMPT": 0.18076923076923077, "FG_SHORT_MID_RANGE_BLOCK": 0.026923076923076925, "FG_SHORT_MID_RANGE_MADE": 0.425531914893617, "FG_SHORT_MID_RANGE_MADE_FOUL": 0.0038461538461538464, "FG_XY": {"ARC_3": {"-23|258": 0.014705882352941176, "55|252": 0.014705882352941176, "-53|260": 0.014705882352941176, "-229|142": 0.014705882352941176, "-17|270": 0.014705882352941176, "185|202": 0.014705882352941176, "-130|222": 0.014705882352941176, "188|164": 0.014705882352941176, "-26|249": 0.014705882352941176, "-27|257": 0.014705882352941176, "65|237": 0.014705882352941176, "-92|231": 0.014705882352941176, "-18|248": 0.014705882352941176, "81|251": 0.014705882352941176, "48|249": 0.014705882352941176, "145|217": 0.014705882352941176, "-5|247": 0.014705882352941176, "-107|222": 0.014705882352941176, "39|256": 0.014705882352941176, "-103|237": 0.014705882352941176, "-18|258": 0.014705882352941176, "-16|263": 0.014705882352941176, "16|259": 0.014705882352941176, "136|211": 0.014705882352941176, "-31|245": 0.014705882352941176, "-2|251": 0.014705882352941176, "-184|177": 0.014705882352941176, "-32|253": 0.014705882352941176, "138|293": 0.014705882352941176, "116|226": 0.014705882352941176, "-115|241": 0.014705882352941176, "-85|247": 0.014705882352941176, "-145|210": 0.014705882352941176, "31|256": 0.014705882352941176, "-179|183": 0.014705882352941176, "167|209": 0.014705882352941176, "-23|252": 0.014705882352941176, "-129|236": 0.014705882352941176, "192|176": 0.014705882352941176, "223|111": 0.014705882352941176, "97|237": 0.014705882352941176, "94|237": 0.014705882352941176, "-27|259": 0.014705882352941176, "213|155": 0.014705882352941176, "-15|262": 0.014705882352941176, "-127|213": 0.014705882352941176, "119|232": 0.014705882352941176, "-10|273": 0.014705882352941176, "124|218": 0.014705882352941176, "-80|242": 0.014705882352941176, "130|232": 0.014705882352941176, "22|253": 0.014705882352941176, "178|196": 0.014705882352941176, "-201|159": 0.014705882352941176, "-80|264": 0.014705882352941176, "27|249": 0.014705882352941176, "126|225": 0.014705882352941176, "-119|235": 0.014705882352941176, "-12|252": 0.014705882352941176, "-138|216": 0.014705882352941176, "-134|236": 0.014705882352941176, "34|259": 0.014705882352941176, "-70|242": 0.014705882352941176, "-20|268": 0.014705882352941176, "-1|252": 0.014705882352941176, "-1|263": 0.014705882352941176, "-56|245": 0.014705882352941176, "16|254": 0.014705882352941176}, "AT_RIM": {"-6|3": 0.00980392156862745, "-16|13": 0.00980392156862745, "-26|16": 0.00980392156862745, "34|20": 0.00980392156862745, "-10|8": 0.00980392156862745, "11|0": 0.00980392156862745, "-7|10": 0.00980392156862745, "-26|8": 0.00980392156862745, "-20|21": 0.00980392156862745, "0|0": 0.13725490196078433, "-25|8": 0.00980392156862745, "-6|4": 0.00980392156862745, "20|3": 0.00980392156862745, "-9|-1": 0.00980392156862745, "21|5": 0.00980392156862745, "-18|16": 0.00980392156862745, "-21|15": 0.00980392156862745, "-20|8": 0.00980392156862745, "-29|13": 0.00980392156862745, "-25|11": 0.0196078431372549, "-5|23": 0.00980392156862745, "17|8": 0.00980392156862745, "-10|13": 0.00980392156862745, "0|16": 0.00980392156862745, "2|8": 0.00980392156862745, "-1|33": 0.00980392156862745, "5|17": 0.00980392156862745, "0|4": 0.00980392156862745, "-10|-1": 0.00980392156862745, "-22|27": 0.00980392156862745, "20|15": 0.00980392156862745, "21|6": 0.00980392156862745, "-7|15": 0.00980392156862745, "-10|11": 0.00980392156862745, "-21|9": 0.00980392156862745, "12|0": 0.00980392156862745, "2|29": 0.00980392156862745, "-20|10": 0.00980392156862745, "1|10": 0.00980392156862745, "0|10": 0.00980392156862745, "-17|6": 0.00980392156862745, "-16|17": 0.0196078431372549, "-18|14": 0.00980392156862745, "11|25": 0.00980392156862745, "12|23": 0.00980392156862745, "20|8": 0.00980392156862745, "-13|17": 0.00980392156862745, "2|2": 0.00980392156862745, "12|15": 0.00980392156862745, "-21|-4": 0.00980392156862745, "16|25": 0.00980392156862745, "-25|29": 0.00980392156862745, "-26|-2": 0.00980392156862745, "-2|15": 0.00980392156862745, "23|4": 0.00980392156862745, "15|6": 0.00980392156862745, "9|6": 0.00980392156862745, "17|9": 0.00980392156862745, "-11|32": 0.00980392156862745, "-26|0": 0.00980392156862745, "-25|4": 0.00980392156862745, "-15|13": 0.00980392156862745, "-6|7": 0.00980392156862745, "-16|21": 0.00980392156862745, "12|34": 0.00980392156862745, "-7|18": 0.00980392156862745, "-12|18": 0.00980392156862745, "22|26": 0.00980392156862745, "-21|21": 0.00980392156862745, "-6|38": 0.00980392156862745, "-26|17": 0.00980392156862745, "-17|28": 0.00980392156862745, "-20|6": 0.00980392156862745, "-21|-8": 0.00980392156862745, "-7|8": 0.00980392156862745, "-25|-1": 0.00980392156862745, "-22|8": 0.00980392156862745, "-34|10": 0.00980392156862745, "-15|23": 0.00980392156862745, "20|11": 0.00980392156862745, "-23|10": 0.00980392156862745, "17|21": 0.00980392156862745, "-10|38": 0.00980392156862745, "-21|2": 0.00980392156862745, "9|21": 0.00980392156862745, "-22|7": 0.00980392156862745, "-18|4": 0.00980392156862745}, "CORNER_3": {"-228|1": 0.125, "225|32": 0.125, "-238|32": 0.125, "229|14": 0.125, "-224|38": 0.125, "-232|31": 0.125, "238|32": 0.125, "-232|6": 0.125}, "LONG_MID_RANGE": {"172|67": 0.058823529411764705, "64|153": 0.058823529411764705, "-154|121": 0.058823529411764705, "45|168": 0.058823529411764705, "-39|201": 0.058823529411764705, "92|108": 0.058823529411764705, "-94|158": 0.058823529411764705, "97|127": 0.058823529411764705, "125|175": 0.058823529411764705, "5|216": 0.058823529411764705, "-104|178": 0.058823529411764705, "-88|152": 0.058823529411764705, "74|139": 0.058823529411764705, "-40|180": 0.058823529411764705, "-162|154": 0.058823529411764705, "29|162": 0.058823529411764705, "86|142": 0.058823529411764705}, "SHORT_MID_RANGE": {"94|57": 0.02127659574468085, "-36|75": 0.02127659574468085, "113|77": 0.02127659574468085, "-67|44": 0.02127659574468085, "23|37": 0.02127659574468085, "-99|39": 0.02127659574468085, "-50|52": 0.02127659574468085, "33|22": 0.02127659574468085, "26|113": 0.02127659574468085, "-39|65": 0.02127659574468085, "12|82": 0.02127659574468085, "-33|34": 0.02127659574468085, "1|47": 0.02127659574468085, "-70|43": 0.02127659574468085, "7|71": 0.02127659574468085, "-18|40": 0.02127659574468085, "21|104": 0.02127659574468085, "-119|43": 0.02127659574468085, "-45|18": 0.02127659574468085, "50|83": 0.02127659574468085, "75|5": 0.02127659574468085, "66|25": 0.02127659574468085, "-21|59": 0.02127659574468085, "39|17": 0.02127659574468085, "-55|5": 0.02127659574468085, "-43|53": 0.02127659574468085, "-18|47": 0.02127659574468085, "2|50": 0.02127659574468085, "6|106": 0.02127659574468085, "17|47": 0.02127659574468085, "-27|34": 0.02127659574468085, "-7|68": 0.02127659574468085, "77|56": 0.02127659574468085, "10|52": 0.02127659574468085, "55|119": 0.02127659574468085, "-49|5": 0.02127659574468085, "-21|38": 0.02127659574468085, "-1|47": 0.02127659574468085, "-51|78": 0.02127659574468085, "-63|62": 0.02127659574468085, "-39|27": 0.02127659574468085, "7|48": 0.02127659574468085, "-107|-6": 0.02127659574468085, "2|63": 0.02127659574468085, "44|88": 0.02127659574468085, "-72|14": 0.02127659574468085, "-44|16": 0.02127659574468085}}, "FOUL_AWAY_FROM_PLAY": 0.0, "FOULED_AWAY_FROM_PLAY": 1.0,