{"ASSIST": 0.10144927536231885, "BLOCK": 0.26666666666666666, "FG_ARC_3_ATTEMPT": 0.1095890410958904, "FG_ARC_3_BLOCK": 0.0, "FG_ARC_3_MADE": 0.25, "FG_ARC_3_MADE_FOUL": 0.0, "FG_AT_RIM_ATTEMPT": 0.08695652173913043, "FG_AT_RIM_BLOCK": 0.010869565217391304, "FG_AT_RIM_MADE": 0.5, "FG_AT_RIM_MADE_FOUL": 0.0, "FG_CORNER_3_ATTEMPT": 0.26666666666666666, "FG_CORNER_3_BLOCK": 0.0, "FG_CORNER_3_MADE": 0.5, "FG_CORNER_3_MADE_FOUL": 0.0, "FG_LONG_MID_RANGE_ATTEMPT": 0.0, "FG_LONG_MID_RANGE_BLOCK": 0.0, "FG_LONG_MID_RANGE_MADE": 0.0, "FG_LONG_MID_RANGE_MADE_FOUL": 0.0, "FG_SHORT_MID_RANGE_ATTEMPT": 0.20408163265306123, "FG_SHORT_MID_RANGE_BLOCK": 0.02040816326530612, "FG_SHORT_MID_RANGE_MADE": 0.1, "FG_SHORT_MID_RANGE_MADE_FOUL": 0.0, "FG_XY": {"ARC_3": {"-151|209": 0.125, "-157|204": 0.125, "167|195": 0.125, "183|341": 0.125, "11|521": 0.125, "136|211": 0.125, "130|210": 0.125, "-168|180": 0.125}, "AT_RIM": {"-13|-1": 0.125, "16|15": 0.125, "25|17": 0.125, "-16|12": 0.125, "4|13": 0.125, "2|5": 0.125, "-4|6": 0.125, "0|0": 0.125}, "CORNER_3": {"232|38": 0.125, "229|28": 0.125, "228|54": 0.125, "232|-6": 0.125, "-235|4": 0.125, "229|30": 0.125, "224|27": 0.125, "228|19": 0.125}, "LONG_MID_RANGE": {}, "SHORT_MID_RANGE": {"4|60": 0.1, "0|57": 0.1, "28|32": 0.1, "-25|41": 0.1, "27|38": 0.1, "45|24": 0.1, "27|51": 0.1, "49|43": 0.1, "-23|65": 0.1, "33|22": 0.1}}, "FOUL_AWAY_FROM_PLAY": 0.0, "FOULED_AWAY_FROM_PLAY": 0.0, "FOUL_CLEAR_PATH": 0.0, "FOULED_CLEAR_PATH": 0.0, "FOUL_COUNT_AS_PERSONAL": 0.2702702702702703, "FOULED_COUNT_AS_PERSONAL": 0.23333333333333334, "FOUL_COUNT_TOWARD_PENALTY": 0.2878787878787879, "FOULED_COUNT_TOWARD_PENALTY": 0.22916666666666666, "FOUL_DEFENSIVE_NON_SHOOTING": 0.3333333333333333, "FOULED_DEFENSIVE_NON_SHOOTING": 0.28, "FOUL_DOUBLE": 0.0, "FOUL_TECHNICAL_DOUBLE": 0.0, "FOUL_FLAGRANT": 0.0, "FOULED_FLAGRANT": 0.0, "FOUL_FLAGRANT_1": 0.0, "FOULED_FLAGRANT_1": 0.0, "FOUL_FLAGRANT_2": 0.0, "FOULED_FLAGRANT_2": 0.0, "FOUL_INBOUND": 0.0, "FOULED_INBOUND": 0.0, "FOUL_LOOSE_BALL": 0.0, "FOULED_LOOSE_BALL": 0.0, "FOUL_OFFENSIVE_CHARGE": 1.0, "FOULED_OFFENSIVE_CHARGE": 0.0, "FOUL_OFFENSIVE_OTHER": 0.0, "FOULED_OFFENSIVE_OTHER": 0.0, "FOUL_OFFENSIVE_TOTAL": 0.125, "FOULED_OFFENSIVE_TOTAL": 0.25, "FOUL_PERSONAL": 0.41379310344827586, "FOULED_PERSONAL": 0.1875, "FOUL_PERSONAL_BLOCK": 0.0, "FOULED_PERSONAL_BLOCK": 0.0, "FOUL_PERSONAL_TAKE": 0.0, "FOULED_PERSONAL_TAKE": 0.5714285714285714, "FOUL_SHOOTING": 0.2222222222222222, "FOULED_SHOOTING": 0.17391304347826086, "FOUL_SHOOTING_BLOCK": 0.0, "FOULED_SHOOTING_BLOCK": 0.0, "FOUL_TECHNICAL": 0.0, "FT": 0.6, "REBOUND_DEFENSIVE": 0.14838709677419354, "REBOUND_OFFENSIVE": 0.027586206896551724, "STEAL": 0.2857142857142857, "SHOT_TYPE_ARC_3_OFFENSIVE": 0.2765151515151515, "SHOT_TYPE_ARC_3_DEFENSIVE": 0.2981132075471698, "SHOT_TYPE_AT_RIM_OFFENSIVE": 0.3484848484848485, "SHOT_TYPE_AT_RIM_DEFENSIVE": 0.2981132075471698, "SHOT_TYPE_CORNER_3_OFFENSIVE": 0.11363636363636363, "SHOT_TYPE_CORNER_3_DEFENSIVE": 0.09056603773584905, "SHOT_TYPE_LONG_MID_RANGE_OFFENSIVE": 0.07575757575757576, "SHOT_TYPE_LONG_MID_RANGE_DEFENSIVE": 0.10943396226415095, "SHOT_TYPE_SHORT_MID_RANGE_OFFENSIVE": 0.1856060606060606, "SHOT_TYPE_SHORT_MID_RANGE_DEFENSIVE": 0.2037735849056604, "TURNOVER": 0.1746031746031746, "VIOLATION_DEFENSIVE_GOALTENDING": 0.0, "VIOLATION_DEFENSIVE_KICK_BALL": 0.0}