{"ASSIST": 0.3918918918918919, "BLOCK": 0.14285714285714285, "FG_ARC_3_ATTEMPT": 0.25, "FG_ARC_3_BLOCK": 0.0, "FG_ARC_3_MADE": 0.4264705882352941, "FG_ARC_3_MADE_FOUL": 0.0, "FG_AT_RIM_ATTEMPT": 0.3136094674556213, "FG_AT_RIM_BLOCK": 0.020710059171597635, "FG_AT_RIM_MADE": 0.8018867924528302, "FG_AT_RIM_MADE_FOUL": 0.008875739644970414, "FG_CORNER_3_ATTEMPT": 0.26804123711340205, "FG_CORNER_3_BLOCK": 0.0, "FG_CORNER_3_MADE": 0.6538461538461539, "FG_CORNER_3_MADE_FOUL": 0.0, "FG_LONG_MID_RANGE_ATTEMPT": 0.509090909090909, "FG_LONG_MID_RANGE_BLOCK": 0.006060606060606061, "FG_LONG_MID_RANGE_MADE": 0.44047619047619047, "FG_LONG_MID_RANGE_MADE_FOUL": 0.0, "FG_SHORT_MID_RANGE_ATTEMPT": 0.37254901960784315, "FG_SHORT_MID_RANGE_BLOCK": 0.0196078431372549, "FG_SHORT_MID_RANGE_MADE": 0.5263157894736842, "FG_SHORT_MID_RANGE_MADE_FOUL": 0.0056022408963585435, "FG_XY": {"ARC_3": {"112|225": 0.014705882352941176, "0|262": 0.014705882352941176, "-85|237": 0.014705882352941176, "-78|252": 0.014705882352941176, "137|227": 0.014705882352941176, "77|245": 0.014705882352941176, "218|120": 0.014705882352941176, "-116|252": 0.014705882352941176, "-142|211": 0.014705882352941176, "-6|260": 0.014705882352941176, "47|251": 0.014705882352941176, "-192|158": 0.014705882352941176, "-39|248": 0.014705882352941176, "190|189": 0.014705882352941176, "-173|220": 0.014705882352941176, "225|106": 0.014705882352941176, "176|194": 0.014705882352941176, "-228|100": 0.014705882352941176, "-162|189": 0.014705882352941176, "112|252": 0.014705882352941176, "70|252": 0.014705882352941176, "175|206": 0.014705882352941176, "153|210": 0.014705882352941176, "-184|200": 0.014705882352941176, "104|252": 0.014705882352941176, "-188|164": 0.014705882352941176, "140|216": 0.014705882352941176, "-189|170": 0.014705882352941176, "183|164": 0.014705882352941176, "102|241": 0.014705882352941176, "212|159": 0.014705882352941176, "-165|220": 0.014705882352941176, "-131|247": 0.014705882352941176, "168|192": 0.014705882352941176, "-158|204": 0.014705882352941176, "-23|272": 0.014705882352941176, "-48|270": 0.014705882352941176, "-143|231": 0.014705882352941176, "-174|201": 0.014705882352941176, "-179|179": 0.014705882352941176, "15|255": 0.014705882352941176, "151|214": 0.014705882352941176, "11|252": 0.014705882352941176, "-107|249": 0.014705882352941176, "-60|251": 0.014705882352941176, "-130|215": 0.014705882352941176, "-10|262": 0.014705882352941176, "148|229": 0.014705882352941176, "188|204": 0.014705882352941176, "185|198": 0.014705882352941176, "37|260": 0.014705882352941176, "18|271": 0.014705882352941176, "-137|226": 0.014705882352941176, "-140|209": 0.014705882352941176, "164|191": 0.014705882352941176, "223|111": 0.014705882352941176, "-98|241": 0.014705882352941176, "213|141": 0.014705882352941176, "-197|184": 0.014705882352941176, "206|154": 0.014705882352941176, "93|257": 0.014705882352941176, "-217|147": 0.014705882352941176, "-27|262": 0.014705882352941176, "180|173": 0.014705882352941176, "218|127": 0.014705882352941176, "103|264": 0.014705882352941176, "-179|198": 0.014705882352941176, "105|263": 0.014705882352941176}, "AT_RIM": {"18|11": 0.009433962264150943, "9|-3": 0.009433962264150943, "7|-1": 0.009433962264150943, "5|-1": 0.009433962264150943, "-23|-1": 0.009433962264150943, "-13|-4": 0.009433962264150943, "36|13": 0.009433962264150943, "-2|4": 0.009433962264150943, "-21|8": 0.009433962264150943, "25|22": 0.009433962264150943, "25|29": 0.009433962264150943, "18|5": 0.009433962264150943, "2|1": 0.009433962264150943, "31|8": 0.009433962264150943, "-5|0": 0.009433962264150943, "0|7": 0.009433962264150943, "-2|12": 0.009433962264150943, "16|21": 0.009433962264150943, "-15|19": 0.009433962264150943, "20|20": 0.009433962264150943, "0|0": 0.03773584905660377, "5|10": 0.018867924528301886, "-6|20": 0.009433962264150943, "6|29": 0.009433962264150943, "21|19": 0.009433962264150943, "-18|9": 0.009433962264150943, "13|27": 0.009433962264150943, "17|14": 0.009433962264150943, "-1|25": 0.018867924528301886, "-21|28": 0.009433962264150943, "-9|29": 0.009433962264150943, "6|6": 0.009433962264150943, "22|22": 0.009433962264150943, "2|0": 0.009433962264150943, "15|8": 0.009433962264150943, "9|19": 0.009433962264150943, "-11|-4": 0.009433962264150943, "-2|-1": 0.009433962264150943, "2|5": 0.009433962264150943, "-15|11": 0.009433962264150943, "6|23": 0.009433962264150943, "1|39": 0.009433962264150943, "-21|12": 0.009433962264150943, "-5|26": 0.009433962264150943, "26|6": 0.009433962264150943, "-23|8": 0.009433962264150943, "-26|8": 0.009433962264150943, "-1|21": 0.009433962264150943, "28|16": 0.009433962264150943, "11|-2": 0.009433962264150943, "11|3": 0.009433962264150943, "11|11": 0.009433962264150943, "27|26": 0.009433962264150943, "-20|26": 0.009433962264150943, "6|11": 0.009433962264150943, "1|4": 0.009433962264150943, "0|5": 0.009433962264150943, "6|12": 0.009433962264150943, "7|11": 0.009433962264150943, "16|8": 0.009433962264150943, "-7|31": 0.009433962264150943, "-22|10": 0.009433962264150943, "-7|11": 0.009433962264150943, "-5|15": 0.018867924528301886, "-1|27": 0.009433962264150943, "0|24": 0.009433962264150943, "15|21": 0.009433962264150943, "-5|16": 0.009433962264150943, "-5|10": 0.009433962264150943, "-22|26": 0.009433962264150943, "-11|12": 0.009433962264150943, "-29|25": 0.009433962264150943, "-11|2": 0.009433962264150943, "-6|6": 0.009433962264150943, "17|6": 0.009433962264150943, "-6|4": 0.009433962264150943, "0|15": 0.009433962264150943, "1|6": 0.009433962264150943, "2|25": 0.009433962264150943, "18|10": 0.009433962264150943, "-4|8": 0.009433962264150943, "-1|6": 0.009433962264150943, "-15|27": 0.009433962264150943, "7|20": 0.009433962264150943, "-6|18": 0.009433962264150943, "12|10": 0.009433962264150943, "-4|6": 0.009433962264150943, "17|10": 0.009433962264150943, "20|33": 0.009433962264150943, "4|12": 0.009433962264150943, "11|8": 0.009433962264150943, "9|11": 0.009433962264150943, "26|16": 0.009433962264150943, "2|6": 0.009433962264150943, "-6|-8": 0.009433962264150943, "17|-4": 0.009433962264150943, "7|1": 0.009433962264150943, "6|3": 0.009433962264150943, "-21|9": 0.009433962264150943, "9|1": 0.009433962264150943}, "CORNER_3": {"-228|1": 0.038461538461538464, "230|1": 0.038461538461538464, "-233|2": 0.038461538461538464, "228|20": 0.038461538461538464, "233|40": 0.038461538461538464, "-224|11": 0.038461538461538464, "225|26": 0.038461538461538464, "-233|10": 0.038461538461538464, "229|27": 0.038461538461538464, "240|17": 0.038461538461538464, "237|30": 0.038461538461538464, "-224|-43": 0.038461538461538464, "234|-3": 0.038461538461538464, "223|69": 0.038461538461538464, "-223|61": 0.038461538461538464, "229|0": 0.038461538461538464, "230|-18": 0.038461538461538464, "230|33": 0.038461538461538464, "237|19": 0.038461538461538464, "-227|-3": 0.038461538461538464, "-224|8": 0.038461538461538464, "-221|66": 0.038461538461538464, "-234|53": 0.038461538461538464, "-230|-1": 0.038461538461538464, "229|19": 0.038461538461538464, "230|76": 0.038461538461538464}, "LONG_MID_RANGE": {"-170|38": 0.011904761904761904, "-87|146": 0.011904761904761904, "51|173": 0.011904761904761904, "96|142": 0.011904761904761904, "-69|161": 0.011904761904761904, "-65|164": 0.011904761904761904, "-162|10": 0.011904761904761904, "71|140": 0.011904761904761904, "-140|140": 0.011904761904761904, "81|116": 0.011904761904761904, "-143|37": 0.011904761904761904, "4|142": 0.011904761904761904, "-75|162": 0.011904761904761904, "132|60": 0.011904761904761904, "4|146": 0.011904761904761904, "-114|134": 0.011904761904761904, "54|133": 0.011904761904761904, "-123|136": 0.011904761904761904, "75|135": 0.011904761904761904, "74|143": 0.011904761904761904, "42|145": 0.011904761904761904, "-7|157": 0.011904761904761904, "-141|115": 0.011904761904761904, "-197|20": 0.011904761904761904, "39|173": 0.011904761904761904, "-158|34": 0.011904761904761904, "13|166": 0.011904761904761904, "-115|85": 0.011904761904761904,