{"ASSIST": 0.11607142857142858, "BLOCK": 0.3953488372093023, "FG_ARC_3_ATTEMPT": 0.02142857142857143, "FG_ARC_3_BLOCK": 0.0, "FG_ARC_3_MADE": 1.0, "FG_ARC_3_MADE_FOUL": 0.0, "FG_AT_RIM_ATTEMPT": 0.2024793388429752, "FG_AT_RIM_BLOCK": 0.0371900826446281, "FG_AT_RIM_MADE": 0.4897959183673469, "FG_AT_RIM_MADE_FOUL": 0.004132231404958678, "FG_CORNER_3_ATTEMPT": 0.023255813953488372, "FG_CORNER_3_BLOCK": 0.0, "FG_CORNER_3_MADE": 1.0, "FG_CORNER_3_MADE_FOUL": 0.0, "FG_LONG_MID_RANGE_ATTEMPT": 0.04878048780487805, "FG_LONG_MID_RANGE_BLOCK": 0.0, "FG_LONG_MID_RANGE_MADE": 1.0, "FG_LONG_MID_RANGE_MADE_FOUL": 0.0, "FG_SHORT_MID_RANGE_ATTEMPT": 0.11801242236024845, "FG_SHORT_MID_RANGE_BLOCK": 0.024844720496894408, "FG_SHORT_MID_RANGE_MADE": 0.21052631578947367, "FG_SHORT_MID_RANGE_MADE_FOUL": 0.0, "FG_XY": {"ARC_3": {"124|207": 0.16666666666666666, "119|233": 0.16666666666666666, "179|168": 0.16666666666666666, "-124|247": 0.16666666666666666, "141|219": 0.16666666666666666, "-162|187": 0.16666666666666666}, "AT_RIM": {"-13|1": 0.02040816326530612, "-1|8": 0.02040816326530612, "1|11": 0.04081632653061224, "0|0": 0.2653061224489796, "2|0": 0.02040816326530612, "27|21": 0.02040816326530612, "-12|36": 0.02040816326530612, "-7|6": 0.02040816326530612, "-2|9": 0.02040816326530612, "29|21": 0.02040816326530612, "-4|12": 0.02040816326530612, "-10|16": 0.02040816326530612, "0|25": 0.02040816326530612, "-15|3": 0.02040816326530612, "-10|21": 0.02040816326530612, "-27|9": 0.02040816326530612, "-5|17": 0.02040816326530612, "6|32": 0.02040816326530612, "11|25": 0.02040816326530612, "0|22": 0.02040816326530612, "-37|9": 0.02040816326530612, "12|11": 0.02040816326530612, "-2|2": 0.02040816326530612, "7|24": 0.02040816326530612, "-4|10": 0.02040816326530612, "1|6": 0.02040816326530612, "2|11": 0.02040816326530612, "13|5": 0.02040816326530612, "-17|5": 0.02040816326530612, "16|16": 0.02040816326530612, "5|1": 0.02040816326530612, "0|6": 0.02040816326530612, "22|17": 0.02040816326530612, "5|12": 0.02040816326530612, "27|13": 0.02040816326530612, "-1|13": 0.02040816326530612}, "CORNER_3": {"232|81": 0.5, "-222|25": 0.5}, "LONG_MID_RANGE": {"27|175": 0.16666666666666666, "-23|163": 0.16666666666666666, "161|29": 0.16666666666666666, "42|184": 0.16666666666666666, "7|153": 0.16666666666666666, "168|62": 0.16666666666666666}, "SHORT_MID_RANGE": {"-9|55": 0.10526315789473684, "-54|63": 0.05263157894736842, "-72|67": 0.05263157894736842, "-22|62": 0.05263157894736842, "5|98": 0.05263157894736842, "114|13": 0.05263157894736842, "40|84": 0.05263157894736842, "-5|41": 0.05263157894736842, "-34|22": 0.05263157894736842, "-20|44": 0.05263157894736842, "37|36": 0.05263157894736842, "29|37": 0.05263157894736842, "2|121": 0.05263157894736842, "7|66": 0.05263157894736842, "64|66": 0.05263157894736842, "-2|63": 0.05263157894736842, "-10|39": 0.05263157894736842, "39|14": 0.05263157894736842}}, "FOUL_AWAY_FROM_PLAY": 0.0, "FOULED_AWAY_FROM_PLAY": 0.0, "FOUL_CLEAR_PATH": 0.0, "FOULED_CLEAR_PATH": 0.0, "FOUL_COUNT_AS_PERSONAL": 0.25157232704402516, "FOULED_COUNT_AS_PERSONAL": 0.26865671641791045, "FOUL_COUNT_TOWARD_PENALTY": 0.2465753424657534, "FOULED_COUNT_TOWARD_PENALTY": 0.2914285714285714, "FOUL_DEFENSIVE_NON_SHOOTING": 0.15384615384615385, "FOULED_DEFENSIVE_NON_SHOOTING": 0.25, "FOUL_DOUBLE": 0.0, "FOUL_TECHNICAL_DOUBLE": 0.0, "FOUL_FLAGRANT": 1.0, "FOULED_FLAGRANT": 1.0, "FOUL_FLAGRANT_1": 1.0, "FOULED_FLAGRANT_1": 1.0, "FOUL_FLAGRANT_2": 0.0, "FOULED_FLAGRANT_2": 0.0, "FOUL_INBOUND": 0.0, "FOULED_INBOUND": 0.0, "FOUL_LOOSE_BALL": 0.0, "FOULED_LOOSE_BALL": 0.5384615384615384, "FOUL_OFFENSIVE_CHARGE": 0.0, "FOULED_OFFENSIVE_CHARGE": 0.14285714285714285, "FOUL_OFFENSIVE_OTHER": 0.0, "FOULED_OFFENSIVE_OTHER": 0.0, "FOUL_OFFENSIVE_TOTAL": 0.3076923076923077, "FOULED_OFFENSIVE_TOTAL": 0.11538461538461539, "FOUL_PERSONAL": 0.14035087719298245, "FOULED_PERSONAL": 0.21212121212121213, "FOUL_PERSONAL_BLOCK": 0.0, "FOULED_PERSONAL_BLOCK": 0.0, "FOUL_PERSONAL_TAKE": 0.16666666666666666, "FOULED_PERSONAL_TAKE": 0.08333333333333333, "FOUL_SHOOTING": 0.3582089552238806, "FOULED_SHOOTING": 0.3373493975903614, "FOUL_SHOOTING_BLOCK": 0.0, "FOULED_SHOOTING_BLOCK": 0.0, "FOUL_TECHNICAL": 0.0, "FT": 0.7571428571428571, "REBOUND_DEFENSIVE": 0.22053231939163498, "REBOUND_OFFENSIVE": 0.10778443113772455, "STEAL": 0.10526315789473684, "SHOT_TYPE_ARC_3_OFFENSIVE": 0.31390134529147984, "SHOT_TYPE_ARC_3_DEFENSIVE": 0.3040254237288136, "SHOT_TYPE_AT_RIM_OFFENSIVE": 0.2713004484304933, "SHOT_TYPE_AT_RIM_DEFENSIVE": 0.2913135593220339, "SHOT_TYPE_CORNER_3_OFFENSIVE": 0.09641255605381166, "SHOT_TYPE_CORNER_3_DEFENSIVE": 0.0858050847457627, "SHOT_TYPE_LONG_MID_RANGE_OFFENSIVE": 0.13789237668161436, "SHOT_TYPE_LONG_MID_RANGE_DEFENSIVE": 0.09851694915254237, "SHOT_TYPE_SHORT_MID_RANGE_OFFENSIVE": 0.1804932735426009, "SHOT_TYPE_SHORT_MID_RANGE_DEFENSIVE": 0.22033898305084745, "TURNOVER": 0.1375, "VIOLATION_DEFENSIVE_GOALTENDING": 0.0, "VIOLATION_DEFENSIVE_KICK_BALL": 0.3333333333333333}