{"ASSIST": 0.1377952755905512, "BLOCK": 0.09523809523809523, "FG_ARC_3_ATTEMPT": 0.1828793774319066, "FG_ARC_3_BLOCK": 0.007782101167315175, "FG_ARC_3_MADE": 0.1276595744680851, "FG_ARC_3_MADE_FOUL": 0.0, "FG_AT_RIM_ATTEMPT": 0.13524590163934427, "FG_AT_RIM_BLOCK": 0.01639344262295082, "FG_AT_RIM_MADE": 0.7575757575757576, "FG_AT_RIM_MADE_FOUL": 0.004098360655737705, "FG_CORNER_3_ATTEMPT": 0.3142857142857143, "FG_CORNER_3_BLOCK": 0.009523809523809525, "FG_CORNER_3_MADE": 0.18181818181818182, "FG_CORNER_3_MADE_FOUL": 0.0, "FG_LONG_MID_RANGE_ATTEMPT": 0.07692307692307693, "FG_LONG_MID_RANGE_BLOCK": 0.0, "FG_LONG_MID_RANGE_MADE": 0.3333333333333333, "FG_LONG_MID_RANGE_MADE_FOUL": 0.0, "FG_SHORT_MID_RANGE_ATTEMPT": 0.16379310344827586, "FG_SHORT_MID_RANGE_BLOCK": 0.01293103448275862, "FG_SHORT_MID_RANGE_MADE": 0.3157894736842105, "FG_SHORT_MID_RANGE_MADE_FOUL": 0.0, "FG_XY": {"ARC_3": {"-86|232": 0.02127659574468085, "-180|195": 0.02127659574468085, "-116|239": 0.02127659574468085, "-104|231": 0.02127659574468085, "-74|253": 0.02127659574468085, "132|220": 0.02127659574468085, "-126|246": 0.02127659574468085, "125|229": 0.02127659574468085, "-200|188": 0.02127659574468085, "179|212": 0.02127659574468085, "75|248": 0.02127659574468085, "86|273": 0.02127659574468085, "18|263": 0.02127659574468085, "-126|237": 0.02127659574468085, "-227|92": 0.02127659574468085, "-191|163": 0.02127659574468085, "-210|157": 0.02127659574468085, "115|237": 0.02127659574468085, "212|137": 0.02127659574468085, "-185|205": 0.02127659574468085, "6|278": 0.02127659574468085, "169|183": 0.02127659574468085, "-134|220": 0.02127659574468085, "-197|173": 0.02127659574468085, "-40|254": 0.02127659574468085, "-157|213": 0.02127659574468085, "-123|222": 0.02127659574468085, "-145|210": 0.02127659574468085, "185|180": 0.02127659574468085, "-162|214": 0.02127659574468085, "1|259": 0.02127659574468085, "-223|188": 0.02127659574468085, "153|197": 0.02127659574468085, "156|200": 0.02127659574468085, "26|240": 0.02127659574468085, "1|262": 0.02127659574468085, "163|201": 0.02127659574468085, "91|238": 0.02127659574468085, "-124|225": 0.02127659574468085, "70|246": 0.02127659574468085, "-102|241": 0.02127659574468085, "141|212": 0.02127659574468085, "-174|174": 0.02127659574468085, "-2|253": 0.02127659574468085, "161|234": 0.02127659574468085, "109|259": 0.02127659574468085, "-185|179": 0.02127659574468085}, "AT_RIM": {"20|14": 0.030303030303030304, "6|-1": 0.030303030303030304, "-36|-6": 0.030303030303030304, "-10|10": 0.030303030303030304, "-10|-6": 0.030303030303030304, "-17|21": 0.030303030303030304, "7|-2": 0.030303030303030304, "-17|12": 0.030303030303030304, "0|0": 0.030303030303030304, "4|22": 0.030303030303030304, "11|21": 0.030303030303030304, "-7|8": 0.030303030303030304, "4|16": 0.030303030303030304, "10|1": 0.030303030303030304, "-25|15": 0.030303030303030304, "-18|-2": 0.030303030303030304, "-16|-6": 0.030303030303030304, "23|5": 0.030303030303030304, "29|10": 0.030303030303030304, "9|-1": 0.030303030303030304, "25|4": 0.030303030303030304, "-11|6": 0.030303030303030304, "-25|14": 0.030303030303030304, "-4|37": 0.030303030303030304, "-37|6": 0.030303030303030304, "-1|33": 0.030303030303030304, "32|13": 0.030303030303030304, "-1|-3": 0.030303030303030304, "16|9": 0.030303030303030304, "-16|5": 0.030303030303030304, "22|-5": 0.030303030303030304, "11|23": 0.030303030303030304, "-1|13": 0.030303030303030304}, "CORNER_3": {"228|1": 0.030303030303030304, "-240|4": 0.030303030303030304, "-232|41": 0.030303030303030304, "-230|44": 0.030303030303030304, "229|-4": 0.030303030303030304, "-233|-20": 0.030303030303030304, "222|10": 0.030303030303030304, "-239|52": 0.030303030303030304, "-223|27": 0.030303030303030304, "228|63": 0.030303030303030304, "223|27": 0.030303030303030304, "230|15": 0.030303030303030304, "-240|83": 0.030303030303030304, "237|5": 0.030303030303030304, "-235|68": 0.030303030303030304, "235|-22": 0.030303030303030304, "233|-20": 0.030303030303030304, "234|59": 0.030303030303030304, "222|22": 0.030303030303030304, "-240|22": 0.030303030303030304, "219|54": 0.030303030303030304, "-228|84": 0.030303030303030304, "-229|14": 0.030303030303030304, "225|20": 0.030303030303030304, "-230|16": 0.030303030303030304, "-225|30": 0.030303030303030304, "-225|3": 0.030303030303030304, "-239|25": 0.030303030303030304, "-233|65": 0.030303030303030304, "-234|4": 0.030303030303030304, "-225|31": 0.030303030303030304, "-230|19": 0.030303030303030304, "-230|39": 0.030303030303030304}, "LONG_MID_RANGE": {"-140|26": 0.16666666666666666, "-4|146": 0.16666666666666666, "-191|19": 0.16666666666666666, "-146|24": 0.16666666666666666, "-158|-6": 0.16666666666666666, "89|125": 0.16666666666666666}, "SHORT_MID_RANGE": {"-64|1": 0.02631578947368421, "-11|85": 0.02631578947368421, "-1|63": 0.02631578947368421, "-66|15": 0.02631578947368421, "-110|3": 0.02631578947368421, "-44|32": 0.02631578947368421, "-77|105": 0.02631578947368421, "21|122": 0.02631578947368421, "-36|47": 0.02631578947368421, "4|50": 0.02631578947368421, "-4|109": 0.02631578947368421, "125|33": 0.02631578947368421, "-12|87": 0.02631578947368421, "86|11": 0.02631578947368421, "61|6": 0.02631578947368421, "64|-1": 0.02631578947368421, "-18|134": 0.02631578947368421, "-71|112": 0.02631578947368421, "-134|-10": 0.02631578947368421, "44|15": 0.02631578947368421, "-72|68": 0.02631578947368421, "45|46": 0.02631578947368421, "-2|119": 0.02631578947368421, "13|79": 0.02631578947368421, "2|48": 0.02631578947368421, "-39|43": 0.02631578947368421, "1|58": 0.02631578947368421, "-75|73": 0.02631578947368421, "-134|29": 0.02631578947368421, "-39|84": 0.02631578947368421, "13|52": 0.02631578947368421, "29|57": 0.02631578947368421, "-23|48": 0.02631578947368421, "0|79": 0.02631578947368421, "7|98": 0.02631578947368421, "-50|43": 0.02631578947368421, "17|58": 0.02631578947368421, "-31|62": 0.02631578947368421}}, "FOUL_AWAY_FROM_PLAY": 1.0, "FOULED_AWAY_FROM_PLAY": 0.0, "FOUL_CLEAR_PATH": 0.0, "FOULED_CLEAR_PATH": 0.0, "FOUL_COUNT_AS_PERSONAL": 0.25333333333333335, "FOULED_COUNT_AS_PERSONAL": 0.13020833333333334, "FOUL_COUNT_TOWARD_PENALTY": 0.2608695652173913, "FOULED_COUNT_TOWARD_PENALTY": 0.12290502793296089, "FOUL_DEFENSIVE_NON_SHOOTING": 0.24347826086956523, "FOULED_DEFENSIVE_NON_SHOOTING": 0.12048192771084337, "FOUL_DOUBLE": 0.0, "FOUL_TECHNICAL_DOUBLE": 0.0, "FOUL_FLAGRANT": 1.0, "FOULED_FLAGRANT": 0.0, "FOUL_FLAGRANT_1": 1.0, "FOULED_FLAGRANT_1": 0.0, "FOUL_FLAGRANT_2": 0.0, "FOULED_FLAGRANT_2": 0.0, "FOUL_INBOUND": 0.0, "FOULED_INBOUND": 0.0, "FOUL_LOOSE_BALL": 0.0, "FOULED_LOOSE_BALL": 0.125, "FOUL_OFFENSIVE_CHARGE": 0.0, "FOULED_OFFENSIVE_CHARGE": 0.6666666666666666, "FOUL_OFFENSIVE_OTHER": 0.0, "FOULED_OFFENSIVE_OTHER": 0.0, "FOUL_OFFENSIVE_TOTAL": 0.16666666666666666, "FOULED_OFFENSIVE_TOTAL": 0.23076923076923078, "FOUL_PERSONAL": 0.23529411764705882, "FOULED_PERSONAL": 0.13333333333333333, "FOUL_PERSONAL_BLOCK": 0.0, "FOULED_PERSONAL_BLOCK": 0.0, "FOUL_PERSONAL_TAKE": 0.16666666666666666, "FOULED_PERSONAL_TAKE": 0.07142857142857142, "FOUL_SHOOTING": 0.27472527472527475, "FOULED_SHOOTING": 0.12631578947368421, "FOUL_SHOOTING_BLOCK": 0.0, "FOULED_SHOOTING_BLOCK": 0.0, "FOUL_TECHNICAL": 0.1111111111111111, "FT": 0.9166666666666666, "REBOUND_DEFENSIVE": 0.09615384615384616, "REBOUND_OFFENSIVE": 0.012, "STEAL": 0.14444444444444443, "SHOT_TYPE_ARC_3_OFFENSIVE": 0.28056768558951967, "SHOT_TYPE_ARC_3_DEFENSIVE": 0.3025027203482046, "SHOT_TYPE_AT_RIM_OFFENSIVE": 0.2663755458515284, "SHOT_TYPE_AT_RIM_DEFENSIVE": 0.29379760609357997, "SHOT_TYPE_CORNER_3_OFFENSIVE": 0.1146288209606987, "SHOT_TYPE_CORNER_3_DEFENSIVE": 0.09902067464635474, "SHOT_TYPE_LONG_MID_RANGE_OFFENSIVE": 0.0851528384279476, "SHOT_TYPE_LONG_MID_RANGE_DEFENSIVE": 0.09249183895538629, "SHOT_TYPE_SHORT_MID_RANGE_OFFENSIVE": 0.25327510917030566, "SHOT_TYPE_SHORT_MID_RANGE_DEFENSIVE": 0.21218715995647444, "TURNOVER": 0.12307692307692308, "VIOLATION_DEFENSIVE_GOALTENDING": 0.0,