{"ASSIST": 0.12299465240641712, "BLOCK": 0.40625, "FG_ARC_3_ATTEMPT": 0.03333333333333333, "FG_ARC_3_BLOCK": 0.0, "FG_ARC_3_MADE": 1.0, "FG_ARC_3_MADE_FOUL": 0.0, "FG_AT_RIM_ATTEMPT": 0.26436781609195403, "FG_AT_RIM_BLOCK": 0.028735632183908046, "FG_AT_RIM_MADE": 0.6086956521739131, "FG_AT_RIM_MADE_FOUL": 0.0, "FG_CORNER_3_ATTEMPT": 0.0, "FG_CORNER_3_BLOCK": 0.0, "FG_CORNER_3_MADE": 0.0, "FG_CORNER_3_MADE_FOUL": 0.0, "FG_LONG_MID_RANGE_ATTEMPT": 0.060240963855421686, "FG_LONG_MID_RANGE_BLOCK": 0.0, "FG_LONG_MID_RANGE_MADE": 0.6, "FG_LONG_MID_RANGE_MADE_FOUL": 0.0, "FG_SHORT_MID_RANGE_ATTEMPT": 0.13714285714285715, "FG_SHORT_MID_RANGE_BLOCK": 0.011428571428571429, "FG_SHORT_MID_RANGE_MADE": 0.2916666666666667, "FG_SHORT_MID_RANGE_MADE_FOUL": 0.0, "FG_XY": {"ARC_3": {"188|160": 0.2, "129|224": 0.2, "-71|250": 0.2, "-48|244": 0.2, "69|242": 0.2}, "AT_RIM": {"-15|4": 0.021739130434782608, "0|0": 0.391304347826087, "5|-6": 0.021739130434782608, "16|6": 0.021739130434782608, "23|6": 0.021739130434782608, "9|0": 0.021739130434782608, "15|10": 0.021739130434782608, "-26|17": 0.021739130434782608, "-4|10": 0.021739130434782608, "2|22": 0.021739130434782608, "4|6": 0.021739130434782608, "5|14": 0.021739130434782608, "0|10": 0.021739130434782608, "18|31": 0.021739130434782608, "2|0": 0.021739130434782608, "-7|27": 0.021739130434782608, "4|13": 0.021739130434782608, "7|4": 0.021739130434782608, "15|18": 0.021739130434782608, "-1|26": 0.021739130434782608, "27|26": 0.021739130434782608, "11|10": 0.021739130434782608, "15|14": 0.021739130434782608, "34|7": 0.021739130434782608, "26|26": 0.021739130434782608, "12|8": 0.021739130434782608, "-17|23": 0.021739130434782608, "22|28": 0.021739130434782608, "15|1": 0.021739130434782608}, "CORNER_3": {}, "LONG_MID_RANGE": {"6|179": 0.2, "124|132": 0.2, "104|113": 0.2, "-100|163": 0.2, "-88|189": 0.2}, "SHORT_MID_RANGE": {"-60|99": 0.041666666666666664, "40|20": 0.041666666666666664, "31|79": 0.041666666666666664, "-6|64": 0.041666666666666664, "100|43": 0.041666666666666664, "-29|29": 0.041666666666666664, "4|92": 0.041666666666666664, "-2|80": 0.041666666666666664, "62|24": 0.041666666666666664, "-6|96": 0.041666666666666664, "-2|44": 0.041666666666666664, "110|17": 0.041666666666666664, "54|4": 0.041666666666666664, "26|116": 0.041666666666666664, "138|-16": 0.041666666666666664, "-27|83": 0.041666666666666664, "-22|46": 0.041666666666666664, "94|11": 0.041666666666666664, "50|12": 0.041666666666666664, "96|26": 0.041666666666666664, "-26|45": 0.041666666666666664, "103|30": 0.041666666666666664, "-40|67": 0.041666666666666664, "-20|36": 0.041666666666666664}}, "FOUL_AWAY_FROM_PLAY": 0.0, "FOULED_AWAY_FROM_PLAY": 0.0, "FOUL_CLEAR_PATH": 0.0, "FOULED_CLEAR_PATH": 0.0, "FOUL_COUNT_AS_PERSONAL": 0.2882882882882883, "FOULED_COUNT_AS_PERSONAL": 0.24107142857142858, "FOUL_COUNT_TOWARD_PENALTY": 0.2727272727272727, "FOULED_COUNT_TOWARD_PENALTY": 0.2553191489361702, "FOUL_DEFENSIVE_NON_SHOOTING": 0.11363636363636363, "FOULED_DEFENSIVE_NON_SHOOTING": 0.22448979591836735, "FOUL_DOUBLE": 0.0, "FOUL_TECHNICAL_DOUBLE": 0.0, "FOUL_FLAGRANT": 0.5, "FOULED_FLAGRANT": 0.0, "FOUL_FLAGRANT_1": 0.5, "FOULED_FLAGRANT_1": 0.0, "FOUL_FLAGRANT_2": 0.0, "FOULED_FLAGRANT_2": 0.0, "FOUL_INBOUND": 0.0, "FOULED_INBOUND": 0.0, "FOUL_LOOSE_BALL": 0.0, "FOULED_LOOSE_BALL": 0.5714285714285714, "FOUL_OFFENSIVE_CHARGE": 0.5, "FOULED_OFFENSIVE_CHARGE": 0.14285714285714285, "FOUL_OFFENSIVE_OTHER": 0.0, "FOULED_OFFENSIVE_OTHER": 0.0, "FOUL_OFFENSIVE_TOTAL": 0.4166666666666667, "FOULED_OFFENSIVE_TOTAL": 0.16666666666666666, "FOUL_PERSONAL": 0.06451612903225806, "FOULED_PERSONAL": 0.22580645161290322, "FOUL_PERSONAL_BLOCK": 0.0, "FOULED_PERSONAL_BLOCK": 0.0, "FOUL_PERSONAL_TAKE": 0.4, "FOULED_PERSONAL_TAKE": 0.0, "FOUL_SHOOTING": 0.4, "FOULED_SHOOTING": 0.28888888888888886, "FOUL_SHOOTING_BLOCK": 0.0, "FOULED_SHOOTING_BLOCK": 0.0, "FOUL_TECHNICAL": 0.0, "FT": 0.37037037037037035, "REBOUND_DEFENSIVE": 0.1624203821656051, "REBOUND_OFFENSIVE": 0.1440922190201729, "STEAL": 0.1, "SHOT_TYPE_ARC_3_OFFENSIVE": 0.23923444976076555, "SHOT_TYPE_ARC_3_DEFENSIVE": 0.2668918918918919, "SHOT_TYPE_AT_RIM_OFFENSIVE": 0.27751196172248804, "SHOT_TYPE_AT_RIM_DEFENSIVE": 0.3344594594594595, "SHOT_TYPE_CORNER_3_OFFENSIVE": 0.07177033492822966, "SHOT_TYPE_CORNER_3_DEFENSIVE": 0.08108108108108109, "SHOT_TYPE_LONG_MID_RANGE_OFFENSIVE": 0.13237639553429026, "SHOT_TYPE_LONG_MID_RANGE_DEFENSIVE": 0.10810810810810811, "SHOT_TYPE_SHORT_MID_RANGE_OFFENSIVE": 0.27910685805422647, "SHOT_TYPE_SHORT_MID_RANGE_DEFENSIVE": 0.20945945945945946, "TURNOVER": 0.18181818181818182, "VIOLATION_DEFENSIVE_GOALTENDING": 0.0, "VIOLATION_DEFENSIVE_KICK_BALL": 0.0}