{"ASSIST": 0.11363636363636363, "BLOCK": 0.11538461538461539, "FG_ARC_3_ATTEMPT": 0.11891891891891893, "FG_ARC_3_BLOCK": 0.0, "FG_ARC_3_MADE": 0.22727272727272727, "FG_ARC_3_MADE_FOUL": 0.0, "FG_AT_RIM_ATTEMPT": 0.08496732026143791, "FG_AT_RIM_BLOCK": 0.0, "FG_AT_RIM_MADE": 0.6923076923076923, "FG_AT_RIM_MADE_FOUL": 0.0, "FG_CORNER_3_ATTEMPT": 0.3225806451612903, "FG_CORNER_3_BLOCK": 0.0, "FG_CORNER_3_MADE": 0.1, "FG_CORNER_3_MADE_FOUL": 0.0, "FG_LONG_MID_RANGE_ATTEMPT": 0.037037037037037035, "FG_LONG_MID_RANGE_BLOCK": 0.0, "FG_LONG_MID_RANGE_MADE": 0.0, "FG_LONG_MID_RANGE_MADE_FOUL": 0.0, "FG_SHORT_MID_RANGE_ATTEMPT": 0.09333333333333334, "FG_SHORT_MID_RANGE_BLOCK": 0.0, "FG_SHORT_MID_RANGE_MADE": 0.2857142857142857, "FG_SHORT_MID_RANGE_MADE_FOUL": 0.0, "FG_XY": {"ARC_3": {"102|243": 0.045454545454545456, "-211|132": 0.045454545454545456, "183|164": 0.045454545454545456, "-163|244": 0.045454545454545456, "-18|263": 0.045454545454545456, "-103|240": 0.045454545454545456, "99|222": 0.045454545454545456, "151|202": 0.045454545454545456, "-194|169": 0.045454545454545456, "-4|268": 0.045454545454545456, "85|236": 0.045454545454545456, "169|178": 0.045454545454545456, "194|151": 0.045454545454545456, "203|136": 0.045454545454545456, "178|169": 0.045454545454545456, "-60|243": 0.045454545454545456, "-192|162": 0.045454545454545456, "-217|143": 0.045454545454545456, "195|171": 0.045454545454545456, "-205|161": 0.045454545454545456, "134|218": 0.045454545454545456, "-125|224": 0.045454545454545456}, "AT_RIM": {"1|4": 0.07692307692307693, "1|11": 0.07692307692307693, "0|0": 0.07692307692307693, "-1|4": 0.07692307692307693, "-27|0": 0.07692307692307693, "5|8": 0.07692307692307693, "-1|20": 0.07692307692307693, "-5|0": 0.07692307692307693, "15|25": 0.07692307692307693, "1|34": 0.07692307692307693, "4|21": 0.07692307692307693, "-7|7": 0.07692307692307693, "-5|6": 0.07692307692307693}, "CORNER_3": {"-224|84": 0.05, "232|5": 0.05, "-228|24": 0.05, "229|25": 0.05, "225|-25": 0.05, "229|8": 0.05, "-227|-4": 0.05, "-223|24": 0.05, "222|5": 0.05, "-229|-8": 0.05, "-239|23": 0.05, "228|1": 0.05, "-223|72": 0.05, "223|78": 0.05, "221|64": 0.05, "-232|17": 0.05, "-233|32": 0.05, "-221|53": 0.05, "238|55": 0.05, "233|62": 0.05}, "LONG_MID_RANGE": {"167|127": 1.0}, "SHORT_MID_RANGE": {"-26|120": 0.14285714285714285, "-6|42": 0.14285714285714285, "-31|116": 0.14285714285714285, "-56|63": 0.14285714285714285, "-6|94": 0.14285714285714285, "-33|73": 0.14285714285714285, "131|-4": 0.14285714285714285}}, "FOUL_AWAY_FROM_PLAY": 0.0, "FOULED_AWAY_FROM_PLAY": 0.0, "FOUL_CLEAR_PATH": 0.0, "FOULED_CLEAR_PATH": 0.0, "FOUL_COUNT_AS_PERSONAL": 0.17777777777777778, "FOULED_COUNT_AS_PERSONAL": 0.14545454545454545, "FOUL_COUNT_TOWARD_PENALTY": 0.19008264462809918, "FOULED_COUNT_TOWARD_PENALTY": 0.09090909090909091, "FOUL_DEFENSIVE_NON_SHOOTING": 0.14285714285714285, "FOULED_DEFENSIVE_NON_SHOOTING": 0.021739130434782608, "FOUL_DOUBLE": 0.0, "FOUL_TECHNICAL_DOUBLE": 0.0, "FOUL_FLAGRANT": 1.0, "FOULED_FLAGRANT": 0.0, "FOUL_FLAGRANT_1": 0.0, "FOULED_FLAGRANT_1": 0.0, "FOUL_FLAGRANT_2": 1.0, "FOULED_FLAGRANT_2": 0.0, "FOUL_INBOUND": 0.0, "FOULED_INBOUND": 0.0, "FOUL_LOOSE_BALL": 0.0, "FOULED_LOOSE_BALL": 0.0, "FOUL_OFFENSIVE_CHARGE": 0.0, "FOULED_OFFENSIVE_CHARGE": 0.5, "FOUL_OFFENSIVE_OTHER": 0.0, "FOULED_OFFENSIVE_OTHER": 0.0, "FOUL_OFFENSIVE_TOTAL": 0.07692307692307693, "FOULED_OFFENSIVE_TOTAL": 0.36363636363636365, "FOUL_PERSONAL": 0.12195121951219512, "FOULED_PERSONAL": 0.029411764705882353, "FOUL_PERSONAL_BLOCK": 0.0, "FOULED_PERSONAL_BLOCK": 0.0, "FOUL_PERSONAL_TAKE": 0.2, "FOULED_PERSONAL_TAKE": 0.0, "FOUL_SHOOTING": 0.22727272727272727, "FOULED_SHOOTING": 0.17073170731707318, "FOUL_SHOOTING_BLOCK": 0.0, "FOULED_SHOOTING_BLOCK": 0.0, "FOUL_TECHNICAL": 0.25, "FT": 0.75, "REBOUND_DEFENSIVE": 0.10902255639097744, "REBOUND_OFFENSIVE": 0.02922077922077922, "STEAL": 0.16666666666666666, "SHOT_TYPE_ARC_3_OFFENSIVE": 0.36852589641434264, "SHOT_TYPE_ARC_3_DEFENSIVE": 0.3065217391304348, "SHOT_TYPE_AT_RIM_OFFENSIVE": 0.3047808764940239, "SHOT_TYPE_AT_RIM_DEFENSIVE": 0.27608695652173915, "SHOT_TYPE_CORNER_3_OFFENSIVE": 0.12350597609561753, "SHOT_TYPE_CORNER_3_DEFENSIVE": 0.13260869565217392, "SHOT_TYPE_LONG_MID_RANGE_OFFENSIVE": 0.053784860557768925, "SHOT_TYPE_LONG_MID_RANGE_DEFENSIVE": 0.0891304347826087, "SHOT_TYPE_SHORT_MID_RANGE_OFFENSIVE": 0.14940239043824702, "SHOT_TYPE_SHORT_MID_RANGE_DEFENSIVE": 0.1956521739130435, "TURNOVER": 0.11764705882352941, "VIOLATION_DEFENSIVE_GOALTENDING": 0.0, "VIOLATION_DEFENSIVE_KICK_BALL": 0.2}