{"ASSIST": 0.14864864864864866, "BLOCK": 0.23529411764705882, "FG_ARC_3_ATTEMPT": 0.16, "FG_ARC_3_BLOCK": 0.0, "FG_ARC_3_MADE": 0.375, "FG_ARC_3_MADE_FOUL": 0.0, "FG_AT_RIM_ATTEMPT": 0.17757009345794392, "FG_AT_RIM_BLOCK": 0.028037383177570093, "FG_AT_RIM_MADE": 0.2631578947368421, "FG_AT_RIM_MADE_FOUL": 0.0, "FG_CORNER_3_ATTEMPT": 0.3, "FG_CORNER_3_BLOCK": 0.0, "FG_CORNER_3_MADE": 0.16666666666666666, "FG_CORNER_3_MADE_FOUL": 0.0, "FG_LONG_MID_RANGE_ATTEMPT": 0.125, "FG_LONG_MID_RANGE_BLOCK": 0.0, "FG_LONG_MID_RANGE_MADE": 0.5, "FG_LONG_MID_RANGE_MADE_FOUL": 0.0, "FG_SHORT_MID_RANGE_ATTEMPT": 0.17073170731707318, "FG_SHORT_MID_RANGE_BLOCK": 0.024390243902439025, "FG_SHORT_MID_RANGE_MADE": 0.2857142857142857, "FG_SHORT_MID_RANGE_MADE_FOUL": 0.0, "FG_XY": {"ARC_3": {"26|277": 0.0625, "143|211": 0.0625, "44|245": 0.0625, "58|247": 0.0625, "31|261": 0.0625, "221|126": 0.0625, "-12|262": 0.0625, "92|233": 0.0625, "140|238": 0.0625, "118|217": 0.0625, "-99|313": 0.0625, "-189|165": 0.0625, "134|228": 0.0625, "118|233": 0.0625, "-170|225": 0.0625, "6|257": 0.0625}, "AT_RIM": {"37|13": 0.05263157894736842, "-15|8": 0.05263157894736842, "5|13": 0.05263157894736842, "-18|8": 0.05263157894736842, "18|11": 0.05263157894736842, "11|6": 0.05263157894736842, "-25|10": 0.05263157894736842, "10|20": 0.05263157894736842, "0|13": 0.05263157894736842, "1|21": 0.05263157894736842, "-1|11": 0.05263157894736842, "5|11": 0.05263157894736842, "12|10": 0.05263157894736842, "12|12": 0.05263157894736842, "0|17": 0.05263157894736842, "-6|8": 0.05263157894736842, "-7|10": 0.10526315789473684, "18|12": 0.05263157894736842}, "CORNER_3": {"-232|8": 0.16666666666666666, "229|24": 0.16666666666666666, "229|44": 0.16666666666666666, "-237|41": 0.16666666666666666, "232|12": 0.16666666666666666, "229|28": 0.16666666666666666}, "LONG_MID_RANGE": {"-206|4": 0.5, "-99|154": 0.5}, "SHORT_MID_RANGE": {"-23|105": 0.14285714285714285, "0|122": 0.14285714285714285, "-76|41": 0.14285714285714285, "-4|62": 0.14285714285714285, "-83|78": 0.14285714285714285, "6|71": 0.14285714285714285, "33|58": 0.14285714285714285}}, "FOUL_AWAY_FROM_PLAY": 0.0, "FOULED_AWAY_FROM_PLAY": 0.0, "FOUL_CLEAR_PATH": 0.0, "FOULED_CLEAR_PATH": 0.0, "FOUL_COUNT_AS_PERSONAL": 0.22641509433962265, "FOULED_COUNT_AS_PERSONAL": 0.09090909090909091, "FOUL_COUNT_TOWARD_PENALTY": 0.23076923076923078, "FOULED_COUNT_TOWARD_PENALTY": 0.10294117647058823, "FOUL_DEFENSIVE_NON_SHOOTING": 0.18181818181818182, "FOULED_DEFENSIVE_NON_SHOOTING": 0.16666666666666666, "FOUL_DOUBLE": 0.0, "FOUL_TECHNICAL_DOUBLE": 0.0, "FOUL_FLAGRANT": 0.0, "FOULED_FLAGRANT": 0.0, "FOUL_FLAGRANT_1": 0.0, "FOULED_FLAGRANT_1": 0.0, "FOUL_FLAGRANT_2": 0.0, "FOULED_FLAGRANT_2": 0.0, "FOUL_INBOUND": 0.0, "FOULED_INBOUND": 0.0, "FOUL_LOOSE_BALL": 0.0, "FOULED_LOOSE_BALL": 0.2, "FOUL_OFFENSIVE_CHARGE": 0.0, "FOULED_OFFENSIVE_CHARGE": 0.0, "FOUL_OFFENSIVE_OTHER": 0.0, "FOULED_OFFENSIVE_OTHER": 0.0, "FOUL_OFFENSIVE_TOTAL": 0.0, "FOULED_OFFENSIVE_TOTAL": 0.0, "FOUL_PERSONAL": 0.2857142857142857, "FOULED_PERSONAL": 0.15, "FOUL_PERSONAL_BLOCK": 0.0, "FOULED_PERSONAL_BLOCK": 0.0, "FOUL_PERSONAL_TAKE": 0.0, "FOULED_PERSONAL_TAKE": 0.2, "FOUL_SHOOTING": 0.26666666666666666, "FOULED_SHOOTING": 0.05263157894736842, "FOUL_SHOOTING_BLOCK": 0.0, "FOULED_SHOOTING_BLOCK": 0.0, "FOUL_TECHNICAL": 0.0, "FT": 0.9166666666666666, "REBOUND_DEFENSIVE": 0.16568047337278108, "REBOUND_OFFENSIVE": 0.011560693641618497, "STEAL": 0.21739130434782608, "SHOT_TYPE_ARC_3_OFFENSIVE": 0.352112676056338, "SHOT_TYPE_ARC_3_DEFENSIVE": 0.3222591362126246, "SHOT_TYPE_AT_RIM_OFFENSIVE": 0.3767605633802817, "SHOT_TYPE_AT_RIM_DEFENSIVE": 0.31561461794019935, "SHOT_TYPE_CORNER_3_OFFENSIVE": 0.07042253521126761, "SHOT_TYPE_CORNER_3_DEFENSIVE": 0.11627906976744186, "SHOT_TYPE_LONG_MID_RANGE_OFFENSIVE": 0.056338028169014086, "SHOT_TYPE_LONG_MID_RANGE_DEFENSIVE": 0.08970099667774087, "SHOT_TYPE_SHORT_MID_RANGE_OFFENSIVE": 0.1443661971830986, "SHOT_TYPE_SHORT_MID_RANGE_DEFENSIVE": 0.15614617940199335, "TURNOVER": 0.18181818181818182, "VIOLATION_DEFENSIVE_GOALTENDING": 0.0, "VIOLATION_DEFENSIVE_KICK_BALL": 0.0}