{"ASSIST": 0.23008849557522124, "BLOCK": 0.045454545454545456, "FG_ARC_3_ATTEMPT": 0.29259259259259257, "FG_ARC_3_BLOCK": 0.0, "FG_ARC_3_MADE": 0.27848101265822783, "FG_ARC_3_MADE_FOUL": 0.0, "FG_AT_RIM_ATTEMPT": 0.16444444444444445, "FG_AT_RIM_BLOCK": 0.0044444444444444444, "FG_AT_RIM_MADE": 0.7837837837837838, "FG_AT_RIM_MADE_FOUL": 0.017777777777777778, "FG_CORNER_3_ATTEMPT": 0.24719101123595505, "FG_CORNER_3_BLOCK": 0.011235955056179775, "FG_CORNER_3_MADE": 0.3181818181818182, "FG_CORNER_3_MADE_FOUL": 0.0, "FG_LONG_MID_RANGE_ATTEMPT": 0.14666666666666667, "FG_LONG_MID_RANGE_BLOCK": 0.0, "FG_LONG_MID_RANGE_MADE": 0.2727272727272727, "FG_LONG_MID_RANGE_MADE_FOUL": 0.0, "FG_SHORT_MID_RANGE_ATTEMPT": 0.18691588785046728, "FG_SHORT_MID_RANGE_BLOCK": 0.014018691588785047, "FG_SHORT_MID_RANGE_MADE": 0.425, "FG_SHORT_MID_RANGE_MADE_FOUL": 0.014018691588785047, "FG_XY": {"ARC_3": {"-43|249": 0.012658227848101266, "162|183": 0.012658227848101266, "-173|200": 0.012658227848101266, "-89|246": 0.012658227848101266, "163|189": 0.012658227848101266, "176|186": 0.012658227848101266, "-67|248": 0.012658227848101266, "-36|264": 0.012658227848101266, "-159|226": 0.012658227848101266, "201|176": 0.012658227848101266, "-156|230": 0.012658227848101266, "-228|109": 0.012658227848101266, "-141|209": 0.012658227848101266, "191|171": 0.012658227848101266, "80|246": 0.012658227848101266, "176|176": 0.012658227848101266, "132|216": 0.012658227848101266, "-75|262": 0.012658227848101266, "7|257": 0.012658227848101266, "-165|223": 0.012658227848101266, "173|202": 0.012658227848101266, "221|106": 0.012658227848101266, "-33|252": 0.012658227848101266, "146|222": 0.012658227848101266, "-20|259": 0.012658227848101266, "-145|238": 0.012658227848101266, "-127|232": 0.012658227848101266, "115|237": 0.012658227848101266, "-188|175": 0.012658227848101266, "-181|209": 0.012658227848101266, "91|243": 0.012658227848101266, "-9|257": 0.012658227848101266, "-181|176": 0.012658227848101266, "-130|219": 0.012658227848101266, "-60|274": 0.012658227848101266, "59|252": 0.012658227848101266, "-21|572": 0.012658227848101266, "-38|269": 0.012658227848101266, "183|168": 0.012658227848101266, "154|241": 0.012658227848101266, "183|178": 0.012658227848101266, "-185|200": 0.012658227848101266, "173|204": 0.012658227848101266, "-188|222": 0.012658227848101266, "92|253": 0.012658227848101266, "205|167": 0.012658227848101266, "-127|229": 0.012658227848101266, "45|288": 0.012658227848101266, "-137|230": 0.012658227848101266, "184|163": 0.012658227848101266, "212|169": 0.012658227848101266, "112|218": 0.012658227848101266, "180|194": 0.012658227848101266, "-174|205": 0.012658227848101266, "-87|251": 0.012658227848101266, "13|269": 0.012658227848101266, "-191|173": 0.012658227848101266, "-75|259": 0.012658227848101266, "-195|158": 0.012658227848101266, "-179|177": 0.012658227848101266, "82|238": 0.012658227848101266, "-181|188": 0.012658227848101266, "-202|173": 0.012658227848101266, "-118|214": 0.012658227848101266, "-189|184": 0.012658227848101266, "138|209": 0.012658227848101266, "234|90": 0.012658227848101266, "137|240": 0.012658227848101266, "-216|136": 0.012658227848101266, "85|258": 0.012658227848101266, "146|203": 0.012658227848101266, "-183|176": 0.012658227848101266, "-161|239": 0.012658227848101266, "183|175": 0.012658227848101266, "25|253": 0.012658227848101266, "-194|179": 0.012658227848101266, "161|207": 0.012658227848101266, "-180|231": 0.012658227848101266, "140|216": 0.012658227848101266}, "AT_RIM": {"23|10": 0.02702702702702703, "11|10": 0.02702702702702703, "6|2": 0.02702702702702703, "11|0": 0.02702702702702703, "-22|16": 0.02702702702702703, "2|11": 0.02702702702702703, "-36|-7": 0.02702702702702703, "6|13": 0.02702702702702703, "22|5": 0.02702702702702703, "-12|0": 0.02702702702702703, "4|29": 0.02702702702702703, "5|21": 0.02702702702702703, "-26|0": 0.02702702702702703, "4|-8": 0.02702702702702703, "16|4": 0.02702702702702703, "13|-1": 0.02702702702702703, "-6|26": 0.02702702702702703, "17|21": 0.02702702702702703, "5|17": 0.02702702702702703, "15|11": 0.02702702702702703, "29|-2": 0.02702702702702703, "26|20": 0.02702702702702703, "-4|4": 0.02702702702702703, "17|8": 0.02702702702702703, "1|12": 0.02702702702702703, "-13|27": 0.02702702702702703, "16|20": 0.02702702702702703, "-9|37": 0.02702702702702703, "2|18": 0.02702702702702703, "-1|1": 0.02702702702702703, "4|-10": 0.02702702702702703, "4|7": 0.02702702702702703, "-23|12": 0.02702702702702703, "7|16": 0.02702702702702703, "21|1": 0.02702702702702703, "17|6": 0.02702702702702703, "0|-6": 0.02702702702702703}, "CORNER_3": {"225|45": 0.045454545454545456, "223|67": 0.045454545454545456, "-229|21": 0.045454545454545456, "225|13": 0.045454545454545456, "-232|5": 0.045454545454545456, "-230|54": 0.045454545454545456, "-243|21": 0.045454545454545456, "-243|30": 0.045454545454545456, "-246|46": 0.045454545454545456, "225|28": 0.045454545454545456, "-234|63": 0.045454545454545456, "-246|-6": 0.045454545454545456, "-244|87": 0.045454545454545456, "225|15": 0.045454545454545456, "229|60": 0.045454545454545456, "-229|11": 0.045454545454545456, "235|-4": 0.045454545454545456, "230|36": 0.045454545454545456, "232|67": 0.045454545454545456, "-227|-11": 0.045454545454545456, "-232|-11": 0.045454545454545456, "223|25": 0.045454545454545456}, "LONG_MID_RANGE": {"34|143": 0.09090909090909091, "96|169": 0.09090909090909091, "97|136": 0.09090909090909091, "74|152": 0.09090909090909091, "-10|193": 0.09090909090909091, "108|135": 0.09090909090909091, "183|27": 0.09090909090909091, "-118|168": 0.09090909090909091, "25|183": 0.09090909090909091, "191|21": 0.09090909090909091, "105|131": 0.09090909090909091}, "SHORT_MID_RANGE": {"0|67": 0.025, "38|16": 0.025, "22|48": 0.025, "75|71": 0.025, "-50|117": 0.025, "43|62": 0.025, "1|82": 0.025, "-4|69": 0.025, "-53|18": 0.025, "39|43": 0.025, "49|46": 0.025, "26|32": 0.025, "-75|27": 0.025, "-40|6": 0.025, "-13|89": 0.025, "-15|106": 0.025, "-71|-1": 0.025, "-50|15": 0.025, "-39|43": 0.025, "92|52": 0.025, "121|13": 0.025, "77|46": 0.025, "45|8": 0.025, "-96|77": 0.025, "-9|127": 0.025, "55|111": 0.025, "-6|56": 0.025, "-45|61": 0.025, "-27|35": 0.025, "40|2": 0.025, "81|-1": 0.025, "6|95": 0.025, "43|92": 0.025, "-49|11": 0.025, "20|103": 0.025, "27|75": 0.025, "43|76": 0.025, "-47|59": 0.025, "60|52": 0.025, "77|49": 0.025}}, "FOUL_AWAY_FROM_PLAY": 0.0, "FOULED_AWAY_FROM_PLAY": 1.0, "FOUL_CLEAR_PATH": 0.0, "FOULED_CLEAR_PATH": 0.0, "FOUL_COUNT_AS_PERSONAL": 0.0891089108910891, "FOULED_COUNT_AS_PERSONAL": 0.1377245508982036, "FOUL_COUNT_TOWARD_PENALTY": 0.0962566844919786, "FOULED_COUNT_TOWARD_PENALTY": 0.1390728476821192, "FOUL_DEFENSIVE_NON_SHOOTING": 0.08247422680412371, "FOULED_DEFENSIVE_NON_SHOOTING": 0.14285714285714285, "FOUL_DOUBLE": 0.0, "FOUL_TECHNICAL_DOUBLE": 0.0, "FOUL_FLAGRANT": 0.0, "FOULED_FLAGRANT": 0.0, "FOUL_FLAGRANT_1": 0.0, "FOULED_FLAGRANT_1": 0.0, "FOUL_FLAGRANT_2": 0.0, "FOULED_FLAGRANT_2": 0.0, "FOUL_INBOUND": 0.0, "FOULED_INBOUND": 0.0, "FOUL_LOOSE_BALL": 0.0, "FOULED_LOOSE_BALL": 0.125, "FOUL_OFFENSIVE_CHARGE": 0.0, "FOULED_OFFENSIVE_CHARGE": 0.0, "FOUL_OFFENSIVE_OTHER": 0.0, "FOULED_OFFENSIVE_OTHER": 0.0, "FOUL_OFFENSIVE_TOTAL": 0.0, "FOULED_OFFENSIVE_TOTAL": 0.125, "FOUL_PERSONAL": 0.07142857142857142, "FOULED_PERSONAL": 0.15789473684210525, "FOUL_PERSONAL_BLOCK": 0.0, "FOULED_PERSONAL_BLOCK": 0.0, "FOUL_PERSONAL_TAKE": 0.14285714285714285, "FOULED_PERSONAL_TAKE": 0.09090909090909091, "FOUL_SHOOTING": 0.11235955056179775, "FOULED_SHOOTING": 0.1232876712328767, "FOUL_SHOOTING_BLOCK": 0.0, "FOULED_SHOOTING_BLOCK": 0.0, "FOUL_TECHNICAL": 0.0, "FT": 0.7916666666666666, "REBOUND_DEFENSIVE": 0.09896907216494845, "REBOUND_OFFENSIVE": 0.014492753623188406, "STEAL": 0.1797752808988764, "SHOT_TYPE_ARC_3_OFFENSIVE": 0.30927835051546393, "SHOT_TYPE_ARC_3_DEFENSIVE": 0.2914285714285714, "SHOT_TYPE_AT_RIM_OFFENSIVE": 0.25773195876288657, "SHOT_TYPE_AT_RIM_DEFENSIVE": 0.31885714285714284,