{"ASSIST": 0.2246376811594203, "BLOCK": 0.2916666666666667, "FG_ARC_3_ATTEMPT": 0.17682926829268292, "FG_ARC_3_BLOCK": 0.0, "FG_ARC_3_MADE": 0.4482758620689655, "FG_ARC_3_MADE_FOUL": 0.0, "FG_AT_RIM_ATTEMPT": 0.1958041958041958, "FG_AT_RIM_BLOCK": 0.02097902097902098, "FG_AT_RIM_MADE": 0.6428571428571429, "FG_AT_RIM_MADE_FOUL": 0.013986013986013986, "FG_CORNER_3_ATTEMPT": 0.19444444444444445, "FG_CORNER_3_BLOCK": 0.0, "FG_CORNER_3_MADE": 0.42857142857142855, "FG_CORNER_3_MADE_FOUL": 0.0, "FG_LONG_MID_RANGE_ATTEMPT": 0.3287671232876712, "FG_LONG_MID_RANGE_BLOCK": 0.0136986301369863, "FG_LONG_MID_RANGE_MADE": 0.4583333333333333, "FG_LONG_MID_RANGE_MADE_FOUL": 0.0, "FG_SHORT_MID_RANGE_ATTEMPT": 0.2764227642276423, "FG_SHORT_MID_RANGE_BLOCK": 0.016260162601626018, "FG_SHORT_MID_RANGE_MADE": 0.38235294117647056, "FG_SHORT_MID_RANGE_MADE_FOUL": 0.016260162601626018, "FG_XY": {"ARC_3": {"29|247": 0.034482758620689655, "-211|142": 0.034482758620689655, "-181|169": 0.034482758620689655, "18|253": 0.034482758620689655, "-110|239": 0.034482758620689655, "-175|201": 0.034482758620689655, "222|110": 0.034482758620689655, "-195|157": 0.034482758620689655, "148|208": 0.034482758620689655, "156|205": 0.034482758620689655, "-223|108": 0.034482758620689655, "-165|195": 0.034482758620689655, "-58|241": 0.034482758620689655, "158|205": 0.034482758620689655, "178|183": 0.034482758620689655, "223|109": 0.034482758620689655, "-23|250": 0.034482758620689655, "134|212": 0.034482758620689655, "-94|242": 0.034482758620689655, "164|200": 0.034482758620689655, "-132|213": 0.034482758620689655, "64|289": 0.034482758620689655, "163|228": 0.034482758620689655, "65|252": 0.034482758620689655, "-72|245": 0.034482758620689655, "-16|251": 0.034482758620689655, "58|250": 0.034482758620689655, "109|231": 0.034482758620689655, "206|144": 0.034482758620689655}, "AT_RIM": {"12|6": 0.07142857142857142, "-17|20": 0.03571428571428571, "-7|16": 0.03571428571428571, "5|9": 0.03571428571428571, "29|12": 0.03571428571428571, "-11|2": 0.03571428571428571, "-5|1": 0.03571428571428571, "12|-8": 0.03571428571428571, "1|2": 0.03571428571428571, "7|11": 0.03571428571428571, "-10|6": 0.03571428571428571, "-6|5": 0.03571428571428571, "27|7": 0.03571428571428571, "-16|7": 0.03571428571428571, "-31|1": 0.03571428571428571, "-6|31": 0.03571428571428571, "25|20": 0.03571428571428571, "26|7": 0.03571428571428571, "18|18": 0.03571428571428571, "-31|15": 0.03571428571428571, "0|0": 0.03571428571428571, "-6|21": 0.03571428571428571, "7|17": 0.03571428571428571, "1|15": 0.03571428571428571, "-6|19": 0.03571428571428571, "0|18": 0.03571428571428571, "-26|15": 0.03571428571428571}, "CORNER_3": {"227|6": 0.14285714285714285, "227|8": 0.14285714285714285, "229|-22": 0.14285714285714285, "225|17": 0.14285714285714285, "233|30": 0.14285714285714285, "228|32": 0.14285714285714285, "232|43": 0.14285714285714285}, "LONG_MID_RANGE": {"-156|46": 0.041666666666666664, "74|142": 0.041666666666666664, "36|214": 0.041666666666666664, "-137|70": 0.041666666666666664, "-88|193": 0.041666666666666664, "-75|128": 0.041666666666666664, "-53|215": 0.041666666666666664, "-26|194": 0.041666666666666664, "-161|110": 0.041666666666666664, "-140|58": 0.041666666666666664, "-49|178": 0.041666666666666664, "-116|124": 0.041666666666666664, "-34|177": 0.041666666666666664, "-96|146": 0.041666666666666664, "152|93": 0.041666666666666664, "-51|152": 0.041666666666666664, "-37|189": 0.041666666666666664, "45|150": 0.041666666666666664, "-173|117": 0.041666666666666664, "127|162": 0.041666666666666664, "-163|113": 0.041666666666666664, "50|199": 0.041666666666666664, "-1|151": 0.041666666666666664, "-49|212": 0.041666666666666664}, "SHORT_MID_RANGE": {"2|89": 0.029411764705882353, "2|46": 0.029411764705882353, "74|66": 0.029411764705882353, "36|119": 0.029411764705882353, "-104|-4": 0.029411764705882353, "-44|30": 0.029411764705882353, "-49|65": 0.029411764705882353, "2|110": 0.029411764705882353, "61|31": 0.029411764705882353, "72|7": 0.029411764705882353, "-25|31": 0.029411764705882353, "20|79": 0.029411764705882353, "-108|6": 0.029411764705882353, "42|88": 0.029411764705882353, "-51|49": 0.029411764705882353, "94|97": 0.029411764705882353, "-9|137": 0.029411764705882353, "12|62": 0.029411764705882353, "-50|85": 0.029411764705882353, "-76|51": 0.029411764705882353, "-54|15": 0.029411764705882353, "47|52": 0.029411764705882353, "29|51": 0.029411764705882353, "43|43": 0.029411764705882353, "-21|38": 0.029411764705882353, "-34|21": 0.029411764705882353, "-62|101": 0.029411764705882353, "20|94": 0.029411764705882353, "38|56": 0.029411764705882353, "-9|63": 0.029411764705882353, "-67|85": 0.029411764705882353, "-18|97": 0.029411764705882353, "114|67": 0.029411764705882353, "-39|64": 0.029411764705882353}}, "FOUL_AWAY_FROM_PLAY": 0.0, "FOULED_AWAY_FROM_PLAY": 0.0, "FOUL_CLEAR_PATH": 0.0, "FOULED_CLEAR_PATH": 0.0, "FOUL_COUNT_AS_PERSONAL": 0.21311475409836064, "FOULED_COUNT_AS_PERSONAL": 0.3448275862068966, "FOUL_COUNT_TOWARD_PENALTY": 0.2018348623853211, "FOULED_COUNT_TOWARD_PENALTY": 0.3486238532110092, "FOUL_DEFENSIVE_NON_SHOOTING": 0.22807017543859648, "FOULED_DEFENSIVE_NON_SHOOTING": 0.3333333333333333, "FOUL_DOUBLE": 0.0, "FOUL_TECHNICAL_DOUBLE": 0.0, "FOUL_FLAGRANT": 0.0, "FOULED_FLAGRANT": 0.0, "FOUL_FLAGRANT_1": 0.0, "FOULED_FLAGRANT_1": 0.0, "FOUL_FLAGRANT_2": 0.0, "FOULED_FLAGRANT_2": 0.0, "FOUL_INBOUND": 0.0, "FOULED_INBOUND": 0.0, "FOUL_LOOSE_BALL": 0.0, "FOULED_LOOSE_BALL": 0.0, "FOUL_OFFENSIVE_CHARGE": 0.42857142857142855, "FOULED_OFFENSIVE_CHARGE": 0.0, "FOUL_OFFENSIVE_OTHER": 0.0, "FOULED_OFFENSIVE_OTHER": 0.0, "FOUL_OFFENSIVE_TOTAL": 0.3076923076923077, "FOULED_OFFENSIVE_TOTAL": 0.2857142857142857, "FOUL_PERSONAL": 0.2926829268292683, "FOULED_PERSONAL": 0.32142857142857145, "FOUL_PERSONAL_BLOCK": 0.0, "FOULED_PERSONAL_BLOCK": 0.0, "FOUL_PERSONAL_TAKE": 0.2, "FOULED_PERSONAL_TAKE": 0.625, "FOUL_SHOOTING": 0.17307692307692307, "FOULED_SHOOTING": 0.3582089552238806, "FOUL_SHOOTING_BLOCK": 0.0, "FOULED_SHOOTING_BLOCK": 0.0, "FOUL_TECHNICAL": 1.0, "FT": 0.7391304347826086, "REBOUND_DEFENSIVE": 0.17228464419475656, "REBOUND_OFFENSIVE": 0.06209150326797386, "STEAL": 0.17391304347826086, "SHOT_TYPE_ARC_3_OFFENSIVE": 0.3042671614100185, "SHOT_TYPE_ARC_3_DEFENSIVE": 0.26953125, "SHOT_TYPE_AT_RIM_OFFENSIVE": 0.2653061224489796, "SHOT_TYPE_AT_RIM_DEFENSIVE": 0.291015625, "SHOT_TYPE_CORNER_3_OFFENSIVE": 0.06679035250463822, "SHOT_TYPE_CORNER_3_DEFENSIVE": 0.162109375, "SHOT_TYPE_LONG_MID_RANGE_OFFENSIVE": 0.13543599257884972, "SHOT_TYPE_LONG_MID_RANGE_DEFENSIVE": 0.08203125, "SHOT_TYPE_SHORT_MID_RANGE_OFFENSIVE": 0.22820037105751392, "SHOT_TYPE_SHORT_MID_RANGE_DEFENSIVE": 0.1953125, "TURNOVER": 0.2535211267605634, "VIOLATION_DEFENSIVE_GOALTENDING": 0.0, "VIOLATION_DEFENSIVE_KICK_BALL": 0.6666666666666666}