{"ASSIST": 0.16, "BLOCK": 0.0, "FG_ARC_3_ATTEMPT": 0.2571428571428571, "FG_ARC_3_BLOCK": 0.0, "FG_ARC_3_MADE": 0.1111111111111111, "FG_ARC_3_MADE_FOUL": 0.0, "FG_AT_RIM_ATTEMPT": 0.28, "FG_AT_RIM_BLOCK": 0.04, "FG_AT_RIM_MADE": 0.2857142857142857, "FG_AT_RIM_MADE_FOUL": 0.0, "FG_CORNER_3_ATTEMPT": 0.1111111111111111, "FG_CORNER_3_BLOCK": 0.0, "FG_CORNER_3_MADE": 0.0, "FG_CORNER_3_MADE_FOUL": 0.0, "FG_LONG_MID_RANGE_ATTEMPT": 0.0, "FG_LONG_MID_RANGE_BLOCK": 0.0, "FG_LONG_MID_RANGE_MADE": 0.0, "FG_LONG_MID_RANGE_MADE_FOUL": 0.0, "FG_SHORT_MID_RANGE_ATTEMPT": 0.06666666666666667, "FG_SHORT_MID_RANGE_BLOCK": 0.0, "FG_SHORT_MID_RANGE_MADE": 1.0, "FG_SHORT_MID_RANGE_MADE_FOUL": 0.0, "FG_XY": {"ARC_3": {"23|245": 0.1111111111111111, "87|237": 0.1111111111111111, "-153|198": 0.1111111111111111, "-164|206": 0.1111111111111111, "174|211": 0.1111111111111111, "-217|138": 0.1111111111111111, "-206|142": 0.1111111111111111, "-56|245": 0.1111111111111111, "206|120": 0.1111111111111111}, "AT_RIM": {"-1|6": 0.14285714285714285, "-2|5": 0.14285714285714285, "-5|-1": 0.14285714285714285, "-23|31": 0.14285714285714285, "-22|23": 0.14285714285714285, "-6|8": 0.14285714285714285, "-5|5": 0.14285714285714285}, "CORNER_3": {"-228|14": 1.0}, "LONG_MID_RANGE": {}, "SHORT_MID_RANGE": {"126|26": 1.0}}, "FOUL_AWAY_FROM_PLAY": 0.0, "FOULED_AWAY_FROM_PLAY": 0.0, "FOUL_CLEAR_PATH": 0.0, "FOULED_CLEAR_PATH": 0.0, "FOUL_COUNT_AS_PERSONAL": 0.3333333333333333, "FOULED_COUNT_AS_PERSONAL": 0.21052631578947367, "FOUL_COUNT_TOWARD_PENALTY": 0.3333333333333333, "FOULED_COUNT_TOWARD_PENALTY": 0.25, "FOUL_DEFENSIVE_NON_SHOOTING": 0.25, "FOULED_DEFENSIVE_NON_SHOOTING": 0.09090909090909091, "FOUL_DOUBLE": 0.0, "FOUL_TECHNICAL_DOUBLE": 0.0, "FOUL_FLAGRANT": 0.0, "FOULED_FLAGRANT": 0.0, "FOUL_FLAGRANT_1": 0.0, "FOULED_FLAGRANT_1": 0.0, "FOUL_FLAGRANT_2": 0.0, "FOULED_FLAGRANT_2": 0.0, "FOUL_INBOUND": 0.0, "FOULED_INBOUND": 0.0, "FOUL_LOOSE_BALL": 0.0, "FOULED_LOOSE_BALL": 0.0, "FOUL_OFFENSIVE_CHARGE": 0.0, "FOULED_OFFENSIVE_CHARGE": 0.0, "FOUL_OFFENSIVE_OTHER": 0.0, "FOULED_OFFENSIVE_OTHER": 0.0, "FOUL_OFFENSIVE_TOTAL": 0.0, "FOULED_OFFENSIVE_TOTAL": 0.0, "FOUL_PERSONAL": 0.2857142857142857, "FOULED_PERSONAL": 0.0, "FOUL_PERSONAL_BLOCK": 0.0, "FOULED_PERSONAL_BLOCK": 0.0, "FOUL_PERSONAL_TAKE": 0.0, "FOULED_PERSONAL_TAKE": 0.3333333333333333, "FOUL_SHOOTING": 0.42857142857142855, "FOULED_SHOOTING": 0.6, "FOUL_SHOOTING_BLOCK": 0.0, "FOULED_SHOOTING_BLOCK": 0.0, "FOUL_TECHNICAL": 0.0, "FT": 0.8333333333333334, "REBOUND_DEFENSIVE": 0.16326530612244897, "REBOUND_OFFENSIVE": 0.0, "STEAL": 0.16666666666666666, "SHOT_TYPE_ARC_3_OFFENSIVE": 0.3804347826086957, "SHOT_TYPE_ARC_3_DEFENSIVE": 0.39325842696629215, "SHOT_TYPE_AT_RIM_OFFENSIVE": 0.2717391304347826, "SHOT_TYPE_AT_RIM_DEFENSIVE": 0.2696629213483146, "SHOT_TYPE_CORNER_3_OFFENSIVE": 0.09782608695652174, "SHOT_TYPE_CORNER_3_DEFENSIVE": 0.06741573033707865, "SHOT_TYPE_LONG_MID_RANGE_OFFENSIVE": 0.08695652173913043, "SHOT_TYPE_LONG_MID_RANGE_DEFENSIVE": 0.10112359550561797, "SHOT_TYPE_SHORT_MID_RANGE_OFFENSIVE": 0.16304347826086957, "SHOT_TYPE_SHORT_MID_RANGE_DEFENSIVE": 0.16853932584269662, "TURNOVER": 0.125, "VIOLATION_DEFENSIVE_GOALTENDING": 0.0, "VIOLATION_DEFENSIVE_KICK_BALL": 0.0}