{"ASSIST": 0.0967741935483871, "BLOCK": 0.0, "FG_ARC_3_ATTEMPT": 0.15, "FG_ARC_3_BLOCK": 0.0, "FG_ARC_3_MADE": 0.3333333333333333, "FG_ARC_3_MADE_FOUL": 0.0, "FG_AT_RIM_ATTEMPT": 0.034482758620689655, "FG_AT_RIM_BLOCK": 0.0, "FG_AT_RIM_MADE": 1.0, "FG_AT_RIM_MADE_FOUL": 0.0, "FG_CORNER_3_ATTEMPT": 0.36, "FG_CORNER_3_BLOCK": 0.0, "FG_CORNER_3_MADE": 0.0, "FG_CORNER_3_MADE_FOUL": 0.0, "FG_LONG_MID_RANGE_ATTEMPT": 0.23529411764705882, "FG_LONG_MID_RANGE_BLOCK": 0.058823529411764705, "FG_LONG_MID_RANGE_MADE": 0.25, "FG_LONG_MID_RANGE_MADE_FOUL": 0.0, "FG_SHORT_MID_RANGE_ATTEMPT": 0.2413793103448276, "FG_SHORT_MID_RANGE_BLOCK": 0.0, "FG_SHORT_MID_RANGE_MADE": 0.14285714285714285, "FG_SHORT_MID_RANGE_MADE_FOUL": 0.0, "FG_XY": {"ARC_3": {"10|252": 0.1111111111111111, "-92|288": 0.1111111111111111, "-165|187": 0.1111111111111111, "163|212": 0.1111111111111111, "112|225": 0.1111111111111111, "168|193": 0.1111111111111111, "116|239": 0.1111111111111111, "-123|296": 0.1111111111111111, "-167|174": 0.1111111111111111}, "AT_RIM": {"-1|-5": 1.0}, "CORNER_3": {"-228|-4": 0.1111111111111111, "-225|35": 0.1111111111111111, "239|47": 0.1111111111111111, "230|43": 0.1111111111111111, "233|18": 0.1111111111111111, "-233|18": 0.1111111111111111, "-234|15": 0.1111111111111111, "-232|-16": 0.1111111111111111, "232|27": 0.1111111111111111}, "LONG_MID_RANGE": {"138|128": 0.25, "39|141": 0.25, "-22|162": 0.25, "-99|122": 0.25}, "SHORT_MID_RANGE": {"-48|40": 0.14285714285714285, "-48|121": 0.14285714285714285, "16|88": 0.14285714285714285, "-64|92": 0.14285714285714285, "36|111": 0.14285714285714285, "53|116": 0.14285714285714285, "-34|71": 0.14285714285714285}}, "FOUL_AWAY_FROM_PLAY": 0.0, "FOULED_AWAY_FROM_PLAY": 0.0, "FOUL_CLEAR_PATH": 0.0, "FOULED_CLEAR_PATH": 0.0, "FOUL_COUNT_AS_PERSONAL": 0.22857142857142856, "FOULED_COUNT_AS_PERSONAL": 0.09090909090909091, "FOUL_COUNT_TOWARD_PENALTY": 0.23529411764705882, "FOULED_COUNT_TOWARD_PENALTY": 0.09523809523809523, "FOUL_DEFENSIVE_NON_SHOOTING": 0.17391304347826086, "FOULED_DEFENSIVE_NON_SHOOTING": 0.2222222222222222, "FOUL_DOUBLE": 0.0, "FOUL_TECHNICAL_DOUBLE": 0.0, "FOUL_FLAGRANT": 0.0, "FOULED_FLAGRANT": 0.0, "FOUL_FLAGRANT_1": 0.0, "FOULED_FLAGRANT_1": 0.0, "FOUL_FLAGRANT_2": 0.0, "FOULED_FLAGRANT_2": 0.0, "FOUL_INBOUND": 0.0, "FOULED_INBOUND": 0.0, "FOUL_LOOSE_BALL": 0.0, "FOULED_LOOSE_BALL": 0.0, "FOUL_OFFENSIVE_CHARGE": 0.0, "FOULED_OFFENSIVE_CHARGE": 0.0, "FOUL_OFFENSIVE_OTHER": 0.0, "FOULED_OFFENSIVE_OTHER": 0.0, "FOUL_OFFENSIVE_TOTAL": 0.0, "FOULED_OFFENSIVE_TOTAL": 0.0, "FOUL_PERSONAL": 0.21052631578947367, "FOULED_PERSONAL": 0.25, "FOUL_PERSONAL_BLOCK": 0.0, "FOULED_PERSONAL_BLOCK": 0.0, "FOUL_PERSONAL_TAKE": 0.0, "FOULED_PERSONAL_TAKE": 0.0, "FOUL_SHOOTING": 0.36363636363636365, "FOULED_SHOOTING": 0.0, "FOUL_SHOOTING_BLOCK": 0.0, "FOULED_SHOOTING_BLOCK": 0.0, "FOUL_TECHNICAL": 0.0, "FT": 0.0, "REBOUND_DEFENSIVE": 0.1388888888888889, "REBOUND_OFFENSIVE": 0.057692307692307696, "STEAL": 0.2631578947368421, "SHOT_TYPE_ARC_3_OFFENSIVE": 0.375, "SHOT_TYPE_ARC_3_DEFENSIVE": 0.2814814814814815, "SHOT_TYPE_AT_RIM_OFFENSIVE": 0.18125, "SHOT_TYPE_AT_RIM_DEFENSIVE": 0.3111111111111111, "SHOT_TYPE_CORNER_3_OFFENSIVE": 0.15625, "SHOT_TYPE_CORNER_3_DEFENSIVE": 0.06666666666666667, "SHOT_TYPE_LONG_MID_RANGE_OFFENSIVE": 0.10625, "SHOT_TYPE_LONG_MID_RANGE_DEFENSIVE": 0.11851851851851852, "SHOT_TYPE_SHORT_MID_RANGE_OFFENSIVE": 0.18125, "SHOT_TYPE_SHORT_MID_RANGE_DEFENSIVE": 0.2222222222222222, "TURNOVER": 0.14814814814814814, "VIOLATION_DEFENSIVE_GOALTENDING": 0.0, "VIOLATION_DEFENSIVE_KICK_BALL": 0.0}