{"ASSIST": 0.3981191222570533, "BLOCK": 0.203125, "FG_ARC_3_ATTEMPT": 0.3464566929133858, "FG_ARC_3_BLOCK": 0.0026246719160104987, "FG_ARC_3_MADE": 0.3712121212121212, "FG_ARC_3_MADE_FOUL": 0.0, "FG_AT_RIM_ATTEMPT": 0.265625, "FG_AT_RIM_BLOCK": 0.018229166666666668, "FG_AT_RIM_MADE": 0.7745098039215687, "FG_AT_RIM_MADE_FOUL": 0.005208333333333333, "FG_CORNER_3_ATTEMPT": 0.23423423423423423, "FG_CORNER_3_BLOCK": 0.009009009009009009, "FG_CORNER_3_MADE": 0.5769230769230769, "FG_CORNER_3_MADE_FOUL": 0.0, "FG_LONG_MID_RANGE_ATTEMPT": 0.2722222222222222, "FG_LONG_MID_RANGE_BLOCK": 0.005555555555555556, "FG_LONG_MID_RANGE_MADE": 0.5714285714285714, "FG_LONG_MID_RANGE_MADE_FOUL": 0.0, "FG_SHORT_MID_RANGE_ATTEMPT": 0.262987012987013, "FG_SHORT_MID_RANGE_BLOCK": 0.012987012987012988, "FG_SHORT_MID_RANGE_MADE": 0.5432098765432098, "FG_SHORT_MID_RANGE_MADE_FOUL": 0.012987012987012988, "FG_XY": {"ARC_3": {"28|273": 0.007575757575757576, "-206|169": 0.007575757575757576, "-100|275": 0.007575757575757576, "1|261": 0.007575757575757576, "-146|209": 0.007575757575757576, "-78|239": 0.007575757575757576, "-118|230": 0.007575757575757576, "132|240": 0.007575757575757576, "167|221": 0.007575757575757576, "13|273": 0.007575757575757576, "91|255": 0.007575757575757576, "191|177": 0.007575757575757576, "164|195": 0.007575757575757576, "200|165": 0.007575757575757576, "147|230": 0.007575757575757576, "188|209": 0.007575757575757576, "99|243": 0.007575757575757576, "-2|293": 0.007575757575757576, "47|279": 0.007575757575757576, "-58|256": 0.007575757575757576, "-115|248": 0.007575757575757576, "-36|257": 0.007575757575757576, "-185|176": 0.007575757575757576, "221|95": 0.007575757575757576, "-164|201": 0.007575757575757576, "92|256": 0.007575757575757576, "-174|214": 0.007575757575757576, "-99|252": 0.007575757575757576, "-162|257": 0.007575757575757576, "-120|296": 0.007575757575757576, "-26|274": 0.007575757575757576, "-72|270": 0.007575757575757576, "-214|137": 0.007575757575757576, "184|184": 0.007575757575757576, "-93|252": 0.007575757575757576, "47|319": 0.007575757575757576, "-10|276": 0.007575757575757576, "172|206": 0.007575757575757576, "28|336": 0.007575757575757576, "-120|227": 0.007575757575757576, "-210|137": 0.015151515151515152, "-146|232": 0.007575757575757576, "107|232": 0.007575757575757576, "-107|252": 0.007575757575757576, "185|160": 0.007575757575757576, "-116|243": 0.007575757575757576, "-98|275": 0.007575757575757576, "-102|230": 0.007575757575757576, "115|262": 0.007575757575757576, "11|254": 0.007575757575757576, "-169|209": 0.007575757575757576, "-156|210": 0.007575757575757576, "-29|268": 0.007575757575757576, "65|243": 0.007575757575757576, "-67|246": 0.007575757575757576, "49|259": 0.007575757575757576, "154|274": 0.007575757575757576, "-120|217": 0.007575757575757576, "0|257": 0.007575757575757576, "179|168": 0.007575757575757576, "161|210": 0.007575757575757576, "194|204": 0.007575757575757576, "-109|236": 0.007575757575757576, "-6|269": 0.007575757575757576, "-38|262": 0.007575757575757576, "-51|244": 0.007575757575757576, "72|239": 0.007575757575757576, "174|431": 0.007575757575757576, "70|241": 0.007575757575757576, "-137|226": 0.007575757575757576, "9|251": 0.007575757575757576, "-64|267": 0.007575757575757576, "4|279": 0.007575757575757576, "-5|262": 0.007575757575757576, "1|260": 0.007575757575757576, "125|220": 0.007575757575757576, "-188|176": 0.007575757575757576, "115|285": 0.007575757575757576, "-67|277": 0.007575757575757576, "186|190": 0.007575757575757576, "189|160": 0.007575757575757576, "-158|320": 0.007575757575757576, "-124|257": 0.007575757575757576, "37|260": 0.007575757575757576, "-69|260": 0.007575757575757576, "174|204": 0.007575757575757576, "-176|214": 0.007575757575757576, "-189|200": 0.007575757575757576, "214|124": 0.007575757575757576, "-162|197": 0.007575757575757576, "168|236": 0.007575757575757576, "-150|236": 0.007575757575757576, "-127|288": 0.007575757575757576, "148|248": 0.007575757575757576, "129|216": 0.007575757575757576, "62|261": 0.007575757575757576, "145|219": 0.007575757575757576, "-124|216": 0.007575757575757576, "153|221": 0.007575757575757576, "-145|274": 0.007575757575757576, "-80|242": 0.007575757575757576, "-233|116": 0.007575757575757576, "-210|152": 0.007575757575757576, "235|92": 0.007575757575757576, "120|224": 0.007575757575757576, "143|229": 0.007575757575757576, "-4|251": 0.007575757575757576, "146|281": 0.007575757575757576, "-181|169": 0.007575757575757576, "163|213": 0.007575757575757576, "58|267": 0.007575757575757576, "-157|198": 0.007575757575757576, "-181|205": 0.007575757575757576, "180|199": 0.007575757575757576, "174|225": 0.007575757575757576, "-88|247": 0.007575757575757576, "130|267": 0.007575757575757576, "102|269": 0.007575757575757576, "228|91": 0.007575757575757576, "188|168": 0.007575757575757576, "-156|199": 0.007575757575757576, "-126|232": 0.007575757575757576, "129|246": 0.007575757575757576, "-39|251": 0.007575757575757576, "-89|274": 0.007575757575757576, "-116|269": 0.007575757575757576, "23|395": 0.007575757575757576, "37|256": 0.007575757575757576, "-178|178": 0.007575757575757576, "-31|273": 0.007575757575757576, "-168|212": 0.007575757575757576}, "AT_RIM": {"18|8": 0.00980392156862745, "22|15": 0.00980392156862745, "5|12": 0.00980392156862745, "6|7": 0.00980392156862745, "0|6": 0.00980392156862745, "18|15": 0.00980392156862745, "-29|-1": 0.00980392156862745, "26|15": 0.00980392156862745, "-17|20": 0.00980392156862745, "0|13": 0.00980392156862745, "10|-6": 0.00980392156862745, "-2|37": 0.00980392156862745, "1|8": 0.00980392156862745, "10|25": 0.00980392156862745, "9|3": 0.00980392156862745, "0|1": 0.00980392156862745, "-6|5": 0.00980392156862745, "-2|5": 0.0196078431372549, "-9|0": 0.00980392156862745, "2|-1": 0.00980392156862745, "-16|20": 0.00980392156862745, "-7|-3": 0.00980392156862745, "4|0": 0.00980392156862745, "6|2": 0.00980392156862745, "-29|6": 0.00980392156862745, "27|-3": 0.00980392156862745, "-16|-4": 0.00980392156862745, "21|-9": 0.00980392156862745, "6|8": 0.00980392156862745, "-18|11": 0.00980392156862745, "1|1": 0.00980392156862745, "-23|13": 0.00980392156862745, "-18|19": 0.00980392156862745, "2|13": 0.00980392156862745, "18|20": 0.00980392156862745, "-20|26": 0.00980392156862745, "-32|18": 0.00980392156862745, "-1|4": 0.0196078431372549, "-4|-1": 0.00980392156862745, "1|10": 0.00980392156862745, "-7|-4": 0.00980392156862745, "2|15": 0.00980392156862745, "-9|11": 0.00980392156862745, "11|1": 0.00980392156862745, "-16|15": 0.00980392156862745, "5|24": 0.00980392156862745, "12|34": 0.00980392156862745, "5|8": 0.00980392156862745, "-11|7": 0.00980392156862745, "12|8": 0.00980392156862745, "13|7": 0.00980392156862745, "-1|25": 0.00980392156862745, "-2|19": 0.00980392156862745, "28|19": 0.00980392156862745, "6|16": 0.00980392156862745, "25|27": 0.00980392156862745, "0|10": 0.00980392156862745, "28|24": 0.00980392156862745, "7|34": 0.00980392156862745, "11|16": 0.00980392156862745, "17|10": 0.00980392156862745, "26|25": 0.00980392156862745, "5|2": 0.00980392156862745, "-18|-1": 0.00980392156862745, "39|-1": 0.00980392156862745, "-11|0": 0.00980392156862745, "9|1": 0.00980392156862745, "-6|11": 0.00980392156862745, "-4|-22": 0.00980392156862745, "29|20": 0.00980392156862745, "18|11": 0.00980392156862745, "7|3": 0.00980392156862745, "9|31": 0.00980392156862745, "6|28": 0.00980392156862745, "-28|13": 0.00980392156862745, "-9|12": 0.00980392156862745, "25|3": 0.00980392156862745, "21|10": 0.00980392156862745, "9|7": 0.00980392156862745, "-9|28": 0.00980392156862745, "-4|22": 0.00980392156862745, "-21|18": 0.00980392156862745, "2|6": 0.00980392156862745, "-23|17": 0.00980392156862745, "-36|16": 0.00980392156862745, "-4|7": 0.00980392156862745, "-4|8": 0.00980392156862745, "-2|4": 0.00980392156862745, "-11|10": 0.00980392156862745, "9|20": 0.00980392156862745, "-11|11": 0.00980392156862745, "9|8": 0.00980392156862745, "-4|3": 0.00980392156862745,