{"ASSIST": 0.2924187725631769, "BLOCK": 0.14035087719298245, "FG_ARC_3_ATTEMPT": 0.1660377358490566, "FG_ARC_3_BLOCK": 0.0, "FG_ARC_3_MADE": 0.4090909090909091, "FG_ARC_3_MADE_FOUL": 0.0, "FG_AT_RIM_ATTEMPT": 0.19692307692307692, "FG_AT_RIM_BLOCK": 0.018461538461538463, "FG_AT_RIM_MADE": 0.671875, "FG_AT_RIM_MADE_FOUL": 0.009230769230769232, "FG_CORNER_3_ATTEMPT": 0.2755102040816326, "FG_CORNER_3_BLOCK": 0.0, "FG_CORNER_3_MADE": 0.5185185185185185, "FG_CORNER_3_MADE_FOUL": 0.01020408163265306, "FG_LONG_MID_RANGE_ATTEMPT": 0.08648648648648649, "FG_LONG_MID_RANGE_BLOCK": 0.0, "FG_LONG_MID_RANGE_MADE": 0.625, "FG_LONG_MID_RANGE_MADE_FOUL": 0.0, "FG_SHORT_MID_RANGE_ATTEMPT": 0.10989010989010989, "FG_SHORT_MID_RANGE_BLOCK": 0.01098901098901099, "FG_SHORT_MID_RANGE_MADE": 0.65, "FG_SHORT_MID_RANGE_MADE_FOUL": 0.0, "FG_XY": {"ARC_3": {"-148|241": 0.022727272727272728, "129|223": 0.022727272727272728, "0|284": 0.022727272727272728, "-40|265": 0.022727272727272728, "159|189": 0.022727272727272728, "-120|220": 0.022727272727272728, "44|253": 0.022727272727272728, "131|232": 0.022727272727272728, "-105|248": 0.022727272727272728, "-206|141": 0.022727272727272728, "109|236": 0.022727272727272728, "-129|268": 0.022727272727272728, "74|250": 0.022727272727272728, "7|258": 0.022727272727272728, "-129|217": 0.022727272727272728, "-169|202": 0.022727272727272728, "212|149": 0.022727272727272728, "-64|550": 0.022727272727272728, "-65|264": 0.022727272727272728, "-151|216": 0.022727272727272728, "212|180": 0.022727272727272728, "4|263": 0.022727272727272728, "-205|164": 0.022727272727272728, "-181|174": 0.022727272727272728, "-136|214": 0.022727272727272728, "145|216": 0.022727272727272728, "-157|204": 0.022727272727272728, "-87|230": 0.022727272727272728, "-208|144": 0.022727272727272728, "-197|153": 0.022727272727272728, "-173|204": 0.022727272727272728, "104|237": 0.022727272727272728, "124|217": 0.022727272727272728, "107|239": 0.022727272727272728, "161|208": 0.022727272727272728, "-163|198": 0.022727272727272728, "-205|155": 0.022727272727272728, "176|192": 0.022727272727272728, "-38|250": 0.022727272727272728, "-66|236": 0.022727272727272728, "110|252": 0.022727272727272728, "-137|219": 0.022727272727272728, "-85|258": 0.022727272727272728, "-116|269": 0.022727272727272728}, "AT_RIM": {"-34|10": 0.015625, "9|16": 0.015625, "1|-3": 0.015625, "-27|13": 0.015625, "-26|24": 0.015625, "0|22": 0.015625, "0|0": 0.046875, "-16|3": 0.015625, "-4|3": 0.015625, "-6|10": 0.015625, "32|6": 0.015625, "-12|-1": 0.015625, "6|24": 0.015625, "-10|3": 0.015625, "-7|0": 0.015625, "1|10": 0.015625, "0|31": 0.015625, "10|0": 0.015625, "2|14": 0.015625, "-13|-1": 0.015625, "-7|6": 0.015625, "28|20": 0.015625, "4|8": 0.015625, "9|1": 0.015625, "-28|3": 0.015625, "7|11": 0.015625, "-7|11": 0.015625, "-7|12": 0.015625, "-6|-2": 0.015625, "-11|6": 0.015625, "27|13": 0.015625, "-15|2": 0.015625, "2|11": 0.03125, "1|4": 0.015625, "1|11": 0.03125, "2|23": 0.03125, "1|29": 0.015625, "16|2": 0.015625, "20|4": 0.015625, "1|18": 0.015625, "4|16": 0.015625, "7|-1": 0.015625, "27|20": 0.015625, "0|6": 0.03125, "15|10": 0.015625, "-2|3": 0.015625, "7|6": 0.015625, "17|10": 0.015625, "25|11": 0.015625, "-18|6": 0.015625, "15|17": 0.015625, "21|5": 0.015625, "21|0": 0.015625, "2|22": 0.015625, "13|4": 0.015625, "11|9": 0.015625, "13|16": 0.015625, "12|11": 0.015625}, "CORNER_3": {"235|25": 0.037037037037037035, "229|11": 0.037037037037037035, "228|44": 0.037037037037037035, "-241|-4": 0.037037037037037035, "-239|-2": 0.037037037037037035, "-241|-10": 0.037037037037037035, "-235|-5": 0.037037037037037035, "-228|21": 0.037037037037037035, "-233|-10": 0.07407407407407407, "232|28": 0.037037037037037035, "235|75": 0.037037037037037035, "-234|12": 0.037037037037037035, "-229|17": 0.037037037037037035, "-233|21": 0.037037037037037035, "-228|84": 0.037037037037037035, "-232|10": 0.037037037037037035, "-230|10": 0.037037037037037035, "-229|40": 0.037037037037037035, "234|14": 0.037037037037037035, "237|3": 0.037037037037037035, "-243|8": 0.037037037037037035, "-233|-11": 0.037037037037037035, "232|-9": 0.037037037037037035, "-235|-22": 0.037037037037037035, "-235|34": 0.037037037037037035, "233|47": 0.037037037037037035}, "LONG_MID_RANGE": {"-148|13": 0.0625, "148|56": 0.0625, "-74|129": 0.0625, "154|162": 0.0625, "126|146": 0.0625, "31|153": 0.0625, "-34|177": 0.0625, "-165|55": 0.0625, "-86|178": 0.0625, "75|155": 0.0625, "-25|169": 0.0625, "-12|173": 0.0625, "-109|147": 0.0625, "-180|135": 0.0625, "175|129": 0.0625, "9|148": 0.0625}, "SHORT_MID_RANGE": {"26|58": 0.05, "121|43": 0.05, "-124|36": 0.05, "-136|-10": 0.05, "119|10": 0.05, "20|70": 0.05, "2|61": 0.05, "37|92": 0.05, "22|69": 0.05, "39|22": 0.05, "37|29": 0.05, "-22|88": 0.05, "9|43": 0.05, "61|29": 0.05, "2|105": 0.05, "-38|106": 0.05, "42|24": 0.05, "-50|105": 0.05, "-29|44": 0.05, "58|15": 0.05}}, "FOUL_AWAY_FROM_PLAY": 0.0, "FOULED_AWAY_FROM_PLAY": 0.0, "FOUL_CLEAR_PATH": 0.0, "FOULED_CLEAR_PATH": 0.0, "FOUL_COUNT_AS_PERSONAL": 0.23829787234042554, "FOULED_COUNT_AS_PERSONAL": 0.1732283464566929, "FOUL_COUNT_TOWARD_PENALTY": 0.25821596244131456, "FOULED_COUNT_TOWARD_PENALTY": 0.14468085106382977, "FOUL_DEFENSIVE_NON_SHOOTING": 0.28125, "FOULED_DEFENSIVE_NON_SHOOTING": 0.1574074074074074, "FOUL_DOUBLE": 0.0, "FOUL_TECHNICAL_DOUBLE": 0.0, "FOUL_FLAGRANT": 0.0, "FOULED_FLAGRANT": 0.0, "FOUL_FLAGRANT_1": 0.0, "FOULED_FLAGRANT_1": 0.0, "FOUL_FLAGRANT_2": 0.0, "FOULED_FLAGRANT_2": 0.0, "FOUL_INBOUND": 0.0, "FOULED_INBOUND": 0.0, "FOUL_LOOSE_BALL": 0.0, "FOULED_LOOSE_BALL": 0.21428571428571427, "FOUL_OFFENSIVE_CHARGE": 0.1111111111111111, "FOULED_OFFENSIVE_CHARGE": 0.6, "FOUL_OFFENSIVE_OTHER": 0.0, "FOULED_OFFENSIVE_OTHER": 0.0, "FOUL_OFFENSIVE_TOTAL": 0.045454545454545456, "FOULED_OFFENSIVE_TOTAL": 0.5263157894736842, "FOUL_PERSONAL": 0.2878787878787879, "FOULED_PERSONAL": 0.13924050632911392, "FOUL_PERSONAL_BLOCK": 0.0, "FOULED_PERSONAL_BLOCK": 0.0, "FOUL_PERSONAL_TAKE": 0.2727272727272727, "FOULED_PERSONAL_TAKE": 0.23076923076923078, "FOUL_SHOOTING": 0.2413793103448276, "FOULED_SHOOTING": 0.13385826771653545, "FOUL_SHOOTING_BLOCK": 0.0, "FOULED_SHOOTING_BLOCK": 0.0, "FOUL_TECHNICAL": 0.2, "FT": 0.9024390243902439, "REBOUND_DEFENSIVE": 0.1022530329289428, "REBOUND_OFFENSIVE": 0.029876977152899824, "STEAL": 0.4, "SHOT_TYPE_ARC_3_OFFENSIVE": 0.25118483412322273, "SHOT_TYPE_ARC_3_DEFENSIVE": 0.306640625, "SHOT_TYPE_AT_RIM_OFFENSIVE": 0.3080568720379147, "SHOT_TYPE_AT_RIM_DEFENSIVE": 0.3115234375, "SHOT_TYPE_CORNER_3_OFFENSIVE": 0.09289099526066351, "SHOT_TYPE_CORNER_3_DEFENSIVE": 0.0810546875, "SHOT_TYPE_LONG_MID_RANGE_OFFENSIVE": 0.17535545023696683, "SHOT_TYPE_LONG_MID_RANGE_DEFENSIVE": 0.1103515625, "SHOT_TYPE_SHORT_MID_RANGE_OFFENSIVE": 0.17251184834123223, "SHOT_TYPE_SHORT_MID_RANGE_DEFENSIVE": 0.1904296875, "TURNOVER": 0.16071428571428573, "VIOLATION_DEFENSIVE_GOALTENDING": 0.0, "VIOLATION_DEFENSIVE_KICK_BALL": 0.16666666666666666}