{"ASSIST": 0.3707865168539326, "BLOCK": 0.14285714285714285, "FG_ARC_3_ATTEMPT": 0.29102167182662536, "FG_ARC_3_BLOCK": 0.0030959752321981426, "FG_ARC_3_MADE": 0.43617021276595747, "FG_ARC_3_MADE_FOUL": 0.0, "FG_AT_RIM_ATTEMPT": 0.3519163763066202, "FG_AT_RIM_BLOCK": 0.03484320557491289, "FG_AT_RIM_MADE": 0.7029702970297029, "FG_AT_RIM_MADE_FOUL": 0.013937282229965157, "FG_CORNER_3_ATTEMPT": 0.32323232323232326, "FG_CORNER_3_BLOCK": 0.0, "FG_CORNER_3_MADE": 0.65625, "FG_CORNER_3_MADE_FOUL": 0.0, "FG_LONG_MID_RANGE_ATTEMPT": 0.36036036036036034, "FG_LONG_MID_RANGE_BLOCK": 0.009009009009009009, "FG_LONG_MID_RANGE_MADE": 0.475, "FG_LONG_MID_RANGE_MADE_FOUL": 0.0, "FG_SHORT_MID_RANGE_ATTEMPT": 0.2549019607843137, "FG_SHORT_MID_RANGE_BLOCK": 0.03431372549019608, "FG_SHORT_MID_RANGE_MADE": 0.5192307692307693, "FG_SHORT_MID_RANGE_MADE_FOUL": 0.004901960784313725, "FG_XY": {"ARC_3": {"87|245": 0.010638297872340425, "-15|268": 0.010638297872340425, "172|182": 0.010638297872340425, "71|251": 0.010638297872340425, "105|231": 0.010638297872340425, "36|265": 0.010638297872340425, "-176|185": 0.010638297872340425, "-67|281": 0.010638297872340425, "227|94": 0.010638297872340425, "-76|256": 0.010638297872340425, "107|253": 0.010638297872340425, "197|174": 0.010638297872340425, "-80|272": 0.010638297872340425, "92|278": 0.010638297872340425, "15|256": 0.010638297872340425, "48|252": 0.010638297872340425, "-216|138": 0.010638297872340425, "145|223": 0.010638297872340425, "-162|236": 0.010638297872340425, "-195|151": 0.010638297872340425, "44|262": 0.010638297872340425, "-123|218": 0.010638297872340425, "-174|178": 0.010638297872340425, "70|247": 0.010638297872340425, "70|243": 0.010638297872340425, "-125|237": 0.010638297872340425, "71|245": 0.010638297872340425, "163|203": 0.010638297872340425, "-199|155": 0.010638297872340425, "100|232": 0.010638297872340425, "229|103": 0.010638297872340425, "109|247": 0.010638297872340425, "75|243": 0.010638297872340425, "42|246": 0.010638297872340425, "-6|264": 0.010638297872340425, "43|272": 0.010638297872340425, "116|253": 0.010638297872340425, "-6|262": 0.010638297872340425, "-164|210": 0.010638297872340425, "107|242": 0.010638297872340425, "-94|250": 0.010638297872340425, "170|197": 0.010638297872340425, "-185|249": 0.010638297872340425, "87|237": 0.010638297872340425, "-80|246": 0.010638297872340425, "199|168": 0.010638297872340425, "97|237": 0.010638297872340425, "103|232": 0.010638297872340425, "-2|274": 0.010638297872340425, "-16|260": 0.010638297872340425, "-110|256": 0.010638297872340425, "-88|258": 0.010638297872340425, "-167|211": 0.010638297872340425, "-125|214": 0.010638297872340425, "186|219": 0.010638297872340425, "-55|246": 0.010638297872340425, "34|251": 0.010638297872340425, "4|245": 0.010638297872340425, "-75|241": 0.010638297872340425, "-148|212": 0.010638297872340425, "6|294": 0.010638297872340425, "-42|267": 0.010638297872340425, "192|156": 0.010638297872340425, "21|250": 0.010638297872340425, "178|201": 0.010638297872340425, "-164|204": 0.010638297872340425, "199|180": 0.010638297872340425, "-61|300": 0.010638297872340425, "-148|253": 0.010638297872340425, "191|164": 0.010638297872340425, "-102|252": 0.010638297872340425, "207|164": 0.010638297872340425, "124|220": 0.010638297872340425, "-80|235": 0.010638297872340425, "-75|251": 0.010638297872340425, "7|278": 0.010638297872340425, "0|262": 0.010638297872340425, "17|252": 0.010638297872340425, "-138|207": 0.010638297872340425, "-16|252": 0.010638297872340425, "61|234": 0.010638297872340425, "-94|252": 0.010638297872340425, "165|190": 0.010638297872340425, "115|239": 0.010638297872340425, "222|129": 0.010638297872340425, "-53|260": 0.010638297872340425, "-22|264": 0.010638297872340425, "211|147": 0.010638297872340425, "59|246": 0.010638297872340425, "-190|167": 0.010638297872340425, "165|199": 0.010638297872340425, "-202|135": 0.010638297872340425, "-115|224": 0.010638297872340425, "-15|251": 0.010638297872340425}, "AT_RIM": {"-9|10": 0.009900990099009901, "-12|4": 0.019801980198019802, "-18|13": 0.019801980198019802, "22|4": 0.009900990099009901, "22|-1": 0.009900990099009901, "-11|10": 0.009900990099009901, "-12|16": 0.009900990099009901, "-2|38": 0.009900990099009901, "23|10": 0.009900990099009901, "36|11": 0.009900990099009901, "16|29": 0.009900990099009901, "32|20": 0.009900990099009901, "-23|20": 0.009900990099009901, "-21|15": 0.009900990099009901, "1|10": 0.009900990099009901, "17|5": 0.009900990099009901, "-2|20": 0.009900990099009901, "-22|21": 0.009900990099009901, "-27|13": 0.009900990099009901, "-23|24": 0.009900990099009901, "-22|29": 0.009900990099009901, "20|29": 0.009900990099009901, "-12|13": 0.009900990099009901, "-23|10": 0.009900990099009901, "18|24": 0.009900990099009901, "22|20": 0.009900990099009901, "-18|6": 0.009900990099009901, "20|25": 0.009900990099009901, "23|2": 0.009900990099009901, "28|21": 0.009900990099009901, "28|22": 0.009900990099009901, "-26|22": 0.009900990099009901, "23|15": 0.009900990099009901, "-11|11": 0.009900990099009901, "-18|4": 0.009900990099009901, "-13|24": 0.009900990099009901, "-7|9": 0.009900990099009901, "6|2": 0.009900990099009901, "22|21": 0.009900990099009901, "22|1": 0.009900990099009901, "18|13": 0.009900990099009901, "23|20": 0.019801980198019802, "0|0": 0.009900990099009901, "18|12": 0.009900990099009901, "-10|10": 0.009900990099009901, "21|6": 0.019801980198019802, "21|25": 0.009900990099009901, "17|29": 0.009900990099009901, "-20|26": 0.009900990099009901, "17|24": 0.009900990099009901, "13|21": 0.009900990099009901, "27|11": 0.009900990099009901, "-20|8": 0.009900990099009901, "25|27": 0.009900990099009901, "-26|15": 0.009900990099009901, "25|13": 0.009900990099009901, "-17|21": 0.009900990099009901, "-21|8": 0.009900990099009901, "-20|33": 0.009900990099009901, "-15|18": 0.009900990099009901, "13|34": 0.009900990099009901, "9|9": 0.019801980198019802, "-11|25": 0.009900990099009901, "-12|22": 0.009900990099009901, "11|19": 0.009900990099009901, "11|13": 0.009900990099009901, "-10|5": 0.009900990099009901, "26|12": 0.009900990099009901, "-21|4": 0.009900990099009901, "-25|5": 0.009900990099009901, "9|6": 0.009900990099009901, "-2|30": 0.009900990099009901, "17|2": 0.009900990099009901, "-17|0": 0.009900990099009901, "-13|23": 0.009900990099009901, "-12|7": 0.009900990099009901, "-1|4": 0.009900990099009901, "5|6": 0.009900990099009901, "17|-1": 0.009900990099009901, "13|16": 0.009900990099009901, "11|17": 0.009900990099009901, "13|8": 0.009900990099009901, "20|10": 0.009900990099009901, "-22|-2": 0.009900990099009901, "13|4": 0.009900990099009901, "20|9": 0.009900990099009901, "-1|6": 0.019801980198019802, "-10|13": 0.009900990099009901, "-2|5": 0.009900990099009901, "-18|16": 0.009900990099009901, "16|10": 0.009900990099009901, "5|3": 0.009900990099009901, "18|10": 0.009900990099009901, "-1|35": 0.009900990099009901, "-13|21": 0.009900990099009901}, "CORNER_3": {"-229|11": 0.03125, "-234|22": 0.03125, "-229|71": 0.03125, "-237|17": 0.03125, "234|12": 0.03125, "-237|-8": 0.03125, "-243|-5": 0.03125, "-230|-10": 0.03125, "-229|15": 0.03125, "232|52": 0.03125, "230|21": 0.03125, "-235|1": 0.03125, "-233|15": 0.03125, "234|16": 0.03125, "-232|-9": 0.03125, "232|74": 0.03125, "222|8": 0.03125, "-230|63": 0.03125, "234|25": 0.03125, "238|66": 0.03125, "233|30": 0.03125, "222|0": 0.03125, "-230|-20": 0.03125, "238|67": 0.03125, "-229|64": 0.03125, "238|25": 0.03125, "-225|-7": 0.03125, "228|8": 0.03125, "234|23": 0.03125, "223|48": 0.03125, "-228|-8": 0.03125, "-227|30": 0.03125}, "LONG_MID_RANGE": {"114|117": 0.025, "18|157": 0.025, "-29|157": 0.025, "125|141": 0.025, "163|16": 0.025, "115|118": 0.025, "148|67": 0.025, "-7|166": 0.025, "25|148": 0.025, "103|182": 0.025, "162|0": 0.025, "-85|178": 0.025, "131|78": 0.025, "126|104": 0.025, "114|126": 0.025, "121|159": 0.025, "-208|18": 0.025, "66|143": 0.025, "-9|154": 0.025, "-31|153": 0.025, "34|189": 0.025, "-71|124": 0.025, "-51|143": 0.025,