{"ASSIST": 0.11904761904761904, "BLOCK": 0.04918032786885246, "FG_ARC_3_ATTEMPT": 0.24932249322493225, "FG_ARC_3_BLOCK": 0.005420054200542005, "FG_ARC_3_MADE": 0.18478260869565216, "FG_ARC_3_MADE_FOUL": 0.0, "FG_AT_RIM_ATTEMPT": 0.09352517985611511, "FG_AT_RIM_BLOCK": 0.017985611510791366, "FG_AT_RIM_MADE": 0.6153846153846154, "FG_AT_RIM_MADE_FOUL": 0.0035971223021582736, "FG_CORNER_3_ATTEMPT": 0.32407407407407407, "FG_CORNER_3_BLOCK": 0.0, "FG_CORNER_3_MADE": 0.17142857142857143, "FG_CORNER_3_MADE_FOUL": 0.0, "FG_LONG_MID_RANGE_ATTEMPT": 0.15, "FG_LONG_MID_RANGE_BLOCK": 0.0, "FG_LONG_MID_RANGE_MADE": 0.3333333333333333, "FG_LONG_MID_RANGE_MADE_FOUL": 0.0, "FG_SHORT_MID_RANGE_ATTEMPT": 0.12582781456953643, "FG_SHORT_MID_RANGE_BLOCK": 0.033112582781456956, "FG_SHORT_MID_RANGE_MADE": 0.10526315789473684, "FG_SHORT_MID_RANGE_MADE_FOUL": 0.0, "FG_XY": {"ARC_3": {"-40|247": 0.010869565217391304, "-186|162": 0.010869565217391304, "-104|226": 0.010869565217391304, "145|197": 0.010869565217391304, "168|193": 0.010869565217391304, "143|214": 0.010869565217391304, "-94|253": 0.010869565217391304, "109|221": 0.010869565217391304, "-130|213": 0.010869565217391304, "172|184": 0.010869565217391304, "-44|300": 0.010869565217391304, "172|206": 0.010869565217391304, "-126|246": 0.010869565217391304, "228|101": 0.010869565217391304, "173|221": 0.010869565217391304, "165|188": 0.010869565217391304, "-207|141": 0.010869565217391304, "-157|209": 0.010869565217391304, "89|227": 0.010869565217391304, "-49|246": 0.010869565217391304, "-169|186": 0.010869565217391304, "-206|141": 0.010869565217391304, "-87|236": 0.010869565217391304, "66|241": 0.010869565217391304, "-76|239": 0.010869565217391304, "-180|153": 0.010869565217391304, "-222|99": 0.010869565217391304, "214|111": 0.010869565217391304, "152|210": 0.010869565217391304, "-168|194": 0.010869565217391304, "-169|190": 0.010869565217391304, "140|214": 0.010869565217391304, "97|239": 0.010869565217391304, "99|231": 0.010869565217391304, "116|225": 0.010869565217391304, "-185|167": 0.010869565217391304, "92|244": 0.010869565217391304, "-22|260": 0.010869565217391304, "-115|221": 0.010869565217391304, "-178|172": 0.010869565217391304, "-168|171": 0.010869565217391304, "105|237": 0.010869565217391304, "174|200": 0.010869565217391304, "92|248": 0.010869565217391304, "0|265": 0.010869565217391304, "62|257": 0.010869565217391304, "-173|184": 0.010869565217391304, "168|198": 0.010869565217391304, "-120|237": 0.010869565217391304, "146|211": 0.010869565217391304, "-224|127": 0.010869565217391304, "-232|125": 0.010869565217391304, "-18|256": 0.010869565217391304, "-213|120": 0.010869565217391304, "173|185": 0.010869565217391304, "-224|93": 0.010869565217391304, "-12|418": 0.010869565217391304, "-86|736": 0.010869565217391304, "-26|255": 0.010869565217391304, "-70|241": 0.010869565217391304, "-181|180": 0.010869565217391304, "211|140": 0.010869565217391304, "200|143": 0.010869565217391304, "28|251": 0.010869565217391304, "-78|241": 0.010869565217391304, "-184|174": 0.010869565217391304, "203|150": 0.010869565217391304, "-80|235": 0.010869565217391304, "-107|224": 0.010869565217391304, "-184|172": 0.010869565217391304, "196|166": 0.010869565217391304, "-183|169": 0.010869565217391304, "154|204": 0.010869565217391304, "-214|147": 0.010869565217391304, "-174|188": 0.010869565217391304, "-192|155": 0.010869565217391304, "145|232": 0.010869565217391304, "183|172": 0.010869565217391304, "172|177": 0.010869565217391304, "132|215": 0.010869565217391304, "107|221": 0.010869565217391304, "145|223": 0.010869565217391304, "137|220": 0.010869565217391304, "-71|235": 0.010869565217391304, "121|231": 0.010869565217391304, "59|256": 0.010869565217391304, "168|205": 0.010869565217391304, "49|244": 0.010869565217391304, "152|216": 0.010869565217391304, "-192|184": 0.010869565217391304, "-96|239": 0.010869565217391304, "-29|269": 0.010869565217391304}, "AT_RIM": {"-2|-7": 0.038461538461538464, "18|-7": 0.038461538461538464, "7|12": 0.038461538461538464, "6|17": 0.038461538461538464, "4|4": 0.038461538461538464, "-15|6": 0.038461538461538464, "-11|22": 0.038461538461538464, "-5|8": 0.038461538461538464, "-15|7": 0.038461538461538464, "9|8": 0.038461538461538464, "-5|10": 0.038461538461538464, "-22|15": 0.038461538461538464, "25|13": 0.038461538461538464, "28|27": 0.038461538461538464, "0|0": 0.038461538461538464, "4|17": 0.07692307692307693, "-21|26": 0.038461538461538464, "-13|10": 0.038461538461538464, "-1|-1": 0.038461538461538464, "36|6": 0.038461538461538464, "4|14": 0.038461538461538464, "22|26": 0.038461538461538464, "17|20": 0.038461538461538464, "18|16": 0.038461538461538464, "11|18": 0.038461538461538464}, "CORNER_3": {"-225|10": 0.02857142857142857, "-235|13": 0.02857142857142857, "230|68": 0.02857142857142857, "229|26": 0.02857142857142857, "239|74": 0.02857142857142857, "237|85": 0.02857142857142857, "232|24": 0.02857142857142857, "-227|5": 0.02857142857142857, "-232|0": 0.02857142857142857, "229|-2": 0.02857142857142857, "-225|-4": 0.02857142857142857, "-233|1": 0.02857142857142857, "-224|1": 0.02857142857142857, "-223|8": 0.02857142857142857, "-225|9": 0.02857142857142857, "229|8": 0.02857142857142857, "-219|-10": 0.02857142857142857, "-238|13": 0.02857142857142857, "-230|33": 0.02857142857142857, "-229|58": 0.02857142857142857, "-227|37": 0.02857142857142857, "-234|28": 0.02857142857142857, "-228|17": 0.02857142857142857, "-225|-2": 0.02857142857142857, "225|11": 0.02857142857142857, "223|78": 0.02857142857142857, "225|17": 0.02857142857142857, "-233|6": 0.02857142857142857, "-229|8": 0.02857142857142857, "-233|-26": 0.02857142857142857, "230|32": 0.02857142857142857, "-230|40": 0.02857142857142857, "-234|25": 0.02857142857142857, "240|-21": 0.02857142857142857, "-238|65": 0.02857142857142857}, "LONG_MID_RANGE": {"12|146": 0.1111111111111111, "-102|183": 0.1111111111111111, "170|36": 0.1111111111111111, "129|138": 0.1111111111111111, "60|204": 0.1111111111111111, "148|17": 0.1111111111111111, "136|150": 0.1111111111111111, "-16|153": 0.1111111111111111, "184|-8": 0.1111111111111111}, "SHORT_MID_RANGE": {"49|48": 0.05263157894736842, "38|57": 0.05263157894736842, "25|120": 0.05263157894736842, "40|126": 0.05263157894736842, "43|89": 0.05263157894736842, "44|41": 0.05263157894736842, "31|127": 0.05263157894736842, "108|86": 0.05263157894736842, "127|36": 0.05263157894736842, "51|4": 0.05263157894736842, "36|79": 0.05263157894736842, "-83|79": 0.05263157894736842, "13|65": 0.05263157894736842, "31|30": 0.05263157894736842, "-40|50": 0.05263157894736842, "96|85": 0.05263157894736842, "12|75": 0.05263157894736842, "-20|46": 0.05263157894736842, "13|72": 0.05263157894736842}}, "FOUL_AWAY_FROM_PLAY": 1.0, "FOULED_AWAY_FROM_PLAY": 0.0, "FOUL_CLEAR_PATH": 0.0, "FOULED_CLEAR_PATH": 0.0, "FOUL_COUNT_AS_PERSONAL": 0.08695652173913043, "FOULED_COUNT_AS_PERSONAL": 0.05314009661835749, "FOUL_COUNT_TOWARD_PENALTY": 0.09045226130653267, "FOULED_COUNT_TOWARD_PENALTY": 0.05113636363636364, "FOUL_DEFENSIVE_NON_SHOOTING": 0.054945054945054944, "FOULED_DEFENSIVE_NON_SHOOTING": 0.07142857142857142, "FOUL_DOUBLE": 0.0, "FOUL_TECHNICAL_DOUBLE": 0.0, "FOUL_FLAGRANT": 0.0, "FOULED_FLAGRANT": 0.0, "FOUL_FLAGRANT_1": 0.0, "FOULED_FLAGRANT_1": 0.0, "FOUL_FLAGRANT_2": 0.0, "FOULED_FLAGRANT_2": 0.0, "FOUL_INBOUND": 0.0, "FOULED_INBOUND": 0.0, "FOUL_LOOSE_BALL": 0.0, "FOULED_LOOSE_BALL": 0.058823529411764705, "FOUL_OFFENSIVE_CHARGE": 0.0, "FOULED_OFFENSIVE_CHARGE": 0.0, "FOUL_OFFENSIVE_OTHER": 0.0, "FOULED_OFFENSIVE_OTHER": 0.0, "FOUL_OFFENSIVE_TOTAL": 0.06896551724137931, "FOULED_OFFENSIVE_TOTAL": 0.06451612903225806, "FOUL_PERSONAL": 0.06557377049180328, "FOULED_PERSONAL": 0.0821917808219178, "FOUL_PERSONAL_BLOCK": 0.0, "FOULED_PERSONAL_BLOCK": 0.0, "FOUL_PERSONAL_TAKE": 0.0, "FOULED_PERSONAL_TAKE": 0.0, "FOUL_SHOOTING": 0.11009174311926606, "FOULED_SHOOTING": 0.025974025974025976, "FOUL_SHOOTING_BLOCK": 0.0, "FOULED_SHOOTING_BLOCK": 0.0, "FOUL_TECHNICAL": 0.0,