{"ASSIST": 0.23214285714285715, "BLOCK": 0.18421052631578946, "FG_ARC_3_ATTEMPT": 0.2916666666666667, "FG_ARC_3_BLOCK": 0.005208333333333333, "FG_ARC_3_MADE": 0.32142857142857145, "FG_ARC_3_MADE_FOUL": 0.0, "FG_AT_RIM_ATTEMPT": 0.22905027932960895, "FG_AT_RIM_BLOCK": 0.01675977653631285, "FG_AT_RIM_MADE": 0.7073170731707317, "FG_AT_RIM_MADE_FOUL": 0.0223463687150838, "FG_CORNER_3_ATTEMPT": 0.1694915254237288, "FG_CORNER_3_BLOCK": 0.0, "FG_CORNER_3_MADE": 0.4, "FG_CORNER_3_MADE_FOUL": 0.0, "FG_LONG_MID_RANGE_ATTEMPT": 0.2545454545454545, "FG_LONG_MID_RANGE_BLOCK": 0.0, "FG_LONG_MID_RANGE_MADE": 0.42857142857142855, "FG_LONG_MID_RANGE_MADE_FOUL": 0.0, "FG_SHORT_MID_RANGE_ATTEMPT": 0.562962962962963, "FG_SHORT_MID_RANGE_BLOCK": 0.044444444444444446, "FG_SHORT_MID_RANGE_MADE": 0.42105263157894735, "FG_SHORT_MID_RANGE_MADE_FOUL": 0.014814814814814815, "FG_XY": {"ARC_3": {"-62|262": 0.017857142857142856, "-66|251": 0.017857142857142856, "-2|256": 0.017857142857142856, "49|252": 0.017857142857142856, "105|242": 0.017857142857142856, "-202|158": 0.017857142857142856, "-109|252": 0.017857142857142856, "-104|229": 0.017857142857142856, "-186|169": 0.017857142857142856, "120|229": 0.017857142857142856, "-208|148": 0.017857142857142856, "-188|186": 0.017857142857142856, "-140|241": 0.017857142857142856, "-125|216": 0.017857142857142856, "10|258": 0.017857142857142856, "169|185": 0.017857142857142856, "91|237": 0.017857142857142856, "-88|245": 0.017857142857142856, "82|252": 0.017857142857142856, "109|231": 0.017857142857142856, "-135|223": 0.017857142857142856, "-130|231": 0.017857142857142856, "0|275": 0.017857142857142856, "-156|211": 0.017857142857142856, "-136|201": 0.017857142857142856, "-108|252": 0.017857142857142856, "-172|200": 0.017857142857142856, "-91|246": 0.017857142857142856, "21|263": 0.017857142857142856, "-43|252": 0.017857142857142856, "43|247": 0.017857142857142856, "-148|205": 0.017857142857142856, "44|257": 0.017857142857142856, "-202|150": 0.017857142857142856, "136|241": 0.017857142857142856, "31|268": 0.017857142857142856, "-167|206": 0.017857142857142856, "-53|280": 0.017857142857142856, "23|254": 0.017857142857142856, "65|258": 0.017857142857142856, "-83|251": 0.017857142857142856, "175|209": 0.017857142857142856, "-183|188": 0.017857142857142856, "-36|245": 0.017857142857142856, "-97|242": 0.017857142857142856, "56|244": 0.017857142857142856, "-138|216": 0.017857142857142856, "-147|215": 0.017857142857142856, "200|172": 0.017857142857142856, "-5|251": 0.017857142857142856, "143|215": 0.017857142857142856, "-146|205": 0.017857142857142856, "-132|217": 0.017857142857142856, "113|216": 0.017857142857142856, "-119|231": 0.017857142857142856, "216|124": 0.017857142857142856}, "AT_RIM": {"-7|12": 0.024390243902439025, "-18|13": 0.024390243902439025, "22|17": 0.024390243902439025, "23|16": 0.024390243902439025, "-27|13": 0.024390243902439025, "11|0": 0.024390243902439025, "-20|15": 0.024390243902439025, "-23|11": 0.024390243902439025, "2|29": 0.024390243902439025, "-13|16": 0.04878048780487805, "-23|9": 0.024390243902439025, "-6|22": 0.024390243902439025, "18|33": 0.024390243902439025, "2|8": 0.024390243902439025, "-2|-8": 0.024390243902439025, "4|10": 0.024390243902439025, "-29|8": 0.024390243902439025, "-6|0": 0.024390243902439025, "9|16": 0.024390243902439025, "31|12": 0.024390243902439025, "-18|26": 0.024390243902439025, "6|10": 0.024390243902439025, "0|0": 0.024390243902439025, "9|12": 0.024390243902439025, "0|7": 0.024390243902439025, "27|13": 0.024390243902439025, "20|8": 0.024390243902439025, "11|21": 0.024390243902439025, "5|5": 0.024390243902439025, "-1|5": 0.024390243902439025, "29|20": 0.024390243902439025, "1|12": 0.024390243902439025, "0|29": 0.024390243902439025, "-13|0": 0.024390243902439025, "-9|1": 0.024390243902439025, "-17|-5": 0.024390243902439025, "-23|21": 0.024390243902439025, "-13|22": 0.024390243902439025, "-20|8": 0.024390243902439025, "7|30": 0.024390243902439025}, "CORNER_3": {"-233|15": 0.1, "-235|-8": 0.1, "-230|83": 0.1, "234|68": 0.1, "-239|49": 0.1, "-235|11": 0.1, "235|13": 0.1, "237|11": 0.1, "-227|20": 0.1, "235|25": 0.1}, "LONG_MID_RANGE": {"-61|131": 0.07142857142857142, "-181|116": 0.07142857142857142, "-123|132": 0.07142857142857142, "-140|1": 0.07142857142857142, "-125|147": 0.07142857142857142, "20|142": 0.07142857142857142, "-89|178": 0.07142857142857142, "99|176": 0.07142857142857142, "-20|139": 0.07142857142857142, "-45|174": 0.07142857142857142, "62|130": 0.07142857142857142, "42|143": 0.07142857142857142, "127|123": 0.07142857142857142, "-107|161": 0.07142857142857142}, "SHORT_MID_RANGE": {"-50|61": 0.013157894736842105, "28|131": 0.013157894736842105, "67|120": 0.013157894736842105, "66|59": 0.013157894736842105, "-94|88": 0.013157894736842105, "76|83": 0.013157894736842105, "4|113": 0.013157894736842105, "2|72": 0.013157894736842105, "-1|114": 0.013157894736842105, "-6|84": 0.013157894736842105, "-105|70": 0.013157894736842105, "31|73": 0.013157894736842105, "-74|25": 0.013157894736842105, "-70|70": 0.013157894736842105, "23|53": 0.013157894736842105, "42|103": 0.013157894736842105, "103|92": 0.013157894736842105, "47|115": 0.013157894736842105, "-130|38": 0.013157894736842105, "-69|74": 0.013157894736842105, "53|38": 0.013157894736842105, "-47|26": 0.013157894736842105, "6|67": 0.013157894736842105, "-1|86": 0.013157894736842105, "78|25": 0.013157894736842105, "4|90": 0.013157894736842105, "110|79": 0.013157894736842105, "12|122": 0.013157894736842105, "48|13": 0.013157894736842105, "-103|76": 0.013157894736842105, "-28|31": 0.013157894736842105, "-38|44": 0.013157894736842105, "-1|80": 0.013157894736842105, "-55|52": 0.013157894736842105, "-82|64": 0.013157894736842105, "-72|84": 0.013157894736842105, "-6|74": 0.013157894736842105, "-83|11": 0.013157894736842105, "18|90": 0.013157894736842105, "44|29": 0.013157894736842105, "124|36": 0.013157894736842105, "45|107": 0.013157894736842105, "-16|131": 0.013157894736842105, "-22|108": 0.013157894736842105, "-5|51": 0.013157894736842105, "49|110": 0.013157894736842105, "4|99": 0.013157894736842105, "-55|31": 0.013157894736842105, "-15|115": 0.013157894736842105, "-31|100": 0.013157894736842105, "12|50": 0.013157894736842105, "-34|30": 0.013157894736842105, "-54|41": 0.013157894736842105, "-21|36": 0.013157894736842105, "53|111": 0.013157894736842105, "0|111": 0.013157894736842105, "62|15": 0.013157894736842105, "-31|136": 0.013157894736842105, "-40|64": 0.013157894736842105, "2|67": 0.013157894736842105, "-2|100": 0.013157894736842105, "-7|113": 0.013157894736842105, "34|94": 0.013157894736842105, "124|39": 0.013157894736842105, "-64|71": 0.013157894736842105, "48|100": 0.013157894736842105, "-15|39": 0.013157894736842105, "33|65": 0.013157894736842105, "-13|100": 0.013157894736842105, "29|42": 0.013157894736842105, "105|85": 0.013157894736842105, "36|17": 0.013157894736842105, "38|53": 0.013157894736842105, "31|109": 0.013157894736842105, "-125|18": 0.013157894736842105, "92|26": 0.013157894736842105}}, "FOUL_AWAY_FROM_PLAY": 0.0, "FOULED_AWAY_FROM_PLAY": 0.0, "FOUL_CLEAR_PATH": 0.0, "FOULED_CLEAR_PATH": 0.0, "FOUL_COUNT_AS_PERSONAL": 0.1925925925925926, "FOULED_COUNT_AS_PERSONAL": 0.21487603305785125, "FOUL_COUNT_TOWARD_PENALTY": 0.1984126984126984, "FOULED_COUNT_TOWARD_PENALTY": 0.20535714285714285, "FOUL_DEFENSIVE_NON_SHOOTING": 0.24561403508771928, "FOULED_DEFENSIVE_NON_SHOOTING": 0.1694915254237288, "FOUL_DOUBLE": 0.0, "FOUL_TECHNICAL_DOUBLE": 0.0, "FOUL_FLAGRANT": 0.0, "FOULED_FLAGRANT": 0.0, "FOUL_FLAGRANT_1": 0.0, "FOULED_FLAGRANT_1": 0.0, "FOUL_FLAGRANT_2": 0.0, "FOULED_FLAGRANT_2": 0.0, "FOUL_INBOUND": 0.0, "FOULED_INBOUND": 0.0, "FOUL_LOOSE_BALL": 0.0, "FOULED_LOOSE_BALL": 0.125, "FOUL_OFFENSIVE_CHARGE": 0.0, "FOULED_OFFENSIVE_CHARGE": 0.0, "FOUL_OFFENSIVE_OTHER": 0.0, "FOULED_OFFENSIVE_OTHER": 0.0, "FOUL_OFFENSIVE_TOTAL": 0.1111111111111111, "FOULED_OFFENSIVE_TOTAL": 0.3333333333333333, "FOUL_PERSONAL": 0.28125,