{"ASSIST": 0.08695652173913043, "BLOCK": 0.043478260869565216, "FG_ARC_3_ATTEMPT": 0.22608695652173913, "FG_ARC_3_BLOCK": 0.017391304347826087, "FG_ARC_3_MADE": 0.038461538461538464, "FG_ARC_3_MADE_FOUL": 0.0, "FG_AT_RIM_ATTEMPT": 0.07207207207207207, "FG_AT_RIM_BLOCK": 0.0, "FG_AT_RIM_MADE": 0.875, "FG_AT_RIM_MADE_FOUL": 0.0, "FG_CORNER_3_ATTEMPT": 0.15625, "FG_CORNER_3_BLOCK": 0.03125, "FG_CORNER_3_MADE": 0.2, "FG_CORNER_3_MADE_FOUL": 0.0, "FG_LONG_MID_RANGE_ATTEMPT": 0.18461538461538463, "FG_LONG_MID_RANGE_BLOCK": 0.03076923076923077, "FG_LONG_MID_RANGE_MADE": 0.08333333333333333, "FG_LONG_MID_RANGE_MADE_FOUL": 0.0, "FG_SHORT_MID_RANGE_ATTEMPT": 0.15254237288135594, "FG_SHORT_MID_RANGE_BLOCK": 0.01694915254237288, "FG_SHORT_MID_RANGE_MADE": 0.5, "FG_SHORT_MID_RANGE_MADE_FOUL": 0.0, "FG_XY": {"ARC_3": {"161|204": 0.038461538461538464, "89|233": 0.038461538461538464, "125|225": 0.038461538461538464, "114|241": 0.038461538461538464, "-152|204": 0.038461538461538464, "-86|243": 0.038461538461538464, "119|221": 0.038461538461538464, "22|257": 0.038461538461538464, "-206|164": 0.038461538461538464, "162|194": 0.038461538461538464, "-151|204": 0.038461538461538464, "108|233": 0.038461538461538464, "-170|246": 0.038461538461538464, "195|211": 0.038461538461538464, "71|245": 0.038461538461538464, "190|159": 0.038461538461538464, "-116|225": 0.038461538461538464, "113|246": 0.038461538461538464, "-66|256": 0.038461538461538464, "-221|131": 0.038461538461538464, "-113|250": 0.038461538461538464, "-191|174": 0.038461538461538464, "-45|242": 0.038461538461538464, "50|253": 0.038461538461538464, "186|235": 0.038461538461538464, "162|185": 0.038461538461538464}, "AT_RIM": {"-12|13": 0.125, "1|11": 0.125, "6|6": 0.125, "0|13": 0.125, "16|2": 0.125, "5|23": 0.125, "16|20": 0.125, "2|20": 0.125}, "CORNER_3": {"230|84": 0.2, "227|28": 0.2, "234|16": 0.2, "227|15": 0.2, "-241|58": 0.2}, "LONG_MID_RANGE": {"81|160": 0.08333333333333333, "87|158": 0.08333333333333333, "22|191": 0.08333333333333333, "82|184": 0.08333333333333333, "6|159": 0.08333333333333333, "-148|30": 0.08333333333333333, "120|100": 0.08333333333333333, "4|141": 0.08333333333333333, "-80|159": 0.08333333333333333, "99|135": 0.08333333333333333, "60|205": 0.08333333333333333, "-64|164": 0.08333333333333333}, "SHORT_MID_RANGE": {"-51|111": 0.05555555555555555, "59|88": 0.05555555555555555, "61|51": 0.05555555555555555, "15|96": 0.05555555555555555, "62|32": 0.05555555555555555, "-50|79": 0.05555555555555555, "-87|68": 0.05555555555555555, "-32|45": 0.05555555555555555, "-4|63": 0.05555555555555555, "69|41": 0.05555555555555555, "2|50": 0.05555555555555555, "74|80": 0.05555555555555555, "6|67": 0.05555555555555555, "138|9": 0.05555555555555555, "-33|131": 0.05555555555555555, "16|94": 0.05555555555555555, "94|41": 0.05555555555555555, "-53|89": 0.05555555555555555}}, "FOUL_AWAY_FROM_PLAY": 0.0, "FOULED_AWAY_FROM_PLAY": 0.0, "FOUL_CLEAR_PATH": 0.0, "FOULED_CLEAR_PATH": 0.0, "FOUL_COUNT_AS_PERSONAL": 0.15853658536585366, "FOULED_COUNT_AS_PERSONAL": 0.10344827586206896, "FOUL_COUNT_TOWARD_PENALTY": 0.14864864864864866, "FOULED_COUNT_TOWARD_PENALTY": 0.1038961038961039, "FOUL_DEFENSIVE_NON_SHOOTING": 0.2727272727272727, "FOULED_DEFENSIVE_NON_SHOOTING": 0.10256410256410256, "FOUL_DOUBLE": 0.0, "FOUL_TECHNICAL_DOUBLE": 0.0, "FOUL_FLAGRANT": 0.0, "FOULED_FLAGRANT": 0.0, "FOUL_FLAGRANT_1": 0.0, "FOULED_FLAGRANT_1": 0.0, "FOUL_FLAGRANT_2": 0.0, "FOULED_FLAGRANT_2": 0.0, "FOUL_INBOUND": 0.0, "FOULED_INBOUND": 0.0, "FOUL_LOOSE_BALL": 0.0, "FOULED_LOOSE_BALL": 0.0, "FOUL_OFFENSIVE_CHARGE": 0.0, "FOULED_OFFENSIVE_CHARGE": 0.0, "FOUL_OFFENSIVE_OTHER": 0.0, "FOULED_OFFENSIVE_OTHER": 0.0, "FOUL_OFFENSIVE_TOTAL": 0.25, "FOULED_OFFENSIVE_TOTAL": 0.1, "FOUL_PERSONAL": 0.3, "FOULED_PERSONAL": 0.19047619047619047, "FOUL_PERSONAL_BLOCK": 0.0, "FOULED_PERSONAL_BLOCK": 0.0, "FOUL_PERSONAL_TAKE": 0.0, "FOULED_PERSONAL_TAKE": 0.0, "FOUL_SHOOTING": 0.04878048780487805, "FOULED_SHOOTING": 0.10526315789473684, "FOUL_SHOOTING_BLOCK": 0.0, "FOULED_SHOOTING_BLOCK": 0.0, "FOUL_TECHNICAL": 0.0, "FT": 0.75, "REBOUND_DEFENSIVE": 0.07659574468085106, "REBOUND_OFFENSIVE": 0.003861003861003861, "STEAL": 0.15384615384615385, "SHOT_TYPE_ARC_3_OFFENSIVE": 0.26077097505668934, "SHOT_TYPE_ARC_3_DEFENSIVE": 0.3510392609699769, "SHOT_TYPE_AT_RIM_OFFENSIVE": 0.25170068027210885, "SHOT_TYPE_AT_RIM_DEFENSIVE": 0.302540415704388, "SHOT_TYPE_CORNER_3_OFFENSIVE": 0.07256235827664399, "SHOT_TYPE_CORNER_3_DEFENSIVE": 0.09006928406466513, "SHOT_TYPE_LONG_MID_RANGE_OFFENSIVE": 0.1473922902494331, "SHOT_TYPE_LONG_MID_RANGE_DEFENSIVE": 0.07159353348729793, "SHOT_TYPE_SHORT_MID_RANGE_OFFENSIVE": 0.2675736961451247, "SHOT_TYPE_SHORT_MID_RANGE_DEFENSIVE": 0.18475750577367206, "TURNOVER": 0.22727272727272727, "VIOLATION_DEFENSIVE_GOALTENDING": 0.0, "VIOLATION_DEFENSIVE_KICK_BALL": 0.0}