{"ASSIST": 0.07258064516129033, "BLOCK": 0.42424242424242425, "FG_ARC_3_ATTEMPT": 0.07894736842105263, "FG_ARC_3_BLOCK": 0.008771929824561403, "FG_ARC_3_MADE": 0.3333333333333333, "FG_ARC_3_MADE_FOUL": 0.0, "FG_AT_RIM_ATTEMPT": 0.13714285714285715, "FG_AT_RIM_BLOCK": 0.02857142857142857, "FG_AT_RIM_MADE": 0.5, "FG_AT_RIM_MADE_FOUL": 0.0, "FG_CORNER_3_ATTEMPT": 0.11904761904761904, "FG_CORNER_3_BLOCK": 0.0, "FG_CORNER_3_MADE": 0.2, "FG_CORNER_3_MADE_FOUL": 0.0, "FG_LONG_MID_RANGE_ATTEMPT": 0.009900990099009901, "FG_LONG_MID_RANGE_BLOCK": 0.0, "FG_LONG_MID_RANGE_MADE": 1.0, "FG_LONG_MID_RANGE_MADE_FOUL": 0.0, "FG_SHORT_MID_RANGE_ATTEMPT": 0.06796116504854369, "FG_SHORT_MID_RANGE_BLOCK": 0.02912621359223301, "FG_SHORT_MID_RANGE_MADE": 0.2857142857142857, "FG_SHORT_MID_RANGE_MADE_FOUL": 0.0, "FG_XY": {"ARC_3": {"-188|178": 0.1111111111111111, "234|90": 0.1111111111111111, "159|205": 0.1111111111111111, "-77|240": 0.1111111111111111, "110|225": 0.1111111111111111, "195|153": 0.1111111111111111, "-164|216": 0.1111111111111111, "-181|167": 0.1111111111111111, "-77|267": 0.1111111111111111}, "AT_RIM": {"-6|23": 0.041666666666666664, "0|0": 0.4166666666666667, "10|-6": 0.041666666666666664, "4|27": 0.041666666666666664, "-12|25": 0.041666666666666664, "-25|2": 0.041666666666666664, "-16|2": 0.041666666666666664, "-9|-5": 0.041666666666666664, "-16|4": 0.041666666666666664, "-32|7": 0.041666666666666664, "13|37": 0.041666666666666664, "-18|11": 0.041666666666666664, "-23|4": 0.041666666666666664, "-17|2": 0.041666666666666664, "-9|-1": 0.041666666666666664}, "CORNER_3": {"-238|46": 0.2, "-234|1": 0.2, "238|-5": 0.2, "222|33": 0.2, "-235|0": 0.2}, "LONG_MID_RANGE": {"-34|147": 1.0}, "SHORT_MID_RANGE": {"-31|33": 0.14285714285714285, "-21|59": 0.14285714285714285, "54|84": 0.14285714285714285, "22|53": 0.14285714285714285, "-48|51": 0.14285714285714285, "-27|33": 0.14285714285714285, "-11|70": 0.14285714285714285}}, "FOUL_AWAY_FROM_PLAY": 0.0, "FOULED_AWAY_FROM_PLAY": 0.0, "FOUL_CLEAR_PATH": 0.0, "FOULED_CLEAR_PATH": 0.0, "FOUL_COUNT_AS_PERSONAL": 0.3, "FOULED_COUNT_AS_PERSONAL": 0.2204724409448819, "FOUL_COUNT_TOWARD_PENALTY": 0.3135593220338983, "FOULED_COUNT_TOWARD_PENALTY": 0.22033898305084745, "FOUL_DEFENSIVE_NON_SHOOTING": 0.36363636363636365, "FOULED_DEFENSIVE_NON_SHOOTING": 0.22641509433962265, "FOUL_DOUBLE": 0.0, "FOUL_TECHNICAL_DOUBLE": 0.0, "FOUL_FLAGRANT": 0.0, "FOULED_FLAGRANT": 0.0, "FOUL_FLAGRANT_1": 0.0, "FOULED_FLAGRANT_1": 0.0, "FOUL_FLAGRANT_2": 0.0, "FOULED_FLAGRANT_2": 0.0, "FOUL_INBOUND": 0.0, "FOULED_INBOUND": 0.0, "FOUL_LOOSE_BALL": 0.0, "FOULED_LOOSE_BALL": 0.3333333333333333, "FOUL_OFFENSIVE_CHARGE": 0.14285714285714285, "FOULED_OFFENSIVE_CHARGE": 0.0, "FOUL_OFFENSIVE_OTHER": 0.0, "FOULED_OFFENSIVE_OTHER": 0.0, "FOUL_OFFENSIVE_TOTAL": 0.16666666666666666, "FOULED_OFFENSIVE_TOTAL": 0.2222222222222222, "FOUL_PERSONAL": 0.375, "FOULED_PERSONAL": 0.2222222222222222, "FOUL_PERSONAL_BLOCK": 0.0, "FOULED_PERSONAL_BLOCK": 0.0, "FOUL_PERSONAL_TAKE": 0.375, "FOULED_PERSONAL_TAKE": 0.125, "FOUL_SHOOTING": 0.2698412698412698, "FOULED_SHOOTING": 0.2153846153846154, "FOUL_SHOOTING_BLOCK": 0.0, "FOULED_SHOOTING_BLOCK": 0.0, "FOUL_TECHNICAL": 0.0, "FT": 0.8333333333333334, "REBOUND_DEFENSIVE": 0.1292517006802721, "REBOUND_OFFENSIVE": 0.07773851590106007, "STEAL": 0.2, "SHOT_TYPE_ARC_3_OFFENSIVE": 0.2130841121495327, "SHOT_TYPE_ARC_3_DEFENSIVE": 0.3096153846153846, "SHOT_TYPE_AT_RIM_OFFENSIVE": 0.32710280373831774, "SHOT_TYPE_AT_RIM_DEFENSIVE": 0.3384615384615385, "SHOT_TYPE_CORNER_3_OFFENSIVE": 0.07850467289719626, "SHOT_TYPE_CORNER_3_DEFENSIVE": 0.08653846153846154, "SHOT_TYPE_LONG_MID_RANGE_OFFENSIVE": 0.18878504672897195, "SHOT_TYPE_LONG_MID_RANGE_DEFENSIVE": 0.09615384615384616, "SHOT_TYPE_SHORT_MID_RANGE_OFFENSIVE": 0.1925233644859813, "SHOT_TYPE_SHORT_MID_RANGE_DEFENSIVE": 0.16923076923076924, "TURNOVER": 0.09090909090909091, "VIOLATION_DEFENSIVE_GOALTENDING": 0.0, "VIOLATION_DEFENSIVE_KICK_BALL": 0.25}