{"ASSIST": 0.13372093023255813, "BLOCK": 0.1111111111111111, "FG_ARC_3_ATTEMPT": 0.25925925925925924, "FG_ARC_3_BLOCK": 0.010582010582010581, "FG_ARC_3_MADE": 0.2857142857142857, "FG_ARC_3_MADE_FOUL": 0.0, "FG_AT_RIM_ATTEMPT": 0.22340425531914893, "FG_AT_RIM_BLOCK": 0.02127659574468085, "FG_AT_RIM_MADE": 0.6904761904761905, "FG_AT_RIM_MADE_FOUL": 0.015957446808510637, "FG_CORNER_3_ATTEMPT": 0.2375, "FG_CORNER_3_BLOCK": 0.0, "FG_CORNER_3_MADE": 0.21052631578947367, "FG_CORNER_3_MADE_FOUL": 0.0, "FG_LONG_MID_RANGE_ATTEMPT": 0.3125, "FG_LONG_MID_RANGE_BLOCK": 0.0125, "FG_LONG_MID_RANGE_MADE": 0.28, "FG_LONG_MID_RANGE_MADE_FOUL": 0.0, "FG_SHORT_MID_RANGE_ATTEMPT": 0.2733812949640288, "FG_SHORT_MID_RANGE_BLOCK": 0.02158273381294964, "FG_SHORT_MID_RANGE_MADE": 0.39473684210526316, "FG_SHORT_MID_RANGE_MADE_FOUL": 0.0, "FG_XY": {"ARC_3": {"-134|218": 0.02040816326530612, "214|142": 0.02040816326530612, "-152|209": 0.02040816326530612, "40|250": 0.02040816326530612, "-136|213": 0.02040816326530612, "-114|227": 0.02040816326530612, "-28|248": 0.02040816326530612, "-50|246": 0.02040816326530612, "94|255": 0.02040816326530612, "-169|243": 0.02040816326530612, "-125|257": 0.02040816326530612, "-189|184": 0.02040816326530612, "210|151": 0.02040816326530612, "-60|248": 0.02040816326530612, "-157|218": 0.02040816326530612, "217|128": 0.02040816326530612, "-97|232": 0.02040816326530612, "-74|262": 0.02040816326530612, "-102|244": 0.02040816326530612, "-110|222": 0.02040816326530612, "109|241": 0.02040816326530612, "-211|151": 0.02040816326530612, "-230|137": 0.02040816326530612, "99|268": 0.02040816326530612, "-83|247": 0.02040816326530612, "-60|241": 0.02040816326530612, "235|106": 0.02040816326530612, "13|267": 0.02040816326530612, "87|260": 0.02040816326530612, "118|235": 0.02040816326530612, "136|233": 0.02040816326530612, "59|243": 0.02040816326530612, "-1|252": 0.02040816326530612, "-158|207": 0.02040816326530612, "108|252": 0.02040816326530612, "-92|242": 0.02040816326530612, "80|253": 0.02040816326530612, "-137|219": 0.02040816326530612, "7|257": 0.02040816326530612, "-157|211": 0.02040816326530612, "136|225": 0.02040816326530612, "102|244": 0.02040816326530612, "-195|160": 0.02040816326530612, "-105|240": 0.02040816326530612, "45|277": 0.02040816326530612, "-28|281": 0.02040816326530612, "40|256": 0.02040816326530612, "-168|178": 0.02040816326530612, "178|242": 0.02040816326530612}, "AT_RIM": {"-2|22": 0.023809523809523808, "-4|6": 0.023809523809523808, "13|35": 0.023809523809523808, "7|24": 0.023809523809523808, "6|19": 0.023809523809523808, "16|9": 0.023809523809523808, "9|3": 0.023809523809523808, "0|9": 0.023809523809523808, "-33|5": 0.023809523809523808, "26|22": 0.023809523809523808, "-11|0": 0.023809523809523808, "10|9": 0.023809523809523808, "16|6": 0.023809523809523808, "9|6": 0.023809523809523808, "-5|28": 0.023809523809523808, "17|26": 0.023809523809523808, "-23|1": 0.023809523809523808, "-22|28": 0.023809523809523808, "10|11": 0.023809523809523808, "4|16": 0.047619047619047616, "16|27": 0.023809523809523808, "-18|13": 0.023809523809523808, "4|14": 0.023809523809523808, "-17|14": 0.023809523809523808, "11|21": 0.023809523809523808, "-20|1": 0.023809523809523808, "20|16": 0.023809523809523808, "-7|14": 0.023809523809523808, "11|4": 0.023809523809523808, "10|21": 0.023809523809523808, "-7|8": 0.023809523809523808, "-1|29": 0.023809523809523808, "23|13": 0.023809523809523808, "-11|6": 0.023809523809523808, "10|8": 0.023809523809523808, "10|13": 0.023809523809523808, "-10|11": 0.023809523809523808, "11|31": 0.023809523809523808, "9|15": 0.023809523809523808, "2|4": 0.023809523809523808, "28|21": 0.023809523809523808}, "CORNER_3": {"-229|0": 0.05263157894736842, "232|3": 0.05263157894736842, "239|27": 0.05263157894736842, "-237|-1": 0.05263157894736842, "233|8": 0.05263157894736842, "-230|19": 0.05263157894736842, "233|20": 0.05263157894736842, "-232|4": 0.05263157894736842, "-225|20": 0.05263157894736842, "-228|18": 0.05263157894736842, "225|22": 0.05263157894736842, "232|-4": 0.05263157894736842, "219|62": 0.05263157894736842, "-230|43": 0.05263157894736842, "230|7": 0.05263157894736842, "-232|-2": 0.05263157894736842, "-230|16": 0.05263157894736842, "-233|-1": 0.05263157894736842, "-230|-4": 0.05263157894736842}, "LONG_MID_RANGE": {"-74|195": 0.04, "-22|209": 0.04, "-136|32": 0.04, "192|11": 0.04, "168|104": 0.04, "17|143": 0.04, "118|151": 0.04, "-129|70": 0.04, "-92|121": 0.04, "28|159": 0.04, "-134|118": 0.04, "87|151": 0.04, "64|137": 0.08, "-77|211": 0.04, "67|182": 0.04, "146|174": 0.04, "-31|194": 0.04, "53|134": 0.04, "38|209": 0.04, "108|175": 0.04, "1|163": 0.04, "121|159": 0.04, "16|155": 0.04, "120|151": 0.04}, "SHORT_MID_RANGE": {"2|43": 0.02631578947368421, "118|39": 0.02631578947368421, "26|116": 0.02631578947368421, "-58|37": 0.02631578947368421, "86|87": 0.02631578947368421, "51|16": 0.02631578947368421, "4|57": 0.02631578947368421, "47|126": 0.02631578947368421, "-6|105": 0.02631578947368421, "62|5": 0.02631578947368421, "81|15": 0.02631578947368421, "56|-5": 0.02631578947368421, "-43|114": 0.02631578947368421, "-77|32": 0.02631578947368421, "29|46": 0.02631578947368421, "-6|78": 0.02631578947368421, "138|10": 0.02631578947368421, "-43|66": 0.02631578947368421, "44|24": 0.02631578947368421, "-56|111": 0.02631578947368421, "55|14": 0.02631578947368421, "17|41": 0.02631578947368421, "-37|23": 0.02631578947368421, "9|115": 0.02631578947368421, "-44|71": 0.02631578947368421, "131|-8": 0.02631578947368421, "20|46": 0.02631578947368421, "53|61": 0.02631578947368421, "72|7": 0.02631578947368421, "102|-10": 0.02631578947368421, "42|2": 0.02631578947368421, "-36|131": 0.02631578947368421, "-36|20": 0.02631578947368421, "18|70": 0.02631578947368421, "-50|25": 0.02631578947368421, "-82|42": 0.02631578947368421, "103|46": 0.02631578947368421, "-37|87": 0.02631578947368421}}, "FOUL_AWAY_FROM_PLAY": 0.0, "FOULED_AWAY_FROM_PLAY": 0.5, "FOUL_CLEAR_PATH": 0.0, "FOULED_CLEAR_PATH": 0.0, "FOUL_COUNT_AS_PERSONAL": 0.23076923076923078, "FOULED_COUNT_AS_PERSONAL": 0.2830188679245283, "FOUL_COUNT_TOWARD_PENALTY": 0.22900763358778625, "FOULED_COUNT_TOWARD_PENALTY": 0.3055555555555556, "FOUL_DEFENSIVE_NON_SHOOTING": 0.28125, "FOULED_DEFENSIVE_NON_SHOOTING": 0.28125, "FOUL_DOUBLE": 0.0, "FOUL_TECHNICAL_DOUBLE": 0.0, "FOUL_FLAGRANT": 0.0, "FOULED_FLAGRANT": 0.0, "FOUL_FLAGRANT_1": 0.0, "FOULED_FLAGRANT_1": 0.0, "FOUL_FLAGRANT_2": 0.0, "FOULED_FLAGRANT_2": 0.0, "FOUL_INBOUND": 0.0, "FOULED_INBOUND": 0.0, "FOUL_LOOSE_BALL": 0.0, "FOULED_LOOSE_BALL": 0.1111111111111111, "FOUL_OFFENSIVE_CHARGE": 0.5, "FOULED_OFFENSIVE_CHARGE": 0.0, "FOUL_OFFENSIVE_OTHER": 0.0, "FOULED_OFFENSIVE_OTHER": 0.0, "FOUL_OFFENSIVE_TOTAL": 0.25, "FOULED_OFFENSIVE_TOTAL": 0.06666666666666667, "FOUL_PERSONAL": 0.26, "FOULED_PERSONAL": 0.29545454545454547, "FOUL_PERSONAL_BLOCK": 0.0, "FOULED_PERSONAL_BLOCK": 0.0, "FOUL_PERSONAL_TAKE": 0.2857142857142857, "FOULED_PERSONAL_TAKE": 0.4, "FOUL_SHOOTING": 0.18181818181818182, "FOULED_SHOOTING": 0.32051282051282054, "FOUL_SHOOTING_BLOCK": 0.0, "FOULED_SHOOTING_BLOCK": 0.0, "FOUL_TECHNICAL": 0.0, "FT": 0.7843137254901961, "REBOUND_DEFENSIVE": 0.14004914004914004, "REBOUND_OFFENSIVE": 0.010101010101010102, "STEAL": 0.21666666666666667, "SHOT_TYPE_ARC_3_OFFENSIVE": 0.27958579881656803, "SHOT_TYPE_ARC_3_DEFENSIVE": 0.3114754098360656, "SHOT_TYPE_AT_RIM_OFFENSIVE": 0.2781065088757396, "SHOT_TYPE_AT_RIM_DEFENSIVE": 0.22801788375558868, "SHOT_TYPE_CORNER_3_OFFENSIVE": 0.11834319526627218, "SHOT_TYPE_CORNER_3_DEFENSIVE": 0.09687034277198212, "SHOT_TYPE_LONG_MID_RANGE_OFFENSIVE": 0.11834319526627218, "SHOT_TYPE_LONG_MID_RANGE_DEFENSIVE": 0.11177347242921014, "SHOT_TYPE_SHORT_MID_RANGE_OFFENSIVE": 0.20562130177514792, "SHOT_TYPE_SHORT_MID_RANGE_DEFENSIVE": 0.2518628912071535, "TURNOVER": 0.28, "VIOLATION_DEFENSIVE_GOALTENDING": 0.0, "VIOLATION_DEFENSIVE_KICK_BALL": 0.0}