{"ASSIST": 0.16296296296296298, "BLOCK": 0.10204081632653061, "FG_ARC_3_ATTEMPT": 0.3753351206434316, "FG_ARC_3_BLOCK": 0.010723860589812333, "FG_ARC_3_MADE": 0.17857142857142858, "FG_ARC_3_MADE_FOUL": 0.0, "FG_AT_RIM_ATTEMPT": 0.15087719298245614, "FG_AT_RIM_BLOCK": 0.007017543859649123, "FG_AT_RIM_MADE": 0.6976744186046512, "FG_AT_RIM_MADE_FOUL": 0.0035087719298245615, "FG_CORNER_3_ATTEMPT": 0.2808988764044944, "FG_CORNER_3_BLOCK": 0.0, "FG_CORNER_3_MADE": 0.32, "FG_CORNER_3_MADE_FOUL": 0.0, "FG_LONG_MID_RANGE_ATTEMPT": 0.20202020202020202, "FG_LONG_MID_RANGE_BLOCK": 0.0, "FG_LONG_MID_RANGE_MADE": 0.45, "FG_LONG_MID_RANGE_MADE_FOUL": 0.0, "FG_SHORT_MID_RANGE_ATTEMPT": 0.10655737704918032, "FG_SHORT_MID_RANGE_BLOCK": 0.020491803278688523, "FG_SHORT_MID_RANGE_MADE": 0.34615384615384615, "FG_SHORT_MID_RANGE_MADE_FOUL": 0.0, "FG_XY": {"ARC_3": {"-129|226": 0.007142857142857143, "163|204": 0.007142857142857143, "-109|248": 0.007142857142857143, "-168|235": 0.007142857142857143, "126|258": 0.007142857142857143, "-219|125": 0.007142857142857143, "-203|148": 0.007142857142857143, "-174|186": 0.007142857142857143, "109|241": 0.007142857142857143, "-162|196": 0.007142857142857143, "-140|222": 0.007142857142857143, "-4|253": 0.007142857142857143, "135|274": 0.007142857142857143, "-162|194": 0.007142857142857143, "-72|276": 0.007142857142857143, "-196|151": 0.007142857142857143, "50|248": 0.007142857142857143, "-185|172": 0.007142857142857143, "-72|304": 0.007142857142857143, "-54|249": 0.007142857142857143, "-157|204": 0.007142857142857143, "22|256": 0.007142857142857143, "121|231": 0.007142857142857143, "110|226": 0.007142857142857143, "-210|130": 0.007142857142857143, "-159|225": 0.007142857142857143, "-123|226": 0.007142857142857143, "-32|259": 0.014285714285714285, "92|238": 0.007142857142857143, "-219|147": 0.007142857142857143, "-34|245": 0.007142857142857143, "-148|206": 0.007142857142857143, "-197|146": 0.007142857142857143, "-156|195": 0.007142857142857143, "188|174": 0.007142857142857143, "-99|262": 0.007142857142857143, "-152|236": 0.007142857142857143, "-199|162": 0.007142857142857143, "-74|247": 0.007142857142857143, "-145|271": 0.007142857142857143, "-103|244": 0.007142857142857143, "151|216": 0.007142857142857143, "-207|201": 0.007142857142857143, "-96|241": 0.007142857142857143, "-190|230": 0.007142857142857143, "161|188": 0.007142857142857143, "197|218": 0.007142857142857143, "116|253": 0.007142857142857143, "-74|237": 0.007142857142857143, "-169|182": 0.007142857142857143, "-96|232": 0.007142857142857143, "-221|119": 0.007142857142857143, "-165|209": 0.007142857142857143, "72|248": 0.007142857142857143, "-229|94": 0.007142857142857143, "-192|193": 0.007142857142857143, "163|273": 0.007142857142857143, "161|197": 0.007142857142857143, "-207|147": 0.007142857142857143, "-189|172": 0.007142857142857143, "-213|155": 0.007142857142857143, "-238|88": 0.007142857142857143, "139|420": 0.007142857142857143, "-195|164": 0.007142857142857143, "214|136": 0.007142857142857143, "-134|210": 0.007142857142857143, "151|219": 0.007142857142857143, "2|251": 0.007142857142857143, "62|253": 0.007142857142857143, "191|179": 0.007142857142857143, "147|222": 0.007142857142857143, "-49|256": 0.007142857142857143, "74|274": 0.007142857142857143, "-37|252": 0.007142857142857143, "120|234": 0.007142857142857143, "81|239": 0.007142857142857143, "10|258": 0.007142857142857143, "-205|152": 0.007142857142857143, "-156|183": 0.007142857142857143, "20|246": 0.007142857142857143, "37|246": 0.007142857142857143, "-222|108": 0.007142857142857143, "-91|248": 0.007142857142857143, "-185|202": 0.007142857142857143, "109|239": 0.007142857142857143, "-173|217": 0.007142857142857143, "-173|195": 0.007142857142857143, "-211|129": 0.007142857142857143, "-123|239": 0.007142857142857143, "-191|176": 0.007142857142857143, "-162|188": 0.007142857142857143, "175|207": 0.007142857142857143, "-104|231": 0.007142857142857143, "185|160": 0.007142857142857143, "140|214": 0.007142857142857143, "1|438": 0.007142857142857143, "-1|309": 0.007142857142857143, "113|228": 0.007142857142857143, "-51|253": 0.007142857142857143, "-169|211": 0.007142857142857143, "-108|234": 0.007142857142857143, "137|213": 0.007142857142857143, "-7|250": 0.007142857142857143, "-179|189": 0.007142857142857143, "136|212": 0.007142857142857143, "126|217": 0.007142857142857143, "0|254": 0.007142857142857143, "-213|157": 0.007142857142857143, "210|144": 0.007142857142857143, "-28|257": 0.007142857142857143, "-29|243": 0.007142857142857143, "113|220": 0.007142857142857143, "-103|229": 0.007142857142857143, "-17|246": 0.007142857142857143, "-32|247": 0.007142857142857143, "-77|234": 0.007142857142857143, "87|235": 0.007142857142857143, "105|225": 0.007142857142857143, "-208|193": 0.007142857142857143, "-34|259": 0.007142857142857143, "-29|256": 0.007142857142857143, "-71|248": 0.007142857142857143, "2|246": 0.007142857142857143, "-40|251": 0.007142857142857143, "-64|249": 0.007142857142857143, "-207|152": 0.007142857142857143, "-188|236": 0.007142857142857143, "-148|244": 0.007142857142857143, "-123|236": 0.007142857142857143, "7|301": 0.007142857142857143, "-64|247": 0.007142857142857143, "-9|257": 0.007142857142857143, "140|221": 0.007142857142857143, "-48|261": 0.007142857142857143, "217|129": 0.007142857142857143, "191|183": 0.007142857142857143, "121|256": 0.007142857142857143, "48|266": 0.007142857142857143, "-107|237": 0.007142857142857143}, "AT_RIM": {"-25|8": 0.023255813953488372, "4|26": 0.023255813953488372, "-13|6": 0.023255813953488372, "15|21": 0.023255813953488372, "1|12": 0.023255813953488372, "-25|10": 0.023255813953488372, "-22|14": 0.046511627906976744, "7|13": 0.023255813953488372, "5|12": 0.023255813953488372, "20|5": 0.023255813953488372, "18|7": 0.023255813953488372, "-12|13": 0.023255813953488372, "29|10": 0.023255813953488372, "2|5": 0.023255813953488372, "0|0": 0.046511627906976744, "26|26": 0.023255813953488372, "0|11": 0.023255813953488372, "16|21": 0.023255813953488372, "-18|15": 0.023255813953488372, "1|15": 0.023255813953488372, "5|26": 0.023255813953488372, "-15|5": 0.023255813953488372, "-5|15": 0.023255813953488372, "4|11": 0.023255813953488372, "15|4": 0.023255813953488372, "-1|29": 0.023255813953488372, "9|6": 0.023255813953488372, "22|30": 0.023255813953488372, "6|15": 0.023255813953488372, "22|28": 0.023255813953488372, "21|13": 0.023255813953488372, "-27|7": 0.023255813953488372, "-32|11": 0.023255813953488372, "-18|18": 0.023255813953488372, "-22|22": 0.023255813953488372, "-25|4": 0.023255813953488372, "-6|8": 0.023255813953488372, "-18|21": 0.023255813953488372, "2|13": 0.023255813953488372, "-9|31": 0.023255813953488372, "0|22": 0.023255813953488372}, "CORNER_3": {"-234|22": 0.04, "-233|-11": 0.04, "232|85": 0.04, "225|9": 0.04, "235|6": 0.04, "-237|10": 0.04, "-232|13": 0.04, "-232|11": 0.04, "230|-21": 0.04, "233|15": 0.04, "-230|47": 0.04, "-228|44": 0.04, "233|43": 0.04, "-227|49": 0.04, "-230|-11": 0.04, "-225|59": 0.04, "-228|-1": 0.04, "-228|45": 0.04, "-233|30": 0.04, "-229|67": 0.04, "-232|8": 0.04, "227|75": 0.04, "234|57": 0.04, "-228|18": 0.04, "241|-8": 0.04}, "LONG_MID_RANGE": {"31|185": 0.05, "82|182": 0.05, "183|79": 0.05, "-186|59": 0.05, "50|162": 0.05, "88|121": 0.05, "81|149": 0.05, "158|75": 0.05, "-98|119": 0.05, "66|169": 0.05, "-107|139": 0.05, "-59|151": 0.05, "-159|16": 0.05, "-33|163": 0.05, "-18|147": 0.05, "72|137": 0.05, "-164|149": 0.05, "-87|152": 0.05, "9|145": 0.05, "-93|151": 0.05}, "SHORT_MID_RANGE": {"2|64": 0.038461538461538464, "38|86": 0.038461538461538464, "-94|16": 0.038461538461538464, "-1|121": 0.038461538461538464, "-50|23": 0.038461538461538464, "-55|63": 0.038461538461538464, "-9|42": 0.038461538461538464, "96|74": 0.038461538461538464, "29|68": 0.038461538461538464, "85|-5": 0.038461538461538464, "10|73": 0.038461538461538464, "22|100": 0.038461538461538464, "-10|46": 0.038461538461538464, "37|17": 0.038461538461538464,