{"ASSIST": 0.08527131782945736, "BLOCK": 0.1836734693877551, "FG_ARC_3_ATTEMPT": 0.14080459770114942, "FG_ARC_3_BLOCK": 0.0028735632183908046, "FG_ARC_3_MADE": 0.16326530612244897, "FG_ARC_3_MADE_FOUL": 0.0, "FG_AT_RIM_ATTEMPT": 0.10964912280701754, "FG_AT_RIM_BLOCK": 0.021929824561403508, "FG_AT_RIM_MADE": 0.48, "FG_AT_RIM_MADE_FOUL": 0.0, "FG_CORNER_3_ATTEMPT": 0.20202020202020202, "FG_CORNER_3_BLOCK": 0.0, "FG_CORNER_3_MADE": 0.15, "FG_CORNER_3_MADE_FOUL": 0.0, "FG_LONG_MID_RANGE_ATTEMPT": 0.029850746268656716, "FG_LONG_MID_RANGE_BLOCK": 0.0, "FG_LONG_MID_RANGE_MADE": 0.25, "FG_LONG_MID_RANGE_MADE_FOUL": 0.0, "FG_SHORT_MID_RANGE_ATTEMPT": 0.07142857142857142, "FG_SHORT_MID_RANGE_BLOCK": 0.009523809523809525, "FG_SHORT_MID_RANGE_MADE": 0.4, "FG_SHORT_MID_RANGE_MADE_FOUL": 0.0, "FG_XY": {"ARC_3": {"208|142": 0.02040816326530612, "-86|241": 0.02040816326530612, "-48|253": 0.02040816326530612, "98|233": 0.02040816326530612, "-49|249": 0.02040816326530612, "212|114": 0.02040816326530612, "18|245": 0.02040816326530612, "-162|216": 0.02040816326530612, "210|139": 0.02040816326530612, "97|231": 0.02040816326530612, "154|194": 0.02040816326530612, "-115|219": 0.02040816326530612, "-158|216": 0.02040816326530612, "-105|242": 0.02040816326530612, "181|169": 0.02040816326530612, "-210|142": 0.02040816326530612, "-109|225": 0.02040816326530612, "-180|171": 0.02040816326530612, "121|218": 0.02040816326530612, "27|243": 0.02040816326530612, "132|209": 0.02040816326530612, "-123|217": 0.02040816326530612, "-87|242": 0.02040816326530612, "-107|240": 0.02040816326530612, "-132|224": 0.02040816326530612, "92|251": 0.02040816326530612, "199|155": 0.02040816326530612, "127|223": 0.02040816326530612, "-159|192": 0.02040816326530612, "164|218": 0.02040816326530612, "-164|213": 0.02040816326530612, "118|224": 0.02040816326530612, "-141|215": 0.02040816326530612, "-170|199": 0.02040816326530612, "-190|182": 0.02040816326530612, "-125|242": 0.02040816326530612, "-205|169": 0.02040816326530612, "-137|212": 0.02040816326530612, "-175|197": 0.02040816326530612, "136|231": 0.02040816326530612, "192|194": 0.02040816326530612, "-176|214": 0.02040816326530612, "219|133": 0.02040816326530612, "192|185": 0.02040816326530612, "158|206": 0.02040816326530612, "224|106": 0.02040816326530612, "207|143": 0.02040816326530612, "-207|132": 0.02040816326530612, "-188|163": 0.02040816326530612}, "AT_RIM": {"0|4": 0.04, "5|8": 0.04, "-5|39": 0.04, "-6|18": 0.04, "22|-6": 0.04, "-11|36": 0.04, "0|0": 0.2, "10|-3": 0.04, "-5|2": 0.04, "25|19": 0.04, "6|23": 0.04, "7|7": 0.04, "-16|34": 0.04, "-10|3": 0.04, "-9|36": 0.04, "-2|22": 0.04, "-2|39": 0.04, "9|8": 0.04, "-11|25": 0.04, "-1|16": 0.04, "-2|-1": 0.04}, "CORNER_3": {"-229|27": 0.05, "-234|-4": 0.05, "227|74": 0.05, "227|10": 0.05, "-222|-28": 0.05, "-232|10": 0.05, "-228|29": 0.05, "-237|20": 0.05, "229|8": 0.05, "233|27": 0.05, "-228|1": 0.05, "-222|-2": 0.05, "233|42": 0.05, "-234|4": 0.05, "-221|-11": 0.05, "244|38": 0.05, "-235|6": 0.05, "-238|26": 0.05, "-228|15": 0.05, "-228|18": 0.05}, "LONG_MID_RANGE": {"180|-15": 0.25, "-181|62": 0.25, "-126|134": 0.25, "-158|15": 0.25}, "SHORT_MID_RANGE": {"-11|85": 0.06666666666666667, "72|36": 0.06666666666666667, "-20|92": 0.06666666666666667, "-34|56": 0.06666666666666667, "36|76": 0.06666666666666667, "40|24": 0.06666666666666667, "28|78": 0.06666666666666667, "-2|74": 0.06666666666666667, "-4|109": 0.06666666666666667, "37|21": 0.06666666666666667, "-23|77": 0.06666666666666667, "27|44": 0.06666666666666667, "15|38": 0.06666666666666667, "-28|119": 0.06666666666666667, "102|27": 0.06666666666666667}}, "FOUL_AWAY_FROM_PLAY": 0.0, "FOULED_AWAY_FROM_PLAY": 0.0, "FOUL_CLEAR_PATH": 0.0, "FOULED_CLEAR_PATH": 0.0, "FOUL_COUNT_AS_PERSONAL": 0.17937219730941703, "FOULED_COUNT_AS_PERSONAL": 0.08837209302325581, "FOUL_COUNT_TOWARD_PENALTY": 0.18041237113402062, "FOULED_COUNT_TOWARD_PENALTY": 0.09045226130653267, "FOUL_DEFENSIVE_NON_SHOOTING": 0.20754716981132076, "FOULED_DEFENSIVE_NON_SHOOTING": 0.09523809523809523, "FOUL_DOUBLE": 0.0, "FOUL_TECHNICAL_DOUBLE": 1.0, "FOUL_FLAGRANT": 0.0, "FOULED_FLAGRANT": 0.0, "FOUL_FLAGRANT_1": 0.0, "FOULED_FLAGRANT_1": 0.0, "FOUL_FLAGRANT_2": 0.0, "FOULED_FLAGRANT_2": 0.0, "FOUL_INBOUND": 0.0, "FOULED_INBOUND": 0.0, "FOUL_LOOSE_BALL": 0.0, "FOULED_LOOSE_BALL": 0.1, "FOUL_OFFENSIVE_CHARGE": 0.4, "FOULED_OFFENSIVE_CHARGE": 0.0, "FOUL_OFFENSIVE_OTHER": 0.0, "FOULED_OFFENSIVE_OTHER": 0.0, "FOUL_OFFENSIVE_TOTAL": 0.1724137931034483, "FOULED_OFFENSIVE_TOTAL": 0.0625, "FOUL_PERSONAL": 0.1791044776119403, "FOULED_PERSONAL": 0.08235294117647059, "FOUL_PERSONAL_BLOCK": 0.0, "FOULED_PERSONAL_BLOCK": 0.0, "FOUL_PERSONAL_TAKE": 0.2631578947368421, "FOULED_PERSONAL_TAKE": 0.2222222222222222, "FOUL_SHOOTING": 0.14942528735632185, "FOULED_SHOOTING": 0.08602150537634409, "FOUL_SHOOTING_BLOCK": 0.0, "FOULED_SHOOTING_BLOCK": 0.0, "FOUL_TECHNICAL": 0.0, "FT": 0.6190476190476191, "REBOUND_DEFENSIVE": 0.09665427509293681, "REBOUND_OFFENSIVE": 0.05414551607445008, "STEAL": 0.27956989247311825, "SHOT_TYPE_ARC_3_OFFENSIVE": 0.34151128557409227, "SHOT_TYPE_ARC_3_DEFENSIVE": 0.2541871921182266, "SHOT_TYPE_AT_RIM_OFFENSIVE": 0.2237487733071639, "SHOT_TYPE_AT_RIM_DEFENSIVE": 0.2738916256157635, "SHOT_TYPE_CORNER_3_OFFENSIVE": 0.0971540726202159, "SHOT_TYPE_CORNER_3_DEFENSIVE": 0.10049261083743842, "SHOT_TYPE_LONG_MID_RANGE_OFFENSIVE": 0.13150147203140333, "SHOT_TYPE_LONG_MID_RANGE_DEFENSIVE": 0.13694581280788176, "SHOT_TYPE_SHORT_MID_RANGE_OFFENSIVE": 0.20608439646712462, "SHOT_TYPE_SHORT_MID_RANGE_DEFENSIVE": 0.23448275862068965, "TURNOVER": 0.12244897959183673, "VIOLATION_DEFENSIVE_GOALTENDING": 0.0, "VIOLATION_DEFENSIVE_KICK_BALL": 0.3333333333333333}