{"ASSIST": 0.22695035460992907, "BLOCK": 0.1794871794871795, "FG_ARC_3_ATTEMPT": 0.15878378378378377, "FG_ARC_3_BLOCK": 0.0, "FG_ARC_3_MADE": 0.48936170212765956, "FG_ARC_3_MADE_FOUL": 0.0033783783783783786, "FG_AT_RIM_ATTEMPT": 0.2202797202797203, "FG_AT_RIM_BLOCK": 0.01048951048951049, "FG_AT_RIM_MADE": 0.6349206349206349, "FG_AT_RIM_MADE_FOUL": 0.0034965034965034965, "FG_CORNER_3_ATTEMPT": 0.16129032258064516, "FG_CORNER_3_BLOCK": 0.0, "FG_CORNER_3_MADE": 0.8, "FG_CORNER_3_MADE_FOUL": 0.0, "FG_LONG_MID_RANGE_ATTEMPT": 0.14285714285714285, "FG_LONG_MID_RANGE_BLOCK": 0.0, "FG_LONG_MID_RANGE_MADE": 0.6666666666666666, "FG_LONG_MID_RANGE_MADE_FOUL": 0.0, "FG_SHORT_MID_RANGE_ATTEMPT": 0.15384615384615385, "FG_SHORT_MID_RANGE_BLOCK": 0.03418803418803419, "FG_SHORT_MID_RANGE_MADE": 0.4444444444444444, "FG_SHORT_MID_RANGE_MADE_FOUL": 0.004273504273504274, "FG_XY": {"ARC_3": {"-211|121": 0.02127659574468085, "-107|226": 0.02127659574468085, "-107|233": 0.02127659574468085, "-223|125": 0.02127659574468085, "163|234": 0.02127659574468085, "183|195": 0.02127659574468085, "-115|235": 0.02127659574468085, "157|206": 0.02127659574468085, "-164|192": 0.02127659574468085, "-69|253": 0.02127659574468085, "164|199": 0.02127659574468085, "-29|252": 0.02127659574468085, "219|131": 0.02127659574468085, "-4|253": 0.02127659574468085, "64|252": 0.02127659574468085, "-180|190": 0.02127659574468085, "18|267": 0.02127659574468085, "-127|226": 0.02127659574468085, "-99|258": 0.02127659574468085, "188|185": 0.02127659574468085, "134|237": 0.02127659574468085, "-103|235": 0.02127659574468085, "-140|236": 0.02127659574468085, "-31|257": 0.02127659574468085, "-43|260": 0.02127659574468085, "-158|202": 0.02127659574468085, "4|272": 0.02127659574468085, "211|126": 0.02127659574468085, "194|150": 0.02127659574468085, "142|227": 0.02127659574468085, "-199|162": 0.02127659574468085, "138|221": 0.02127659574468085, "-96|252": 0.02127659574468085, "205|167": 0.02127659574468085, "-98|257": 0.02127659574468085, "-1|256": 0.02127659574468085, "-157|221": 0.02127659574468085, "164|189": 0.02127659574468085, "20|250": 0.02127659574468085, "206|138": 0.02127659574468085, "-163|192": 0.02127659574468085, "172|218": 0.02127659574468085, "-9|390": 0.02127659574468085, "-142|220": 0.02127659574468085, "146|200": 0.02127659574468085, "-188|188": 0.02127659574468085, "154|220": 0.02127659574468085}, "AT_RIM": {"-4|-1": 0.015873015873015872, "18|-13": 0.015873015873015872, "37|6": 0.015873015873015872, "-20|11": 0.015873015873015872, "17|26": 0.015873015873015872, "7|7": 0.015873015873015872, "10|1": 0.015873015873015872, "-17|21": 0.015873015873015872, "21|0": 0.015873015873015872, "-18|20": 0.015873015873015872, "21|17": 0.031746031746031744, "28|9": 0.015873015873015872, "-16|13": 0.015873015873015872, "27|10": 0.015873015873015872, "13|12": 0.015873015873015872, "0|0": 0.031746031746031744, "5|-1": 0.015873015873015872, "1|3": 0.015873015873015872, "-1|-6": 0.015873015873015872, "-18|4": 0.015873015873015872, "23|20": 0.015873015873015872, "11|16": 0.015873015873015872, "-29|25": 0.015873015873015872, "-25|6": 0.015873015873015872, "22|10": 0.015873015873015872, "28|8": 0.031746031746031744, "-7|10": 0.015873015873015872, "-9|11": 0.015873015873015872, "-25|10": 0.015873015873015872, "21|27": 0.015873015873015872, "25|22": 0.015873015873015872, "-5|15": 0.015873015873015872, "22|-10": 0.015873015873015872, "-11|20": 0.015873015873015872, "-22|22": 0.031746031746031744, "0|29": 0.015873015873015872, "17|5": 0.015873015873015872, "23|6": 0.015873015873015872, "5|1": 0.015873015873015872, "12|-7": 0.015873015873015872, "25|0": 0.015873015873015872, "9|6": 0.015873015873015872, "9|5": 0.015873015873015872, "-17|23": 0.015873015873015872, "12|7": 0.015873015873015872, "-11|18": 0.015873015873015872, "10|13": 0.015873015873015872, "21|4": 0.015873015873015872, "23|11": 0.015873015873015872, "7|15": 0.015873015873015872, "10|6": 0.015873015873015872, "18|-1": 0.015873015873015872, "-2|11": 0.015873015873015872, "-9|29": 0.015873015873015872, "32|5": 0.015873015873015872, "16|11": 0.015873015873015872, "25|18": 0.015873015873015872, "7|28": 0.015873015873015872, "-7|27": 0.015873015873015872}, "CORNER_3": {"-229|-10": 0.1, "225|3": 0.1, "229|0": 0.1, "-229|19": 0.1, "225|57": 0.1, "234|54": 0.1, "-237|42": 0.1, "-224|22": 0.1, "232|10": 0.1, "-221|17": 0.1}, "LONG_MID_RANGE": {"-33|157": 0.06666666666666667, "-159|11": 0.06666666666666667, "-70|163": 0.06666666666666667, "-131|117": 0.06666666666666667, "78|131": 0.06666666666666667, "92|175": 0.06666666666666667, "13|155": 0.06666666666666667, "-78|139": 0.06666666666666667, "-211|-10": 0.06666666666666667, "15|155": 0.06666666666666667, "-159|159": 0.06666666666666667, "0|172": 0.06666666666666667, "131|163": 0.06666666666666667, "1|190": 0.06666666666666667, "32|146": 0.06666666666666667}, "SHORT_MID_RANGE": {"-42|63": 0.027777777777777776, "51|47": 0.027777777777777776, "39|28": 0.027777777777777776, "4|94": 0.05555555555555555, "-60|111": 0.027777777777777776, "67|68": 0.027777777777777776, "15|130": 0.027777777777777776, "12|55": 0.027777777777777776, "-12|45": 0.027777777777777776, "-4|120": 0.027777777777777776, "-7|48": 0.027777777777777776, "-45|59": 0.027777777777777776, "127|15": 0.027777777777777776, "-44|129": 0.027777777777777776, "-67|108": 0.027777777777777776, "26|39": 0.027777777777777776, "18|41": 0.027777777777777776, "-99|90": 0.027777777777777776, "-80|105": 0.027777777777777776, "-71|29": 0.027777777777777776, "-115|36": 0.027777777777777776, "-74|11": 0.027777777777777776, "-42|71": 0.027777777777777776, "-97|-7": 0.027777777777777776, "82|29": 0.027777777777777776, "-60|71": 0.027777777777777776, "16|38": 0.027777777777777776, "116|10": 0.027777777777777776, "-22|68": 0.027777777777777776, "-21|54": 0.027777777777777776, "53|32": 0.027777777777777776, "100|67": 0.027777777777777776, "62|11": 0.027777777777777776, "-22|92": 0.027777777777777776, "-80|43": 0.027777777777777776}}, "FOUL_AWAY_FROM_PLAY": 0.0, "FOULED_AWAY_FROM_PLAY": 0.0, "FOUL_CLEAR_PATH": 0.0, "FOULED_CLEAR_PATH": 0.0, "FOUL_COUNT_AS_PERSONAL": 0.22026431718061673, "FOULED_COUNT_AS_PERSONAL": 0.22966507177033493, "FOUL_COUNT_TOWARD_PENALTY": 0.23383084577114427, "FOULED_COUNT_TOWARD_PENALTY": 0.2275132275132275, "FOUL_DEFENSIVE_NON_SHOOTING": 0.2636363636363636, "FOULED_DEFENSIVE_NON_SHOOTING": 0.21212121212121213, "FOUL_DOUBLE": 0.0, "FOUL_TECHNICAL_DOUBLE": 0.0, "FOUL_FLAGRANT": 0.0, "FOULED_FLAGRANT": 0.0, "FOUL_FLAGRANT_1": 0.0, "FOULED_FLAGRANT_1": 0.0, "FOUL_FLAGRANT_2": 0.0, "FOULED_FLAGRANT_2": 0.0, "FOUL_INBOUND": 0.0, "FOULED_INBOUND": 0.0, "FOUL_LOOSE_BALL": 0.0, "FOULED_LOOSE_BALL": 0.2222222222222222, "FOUL_OFFENSIVE_CHARGE": 0.2222222222222222, "FOULED_OFFENSIVE_CHARGE": 0.0, "FOUL_OFFENSIVE_OTHER": 0.0, "FOULED_OFFENSIVE_OTHER": 0.0, "FOUL_OFFENSIVE_TOTAL": 0.11538461538461539, "FOULED_OFFENSIVE_TOTAL": 0.25, "FOUL_PERSONAL": 0.20512820512820512, "FOULED_PERSONAL": 0.21794871794871795, "FOUL_PERSONAL_BLOCK": 0.0, "FOULED_PERSONAL_BLOCK": 0.0, "FOUL_PERSONAL_TAKE": 0.5263157894736842, "FOULED_PERSONAL_TAKE": 0.16666666666666666, "FOUL_SHOOTING": 0.1978021978021978, "FOULED_SHOOTING": 0.24444444444444444, "FOUL_SHOOTING_BLOCK": 0.0, "FOULED_SHOOTING_BLOCK": 0.0, "FOUL_TECHNICAL": 0.3076923076923077, "FT": 0.8409090909090909, "REBOUND_DEFENSIVE": 0.16888045540796964, "REBOUND_OFFENSIVE": 0.03272727272727273, "STEAL": 0.21333333333333335, "SHOT_TYPE_ARC_3_OFFENSIVE": 0.301119023397762, "SHOT_TYPE_ARC_3_DEFENSIVE": 0.30306122448979594, "SHOT_TYPE_AT_RIM_OFFENSIVE": 0.29094608341810785, "SHOT_TYPE_AT_RIM_DEFENSIVE": 0.22040816326530613, "SHOT_TYPE_CORNER_3_OFFENSIVE": 0.06307222787385554, "SHOT_TYPE_CORNER_3_DEFENSIVE": 0.10102040816326531, "SHOT_TYPE_LONG_MID_RANGE_OFFENSIVE": 0.10681586978636826, "SHOT_TYPE_LONG_MID_RANGE_DEFENSIVE": 0.12142857142857143, "SHOT_TYPE_SHORT_MID_RANGE_OFFENSIVE": 0.2380467955239064,