{"ASSIST": 0.1797752808988764, "BLOCK": 0.22950819672131148, "FG_ARC_3_ATTEMPT": 0.16201117318435754, "FG_ARC_3_BLOCK": 0.002793296089385475, "FG_ARC_3_MADE": 0.25862068965517243, "FG_ARC_3_MADE_FOUL": 0.002793296089385475, "FG_AT_RIM_ATTEMPT": 0.2079207920792079, "FG_AT_RIM_BLOCK": 0.026402640264026403, "FG_AT_RIM_MADE": 0.6666666666666666, "FG_AT_RIM_MADE_FOUL": 0.006600660066006601, "FG_CORNER_3_ATTEMPT": 0.125, "FG_CORNER_3_BLOCK": 0.0, "FG_CORNER_3_MADE": 0.36363636363636365, "FG_CORNER_3_MADE_FOUL": 0.0, "FG_LONG_MID_RANGE_ATTEMPT": 0.1782178217821782, "FG_LONG_MID_RANGE_BLOCK": 0.0, "FG_LONG_MID_RANGE_MADE": 0.5, "FG_LONG_MID_RANGE_MADE_FOUL": 0.0, "FG_SHORT_MID_RANGE_ATTEMPT": 0.15865384615384615, "FG_SHORT_MID_RANGE_BLOCK": 0.009615384615384616, "FG_SHORT_MID_RANGE_MADE": 0.36363636363636365, "FG_SHORT_MID_RANGE_MADE_FOUL": 0.0, "FG_XY": {"ARC_3": {"76|261": 0.017241379310344827, "-81|252": 0.017241379310344827, "-148|221": 0.034482758620689655, "-186|193": 0.017241379310344827, "-22|288": 0.017241379310344827, "150|205": 0.017241379310344827, "1|264": 0.017241379310344827, "40|252": 0.017241379310344827, "15|256": 0.017241379310344827, "-44|259": 0.017241379310344827, "37|253": 0.017241379310344827, "77|236": 0.017241379310344827, "-151|227": 0.017241379310344827, "-80|251": 0.017241379310344827, "183|168": 0.017241379310344827, "-118|217": 0.017241379310344827, "93|226": 0.017241379310344827, "-36|262": 0.017241379310344827, "-76|245": 0.017241379310344827, "33|242": 0.017241379310344827, "91|226": 0.017241379310344827, "-127|211": 0.017241379310344827, "10|245": 0.017241379310344827, "-37|237": 0.017241379310344827, "-44|240": 0.017241379310344827, "-69|259": 0.017241379310344827, "10|258": 0.017241379310344827, "-183|171": 0.017241379310344827, "116|236": 0.017241379310344827, "-129|236": 0.017241379310344827, "11|252": 0.017241379310344827, "-186|189": 0.017241379310344827, "-116|241": 0.017241379310344827, "-45|246": 0.017241379310344827, "-191|185": 0.017241379310344827, "81|245": 0.017241379310344827, "-219|113": 0.017241379310344827, "102|238": 0.017241379310344827, "-197|159": 0.017241379310344827, "-107|232": 0.017241379310344827, "-183|202": 0.017241379310344827, "118|238": 0.017241379310344827, "-53|261": 0.017241379310344827, "25|261": 0.017241379310344827, "-70|242": 0.017241379310344827, "-100|250": 0.017241379310344827, "-55|262": 0.017241379310344827, "129|220": 0.017241379310344827, "6|250": 0.017241379310344827, "-37|257": 0.017241379310344827, "42|273": 0.017241379310344827, "-115|258": 0.017241379310344827, "138|278": 0.017241379310344827, "-104|230": 0.017241379310344827, "108|242": 0.017241379310344827, "124|239": 0.017241379310344827, "103|243": 0.017241379310344827}, "AT_RIM": {"-27|6": 0.015873015873015872, "-17|8": 0.015873015873015872, "0|0": 0.12698412698412698, "-29|8": 0.015873015873015872, "31|17": 0.015873015873015872, "-29|18": 0.015873015873015872, "6|-5": 0.015873015873015872, "4|-4": 0.015873015873015872, "-26|-7": 0.015873015873015872, "-5|-1": 0.015873015873015872, "-1|13": 0.031746031746031744, "-37|-8": 0.015873015873015872, "-15|22": 0.015873015873015872, "31|24": 0.015873015873015872, "-12|8": 0.015873015873015872, "10|15": 0.015873015873015872, "16|11": 0.015873015873015872, "21|6": 0.015873015873015872, "38|10": 0.015873015873015872, "-25|6": 0.015873015873015872, "9|11": 0.015873015873015872, "5|21": 0.015873015873015872, "13|16": 0.015873015873015872, "2|8": 0.015873015873015872, "0|8": 0.015873015873015872, "-11|11": 0.015873015873015872, "-13|25": 0.015873015873015872, "-12|19": 0.015873015873015872, "0|6": 0.015873015873015872, "-6|16": 0.015873015873015872, "10|0": 0.015873015873015872, "20|6": 0.015873015873015872, "11|5": 0.015873015873015872, "28|-1": 0.015873015873015872, "22|-4": 0.015873015873015872, "-10|27": 0.015873015873015872, "21|20": 0.015873015873015872, "13|26": 0.015873015873015872, "9|19": 0.015873015873015872, "9|17": 0.015873015873015872, "18|6": 0.015873015873015872, "-11|22": 0.015873015873015872, "4|16": 0.015873015873015872, "13|13": 0.015873015873015872, "-1|10": 0.015873015873015872, "15|25": 0.015873015873015872, "-27|10": 0.015873015873015872, "-25|17": 0.015873015873015872, "-8|8": 0.015873015873015872, "1|23": 0.015873015873015872, "26|25": 0.015873015873015872, "-5|26": 0.015873015873015872, "-6|11": 0.015873015873015872, "-12|20": 0.015873015873015872, "5|10": 0.015873015873015872}, "CORNER_3": {"-239|2": 0.09090909090909091, "227|38": 0.09090909090909091, "-225|-8": 0.09090909090909091, "234|19": 0.09090909090909091, "221|69": 0.09090909090909091, "-234|42": 0.09090909090909091, "227|36": 0.09090909090909091, "228|20": 0.09090909090909091, "-230|32": 0.09090909090909091, "-234|16": 0.09090909090909091, "235|53": 0.09090909090909091}, "LONG_MID_RANGE": {"16|188": 0.05555555555555555, "-5|159": 0.05555555555555555, "-23|142": 0.05555555555555555, "-88|139": 0.05555555555555555, "108|143": 0.05555555555555555, "-126|133": 0.05555555555555555, "49|143": 0.05555555555555555, "51|167": 0.05555555555555555, "107|98": 0.05555555555555555, "-26|183": 0.05555555555555555, "-2|140": 0.05555555555555555, "141|35": 0.05555555555555555, "-102|149": 0.05555555555555555, "-11|194": 0.05555555555555555, "99|99": 0.05555555555555555, "-203|94": 0.05555555555555555, "80|115": 0.05555555555555555, "-70|147": 0.05555555555555555}, "SHORT_MID_RANGE": {"39|36": 0.030303030303030304, "-97|-1": 0.030303030303030304, "7|78": 0.030303030303030304, "-42|-1": 0.030303030303030304, "-10|44": 0.030303030303030304, "13|45": 0.030303030303030304, "0|43": 0.030303030303030304, "22|44": 0.030303030303030304, "-2|55": 0.030303030303030304, "-39|27": 0.030303030303030304, "-11|79": 0.030303030303030304, "-13|125": 0.030303030303030304, "-34|-25": 0.030303030303030304, "7|96": 0.030303030303030304, "-58|52": 0.030303030303030304, "-77|111": 0.030303030303030304, "-32|49": 0.030303030303030304, "15|64": 0.030303030303030304, "23|73": 0.030303030303030304, "44|11": 0.030303030303030304, "11|93": 0.030303030303030304, "131|40": 0.030303030303030304, "96|64": 0.030303030303030304, "-2|114": 0.030303030303030304, "59|48": 0.030303030303030304, "6|67": 0.030303030303030304, "-28|33": 0.030303030303030304, "22|137": 0.030303030303030304, "-96|14": 0.030303030303030304, "2|92": 0.030303030303030304, "-53|32": 0.030303030303030304, "-81|15": 0.030303030303030304, "1|129": 0.030303030303030304}}, "FOUL_AWAY_FROM_PLAY": 0.0, "FOULED_AWAY_FROM_PLAY": 0.0, "FOUL_CLEAR_PATH": 0.0, "FOULED_CLEAR_PATH": 0.0, "FOUL_COUNT_AS_PERSONAL": 0.2245762711864407, "FOULED_COUNT_AS_PERSONAL": 0.2054794520547945, "FOUL_COUNT_TOWARD_PENALTY": 0.22641509433962265, "FOULED_COUNT_TOWARD_PENALTY": 0.22110552763819097, "FOUL_DEFENSIVE_NON_SHOOTING": 0.2, "FOULED_DEFENSIVE_NON_SHOOTING": 0.26373626373626374, "FOUL_DOUBLE": 0.0, "FOUL_TECHNICAL_DOUBLE": 0.0, "FOUL_FLAGRANT": 0.0, "FOULED_FLAGRANT": 0.0, "FOUL_FLAGRANT_1": 0.0, "FOULED_FLAGRANT_1": 0.0, "FOUL_FLAGRANT_2": 0.0, "FOULED_FLAGRANT_2": 0.0, "FOUL_INBOUND": 0.0, "FOULED_INBOUND": 0.0, "FOUL_LOOSE_BALL": 0.0, "FOULED_LOOSE_BALL": 0.5714285714285714, "FOUL_OFFENSIVE_CHARGE": 0.0, "FOULED_OFFENSIVE_CHARGE": 0.16666666666666666, "FOUL_OFFENSIVE_OTHER": 0.0, "FOULED_OFFENSIVE_OTHER": 0.0, "FOUL_OFFENSIVE_TOTAL": 0.21739130434782608, "FOULED_OFFENSIVE_TOTAL": 0.05, "FOUL_PERSONAL": 0.18181818181818182, "FOULED_PERSONAL": 0.25396825396825395, "FOUL_PERSONAL_BLOCK": 0.0, "FOULED_PERSONAL_BLOCK": 0.0, "FOUL_PERSONAL_TAKE": 0.2222222222222222, "FOULED_PERSONAL_TAKE": 0.0, "FOUL_SHOOTING": 0.25, "FOULED_SHOOTING": 0.18518518518518517, "FOUL_SHOOTING_BLOCK": 0.0, "FOULED_SHOOTING_BLOCK": 0.0, "FOUL_TECHNICAL": 0.2, "FT": 0.6739130434782609, "REBOUND_DEFENSIVE": 0.248, "REBOUND_OFFENSIVE": 0.07062600321027288, "STEAL": 0.1744186046511628, "SHOT_TYPE_ARC_3_OFFENSIVE": 0.3383742911153119, "SHOT_TYPE_ARC_3_DEFENSIVE": 0.3257713248638838,