{"ASSIST": 0.15151515151515152, "BLOCK": 0.03571428571428571, "FG_ARC_3_ATTEMPT": 0.19584569732937684, "FG_ARC_3_BLOCK": 0.0, "FG_ARC_3_MADE": 0.18181818181818182, "FG_ARC_3_MADE_FOUL": 0.0, "FG_AT_RIM_ATTEMPT": 0.09782608695652174, "FG_AT_RIM_BLOCK": 0.007246376811594203, "FG_AT_RIM_MADE": 0.8518518518518519, "FG_AT_RIM_MADE_FOUL": 0.0036231884057971015, "FG_CORNER_3_ATTEMPT": 0.20388349514563106, "FG_CORNER_3_BLOCK": 0.0, "FG_CORNER_3_MADE": 0.2857142857142857, "FG_CORNER_3_MADE_FOUL": 0.0, "FG_LONG_MID_RANGE_ATTEMPT": 0.15126050420168066, "FG_LONG_MID_RANGE_BLOCK": 0.0, "FG_LONG_MID_RANGE_MADE": 0.2222222222222222, "FG_LONG_MID_RANGE_MADE_FOUL": 0.0, "FG_SHORT_MID_RANGE_ATTEMPT": 0.08839779005524862, "FG_SHORT_MID_RANGE_BLOCK": 0.0, "FG_SHORT_MID_RANGE_MADE": 0.1875, "FG_SHORT_MID_RANGE_MADE_FOUL": 0.0055248618784530384, "FG_XY": {"ARC_3": {"107|230": 0.015151515151515152, "-110|231": 0.015151515151515152, "7|258": 0.015151515151515152, "-161|226": 0.015151515151515152, "-141|215": 0.015151515151515152, "21|245": 0.015151515151515152, "-94|239": 0.015151515151515152, "-129|218": 0.015151515151515152, "-31|262": 0.015151515151515152, "87|248": 0.015151515151515152, "151|227": 0.015151515151515152, "-114|227": 0.015151515151515152, "232|125": 0.015151515151515152, "-23|266": 0.015151515151515152, "140|238": 0.015151515151515152, "-165|217": 0.015151515151515152, "141|222": 0.015151515151515152, "-134|230": 0.015151515151515152, "213|128": 0.015151515151515152, "-165|263": 0.015151515151515152, "158|209": 0.015151515151515152, "114|258": 0.015151515151515152, "-165|201": 0.015151515151515152, "16|260": 0.015151515151515152, "-143|231": 0.015151515151515152, "109|230": 0.015151515151515152, "40|260": 0.015151515151515152, "170|204": 0.015151515151515152, "37|280": 0.015151515151515152, "172|197": 0.015151515151515152, "212|136": 0.015151515151515152, "119|239": 0.015151515151515152, "31|254": 0.015151515151515152, "-33|255": 0.015151515151515152, "-119|232": 0.015151515151515152, "-104|229": 0.015151515151515152, "136|239": 0.015151515151515152, "178|196": 0.015151515151515152, "-118|227": 0.015151515151515152, "9|266": 0.015151515151515152, "13|256": 0.015151515151515152, "138|227": 0.015151515151515152, "184|169": 0.015151515151515152, "-119|226": 0.015151515151515152, "-201|150": 0.015151515151515152, "65|246": 0.015151515151515152, "10|248": 0.015151515151515152, "10|252": 0.015151515151515152, "-127|213": 0.015151515151515152, "91|255": 0.015151515151515152, "167|221": 0.015151515151515152, "186|173": 0.015151515151515152, "168|214": 0.015151515151515152, "-159|216": 0.015151515151515152, "126|257": 0.015151515151515152, "-159|208": 0.015151515151515152, "159|214": 0.015151515151515152, "228|103": 0.015151515151515152, "-124|296": 0.015151515151515152, "147|228": 0.015151515151515152, "-145|251": 0.015151515151515152, "158|211": 0.015151515151515152, "75|272": 0.015151515151515152, "-161|193": 0.015151515151515152, "-170|196": 0.015151515151515152, "-192|164": 0.015151515151515152}, "AT_RIM": {"2|6": 0.037037037037037035, "11|10": 0.037037037037037035, "-18|1": 0.037037037037037035, "-1|17": 0.037037037037037035, "-13|15": 0.037037037037037035, "1|13": 0.037037037037037035, "1|11": 0.037037037037037035, "-4|28": 0.037037037037037035, "-20|-25": 0.037037037037037035, "22|19": 0.037037037037037035, "1|33": 0.037037037037037035, "27|14": 0.037037037037037035, "18|23": 0.037037037037037035, "-2|8": 0.07407407407407407, "4|31": 0.037037037037037035, "-9|15": 0.037037037037037035, "2|20": 0.037037037037037035, "-15|14": 0.037037037037037035, "-1|12": 0.037037037037037035, "12|17": 0.037037037037037035, "18|7": 0.037037037037037035, "-13|27": 0.037037037037037035, "11|26": 0.037037037037037035, "-4|17": 0.037037037037037035, "-9|7": 0.037037037037037035, "25|10": 0.037037037037037035}, "CORNER_3": {"227|4": 0.047619047619047616, "224|53": 0.047619047619047616, "-232|25": 0.047619047619047616, "-232|32": 0.047619047619047616, "227|22": 0.047619047619047616, "-239|16": 0.047619047619047616, "-241|5": 0.047619047619047616, "243|56": 0.047619047619047616, "232|5": 0.047619047619047616, "232|8": 0.047619047619047616, "-230|65": 0.047619047619047616, "230|3": 0.047619047619047616, "229|-11": 0.047619047619047616, "-228|-17": 0.047619047619047616, "227|26": 0.047619047619047616, "224|24": 0.047619047619047616, "225|71": 0.047619047619047616, "-228|28": 0.047619047619047616, "224|42": 0.047619047619047616, "238|52": 0.047619047619047616, "-227|55": 0.047619047619047616}, "LONG_MID_RANGE": {"158|1": 0.05555555555555555, "64|133": 0.05555555555555555, "119|113": 0.05555555555555555, "-109|123": 0.05555555555555555, "157|21": 0.05555555555555555, "-83|147": 0.05555555555555555, "151|22": 0.05555555555555555, "15|148": 0.05555555555555555, "-195|85": 0.05555555555555555, "54|130": 0.05555555555555555, "-100|137": 0.05555555555555555, "-110|97": 0.05555555555555555, "-96|158": 0.05555555555555555, "-48|183": 0.05555555555555555, "-118|170": 0.05555555555555555, "130|89": 0.05555555555555555, "-54|145": 0.05555555555555555, "126|113": 0.05555555555555555}, "SHORT_MID_RANGE": {"43|10": 0.0625, "-28|108": 0.0625, "7|125": 0.0625, "-59|32": 0.0625, "38|92": 0.0625, "93|98": 0.0625, "5|116": 0.0625, "0|135": 0.0625, "43|120": 0.0625, "-6|139": 0.0625, "43|50": 0.0625, "4|129": 0.0625, "53|124": 0.0625, "-34|52": 0.0625, "-4|58": 0.0625, "100|14": 0.0625}}, "FOUL_AWAY_FROM_PLAY": 0.0, "FOULED_AWAY_FROM_PLAY": 0.0, "FOUL_CLEAR_PATH": 0.0, "FOULED_CLEAR_PATH": 0.0, "FOUL_COUNT_AS_PERSONAL": 0.14553990610328638, "FOULED_COUNT_AS_PERSONAL": 0.05092592592592592, "FOUL_COUNT_TOWARD_PENALTY": 0.14583333333333334, "FOULED_COUNT_TOWARD_PENALTY": 0.046632124352331605, "FOUL_DEFENSIVE_NON_SHOOTING": 0.17272727272727273, "FOULED_DEFENSIVE_NON_SHOOTING": 0.045454545454545456, "FOUL_DOUBLE": 0.0, "FOUL_TECHNICAL_DOUBLE": 0.0, "FOUL_FLAGRANT": 0.0, "FOULED_FLAGRANT": 0.0, "FOUL_FLAGRANT_1": 0.0, "FOULED_FLAGRANT_1": 0.0, "FOUL_FLAGRANT_2": 0.0, "FOULED_FLAGRANT_2": 0.0, "FOUL_INBOUND": 0.0, "FOULED_INBOUND": 0.0, "FOUL_LOOSE_BALL": 0.0, "FOULED_LOOSE_BALL": 0.0, "FOUL_OFFENSIVE_CHARGE": 0.0, "FOULED_OFFENSIVE_CHARGE": 0.16666666666666666, "FOUL_OFFENSIVE_OTHER": 0.0, "FOULED_OFFENSIVE_OTHER": 0.0, "FOUL_OFFENSIVE_TOTAL": 0.14285714285714285, "FOULED_OFFENSIVE_TOTAL": 0.08695652173913043, "FOUL_PERSONAL": 0.12987012987012986, "FOULED_PERSONAL": 0.05555555555555555, "FOUL_PERSONAL_BLOCK": 0.0, "FOULED_PERSONAL_BLOCK": 0.0, "FOUL_PERSONAL_TAKE": 0.25, "FOULED_PERSONAL_TAKE": 0.05, "FOUL_SHOOTING": 0.1111111111111111, "FOULED_SHOOTING": 0.04819277108433735, "FOUL_SHOOTING_BLOCK": 0.0, "FOULED_SHOOTING_BLOCK": 0.0, "FOUL_TECHNICAL": 0.0, "FT": 1.0, "REBOUND_DEFENSIVE": 0.0959119496855346, "REBOUND_OFFENSIVE": 0.0071174377224199285, "STEAL": 0.17, "SHOT_TYPE_ARC_3_OFFENSIVE": 0.3316929133858268, "SHOT_TYPE_ARC_3_DEFENSIVE": 0.27804410354745923, "SHOT_TYPE_AT_RIM_OFFENSIVE": 0.27165354330708663, "SHOT_TYPE_AT_RIM_DEFENSIVE": 0.33557046979865773, "SHOT_TYPE_CORNER_3_OFFENSIVE": 0.10137795275590551, "SHOT_TYPE_CORNER_3_DEFENSIVE": 0.087248322147651, "SHOT_TYPE_LONG_MID_RANGE_OFFENSIVE": 0.1171259842519685, "SHOT_TYPE_LONG_MID_RANGE_DEFENSIVE": 0.09204218600191755, "SHOT_TYPE_SHORT_MID_RANGE_OFFENSIVE": 0.1781496062992126, "SHOT_TYPE_SHORT_MID_RANGE_DEFENSIVE": 0.20709491850431447, "TURNOVER": 0.0903954802259887, "VIOLATION_DEFENSIVE_GOALTENDING": 0.0, "VIOLATION_DEFENSIVE_KICK_BALL": 0.0}