{"ASSIST": 0.11827956989247312, "BLOCK": 0.1111111111111111, "FG_ARC_3_ATTEMPT": 0.13274336283185842, "FG_ARC_3_BLOCK": 0.02654867256637168, "FG_ARC_3_MADE": 0.2, "FG_ARC_3_MADE_FOUL": 0.0, "FG_AT_RIM_ATTEMPT": 0.11363636363636363, "FG_AT_RIM_BLOCK": 0.03409090909090909, "FG_AT_RIM_MADE": 0.5, "FG_AT_RIM_MADE_FOUL": 0.0, "FG_CORNER_3_ATTEMPT": 0.4411764705882353, "FG_CORNER_3_BLOCK": 0.029411764705882353, "FG_CORNER_3_MADE": 0.2, "FG_CORNER_3_MADE_FOUL": 0.0, "FG_LONG_MID_RANGE_ATTEMPT": 0.023809523809523808, "FG_LONG_MID_RANGE_BLOCK": 0.0, "FG_LONG_MID_RANGE_MADE": 0.0, "FG_LONG_MID_RANGE_MADE_FOUL": 0.0, "FG_SHORT_MID_RANGE_ATTEMPT": 0.06097560975609756, "FG_SHORT_MID_RANGE_BLOCK": 0.0, "FG_SHORT_MID_RANGE_MADE": 0.4, "FG_SHORT_MID_RANGE_MADE_FOUL": 0.0, "FG_XY": {"ARC_3": {"-83|240": 0.06666666666666667, "-123|608": 0.06666666666666667, "-201|157": 0.06666666666666667, "-206|141": 0.06666666666666667, "223|121": 0.06666666666666667, "21|250": 0.06666666666666667, "-92|233": 0.06666666666666667, "98|239": 0.06666666666666667, "-224|91": 0.06666666666666667, "-174|200": 0.06666666666666667, "112|227": 0.06666666666666667, "-147|263": 0.06666666666666667, "-113|234": 0.06666666666666667, "137|238": 0.06666666666666667, "-4|262": 0.06666666666666667}, "AT_RIM": {"-12|34": 0.1, "17|-4": 0.1, "-21|23": 0.1, "4|0": 0.1, "-16|14": 0.1, "0|0": 0.2, "5|5": 0.1, "-17|22": 0.1, "11|8": 0.1}, "CORNER_3": {"-232|15": 0.06666666666666667, "-228|2": 0.06666666666666667, "-229|6": 0.06666666666666667, "-230|6": 0.06666666666666667, "230|5": 0.06666666666666667, "232|11": 0.06666666666666667, "229|31": 0.06666666666666667, "235|32": 0.06666666666666667, "228|-9": 0.06666666666666667, "-230|3": 0.06666666666666667, "232|-3": 0.06666666666666667, "230|2": 0.06666666666666667, "-225|29": 0.06666666666666667, "-228|18": 0.06666666666666667, "-225|50": 0.06666666666666667}, "LONG_MID_RANGE": {"11|153": 1.0}, "SHORT_MID_RANGE": {"22|126": 0.2, "-26|115": 0.2, "56|125": 0.2, "-37|55": 0.2, "6|91": 0.2}}, "FOUL_AWAY_FROM_PLAY": 0.0, "FOULED_AWAY_FROM_PLAY": 0.0, "FOUL_CLEAR_PATH": 0.0, "FOULED_CLEAR_PATH": 0.0, "FOUL_COUNT_AS_PERSONAL": 0.24358974358974358, "FOULED_COUNT_AS_PERSONAL": 0.06493506493506493, "FOUL_COUNT_TOWARD_PENALTY": 0.2535211267605634, "FOULED_COUNT_TOWARD_PENALTY": 0.0547945205479452, "FOUL_DEFENSIVE_NON_SHOOTING": 0.2631578947368421, "FOULED_DEFENSIVE_NON_SHOOTING": 0.06818181818181818, "FOUL_DOUBLE": 0.0, "FOUL_TECHNICAL_DOUBLE": 0.0, "FOUL_FLAGRANT": 0.0, "FOULED_FLAGRANT": 0.0, "FOUL_FLAGRANT_1": 0.0, "FOULED_FLAGRANT_1": 0.0, "FOUL_FLAGRANT_2": 0.0, "FOULED_FLAGRANT_2": 0.0, "FOUL_INBOUND": 0.0, "FOULED_INBOUND": 0.0, "FOUL_LOOSE_BALL": 0.0, "FOULED_LOOSE_BALL": 0.0, "FOUL_OFFENSIVE_CHARGE": 0.3333333333333333, "FOULED_OFFENSIVE_CHARGE": 0.0, "FOUL_OFFENSIVE_OTHER": 0.0, "FOULED_OFFENSIVE_OTHER": 0.0, "FOUL_OFFENSIVE_TOTAL": 0.14285714285714285, "FOULED_OFFENSIVE_TOTAL": 0.25, "FOUL_PERSONAL": 0.3448275862068966, "FOULED_PERSONAL": 0.05714285714285714, "FOUL_PERSONAL_BLOCK": 0.0, "FOULED_PERSONAL_BLOCK": 0.0, "FOUL_PERSONAL_TAKE": 0.0, "FOULED_PERSONAL_TAKE": 0.3333333333333333, "FOUL_SHOOTING": 0.24242424242424243, "FOULED_SHOOTING": 0.03571428571428571, "FOUL_SHOOTING_BLOCK": 0.0, "FOULED_SHOOTING_BLOCK": 0.0, "FOUL_TECHNICAL": 0.0, "FT": 1.0, "REBOUND_DEFENSIVE": 0.1902439024390244, "REBOUND_OFFENSIVE": 0.04830917874396135, "STEAL": 0.1935483870967742, "SHOT_TYPE_ARC_3_OFFENSIVE": 0.3147632311977716, "SHOT_TYPE_ARC_3_DEFENSIVE": 0.2861271676300578, "SHOT_TYPE_AT_RIM_OFFENSIVE": 0.24512534818941503, "SHOT_TYPE_AT_RIM_DEFENSIVE": 0.27167630057803466, "SHOT_TYPE_CORNER_3_OFFENSIVE": 0.0947075208913649, "SHOT_TYPE_CORNER_3_DEFENSIVE": 0.10404624277456648, "SHOT_TYPE_LONG_MID_RANGE_OFFENSIVE": 0.116991643454039, "SHOT_TYPE_LONG_MID_RANGE_DEFENSIVE": 0.11849710982658959, "SHOT_TYPE_SHORT_MID_RANGE_OFFENSIVE": 0.22841225626740946, "SHOT_TYPE_SHORT_MID_RANGE_DEFENSIVE": 0.21965317919075145, "TURNOVER": 0.18, "VIOLATION_DEFENSIVE_GOALTENDING": 0.0, "VIOLATION_DEFENSIVE_KICK_BALL": 0.0}