{"ASSIST": 0.04938271604938271, "BLOCK": 0.3125, "FG_ARC_3_ATTEMPT": 0.10273972602739725, "FG_ARC_3_BLOCK": 0.0, "FG_ARC_3_MADE": 0.2, "FG_ARC_3_MADE_FOUL": 0.0, "FG_AT_RIM_ATTEMPT": 0.02531645569620253, "FG_AT_RIM_BLOCK": 0.012658227848101266, "FG_AT_RIM_MADE": 0.0, "FG_AT_RIM_MADE_FOUL": 0.0, "FG_CORNER_3_ATTEMPT": 0.2682926829268293, "FG_CORNER_3_BLOCK": 0.0, "FG_CORNER_3_MADE": 0.09090909090909091, "FG_CORNER_3_MADE_FOUL": 0.0, "FG_LONG_MID_RANGE_ATTEMPT": 0.0, "FG_LONG_MID_RANGE_BLOCK": 0.0, "FG_LONG_MID_RANGE_MADE": 0.0, "FG_LONG_MID_RANGE_MADE_FOUL": 0.0, "FG_SHORT_MID_RANGE_ATTEMPT": 0.1643835616438356, "FG_SHORT_MID_RANGE_BLOCK": 0.0684931506849315, "FG_SHORT_MID_RANGE_MADE": 0.08333333333333333, "FG_SHORT_MID_RANGE_MADE_FOUL": 0.0, "FG_XY": {"ARC_3": {"-214|153": 0.06666666666666667, "129|482": 0.06666666666666667, "154|200": 0.06666666666666667, "75|257": 0.06666666666666667, "158|203": 0.06666666666666667, "80|239": 0.06666666666666667, "-179|172": 0.06666666666666667, "-154|230": 0.06666666666666667, "132|223": 0.06666666666666667, "224|111": 0.06666666666666667, "118|231": 0.06666666666666667, "224|135": 0.06666666666666667, "151|236": 0.06666666666666667, "207|155": 0.06666666666666667, "-200|197": 0.06666666666666667}, "AT_RIM": {"23|21": 0.5, "-23|6": 0.5}, "CORNER_3": {"-228|79": 0.09090909090909091, "234|41": 0.09090909090909091, "239|83": 0.09090909090909091, "-230|10": 0.09090909090909091, "-229|58": 0.09090909090909091, "-232|63": 0.09090909090909091, "230|17": 0.09090909090909091, "-232|-4": 0.09090909090909091, "227|21": 0.09090909090909091, "238|43": 0.09090909090909091, "-234|47": 0.09090909090909091}, "LONG_MID_RANGE": {}, "SHORT_MID_RANGE": {"-29|36": 0.08333333333333333, "16|110": 0.08333333333333333, "-49|125": 0.08333333333333333, "110|7": 0.08333333333333333, "-88|22": 0.08333333333333333, "51|75": 0.08333333333333333, "31|92": 0.08333333333333333, "37|41": 0.08333333333333333, "38|34": 0.08333333333333333, "81|25": 0.08333333333333333, "91|5": 0.08333333333333333, "-16|131": 0.08333333333333333}}, "FOUL_AWAY_FROM_PLAY": 0.0, "FOULED_AWAY_FROM_PLAY": 0.0, "FOUL_CLEAR_PATH": 0.0, "FOULED_CLEAR_PATH": 0.0, "FOUL_COUNT_AS_PERSONAL": 0.26153846153846155, "FOULED_COUNT_AS_PERSONAL": 0.08571428571428572, "FOUL_COUNT_TOWARD_PENALTY": 0.27419354838709675, "FOULED_COUNT_TOWARD_PENALTY": 0.07936507936507936, "FOUL_DEFENSIVE_NON_SHOOTING": 0.2903225806451613, "FOULED_DEFENSIVE_NON_SHOOTING": 0.09375, "FOUL_DOUBLE": 0.0, "FOUL_TECHNICAL_DOUBLE": 0.0, "FOUL_FLAGRANT": 0.0, "FOULED_FLAGRANT": 0.0, "FOUL_FLAGRANT_1": 0.0, "FOULED_FLAGRANT_1": 0.0, "FOUL_FLAGRANT_2": 0.0, "FOULED_FLAGRANT_2": 0.0, "FOUL_INBOUND": 0.0, "FOULED_INBOUND": 0.0, "FOUL_LOOSE_BALL": 0.0, "FOULED_LOOSE_BALL": 0.2, "FOUL_OFFENSIVE_CHARGE": 0.0, "FOULED_OFFENSIVE_CHARGE": 1.0, "FOUL_OFFENSIVE_OTHER": 0.0, "FOULED_OFFENSIVE_OTHER": 0.0, "FOUL_OFFENSIVE_TOTAL": 0.0, "FOULED_OFFENSIVE_TOTAL": 0.14285714285714285, "FOUL_PERSONAL": 0.2608695652173913, "FOULED_PERSONAL": 0.09090909090909091, "FOUL_PERSONAL_BLOCK": 0.0, "FOULED_PERSONAL_BLOCK": 0.0, "FOUL_PERSONAL_TAKE": 0.0, "FOULED_PERSONAL_TAKE": 0.0, "FOUL_SHOOTING": 0.25806451612903225, "FOULED_SHOOTING": 0.06451612903225806, "FOUL_SHOOTING_BLOCK": 0.0, "FOULED_SHOOTING_BLOCK": 0.0, "FOUL_TECHNICAL": 0.3333333333333333, "FT": 0.6, "REBOUND_DEFENSIVE": 0.08333333333333333, "REBOUND_OFFENSIVE": 0.0759493670886076, "STEAL": 0.14285714285714285, "SHOT_TYPE_ARC_3_OFFENSIVE": 0.3862433862433862, "SHOT_TYPE_ARC_3_DEFENSIVE": 0.3634020618556701, "SHOT_TYPE_AT_RIM_OFFENSIVE": 0.20899470899470898, "SHOT_TYPE_AT_RIM_DEFENSIVE": 0.27835051546391754, "SHOT_TYPE_CORNER_3_OFFENSIVE": 0.10846560846560846, "SHOT_TYPE_CORNER_3_DEFENSIVE": 0.08505154639175258, "SHOT_TYPE_LONG_MID_RANGE_OFFENSIVE": 0.10317460317460317, "SHOT_TYPE_LONG_MID_RANGE_DEFENSIVE": 0.10051546391752578, "SHOT_TYPE_SHORT_MID_RANGE_OFFENSIVE": 0.1931216931216931, "SHOT_TYPE_SHORT_MID_RANGE_DEFENSIVE": 0.17268041237113402, "TURNOVER": 0.08928571428571429, "VIOLATION_DEFENSIVE_GOALTENDING": 0.0, "VIOLATION_DEFENSIVE_KICK_BALL": 0.0}