{"ASSIST": 0.1016949152542373, "BLOCK": 0.2, "FG_ARC_3_ATTEMPT": 0.02702702702702703, "FG_ARC_3_BLOCK": 0.0, "FG_ARC_3_MADE": 0.5, "FG_ARC_3_MADE_FOUL": 0.0, "FG_AT_RIM_ATTEMPT": 0.16666666666666666, "FG_AT_RIM_BLOCK": 0.0, "FG_AT_RIM_MADE": 0.7272727272727273, "FG_AT_RIM_MADE_FOUL": 0.045454545454545456, "FG_CORNER_3_ATTEMPT": 0.45, "FG_CORNER_3_BLOCK": 0.0, "FG_CORNER_3_MADE": 0.1111111111111111, "FG_CORNER_3_MADE_FOUL": 0.0, "FG_LONG_MID_RANGE_ATTEMPT": 0.11538461538461539, "FG_LONG_MID_RANGE_BLOCK": 0.0, "FG_LONG_MID_RANGE_MADE": 0.3333333333333333, "FG_LONG_MID_RANGE_MADE_FOUL": 0.0, "FG_SHORT_MID_RANGE_ATTEMPT": 0.15217391304347827, "FG_SHORT_MID_RANGE_BLOCK": 0.0, "FG_SHORT_MID_RANGE_MADE": 0.42857142857142855, "FG_SHORT_MID_RANGE_MADE_FOUL": 0.0, "FG_XY": {"ARC_3": {"216|134": 0.5, "161|204": 0.5}, "AT_RIM": {"-37|13": 0.09090909090909091, "0|0": 0.36363636363636365, "1|10": 0.09090909090909091, "7|30": 0.09090909090909091, "16|3": 0.09090909090909091, "-22|6": 0.09090909090909091, "6|14": 0.09090909090909091, "-10|3": 0.09090909090909091}, "CORNER_3": {"-234|20": 0.1111111111111111, "228|16": 0.1111111111111111, "233|22": 0.1111111111111111, "-234|48": 0.1111111111111111, "228|21": 0.1111111111111111, "-233|-12": 0.1111111111111111, "-234|2": 0.1111111111111111, "234|21": 0.1111111111111111, "230|5": 0.1111111111111111}, "LONG_MID_RANGE": {"-148|21": 0.3333333333333333, "-172|-16": 0.3333333333333333, "-186|42": 0.3333333333333333}, "SHORT_MID_RANGE": {"-82|79": 0.14285714285714285, "-26|89": 0.14285714285714285, "-22|79": 0.14285714285714285, "12|45": 0.14285714285714285, "-71|34": 0.14285714285714285, "-20|57": 0.14285714285714285, "-82|54": 0.14285714285714285}}, "FOUL_AWAY_FROM_PLAY": 0.0, "FOULED_AWAY_FROM_PLAY": 0.0, "FOUL_CLEAR_PATH": 0.0, "FOULED_CLEAR_PATH": 0.0, "FOUL_COUNT_AS_PERSONAL": 0.14893617021276595, "FOULED_COUNT_AS_PERSONAL": 0.22448979591836735, "FOUL_COUNT_TOWARD_PENALTY": 0.13636363636363635, "FOULED_COUNT_TOWARD_PENALTY": 0.2127659574468085, "FOUL_DEFENSIVE_NON_SHOOTING": 0.2, "FOULED_DEFENSIVE_NON_SHOOTING": 0.2, "FOUL_DOUBLE": 0.0, "FOUL_TECHNICAL_DOUBLE": 0.0, "FOUL_FLAGRANT": 0.0, "FOULED_FLAGRANT": 0.0, "FOUL_FLAGRANT_1": 0.0, "FOULED_FLAGRANT_1": 0.0, "FOUL_FLAGRANT_2": 0.0, "FOULED_FLAGRANT_2": 0.0, "FOUL_INBOUND": 0.0, "FOULED_INBOUND": 0.0, "FOUL_LOOSE_BALL": 0.0, "FOULED_LOOSE_BALL": 0.5, "FOUL_OFFENSIVE_CHARGE": 1.0, "FOULED_OFFENSIVE_CHARGE": 0.0, "FOUL_OFFENSIVE_OTHER": 0.0, "FOULED_OFFENSIVE_OTHER": 0.0, "FOUL_OFFENSIVE_TOTAL": 0.3333333333333333, "FOULED_OFFENSIVE_TOTAL": 0.5, "FOUL_PERSONAL": 0.14285714285714285, "FOULED_PERSONAL": 0.13333333333333333, "FOUL_PERSONAL_BLOCK": 0.0, "FOULED_PERSONAL_BLOCK": 0.0, "FOUL_PERSONAL_TAKE": 0.0, "FOULED_PERSONAL_TAKE": 0.0, "FOUL_SHOOTING": 0.10344827586206896, "FOULED_SHOOTING": 0.22727272727272727, "FOUL_SHOOTING_BLOCK": 0.0, "FOULED_SHOOTING_BLOCK": 0.0, "FOUL_TECHNICAL": 0.0, "FT": 0.5, "REBOUND_DEFENSIVE": 0.2457627118644068, "REBOUND_OFFENSIVE": 0.06870229007633588, "STEAL": 0.0, "SHOT_TYPE_ARC_3_OFFENSIVE": 0.31896551724137934, "SHOT_TYPE_ARC_3_DEFENSIVE": 0.37438423645320196, "SHOT_TYPE_AT_RIM_OFFENSIVE": 0.28448275862068967, "SHOT_TYPE_AT_RIM_DEFENSIVE": 0.2857142857142857, "SHOT_TYPE_CORNER_3_OFFENSIVE": 0.08620689655172414, "SHOT_TYPE_CORNER_3_DEFENSIVE": 0.054187192118226604, "SHOT_TYPE_LONG_MID_RANGE_OFFENSIVE": 0.11206896551724138, "SHOT_TYPE_LONG_MID_RANGE_DEFENSIVE": 0.08866995073891626, "SHOT_TYPE_SHORT_MID_RANGE_OFFENSIVE": 0.19827586206896552, "SHOT_TYPE_SHORT_MID_RANGE_DEFENSIVE": 0.19704433497536947, "TURNOVER": 0.17142857142857143, "VIOLATION_DEFENSIVE_GOALTENDING": 0.0, "VIOLATION_DEFENSIVE_KICK_BALL": 0.0}