{"ASSIST": 0.2692307692307692, "BLOCK": 0.234375, "FG_ARC_3_ATTEMPT": 0.2877906976744186, "FG_ARC_3_BLOCK": 0.005813953488372093, "FG_ARC_3_MADE": 0.2828282828282828, "FG_ARC_3_MADE_FOUL": 0.0, "FG_AT_RIM_ATTEMPT": 0.20638820638820637, "FG_AT_RIM_BLOCK": 0.014742014742014743, "FG_AT_RIM_MADE": 0.7738095238095238, "FG_AT_RIM_MADE_FOUL": 0.014742014742014743, "FG_CORNER_3_ATTEMPT": 0.192, "FG_CORNER_3_BLOCK": 0.0, "FG_CORNER_3_MADE": 0.5, "FG_CORNER_3_MADE_FOUL": 0.0, "FG_LONG_MID_RANGE_ATTEMPT": 0.14027149321266968, "FG_LONG_MID_RANGE_BLOCK": 0.004524886877828055, "FG_LONG_MID_RANGE_MADE": 0.3548387096774194, "FG_LONG_MID_RANGE_MADE_FOUL": 0.004524886877828055, "FG_SHORT_MID_RANGE_ATTEMPT": 0.1092436974789916, "FG_SHORT_MID_RANGE_BLOCK": 0.004201680672268907, "FG_SHORT_MID_RANGE_MADE": 0.5384615384615384, "FG_SHORT_MID_RANGE_MADE_FOUL": 0.0, "FG_XY": {"ARC_3": {"-195|190": 0.010101010101010102, "-156|226": 0.010101010101010102, "-91|250": 0.010101010101010102, "93|245": 0.010101010101010102, "-74|262": 0.010101010101010102, "-175|194": 0.010101010101010102, "-98|268": 0.010101010101010102, "-152|210": 0.010101010101010102, "179|173": 0.010101010101010102, "-196|176": 0.010101010101010102, "-191|195": 0.010101010101010102, "-232|126": 0.010101010101010102, "-135|238": 0.010101010101010102, "-201|174": 0.010101010101010102, "-156|223": 0.010101010101010102, "-146|217": 0.010101010101010102, "-123|225": 0.010101010101010102, "150|209": 0.010101010101010102, "-151|199": 0.010101010101010102, "223|115": 0.010101010101010102, "188|164": 0.010101010101010102, "-78|237": 0.010101010101010102, "-129|218": 0.010101010101010102, "21|252": 0.010101010101010102, "-164|216": 0.010101010101010102, "-170|190": 0.010101010101010102, "-173|187": 0.010101010101010102, "53|265": 0.010101010101010102, "-32|279": 0.010101010101010102, "202|151": 0.010101010101010102, "-206|140": 0.010101010101010102, "129|222": 0.010101010101010102, "-129|216": 0.010101010101010102, "208|151": 0.010101010101010102, "50|260": 0.010101010101010102, "186|167": 0.010101010101010102, "-102|234": 0.010101010101010102, "-150|214": 0.010101010101010102, "-134|225": 0.010101010101010102, "-80|264": 0.010101010101010102, "-163|197": 0.010101010101010102, "-234|95": 0.010101010101010102, "26|242": 0.010101010101010102, "-203|138": 0.010101010101010102, "-12|267": 0.010101010101010102, "114|221": 0.010101010101010102, "-143|206": 0.010101010101010102, "-121|253": 0.010101010101010102, "-179|180": 0.010101010101010102, "-174|174": 0.010101010101010102, "71|529": 0.010101010101010102, "-116|259": 0.010101010101010102, "-115|247": 0.010101010101010102, "-185|216": 0.010101010101010102, "-167|199": 0.010101010101010102, "102|237": 0.010101010101010102, "-94|240": 0.010101010101010102, "105|255": 0.010101010101010102, "-191|173": 0.010101010101010102, "-44|254": 0.010101010101010102, "-137|233": 0.010101010101010102, "102|240": 0.010101010101010102, "-203|159": 0.010101010101010102, "109|753": 0.010101010101010102, "-199|175": 0.010101010101010102, "112|233": 0.010101010101010102, "-167|228": 0.010101010101010102, "66|248": 0.010101010101010102, "-186|164": 0.010101010101010102, "58|253": 0.010101010101010102, "-116|230": 0.010101010101010102, "-162|254": 0.010101010101010102, "-91|239": 0.010101010101010102, "190|178": 0.010101010101010102, "55|253": 0.010101010101010102, "-178|179": 0.010101010101010102, "-154|206": 0.010101010101010102, "98|218": 0.010101010101010102, "-154|254": 0.010101010101010102, "36|257": 0.010101010101010102, "-15|256": 0.010101010101010102, "-195|159": 0.010101010101010102, "-143|219": 0.010101010101010102, "-186|172": 0.010101010101010102, "49|270": 0.010101010101010102, "-150|223": 0.010101010101010102, "-142|231": 0.010101010101010102, "201|173": 0.010101010101010102, "127|237": 0.010101010101010102, "110|231": 0.010101010101010102, "168|212": 0.010101010101010102, "-184|188": 0.010101010101010102, "-9|253": 0.010101010101010102, "131|226": 0.010101010101010102, "-146|211": 0.010101010101010102, "197|162": 0.010101010101010102, "196|167": 0.010101010101010102, "-169|195": 0.010101010101010102, "-81|267": 0.010101010101010102}, "AT_RIM": {"-33|0": 0.011904761904761904, "21|4": 0.011904761904761904, "-16|5": 0.011904761904761904, "16|36": 0.011904761904761904, "2|29": 0.011904761904761904, "15|3": 0.011904761904761904, "-9|1": 0.011904761904761904, "0|8": 0.011904761904761904, "2|4": 0.023809523809523808, "1|-3": 0.011904761904761904, "-7|1": 0.011904761904761904, "6|1": 0.011904761904761904, "0|-1": 0.011904761904761904, "-1|6": 0.011904761904761904, "5|0": 0.011904761904761904, "-4|-1": 0.011904761904761904, "-9|-8": 0.011904761904761904, "16|0": 0.011904761904761904, "0|2": 0.011904761904761904, "2|38": 0.011904761904761904, "-2|-6": 0.011904761904761904, "-11|22": 0.011904761904761904, "15|1": 0.011904761904761904, "0|0": 0.03571428571428571, "9|17": 0.011904761904761904, "-4|7": 0.011904761904761904, "2|0": 0.011904761904761904, "-16|31": 0.011904761904761904, "12|5": 0.011904761904761904, "9|10": 0.011904761904761904, "-5|4": 0.011904761904761904, "-15|1": 0.011904761904761904, "-20|3": 0.011904761904761904, "4|13": 0.011904761904761904, "-18|4": 0.011904761904761904, "-10|-4": 0.011904761904761904, "-1|10": 0.011904761904761904, "6|10": 0.011904761904761904, "5|6": 0.011904761904761904, "9|3": 0.011904761904761904, "21|11": 0.011904761904761904, "-17|5": 0.011904761904761904, "-21|9": 0.011904761904761904, "-21|7": 0.011904761904761904, "16|7": 0.011904761904761904, "-5|34": 0.011904761904761904, "-1|22": 0.011904761904761904, "6|11": 0.011904761904761904, "7|23": 0.011904761904761904, "-4|17": 0.011904761904761904, "-11|34": 0.011904761904761904, "-7|13": 0.011904761904761904, "-1|25": 0.011904761904761904, "-20|-5": 0.011904761904761904, "-18|8": 0.011904761904761904, "-9|-1": 0.011904761904761904, "4|-2": 0.011904761904761904, "6|15": 0.011904761904761904, "-10|6": 0.011904761904761904, "-11|15": 0.011904761904761904, "23|25": 0.011904761904761904, "7|17": 0.011904761904761904, "-11|24": 0.011904761904761904, "-12|16": 0.011904761904761904, "2|16": 0.011904761904761904, "-6|3": 0.011904761904761904, "-27|4": 0.011904761904761904, "-18|10": 0.011904761904761904, "-23|1": 0.011904761904761904, "-6|-7": 0.011904761904761904, "-5|6": 0.011904761904761904, "12|17": 0.011904761904761904, "13|12": 0.011904761904761904, "-12|11": 0.011904761904761904, "13|4": 0.011904761904761904, "0|6": 0.011904761904761904, "31|17": 0.011904761904761904, "-16|8": 0.011904761904761904, "12|6": 0.011904761904761904, "-2|6": 0.011904761904761904, "13|10": 0.011904761904761904}, "CORNER_3": {"228|58": 0.041666666666666664, "232|-22": 0.041666666666666664, "224|-2": 0.041666666666666664, "-233|-14": 0.041666666666666664, "229|9": 0.041666666666666664, "-237|-15": 0.041666666666666664, "221|67": 0.041666666666666664, "-229|11": 0.041666666666666664, "-233|0": 0.041666666666666664, "243|-6": 0.041666666666666664, "229|-10": 0.041666666666666664, "232|55": 0.041666666666666664, "229|74": 0.041666666666666664, "225|46": 0.041666666666666664, "-225|15": 0.041666666666666664, "-230|-4": 0.041666666666666664, "234|25": 0.041666666666666664, "227|36": 0.041666666666666664, "223|16": 0.041666666666666664, "234|6": 0.041666666666666664, "-241|-8": 0.041666666666666664, "237|-4": 0.041666666666666664, "-238|7": 0.041666666666666664, "-229|1": 0.041666666666666664}, "LONG_MID_RANGE": {"191|-28": 0.03225806451612903, "43|136": 0.03225806451612903, "138|40": 0.03225806451612903, "153|90": 0.03225806451612903, "-138|94": 0.03225806451612903, "83|167": 0.03225806451612903, "16|158": 0.03225806451612903, "-191|36": 0.03225806451612903, "-81|141": 0.03225806451612903, "-7|194": 0.03225806451612903, "-50|142": 0.03225806451612903, "181|73": 0.03225806451612903, "-89|164": 0.03225806451612903, "116|101": 0.03225806451612903, "-163|114": 0.03225806451612903, "-20|158": 0.03225806451612903,