{"ASSIST": 0.37656903765690375, "BLOCK": 0.023809523809523808, "FG_ARC_3_ATTEMPT": 0.2347266881028939, "FG_ARC_3_BLOCK": 0.0, "FG_ARC_3_MADE": 0.6164383561643836, "FG_ARC_3_MADE_FOUL": 0.0, "FG_AT_RIM_ATTEMPT": 0.3008849557522124, "FG_AT_RIM_BLOCK": 0.017699115044247787, "FG_AT_RIM_MADE": 0.7794117647058824, "FG_AT_RIM_MADE_FOUL": 0.035398230088495575, "FG_CORNER_3_ATTEMPT": 0.24675324675324675, "FG_CORNER_3_BLOCK": 0.0, "FG_CORNER_3_MADE": 0.5263157894736842, "FG_CORNER_3_MADE_FOUL": 0.0, "FG_LONG_MID_RANGE_ATTEMPT": 0.3063063063063063, "FG_LONG_MID_RANGE_BLOCK": 0.0, "FG_LONG_MID_RANGE_MADE": 0.5588235294117647, "FG_LONG_MID_RANGE_MADE_FOUL": 0.0, "FG_SHORT_MID_RANGE_ATTEMPT": 0.3480392156862745, "FG_SHORT_MID_RANGE_BLOCK": 0.0392156862745098, "FG_SHORT_MID_RANGE_MADE": 0.49295774647887325, "FG_SHORT_MID_RANGE_MADE_FOUL": 0.014705882352941176, "FG_XY": {"ARC_3": {"174|182": 0.0136986301369863, "-51|262": 0.0136986301369863, "152|232": 0.0136986301369863, "118|231": 0.0136986301369863, "69|262": 0.0136986301369863, "-170|225": 0.0136986301369863, "-89|252": 0.0136986301369863, "152|206": 0.0273972602739726, "113|226": 0.0136986301369863, "-75|246": 0.0136986301369863, "173|183": 0.0136986301369863, "4|260": 0.0136986301369863, "0|259": 0.0136986301369863, "-80|259": 0.0136986301369863, "0|260": 0.0136986301369863, "93|243": 0.0136986301369863, "36|246": 0.0136986301369863, "23|274": 0.0136986301369863, "-151|209": 0.0136986301369863, "50|242": 0.0136986301369863, "115|236": 0.0136986301369863, "165|189": 0.0136986301369863, "197|183": 0.0136986301369863, "51|253": 0.0136986301369863, "61|246": 0.0136986301369863, "98|250": 0.0136986301369863, "154|208": 0.0136986301369863, "80|281": 0.0136986301369863, "92|244": 0.0136986301369863, "-6|253": 0.0136986301369863, "53|248": 0.0136986301369863, "18|266": 0.0136986301369863, "72|250": 0.0136986301369863, "88|252": 0.0136986301369863, "235|88": 0.0136986301369863, "-113|225": 0.0136986301369863, "26|251": 0.0136986301369863, "-154|194": 0.0136986301369863, "208|149": 0.0136986301369863, "69|249": 0.0136986301369863, "77|241": 0.0136986301369863, "-1|273": 0.0136986301369863, "229|100": 0.0136986301369863, "167|231": 0.0136986301369863, "-56|253": 0.0136986301369863, "153|225": 0.0136986301369863, "148|210": 0.0136986301369863, "136|230": 0.0136986301369863, "-200|171": 0.0136986301369863, "-185|201": 0.0136986301369863, "199|167": 0.0136986301369863, "224|115": 0.0136986301369863, "183|184": 0.0136986301369863, "-127|225": 0.0136986301369863, "-51|278": 0.0136986301369863, "-2|263": 0.0136986301369863, "217|175": 0.0136986301369863, "-140|272": 0.0136986301369863, "33|253": 0.0136986301369863, "-114|239": 0.0136986301369863, "-56|272": 0.0136986301369863, "207|194": 0.0136986301369863, "221|143": 0.0136986301369863, "-94|259": 0.0136986301369863, "-230|138": 0.0136986301369863, "-5|274": 0.0136986301369863, "70|273": 0.0136986301369863, "140|257": 0.0136986301369863, "89|275": 0.0136986301369863, "-142|226": 0.0136986301369863, "146|222": 0.0136986301369863, "-167|198": 0.0136986301369863}, "AT_RIM": {"-2|8": 0.029411764705882353, "7|17": 0.014705882352941176, "4|21": 0.014705882352941176, "-1|15": 0.014705882352941176, "11|26": 0.014705882352941176, "0|0": 0.014705882352941176, "-26|-2": 0.014705882352941176, "-7|11": 0.04411764705882353, "7|0": 0.014705882352941176, "-4|2": 0.014705882352941176, "1|11": 0.014705882352941176, "-21|5": 0.014705882352941176, "1|6": 0.014705882352941176, "-6|2": 0.014705882352941176, "-12|11": 0.014705882352941176, "-13|36": 0.014705882352941176, "-29|9": 0.014705882352941176, "-20|17": 0.014705882352941176, "4|10": 0.014705882352941176, "-2|0": 0.014705882352941176, "-12|6": 0.014705882352941176, "23|29": 0.014705882352941176, "-34|19": 0.014705882352941176, "-31|13": 0.014705882352941176, "-11|4": 0.014705882352941176, "2|10": 0.014705882352941176, "-13|5": 0.014705882352941176, "-13|4": 0.014705882352941176, "23|20": 0.014705882352941176, "-25|26": 0.014705882352941176, "-36|15": 0.014705882352941176, "-12|24": 0.014705882352941176, "-31|24": 0.014705882352941176, "1|26": 0.014705882352941176, "-6|20": 0.014705882352941176, "-18|5": 0.014705882352941176, "2|1": 0.029411764705882353, "20|6": 0.014705882352941176, "-13|-1": 0.014705882352941176, "17|0": 0.014705882352941176, "-28|15": 0.014705882352941176, "-2|22": 0.014705882352941176, "-27|8": 0.014705882352941176, "34|17": 0.014705882352941176, "-4|12": 0.014705882352941176, "9|6": 0.014705882352941176, "2|8": 0.014705882352941176, "10|21": 0.014705882352941176, "12|8": 0.014705882352941176, "9|38": 0.014705882352941176, "-16|10": 0.014705882352941176, "-18|22": 0.014705882352941176, "9|15": 0.014705882352941176, "15|15": 0.014705882352941176, "10|5": 0.014705882352941176, "-4|17": 0.014705882352941176, "-33|-1": 0.014705882352941176, "-22|13": 0.014705882352941176, "21|21": 0.014705882352941176, "2|6": 0.014705882352941176, "28|25": 0.014705882352941176, "1|27": 0.014705882352941176, "9|26": 0.014705882352941176, "5|29": 0.014705882352941176}, "CORNER_3": {"-228|48": 0.05263157894736842, "-233|6": 0.05263157894736842, "-230|2": 0.05263157894736842, "-232|4": 0.05263157894736842, "234|53": 0.05263157894736842, "232|8": 0.05263157894736842, "234|6": 0.05263157894736842, "-235|29": 0.05263157894736842, "228|53": 0.05263157894736842, "-232|32": 0.05263157894736842, "-230|37": 0.05263157894736842, "229|0": 0.05263157894736842, "-234|6": 0.05263157894736842, "235|21": 0.05263157894736842, "-228|-23": 0.05263157894736842, "229|10": 0.05263157894736842, "229|55": 0.05263157894736842, "-233|64": 0.05263157894736842, "-229|10": 0.05263157894736842}, "LONG_MID_RANGE": {"42|169": 0.029411764705882353, "168|47": 0.029411764705882353, "-97|177": 0.029411764705882353, "-28|162": 0.029411764705882353, "-118|152": 0.029411764705882353, "42|168": 0.029411764705882353, "-9|160": 0.029411764705882353, "104|140": 0.029411764705882353, "-6|169": 0.029411764705882353, "142|17": 0.029411764705882353, "-113|92": 0.029411764705882353, "69|179": 0.029411764705882353, "-169|14": 0.029411764705882353, "-107|115": 0.029411764705882353, "121|100": 0.029411764705882353, "-131|143": 0.029411764705882353, "-143|136": 0.029411764705882353, "-121|155": 0.029411764705882353, "-34|172": 0.029411764705882353, "-56|163": 0.029411764705882353, "-130|170": 0.029411764705882353, "147|-1": 0.029411764705882353, "93|176": 0.029411764705882353, "-76|168": 0.029411764705882353, "130|120": 0.029411764705882353, "-92|118": 0.029411764705882353, "15|198": 0.029411764705882353, "-127|157": 0.029411764705882353, "-80|156": 0.029411764705882353, "163|32": 0.029411764705882353, "-118|128": 0.029411764705882353, "34|155": 0.029411764705882353, "93|145": 0.029411764705882353, "-146|113": 0.029411764705882353}, "SHORT_MID_RANGE": {"-36|78": 0.014084507042253521, "-39|61": 0.014084507042253521, "119|58": 0.014084507042253521, "10|88": 0.014084507042253521, "-40|39": 0.014084507042253521, "4|94": 0.014084507042253521, "43|58": 0.014084507042253521, "-28|32": 0.014084507042253521, "-53|8": 0.014084507042253521, "-91|53": 0.014084507042253521, "-64|59": 0.014084507042253521, "-69|43": 0.014084507042253521, "-39|34": 0.014084507042253521, "-43|25": 0.014084507042253521, "-48|64": 0.014084507042253521, "103|17": 0.014084507042253521, "-48|48": 0.014084507042253521, "-58|53": 0.014084507042253521, "-71|96": 0.014084507042253521, "-26|76": 0.014084507042253521, "-55|55": 0.014084507042253521, "64|11": 0.014084507042253521, "20|99": 0.014084507042253521, "-15|98": 0.014084507042253521, "-47|8": 0.014084507042253521, "86|104": 0.014084507042253521, "-37|18": 0.014084507042253521, "-51|23": 0.014084507042253521, "-37|89": 0.014084507042253521, "64|70": 0.014084507042253521, "-60|90": 0.014084507042253521, "-130|34": 0.014084507042253521, "74|25": 0.014084507042253521, "-76|40": 0.014084507042253521, "37|19": 0.014084507042253521, "-49|101": 0.014084507042253521,