{"ASSIST": 0.029411764705882353, "BLOCK": 0.2608695652173913, "FG_ARC_3_ATTEMPT": 0.06818181818181818, "FG_ARC_3_BLOCK": 0.0, "FG_ARC_3_MADE": 0.0, "FG_ARC_3_MADE_FOUL": 0.0, "FG_AT_RIM_ATTEMPT": 0.13043478260869565, "FG_AT_RIM_BLOCK": 0.021739130434782608, "FG_AT_RIM_MADE": 0.4166666666666667, "FG_AT_RIM_MADE_FOUL": 0.0, "FG_CORNER_3_ATTEMPT": 0.12, "FG_CORNER_3_BLOCK": 0.0, "FG_CORNER_3_MADE": 0.0, "FG_CORNER_3_MADE_FOUL": 0.0, "FG_LONG_MID_RANGE_ATTEMPT": 0.06896551724137931, "FG_LONG_MID_RANGE_BLOCK": 0.0, "FG_LONG_MID_RANGE_MADE": 0.25, "FG_LONG_MID_RANGE_MADE_FOUL": 0.0, "FG_SHORT_MID_RANGE_ATTEMPT": 0.05825242718446602, "FG_SHORT_MID_RANGE_BLOCK": 0.019417475728155338, "FG_SHORT_MID_RANGE_MADE": 0.3333333333333333, "FG_SHORT_MID_RANGE_MADE_FOUL": 0.0, "FG_XY": {"ARC_3": {"-151|215": 0.16666666666666666, "157|210": 0.16666666666666666, "165|187": 0.16666666666666666, "157|195": 0.16666666666666666, "-153|215": 0.16666666666666666, "-170|176": 0.16666666666666666}, "AT_RIM": {"16|1": 0.08333333333333333, "0|25": 0.08333333333333333, "26|16": 0.08333333333333333, "-21|6": 0.08333333333333333, "-16|23": 0.08333333333333333, "6|18": 0.08333333333333333, "0|0": 0.4166666666666667, "-17|11": 0.08333333333333333}, "CORNER_3": {"240|3": 0.3333333333333333, "224|47": 0.3333333333333333, "-235|-1": 0.3333333333333333}, "LONG_MID_RANGE": {"207|3": 0.25, "-126|111": 0.25, "16|175": 0.25, "-53|197": 0.25}, "SHORT_MID_RANGE": {"-83|21": 0.16666666666666666, "-15|41": 0.16666666666666666, "40|45": 0.16666666666666666, "-50|4": 0.16666666666666666, "12|56": 0.16666666666666666, "-64|-4": 0.16666666666666666}}, "FOUL_AWAY_FROM_PLAY": 0.0, "FOULED_AWAY_FROM_PLAY": 0.0, "FOUL_CLEAR_PATH": 0.0, "FOULED_CLEAR_PATH": 0.0, "FOUL_COUNT_AS_PERSONAL": 0.11864406779661017, "FOULED_COUNT_AS_PERSONAL": 0.05084745762711865, "FOUL_COUNT_TOWARD_PENALTY": 0.11320754716981132, "FOULED_COUNT_TOWARD_PENALTY": 0.05660377358490566, "FOUL_DEFENSIVE_NON_SHOOTING": 0.09090909090909091, "FOULED_DEFENSIVE_NON_SHOOTING": 0.045454545454545456, "FOUL_DOUBLE": 0.0, "FOUL_TECHNICAL_DOUBLE": 0.0, "FOUL_FLAGRANT": 0.0, "FOULED_FLAGRANT": 0.0, "FOUL_FLAGRANT_1": 0.0, "FOULED_FLAGRANT_1": 0.0, "FOUL_FLAGRANT_2": 0.0, "FOULED_FLAGRANT_2": 0.0, "FOUL_INBOUND": 0.0, "FOULED_INBOUND": 0.0, "FOUL_LOOSE_BALL": 0.0, "FOULED_LOOSE_BALL": 0.0, "FOUL_OFFENSIVE_CHARGE": 1.0, "FOULED_OFFENSIVE_CHARGE": 0.0, "FOUL_OFFENSIVE_OTHER": 0.0, "FOULED_OFFENSIVE_OTHER": 0.0, "FOUL_OFFENSIVE_TOTAL": 0.16666666666666666, "FOULED_OFFENSIVE_TOTAL": 0.0, "FOUL_PERSONAL": 0.05, "FOULED_PERSONAL": 0.0625, "FOUL_PERSONAL_BLOCK": 0.0, "FOULED_PERSONAL_BLOCK": 0.0, "FOUL_PERSONAL_TAKE": 0.0, "FOULED_PERSONAL_TAKE": 0.0, "FOUL_SHOOTING": 0.12903225806451613, "FOULED_SHOOTING": 0.06451612903225806, "FOUL_SHOOTING_BLOCK": 0.0, "FOULED_SHOOTING_BLOCK": 0.0, "FOUL_TECHNICAL": 0.0, "FT": 1.0, "REBOUND_DEFENSIVE": 0.16203703703703703, "REBOUND_OFFENSIVE": 0.05025125628140704, "STEAL": 0.15625, "SHOT_TYPE_ARC_3_OFFENSIVE": 0.24043715846994534, "SHOT_TYPE_ARC_3_DEFENSIVE": 0.323943661971831, "SHOT_TYPE_AT_RIM_OFFENSIVE": 0.25136612021857924, "SHOT_TYPE_AT_RIM_DEFENSIVE": 0.28732394366197184, "SHOT_TYPE_CORNER_3_OFFENSIVE": 0.06830601092896176, "SHOT_TYPE_CORNER_3_DEFENSIVE": 0.09014084507042254, "SHOT_TYPE_LONG_MID_RANGE_OFFENSIVE": 0.15846994535519127, "SHOT_TYPE_LONG_MID_RANGE_DEFENSIVE": 0.09295774647887324, "SHOT_TYPE_SHORT_MID_RANGE_OFFENSIVE": 0.2814207650273224, "SHOT_TYPE_SHORT_MID_RANGE_DEFENSIVE": 0.2056338028169014, "TURNOVER": 0.1875, "VIOLATION_DEFENSIVE_GOALTENDING": 0.0, "VIOLATION_DEFENSIVE_KICK_BALL": 0.0}