{"ASSIST": 0.11494252873563218, "BLOCK": 0.43478260869565216, "FG_ARC_3_ATTEMPT": 0.15, "FG_ARC_3_BLOCK": 0.007142857142857143, "FG_ARC_3_MADE": 0.23809523809523808, "FG_ARC_3_MADE_FOUL": 0.0, "FG_AT_RIM_ATTEMPT": 0.029850746268656716, "FG_AT_RIM_BLOCK": 0.014925373134328358, "FG_AT_RIM_MADE": 0.5, "FG_AT_RIM_MADE_FOUL": 0.0, "FG_CORNER_3_ATTEMPT": 0.23529411764705882, "FG_CORNER_3_BLOCK": 0.0, "FG_CORNER_3_MADE": 0.5, "FG_CORNER_3_MADE_FOUL": 0.0, "FG_LONG_MID_RANGE_ATTEMPT": 0.023809523809523808, "FG_LONG_MID_RANGE_BLOCK": 0.0, "FG_LONG_MID_RANGE_MADE": 1.0, "FG_LONG_MID_RANGE_MADE_FOUL": 0.0, "FG_SHORT_MID_RANGE_ATTEMPT": 0.06493506493506493, "FG_SHORT_MID_RANGE_BLOCK": 0.0, "FG_SHORT_MID_RANGE_MADE": 0.0, "FG_SHORT_MID_RANGE_MADE_FOUL": 0.0, "FG_XY": {"ARC_3": {"105|227": 0.047619047619047616, "65|247": 0.047619047619047616, "-154|217": 0.047619047619047616, "-140|279": 0.047619047619047616, "-172|190": 0.047619047619047616, "-112|237": 0.047619047619047616, "-124|230": 0.047619047619047616, "-146|211": 0.047619047619047616, "120|234": 0.047619047619047616, "-1|267": 0.047619047619047616, "143|210": 0.047619047619047616, "-162|279": 0.047619047619047616, "146|236": 0.047619047619047616, "56|254": 0.047619047619047616, "13|261": 0.047619047619047616, "-165|231": 0.047619047619047616, "189|197": 0.047619047619047616, "-172|206": 0.047619047619047616, "-170|195": 0.047619047619047616, "-61|258": 0.047619047619047616, "-173|185": 0.047619047619047616}, "AT_RIM": {"0|0": 0.5, "-17|8": 0.5}, "CORNER_3": {"224|-6": 0.125, "229|1": 0.125, "228|7": 0.125, "230|32": 0.125, "-232|22": 0.125, "-235|11": 0.125, "232|63": 0.125, "-227|34": 0.125}, "LONG_MID_RANGE": {"127|74": 1.0}, "SHORT_MID_RANGE": {"0|113": 0.2, "-2|61": 0.2, "6|57": 0.2, "28|37": 0.2, "-71|55": 0.2}}, "FOUL_AWAY_FROM_PLAY": 0.0, "FOULED_AWAY_FROM_PLAY": 0.5, "FOUL_CLEAR_PATH": 0.0, "FOULED_CLEAR_PATH": 0.0, "FOUL_COUNT_AS_PERSONAL": 0.24390243902439024, "FOULED_COUNT_AS_PERSONAL": 0.12987012987012986, "FOUL_COUNT_TOWARD_PENALTY": 0.2631578947368421, "FOULED_COUNT_TOWARD_PENALTY": 0.11428571428571428, "FOUL_DEFENSIVE_NON_SHOOTING": 0.20512820512820512, "FOULED_DEFENSIVE_NON_SHOOTING": 0.13953488372093023, "FOUL_DOUBLE": 0.0, "FOUL_TECHNICAL_DOUBLE": 0.0, "FOUL_FLAGRANT": 0.0, "FOULED_FLAGRANT": 0.0, "FOUL_FLAGRANT_1": 0.0, "FOULED_FLAGRANT_1": 0.0, "FOUL_FLAGRANT_2": 0.0, "FOULED_FLAGRANT_2": 0.0, "FOUL_INBOUND": 0.0, "FOULED_INBOUND": 0.0, "FOUL_LOOSE_BALL": 0.0, "FOULED_LOOSE_BALL": 0.2727272727272727, "FOUL_OFFENSIVE_CHARGE": 0.0, "FOULED_OFFENSIVE_CHARGE": 1.0, "FOUL_OFFENSIVE_OTHER": 0.0, "FOULED_OFFENSIVE_OTHER": 0.0, "FOUL_OFFENSIVE_TOTAL": 0.0, "FOULED_OFFENSIVE_TOTAL": 0.2857142857142857, "FOUL_PERSONAL": 0.17391304347826086, "FOULED_PERSONAL": 0.07142857142857142, "FOUL_PERSONAL_BLOCK": 0.0, "FOULED_PERSONAL_BLOCK": 0.0, "FOUL_PERSONAL_TAKE": 0.3, "FOULED_PERSONAL_TAKE": 0.3333333333333333, "FOUL_SHOOTING": 0.32432432432432434, "FOULED_SHOOTING": 0.04, "FOUL_SHOOTING_BLOCK": 0.0, "FOULED_SHOOTING_BLOCK": 0.0, "FOUL_TECHNICAL": 0.0, "FT": 0.875, "REBOUND_DEFENSIVE": 0.1895734597156398, "REBOUND_OFFENSIVE": 0.05238095238095238, "STEAL": 0.23809523809523808, "SHOT_TYPE_ARC_3_OFFENSIVE": 0.3888888888888889, "SHOT_TYPE_ARC_3_DEFENSIVE": 0.26, "SHOT_TYPE_AT_RIM_OFFENSIVE": 0.18611111111111112, "SHOT_TYPE_AT_RIM_DEFENSIVE": 0.26857142857142857, "SHOT_TYPE_CORNER_3_OFFENSIVE": 0.09444444444444444, "SHOT_TYPE_CORNER_3_DEFENSIVE": 0.12285714285714286, "SHOT_TYPE_LONG_MID_RANGE_OFFENSIVE": 0.11666666666666667, "SHOT_TYPE_LONG_MID_RANGE_DEFENSIVE": 0.12571428571428572, "SHOT_TYPE_SHORT_MID_RANGE_OFFENSIVE": 0.21388888888888888, "SHOT_TYPE_SHORT_MID_RANGE_DEFENSIVE": 0.22285714285714286, "TURNOVER": 0.09302325581395349, "VIOLATION_DEFENSIVE_GOALTENDING": 0.0, "VIOLATION_DEFENSIVE_KICK_BALL": 1.0}