{"ASSIST": 0.14285714285714285, "BLOCK": 0.2, "FG_ARC_3_ATTEMPT": 0.06593406593406594, "FG_ARC_3_BLOCK": 0.0, "FG_ARC_3_MADE": 0.3333333333333333, "FG_ARC_3_MADE_FOUL": 0.0, "FG_AT_RIM_ATTEMPT": 0.21739130434782608, "FG_AT_RIM_BLOCK": 0.02608695652173913, "FG_AT_RIM_MADE": 0.6, "FG_AT_RIM_MADE_FOUL": 0.017391304347826087, "FG_CORNER_3_ATTEMPT": 0.17857142857142858, "FG_CORNER_3_BLOCK": 0.0, "FG_CORNER_3_MADE": 0.0, "FG_CORNER_3_MADE_FOUL": 0.0, "FG_LONG_MID_RANGE_ATTEMPT": 0.0, "FG_LONG_MID_RANGE_BLOCK": 0.0, "FG_LONG_MID_RANGE_MADE": 0.0, "FG_LONG_MID_RANGE_MADE_FOUL": 0.0, "FG_SHORT_MID_RANGE_ATTEMPT": 0.1509433962264151, "FG_SHORT_MID_RANGE_BLOCK": 0.07547169811320754, "FG_SHORT_MID_RANGE_MADE": 0.25, "FG_SHORT_MID_RANGE_MADE_FOUL": 0.0, "FG_XY": {"ARC_3": {"135|213": 0.16666666666666666, "218|148": 0.16666666666666666, "127|253": 0.16666666666666666, "-167|220": 0.16666666666666666, "121|241": 0.16666666666666666, "-158|238": 0.16666666666666666}, "AT_RIM": {"-6|8": 0.04, "1|10": 0.04, "-4|10": 0.04, "-5|10": 0.04, "18|32": 0.04, "2|8": 0.04, "1|24": 0.04, "-20|11": 0.04, "-12|15": 0.04, "-1|37": 0.04, "-10|-1": 0.04, "12|11": 0.08, "7|4": 0.04, "11|13": 0.04, "16|13": 0.04, "6|27": 0.04, "-18|20": 0.04, "-7|-1": 0.04, "26|25": 0.04, "6|5": 0.04, "2|0": 0.04, "7|25": 0.04, "16|9": 0.04, "0|0": 0.04}, "CORNER_3": {"-229|27": 0.2, "-227|30": 0.2, "221|4": 0.2, "225|40": 0.2, "-230|4": 0.2}, "LONG_MID_RANGE": {}, "SHORT_MID_RANGE": {"36|55": 0.125, "0|45": 0.125, "23|44": 0.125, "45|10": 0.125, "25|36": 0.125, "38|38": 0.125, "53|25": 0.125, "23|47": 0.125}}, "FOUL_AWAY_FROM_PLAY": 0.0, "FOULED_AWAY_FROM_PLAY": 0.0, "FOUL_CLEAR_PATH": 0.0, "FOULED_CLEAR_PATH": 0.0, "FOUL_COUNT_AS_PERSONAL": 0.2413793103448276, "FOULED_COUNT_AS_PERSONAL": 0.2112676056338028, "FOUL_COUNT_TOWARD_PENALTY": 0.24074074074074073, "FOULED_COUNT_TOWARD_PENALTY": 0.23076923076923078, "FOUL_DEFENSIVE_NON_SHOOTING": 0.36363636363636365, "FOULED_DEFENSIVE_NON_SHOOTING": 0.20833333333333334, "FOUL_DOUBLE": 0.0, "FOUL_TECHNICAL_DOUBLE": 0.0, "FOUL_FLAGRANT": 0.0, "FOULED_FLAGRANT": 0.0, "FOUL_FLAGRANT_1": 0.0, "FOULED_FLAGRANT_1": 0.0, "FOUL_FLAGRANT_2": 0.0, "FOULED_FLAGRANT_2": 0.0, "FOUL_INBOUND": 0.0, "FOULED_INBOUND": 0.0, "FOUL_LOOSE_BALL": 0.0, "FOULED_LOOSE_BALL": 0.25, "FOUL_OFFENSIVE_CHARGE": 1.0, "FOULED_OFFENSIVE_CHARGE": 0.0, "FOUL_OFFENSIVE_OTHER": 0.0, "FOULED_OFFENSIVE_OTHER": 0.0, "FOUL_OFFENSIVE_TOTAL": 0.25, "FOULED_OFFENSIVE_TOTAL": 0.0, "FOUL_PERSONAL": 0.375, "FOULED_PERSONAL": 0.125, "FOUL_PERSONAL_BLOCK": 0.0, "FOULED_PERSONAL_BLOCK": 0.0, "FOUL_PERSONAL_TAKE": 0.3333333333333333, "FOULED_PERSONAL_TAKE": 0.5, "FOUL_SHOOTING": 0.15625, "FOULED_SHOOTING": 0.24390243902439024, "FOUL_SHOOTING_BLOCK": 0.0, "FOULED_SHOOTING_BLOCK": 0.0, "FOUL_TECHNICAL": 0.0, "FT": 0.65, "REBOUND_DEFENSIVE": 0.22023809523809523, "REBOUND_OFFENSIVE": 0.04371584699453552, "STEAL": 0.2571428571428571, "SHOT_TYPE_ARC_3_OFFENSIVE": 0.30434782608695654, "SHOT_TYPE_ARC_3_DEFENSIVE": 0.33993399339933994, "SHOT_TYPE_AT_RIM_OFFENSIVE": 0.38461538461538464, "SHOT_TYPE_AT_RIM_DEFENSIVE": 0.31353135313531355, "SHOT_TYPE_CORNER_3_OFFENSIVE": 0.09364548494983277, "SHOT_TYPE_CORNER_3_DEFENSIVE": 0.10561056105610561, "SHOT_TYPE_LONG_MID_RANGE_OFFENSIVE": 0.04013377926421405, "SHOT_TYPE_LONG_MID_RANGE_DEFENSIVE": 0.09570957095709572, "SHOT_TYPE_SHORT_MID_RANGE_OFFENSIVE": 0.17725752508361203, "SHOT_TYPE_SHORT_MID_RANGE_DEFENSIVE": 0.14521452145214522, "TURNOVER": 0.13114754098360656, "VIOLATION_DEFENSIVE_GOALTENDING": 0.0, "VIOLATION_DEFENSIVE_KICK_BALL": 0.0}