{"ASSIST": 0.10689655172413794, "BLOCK": 0.3902439024390244, "FG_ARC_3_ATTEMPT": 0.04529616724738676, "FG_ARC_3_BLOCK": 0.0, "FG_ARC_3_MADE": 1.0, "FG_ARC_3_MADE_FOUL": 0.0, "FG_AT_RIM_ATTEMPT": 0.16766467065868262, "FG_AT_RIM_BLOCK": 0.014970059880239521, "FG_AT_RIM_MADE": 0.5892857142857143, "FG_AT_RIM_MADE_FOUL": 0.014970059880239521, "FG_CORNER_3_ATTEMPT": 0.05319148936170213, "FG_CORNER_3_BLOCK": 0.0, "FG_CORNER_3_MADE": 0.4, "FG_CORNER_3_MADE_FOUL": 0.0, "FG_LONG_MID_RANGE_ATTEMPT": 0.03409090909090909, "FG_LONG_MID_RANGE_BLOCK": 0.0, "FG_LONG_MID_RANGE_MADE": 0.6666666666666666, "FG_LONG_MID_RANGE_MADE_FOUL": 0.0, "FG_SHORT_MID_RANGE_ATTEMPT": 0.14563106796116504, "FG_SHORT_MID_RANGE_BLOCK": 0.024271844660194174, "FG_SHORT_MID_RANGE_MADE": 0.3333333333333333, "FG_SHORT_MID_RANGE_MADE_FOUL": 0.0, "FG_XY": {"ARC_3": {"-210|163": 0.07692307692307693, "-96|248": 0.07692307692307693, "-185|190": 0.07692307692307693, "-107|237": 0.07692307692307693, "-81|236": 0.07692307692307693, "-71|236": 0.07692307692307693, "-161|211": 0.07692307692307693, "-181|171": 0.07692307692307693, "-15|245": 0.07692307692307693, "152|210": 0.07692307692307693, "-207|119": 0.07692307692307693, "-165|182": 0.07692307692307693, "-200|167": 0.07692307692307693}, "AT_RIM": {"6|16": 0.017857142857142856, "2|5": 0.017857142857142856, "5|5": 0.017857142857142856, "-6|8": 0.017857142857142856, "0|0": 0.19642857142857142, "33|11": 0.017857142857142856, "13|34": 0.017857142857142856, "-2|15": 0.017857142857142856, "-5|3": 0.03571428571428571, "20|8": 0.017857142857142856, "4|19": 0.017857142857142856, "-21|16": 0.017857142857142856, "-20|18": 0.017857142857142856, "-31|18": 0.017857142857142856, "12|31": 0.017857142857142856, "16|25": 0.017857142857142856, "4|17": 0.017857142857142856, "-11|10": 0.017857142857142856, "-1|25": 0.017857142857142856, "-10|5": 0.017857142857142856, "-1|24": 0.017857142857142856, "2|6": 0.017857142857142856, "-1|16": 0.017857142857142856, "4|3": 0.017857142857142856, "4|-2": 0.017857142857142856, "-1|21": 0.017857142857142856, "11|0": 0.017857142857142856, "-4|5": 0.017857142857142856, "-4|10": 0.017857142857142856, "9|16": 0.017857142857142856, "-16|15": 0.017857142857142856, "1|1": 0.017857142857142856, "6|17": 0.017857142857142856, "4|7": 0.017857142857142856, "0|12": 0.017857142857142856, "15|1": 0.017857142857142856, "-13|-5": 0.017857142857142856, "4|16": 0.017857142857142856, "-2|-5": 0.017857142857142856, "-4|11": 0.017857142857142856, "2|14": 0.017857142857142856, "5|7": 0.017857142857142856, "0|8": 0.017857142857142856, "-1|6": 0.017857142857142856, "7|0": 0.017857142857142856}, "CORNER_3": {"-232|32": 0.2, "-232|17": 0.2, "239|64": 0.2, "-241|3": 0.2, "-235|12": 0.2}, "LONG_MID_RANGE": {"7|147": 0.3333333333333333, "92|203": 0.3333333333333333, "132|64": 0.3333333333333333}, "SHORT_MID_RANGE": {"34|63": 0.03333333333333333, "33|63": 0.03333333333333333, "-62|27": 0.03333333333333333, "5|57": 0.03333333333333333, "28|32": 0.03333333333333333, "48|49": 0.03333333333333333, "13|117": 0.03333333333333333, "9|41": 0.03333333333333333, "44|10": 0.03333333333333333, "-67|100": 0.03333333333333333, "112|-9": 0.03333333333333333, "21|95": 0.03333333333333333, "94|36": 0.03333333333333333, "-51|23": 0.03333333333333333, "-67|37": 0.03333333333333333, "37|45": 0.03333333333333333, "45|1": 0.03333333333333333, "-1|55": 0.03333333333333333, "45|48": 0.03333333333333333, "-72|31": 0.03333333333333333, "-7|51": 0.03333333333333333, "-50|57": 0.03333333333333333, "-1|79": 0.03333333333333333, "-53|39": 0.03333333333333333, "-22|34": 0.03333333333333333, "16|93": 0.03333333333333333, "-49|20": 0.03333333333333333, "4|78": 0.03333333333333333, "82|47": 0.03333333333333333, "115|-23": 0.03333333333333333}}, "FOUL_AWAY_FROM_PLAY": 0.0, "FOULED_AWAY_FROM_PLAY": 0.0, "FOUL_CLEAR_PATH": 0.0, "FOULED_CLEAR_PATH": 0.0, "FOUL_COUNT_AS_PERSONAL": 0.15873015873015872, "FOULED_COUNT_AS_PERSONAL": 0.34418604651162793, "FOUL_COUNT_TOWARD_PENALTY": 0.1404494382022472, "FOULED_COUNT_TOWARD_PENALTY": 0.3507853403141361, "FOUL_DEFENSIVE_NON_SHOOTING": 0.09473684210526316, "FOULED_DEFENSIVE_NON_SHOOTING": 0.34408602150537637, "FOUL_DOUBLE": 0.0, "FOUL_TECHNICAL_DOUBLE": 0.0, "FOUL_FLAGRANT": 0.0, "FOULED_FLAGRANT": 0.0, "FOUL_FLAGRANT_1": 0.0, "FOULED_FLAGRANT_1": 0.0, "FOUL_FLAGRANT_2": 0.0, "FOULED_FLAGRANT_2": 0.0, "FOUL_INBOUND": 0.0, "FOULED_INBOUND": 0.0, "FOUL_LOOSE_BALL": 0.0, "FOULED_LOOSE_BALL": 0.7692307692307693, "FOUL_OFFENSIVE_CHARGE": 0.3333333333333333, "FOULED_OFFENSIVE_CHARGE": 0.0, "FOUL_OFFENSIVE_OTHER": 0.0, "FOULED_OFFENSIVE_OTHER": 0.0, "FOUL_OFFENSIVE_TOTAL": 0.45454545454545453, "FOULED_OFFENSIVE_TOTAL": 0.2916666666666667, "FOUL_PERSONAL": 0.1111111111111111, "FOULED_PERSONAL": 0.3088235294117647, "FOUL_PERSONAL_BLOCK": 0.0, "FOULED_PERSONAL_BLOCK": 0.0, "FOUL_PERSONAL_TAKE": 0.0, "FOULED_PERSONAL_TAKE": 0.08333333333333333, "FOUL_SHOOTING": 0.1927710843373494, "FOULED_SHOOTING": 0.36082474226804123, "FOUL_SHOOTING_BLOCK": 0.0, "FOULED_SHOOTING_BLOCK": 0.0, "FOUL_TECHNICAL": 0.0, "FT": 0.6301369863013698, "REBOUND_DEFENSIVE": 0.21724709784411278, "REBOUND_OFFENSIVE": 0.10424028268551237, "STEAL": 0.18681318681318682, "SHOT_TYPE_ARC_3_OFFENSIVE": 0.2844400396432111, "SHOT_TYPE_ARC_3_DEFENSIVE": 0.2464722483537159, "SHOT_TYPE_AT_RIM_OFFENSIVE": 0.33102081268582756, "SHOT_TYPE_AT_RIM_DEFENSIVE": 0.3433678269049859, "SHOT_TYPE_CORNER_3_OFFENSIVE": 0.0931615460852329, "SHOT_TYPE_CORNER_3_DEFENSIVE": 0.09783631232361242, "SHOT_TYPE_LONG_MID_RANGE_OFFENSIVE": 0.08721506442021804, "SHOT_TYPE_LONG_MID_RANGE_DEFENSIVE": 0.12229539040451552, "SHOT_TYPE_SHORT_MID_RANGE_OFFENSIVE": 0.20416253716551042, "SHOT_TYPE_SHORT_MID_RANGE_DEFENSIVE": 0.19002822201317027, "TURNOVER": 0.17346938775510204, "VIOLATION_DEFENSIVE_GOALTENDING": 0.3333333333333333, "VIOLATION_DEFENSIVE_KICK_BALL": 0.0}