{"ASSIST": 0.16363636363636364, "BLOCK": 0.21839080459770116, "FG_ARC_3_ATTEMPT": 0.2408256880733945, "FG_ARC_3_BLOCK": 0.0022935779816513763, "FG_ARC_3_MADE": 0.2857142857142857, "FG_ARC_3_MADE_FOUL": 0.0, "FG_AT_RIM_ATTEMPT": 0.20153550863723607, "FG_AT_RIM_BLOCK": 0.01727447216890595, "FG_AT_RIM_MADE": 0.5238095238095238, "FG_AT_RIM_MADE_FOUL": 0.003838771593090211, "FG_CORNER_3_ATTEMPT": 0.23529411764705882, "FG_CORNER_3_BLOCK": 0.0058823529411764705, "FG_CORNER_3_MADE": 0.375, "FG_CORNER_3_MADE_FOUL": 0.0, "FG_LONG_MID_RANGE_ATTEMPT": 0.06363636363636363, "FG_LONG_MID_RANGE_BLOCK": 0.0, "FG_LONG_MID_RANGE_MADE": 0.42857142857142855, "FG_LONG_MID_RANGE_MADE_FOUL": 0.0, "FG_SHORT_MID_RANGE_ATTEMPT": 0.21568627450980393, "FG_SHORT_MID_RANGE_BLOCK": 0.026143790849673203, "FG_SHORT_MID_RANGE_MADE": 0.3333333333333333, "FG_SHORT_MID_RANGE_MADE_FOUL": 0.00980392156862745, "FG_XY": {"ARC_3": {"-110|239": 0.009523809523809525, "32|257": 0.009523809523809525, "-108|226": 0.009523809523809525, "-113|215": 0.009523809523809525, "-221|159": 0.009523809523809525, "-38|264": 0.009523809523809525, "-91|237": 0.009523809523809525, "-102|253": 0.009523809523809525, "-134|211": 0.009523809523809525, "142|209": 0.009523809523809525, "-114|222": 0.009523809523809525, "-113|237": 0.009523809523809525, "-1|256": 0.009523809523809525, "186|175": 0.009523809523809525, "175|190": 0.01904761904761905, "-167|209": 0.009523809523809525, "42|258": 0.009523809523809525, "94|227": 0.009523809523809525, "62|258": 0.009523809523809525, "13|257": 0.009523809523809525, "59|243": 0.009523809523809525, "-164|214": 0.009523809523809525, "-168|207": 0.009523809523809525, "-212|146": 0.009523809523809525, "37|256": 0.009523809523809525, "-102|268": 0.009523809523809525, "130|232": 0.009523809523809525, "-162|187": 0.009523809523809525, "-154|210": 0.009523809523809525, "-164|193": 0.009523809523809525, "-120|232": 0.009523809523809525, "163|203": 0.009523809523809525, "124|221": 0.009523809523809525, "-161|205": 0.009523809523809525, "-48|278": 0.009523809523809525, "-201|163": 0.009523809523809525, "118|225": 0.009523809523809525, "-91|239": 0.009523809523809525, "34|778": 0.009523809523809525, "134|242": 0.009523809523809525, "22|267": 0.009523809523809525, "164|263": 0.009523809523809525, "194|168": 0.009523809523809525, "85|260": 0.009523809523809525, "36|263": 0.009523809523809525, "216|139": 0.009523809523809525, "-159|251": 0.009523809523809525, "-156|193": 0.009523809523809525, "112|226": 0.009523809523809525, "138|235": 0.009523809523809525, "66|251": 0.009523809523809525, "-118|227": 0.009523809523809525, "-138|226": 0.009523809523809525, "219|130": 0.009523809523809525, "-175|205": 0.009523809523809525, "38|270": 0.009523809523809525, "-98|250": 0.009523809523809525, "49|251": 0.009523809523809525, "176|201": 0.009523809523809525, "-99|299": 0.009523809523809525, "-190|161": 0.009523809523809525, "-109|225": 0.009523809523809525, "-44|245": 0.009523809523809525, "81|237": 0.009523809523809525, "142|214": 0.009523809523809525, "-168|206": 0.009523809523809525, "-21|285": 0.009523809523809525, "109|225": 0.009523809523809525, "-109|242": 0.009523809523809525, "43|262": 0.009523809523809525, "153|209": 0.009523809523809525, "-16|256": 0.009523809523809525, "134|212": 0.009523809523809525, "-179|188": 0.009523809523809525, "205|164": 0.009523809523809525, "183|193": 0.009523809523809525, "167|195": 0.009523809523809525, "137|224": 0.009523809523809525, "-104|222": 0.009523809523809525, "-159|190": 0.009523809523809525, "93|241": 0.009523809523809525, "-152|205": 0.009523809523809525, "-107|241": 0.009523809523809525, "147|212": 0.009523809523809525, "-227|105": 0.009523809523809525, "125|257": 0.009523809523809525, "-137|257": 0.009523809523809525, "178|199": 0.009523809523809525, "170|185": 0.009523809523809525, "-26|263": 0.009523809523809525, "-32|275": 0.009523809523809525, "141|231": 0.009523809523809525, "-75|243": 0.009523809523809525, "-81|254": 0.009523809523809525, "-78|272": 0.009523809523809525, "183|200": 0.009523809523809525, "151|213": 0.009523809523809525, "138|220": 0.009523809523809525, "-206|127": 0.009523809523809525, "143|215": 0.009523809523809525, "-67|262": 0.009523809523809525, "134|272": 0.009523809523809525, "-147|216": 0.009523809523809525, "-238|110": 0.009523809523809525}, "AT_RIM": {"2|11": 0.009523809523809525, "-1|11": 0.009523809523809525, "7|36": 0.009523809523809525, "9|25": 0.009523809523809525, "16|10": 0.009523809523809525, "6|3": 0.009523809523809525, "-21|33": 0.009523809523809525, "0|0": 0.05714285714285714, "4|-4": 0.009523809523809525, "0|-5": 0.009523809523809525, "-31|19": 0.009523809523809525, "10|1": 0.009523809523809525, "18|1": 0.009523809523809525, "2|4": 0.009523809523809525, "1|-1": 0.009523809523809525, "-22|2": 0.009523809523809525, "29|3": 0.009523809523809525, "-17|8": 0.009523809523809525, "1|37": 0.009523809523809525, "4|10": 0.009523809523809525, "0|10": 0.009523809523809525, "17|20": 0.009523809523809525, "-1|7": 0.009523809523809525, "12|25": 0.009523809523809525, "15|13": 0.009523809523809525, "13|24": 0.009523809523809525, "-2|14": 0.009523809523809525, "-11|15": 0.009523809523809525, "10|11": 0.009523809523809525, "-2|21": 0.009523809523809525, "18|6": 0.009523809523809525, "-13|7": 0.009523809523809525, "15|8": 0.009523809523809525, "-17|17": 0.009523809523809525, "-9|4": 0.009523809523809525, "22|9": 0.009523809523809525, "2|14": 0.009523809523809525, "-1|22": 0.009523809523809525, "10|9": 0.009523809523809525, "-12|8": 0.009523809523809525, "-12|13": 0.009523809523809525, "-29|6": 0.009523809523809525, "-9|17": 0.009523809523809525, "-11|23": 0.009523809523809525, "-11|20": 0.009523809523809525, "7|16": 0.009523809523809525, "10|21": 0.009523809523809525, "-13|29": 0.009523809523809525, "-20|-20": 0.009523809523809525, "-2|10": 0.009523809523809525, "11|31": 0.009523809523809525, "-12|15": 0.009523809523809525, "-2|18": 0.009523809523809525, "0|18": 0.009523809523809525, "-1|27": 0.009523809523809525, "-7|11": 0.009523809523809525, "4|15": 0.009523809523809525, "0|25": 0.01904761904761905, "-10|13": 0.009523809523809525, "9|5": 0.009523809523809525, "-9|2": 0.009523809523809525, "-4|0": 0.009523809523809525, "-12|7": 0.009523809523809525, "6|5": 0.009523809523809525, "-5|6": 0.009523809523809525, "25|13": 0.009523809523809525, "7|17": 0.009523809523809525, "6|0": 0.009523809523809525, "20|17": 0.009523809523809525, "-9|21": 0.009523809523809525, "-18|0": 0.009523809523809525, "-6|10": 0.009523809523809525, "1|36": 0.01904761904761905, "-34|11": 0.009523809523809525, "11|4": 0.009523809523809525, "18|13": 0.009523809523809525, "23|4": 0.009523809523809525, "-5|11": 0.009523809523809525, "18|3": 0.009523809523809525, "-7|5": 0.009523809523809525, "0|8": 0.009523809523809525, "-2|7": 0.009523809523809525, "1|18": 0.009523809523809525, "-10|0": 0.009523809523809525, "5|11": 0.009523809523809525, "-12|18": 0.009523809523809525, "-27|28": 0.009523809523809525, "0|1": 0.009523809523809525, "2|19": 0.009523809523809525, "-29|26": 0.009523809523809525, "-23|13": 0.009523809523809525, "-6|8": 0.009523809523809525, "-7|-12": 0.009523809523809525, "-10|8": 0.009523809523809525, "7|13": 0.009523809523809525, "-2|32": 0.009523809523809525, "-15|9": 0.009523809523809525, "-18|13": 0.009523809523809525}, "CORNER_3": {"232|27": 0.025, "234|10": 0.025, "227|17": 0.025, "-228|-6": 0.025, "233|26": 0.025, "227|20": 0.025, "225|53": 0.025, "-225|-4": 0.025, "-237|31": 0.025, "234|81": 0.025, "-232|37": 0.025, "234|-13": 0.025, "232|53": 0.025, "-237|-12": 0.025, "234|13": 0.025, "-227|39": 0.025, "-223|8": 0.025, "-234|21": 0.025, "-235|-20": 0.025, "-233|64": 0.025, "-235|22": 0.025, "-235|-2": 0.025, "229|61": 0.025, "-230|36": 0.025, "-224|45": 0.025, "229|16": 0.025, "-234|46": 0.025, "-233|-6": 0.05, "-230|15": 0.025, "-233|14": 0.025, "-234|-14": 0.025, "-238|42": 0.025, "228|19": 0.025, "227|-1": 0.025, "227|41": 0.025,