{"ASSIST": 0.3898305084745763, "BLOCK": 0.2, "FG_ARC_3_ATTEMPT": 0.18181818181818182, "FG_ARC_3_BLOCK": 0.0, "FG_ARC_3_MADE": 0.75, "FG_ARC_3_MADE_FOUL": 0.015151515151515152, "FG_AT_RIM_ATTEMPT": 0.28378378378378377, "FG_AT_RIM_BLOCK": 0.04054054054054054, "FG_AT_RIM_MADE": 0.6190476190476191, "FG_AT_RIM_MADE_FOUL": 0.013513513513513514, "FG_CORNER_3_ATTEMPT": 0.0, "FG_CORNER_3_BLOCK": 0.0, "FG_CORNER_3_MADE": 0.0, "FG_CORNER_3_MADE_FOUL": 0.0, "FG_LONG_MID_RANGE_ATTEMPT": 0.2, "FG_LONG_MID_RANGE_BLOCK": 0.0, "FG_LONG_MID_RANGE_MADE": 0.75, "FG_LONG_MID_RANGE_MADE_FOUL": 0.0, "FG_SHORT_MID_RANGE_ATTEMPT": 0.2, "FG_SHORT_MID_RANGE_BLOCK": 0.02857142857142857, "FG_SHORT_MID_RANGE_MADE": 0.5714285714285714, "FG_SHORT_MID_RANGE_MADE_FOUL": 0.0, "FG_XY": {"ARC_3": {"-202|159": 0.08333333333333333, "214|117": 0.08333333333333333, "-5|251": 0.08333333333333333, "-181|227": 0.08333333333333333, "174|180": 0.08333333333333333, "-126|227": 0.08333333333333333, "-179|173": 0.08333333333333333, "-147|211": 0.08333333333333333, "-184|187": 0.08333333333333333, "-130|219": 0.08333333333333333, "119|225": 0.08333333333333333, "145|205": 0.08333333333333333}, "AT_RIM": {"12|8": 0.047619047619047616, "-1|4": 0.047619047619047616, "2|4": 0.047619047619047616, "-9|12": 0.047619047619047616, "-6|27": 0.047619047619047616, "-6|6": 0.09523809523809523, "-6|10": 0.047619047619047616, "4|22": 0.047619047619047616, "-2|4": 0.047619047619047616, "5|10": 0.047619047619047616, "-1|8": 0.047619047619047616, "23|6": 0.047619047619047616, "-5|-4": 0.047619047619047616, "6|10": 0.047619047619047616, "26|22": 0.047619047619047616, "-13|19": 0.047619047619047616, "-9|18": 0.047619047619047616, "-18|17": 0.047619047619047616, "-20|21": 0.047619047619047616, "-11|37": 0.047619047619047616}, "CORNER_3": {}, "LONG_MID_RANGE": {"82|146": 0.25, "-82|205": 0.25, "45|162": 0.25, "80|141": 0.25}, "SHORT_MID_RANGE": {"-59|64": 0.14285714285714285, "-20|36": 0.14285714285714285, "-56|13": 0.14285714285714285, "9|78": 0.14285714285714285, "129|26": 0.14285714285714285, "66|22": 0.14285714285714285, "-17|109": 0.14285714285714285}}, "FOUL_AWAY_FROM_PLAY": 0.0, "FOULED_AWAY_FROM_PLAY": 0.0, "FOUL_CLEAR_PATH": 0.0, "FOULED_CLEAR_PATH": 0.0, "FOUL_COUNT_AS_PERSONAL": 0.16, "FOULED_COUNT_AS_PERSONAL": 0.23404255319148937, "FOUL_COUNT_TOWARD_PENALTY": 0.1702127659574468, "FOULED_COUNT_TOWARD_PENALTY": 0.20454545454545456, "FOUL_DEFENSIVE_NON_SHOOTING": 0.25, "FOULED_DEFENSIVE_NON_SHOOTING": 0.16666666666666666, "FOUL_DOUBLE": 0.0, "FOUL_TECHNICAL_DOUBLE": 0.0, "FOUL_FLAGRANT": 0.0, "FOULED_FLAGRANT": 0.0, "FOUL_FLAGRANT_1": 0.0, "FOULED_FLAGRANT_1": 0.0, "FOUL_FLAGRANT_2": 0.0, "FOULED_FLAGRANT_2": 0.0, "FOUL_INBOUND": 0.0, "FOULED_INBOUND": 0.0, "FOUL_LOOSE_BALL": 0.0, "FOULED_LOOSE_BALL": 0.0, "FOUL_OFFENSIVE_CHARGE": 0.0, "FOULED_OFFENSIVE_CHARGE": 1.0, "FOUL_OFFENSIVE_OTHER": 0.0, "FOULED_OFFENSIVE_OTHER": 0.0, "FOUL_OFFENSIVE_TOTAL": 0.0, "FOULED_OFFENSIVE_TOTAL": 0.6666666666666666, "FOUL_PERSONAL": 0.3157894736842105, "FOULED_PERSONAL": 0.07142857142857142, "FOUL_PERSONAL_BLOCK": 0.0, "FOULED_PERSONAL_BLOCK": 0.0, "FOUL_PERSONAL_TAKE": 0.25, "FOULED_PERSONAL_TAKE": 0.42857142857142855, "FOUL_SHOOTING": 0.05263157894736842, "FOULED_SHOOTING": 0.25, "FOUL_SHOOTING_BLOCK": 0.0, "FOULED_SHOOTING_BLOCK": 0.0, "FOUL_TECHNICAL": 0.3333333333333333, "FT": 0.5454545454545454, "REBOUND_DEFENSIVE": 0.09230769230769231, "REBOUND_OFFENSIVE": 0.008130081300813009, "STEAL": 0.40625, "SHOT_TYPE_ARC_3_OFFENSIVE": 0.3055555555555556, "SHOT_TYPE_ARC_3_DEFENSIVE": 0.3333333333333333, "SHOT_TYPE_AT_RIM_OFFENSIVE": 0.3425925925925926, "SHOT_TYPE_AT_RIM_DEFENSIVE": 0.30180180180180183, "SHOT_TYPE_CORNER_3_OFFENSIVE": 0.09722222222222222, "SHOT_TYPE_CORNER_3_DEFENSIVE": 0.14414414414414414, "SHOT_TYPE_LONG_MID_RANGE_OFFENSIVE": 0.09259259259259259, "SHOT_TYPE_LONG_MID_RANGE_DEFENSIVE": 0.06306306306306306, "SHOT_TYPE_SHORT_MID_RANGE_OFFENSIVE": 0.16203703703703703, "SHOT_TYPE_SHORT_MID_RANGE_DEFENSIVE": 0.15765765765765766, "TURNOVER": 0.29545454545454547, "VIOLATION_DEFENSIVE_GOALTENDING": 0.0, "VIOLATION_DEFENSIVE_KICK_BALL": 0.0}