{"ASSIST": 0.316, "BLOCK": 0.15384615384615385, "FG_ARC_3_ATTEMPT": 0.36639118457300274, "FG_ARC_3_BLOCK": 0.005509641873278237, "FG_ARC_3_MADE": 0.44360902255639095, "FG_ARC_3_MADE_FOUL": 0.0, "FG_AT_RIM_ATTEMPT": 0.2948328267477204, "FG_AT_RIM_BLOCK": 0.0243161094224924, "FG_AT_RIM_MADE": 0.711340206185567, "FG_AT_RIM_MADE_FOUL": 0.02735562310030395, "FG_CORNER_3_ATTEMPT": 0.1553398058252427, "FG_CORNER_3_BLOCK": 0.0, "FG_CORNER_3_MADE": 0.5625, "FG_CORNER_3_MADE_FOUL": 0.0, "FG_LONG_MID_RANGE_ATTEMPT": 0.3880597014925373, "FG_LONG_MID_RANGE_BLOCK": 0.014925373134328358, "FG_LONG_MID_RANGE_MADE": 0.4230769230769231, "FG_LONG_MID_RANGE_MADE_FOUL": 0.0, "FG_SHORT_MID_RANGE_ATTEMPT": 0.3651452282157676, "FG_SHORT_MID_RANGE_BLOCK": 0.03319502074688797, "FG_SHORT_MID_RANGE_MADE": 0.4090909090909091, "FG_SHORT_MID_RANGE_MADE_FOUL": 0.0, "FG_XY": {"ARC_3": {"80|243": 0.007518796992481203, "-148|203": 0.007518796992481203, "-72|240": 0.007518796992481203, "-197|163": 0.007518796992481203, "156|201": 0.007518796992481203, "154|263": 0.007518796992481203, "164|190": 0.007518796992481203, "176|167": 0.007518796992481203, "119|215": 0.007518796992481203, "132|227": 0.007518796992481203, "124|241": 0.007518796992481203, "124|243": 0.007518796992481203, "148|231": 0.007518796992481203, "202|176": 0.007518796992481203, "16|272": 0.007518796992481203, "125|257": 0.007518796992481203, "-120|284": 0.007518796992481203, "140|225": 0.007518796992481203, "-207|140": 0.007518796992481203, "-123|231": 0.007518796992481203, "140|209": 0.007518796992481203, "102|253": 0.007518796992481203, "-100|221": 0.007518796992481203, "145|223": 0.007518796992481203, "-145|230": 0.007518796992481203, "170|179": 0.007518796992481203, "-157|247": 0.007518796992481203, "-169|196": 0.007518796992481203, "86|248": 0.007518796992481203, "173|190": 0.007518796992481203, "116|215": 0.007518796992481203, "-118|252": 0.007518796992481203, "-135|247": 0.007518796992481203, "102|225": 0.007518796992481203, "-16|242": 0.007518796992481203, "-150|189": 0.007518796992481203, "159|192": 0.007518796992481203, "9|266": 0.007518796992481203, "-137|206": 0.007518796992481203, "125|221": 0.007518796992481203, "-194|201": 0.007518796992481203, "20|269": 0.007518796992481203, "102|250": 0.007518796992481203, "4|274": 0.007518796992481203, "-77|248": 0.007518796992481203, "-34|263": 0.007518796992481203, "-167|194": 0.007518796992481203, "-146|231": 0.007518796992481203, "-110|255": 0.007518796992481203, "-110|256": 0.007518796992481203, "214|152": 0.007518796992481203, "1|261": 0.007518796992481203, "-4|342": 0.007518796992481203, "109|247": 0.007518796992481203, "126|256": 0.007518796992481203, "-213|135": 0.007518796992481203, "123|267": 0.007518796992481203, "69|262": 0.007518796992481203, "-138|254": 0.007518796992481203, "-152|228": 0.007518796992481203, "-125|286": 0.007518796992481203, "-136|274": 0.007518796992481203, "-1|262": 0.007518796992481203, "-20|258": 0.007518796992481203, "-164|192": 0.007518796992481203, "103|246": 0.007518796992481203, "-112|236": 0.007518796992481203, "116|226": 0.007518796992481203, "69|251": 0.007518796992481203, "121|220": 0.007518796992481203, "168|195": 0.007518796992481203, "-190|150": 0.007518796992481203, "-188|152": 0.007518796992481203, "-143|194": 0.007518796992481203, "-29|268": 0.007518796992481203, "-4|265": 0.007518796992481203, "-140|226": 0.007518796992481203, "202|157": 0.007518796992481203, "147|228": 0.007518796992481203, "185|190": 0.007518796992481203, "161|208": 0.007518796992481203, "6|251": 0.007518796992481203, "-178|184": 0.007518796992481203, "173|201": 0.007518796992481203, "134|204": 0.007518796992481203, "116|223": 0.007518796992481203, "157|211": 0.007518796992481203, "174|197": 0.007518796992481203, "168|177": 0.007518796992481203, "170|178": 0.007518796992481203, "-54|268": 0.007518796992481203, "-183|205": 0.007518796992481203, "6|284": 0.007518796992481203, "-161|221": 0.007518796992481203, "-185|158": 0.007518796992481203, "-125|219": 0.007518796992481203, "4|243": 0.007518796992481203, "-27|252": 0.007518796992481203, "196|164": 0.007518796992481203, "-83|240": 0.007518796992481203, "179|180": 0.007518796992481203, "156|198": 0.007518796992481203, "141|220": 0.007518796992481203, "-140|239": 0.007518796992481203, "151|217": 0.007518796992481203, "7|265": 0.007518796992481203, "127|236": 0.007518796992481203, "-125|257": 0.007518796992481203, "0|251": 0.007518796992481203, "50|264": 0.007518796992481203, "4|253": 0.007518796992481203, "192|176": 0.007518796992481203, "-116|246": 0.007518796992481203, "138|224": 0.007518796992481203, "121|229": 0.007518796992481203, "104|255": 0.007518796992481203, "87|314": 0.007518796992481203, "150|232": 0.007518796992481203, "-137|229": 0.007518796992481203, "179|213": 0.007518796992481203, "185|193": 0.007518796992481203, "131|231": 0.007518796992481203, "192|195": 0.007518796992481203, "-108|252": 0.007518796992481203, "72|265": 0.007518796992481203, "-172|171": 0.007518796992481203, "-189|169": 0.007518796992481203, "-206|135": 0.007518796992481203, "-118|235": 0.007518796992481203, "-232|112": 0.007518796992481203, "-137|252": 0.007518796992481203, "-150|211": 0.007518796992481203, "-153|237": 0.007518796992481203}, "AT_RIM": {"-23|10": 0.010309278350515464, "12|8": 0.010309278350515464, "-15|11": 0.010309278350515464, "21|8": 0.010309278350515464, "-17|6": 0.010309278350515464, "-18|11": 0.010309278350515464, "11|14": 0.010309278350515464, "-16|15": 0.010309278350515464, "16|13": 0.010309278350515464, "-15|16": 0.010309278350515464, "-13|15": 0.010309278350515464, "-34|15": 0.010309278350515464, "22|15": 0.010309278350515464, "23|31": 0.020618556701030927, "-13|4": 0.010309278350515464, "2|1": 0.010309278350515464, "33|8": 0.010309278350515464, "-1|3": 0.010309278350515464, "-2|26": 0.010309278350515464, "6|6": 0.010309278350515464, "0|-7": 0.010309278350515464, "-11|8": 0.010309278350515464, "10|2": 0.010309278350515464, "-1|15": 0.010309278350515464, "4|31": 0.010309278350515464, "0|5": 0.010309278350515464, "17|14": 0.010309278350515464, "27|8": 0.010309278350515464, "16|16": 0.010309278350515464, "11|0": 0.010309278350515464, "-16|3": 0.010309278350515464, "16|4": 0.010309278350515464, "0|38": 0.010309278350515464, "-17|2": 0.010309278350515464, "-10|37": 0.010309278350515464, "29|20": 0.010309278350515464, "-12|16": 0.010309278350515464, "6|8": 0.010309278350515464, "0|13": 0.020618556701030927, "-21|30": 0.010309278350515464, "16|29": 0.020618556701030927, "-2|1": 0.010309278350515464, "-10|16": 0.010309278350515464, "-20|30": 0.010309278350515464, "-1|14": 0.010309278350515464, "-26|22": 0.010309278350515464, "27|24": 0.010309278350515464, "-28|15": 0.010309278350515464, "-21|29": 0.010309278350515464, "22|22": 0.010309278350515464, "20|3": 0.010309278350515464, "-22|6": 0.010309278350515464, "-22|-1": 0.010309278350515464, "-23|15": 0.010309278350515464, "21|6": 0.010309278350515464, "-17|7": 0.010309278350515464, "-18|-4": 0.010309278350515464, "-21|-7": 0.010309278350515464, "2|-1": 0.010309278350515464, "5|1": 0.010309278350515464, "38|-2": 0.010309278350515464, "-5|-4": 0.010309278350515464, "-5|-7": 0.010309278350515464, "17|7": 0.010309278350515464, "-23|11": 0.010309278350515464, "15|8": 0.010309278350515464, "18|-2": 0.010309278350515464, "-6|6": 0.010309278350515464, "-4|5": 0.010309278350515464, "11|2": 0.010309278350515464, "16|22": 0.010309278350515464, "-7|37": 0.010309278350515464, "13|6": 0.010309278350515464, "6|22": 0.010309278350515464, "27|10": 0.010309278350515464, "-1|8": 0.010309278350515464, "-17|1": 0.010309278350515464, "-11|-10": 0.010309278350515464, "-16|1": 0.010309278350515464, "-9|-6": 0.010309278350515464, "6|2": 0.010309278350515464, "-20|23": 0.010309278350515464, "-9|16": 0.010309278350515464, "13|12": 0.010309278350515464, "23|23": 0.010309278350515464, "-21|31": 0.010309278350515464, "5|14": 0.010309278350515464, "5|5": 0.010309278350515464,