{"ASSIST": 0.2980769230769231, "BLOCK": 0.2903225806451613, "FG_ARC_3_ATTEMPT": 0.30278884462151395, "FG_ARC_3_BLOCK": 0.0, "FG_ARC_3_MADE": 0.34210526315789475, "FG_ARC_3_MADE_FOUL": 0.0, "FG_AT_RIM_ATTEMPT": 0.17375886524822695, "FG_AT_RIM_BLOCK": 0.0070921985815602835, "FG_AT_RIM_MADE": 0.6938775510204082, "FG_AT_RIM_MADE_FOUL": 0.01773049645390071, "FG_CORNER_3_ATTEMPT": 0.2972972972972973, "FG_CORNER_3_BLOCK": 0.013513513513513514, "FG_CORNER_3_MADE": 0.45454545454545453, "FG_CORNER_3_MADE_FOUL": 0.0, "FG_LONG_MID_RANGE_ATTEMPT": 0.10077519379844961, "FG_LONG_MID_RANGE_BLOCK": 0.0, "FG_LONG_MID_RANGE_MADE": 0.38461538461538464, "FG_LONG_MID_RANGE_MADE_FOUL": 0.0, "FG_SHORT_MID_RANGE_ATTEMPT": 0.25076452599388377, "FG_SHORT_MID_RANGE_BLOCK": 0.01529051987767584, "FG_SHORT_MID_RANGE_MADE": 0.5609756097560976, "FG_SHORT_MID_RANGE_MADE_FOUL": 0.0, "FG_XY": {"ARC_3": {"-230|105": 0.013157894736842105, "176|185": 0.013157894736842105, "27|263": 0.013157894736842105, "110|243": 0.013157894736842105, "-61|258": 0.013157894736842105, "-176|230": 0.013157894736842105, "158|190": 0.013157894736842105, "-2|258": 0.013157894736842105, "-142|206": 0.013157894736842105, "75|242": 0.013157894736842105, "206|136": 0.013157894736842105, "40|257": 0.013157894736842105, "173|186": 0.013157894736842105, "-110|238": 0.013157894736842105, "-83|254": 0.013157894736842105, "205|170": 0.013157894736842105, "130|240": 0.013157894736842105, "-152|219": 0.013157894736842105, "-186|176": 0.013157894736842105, "203|158": 0.013157894736842105, "94|229": 0.013157894736842105, "-196|145": 0.013157894736842105, "109|221": 0.013157894736842105, "189|167": 0.013157894736842105, "-196|155": 0.013157894736842105, "119|238": 0.013157894736842105, "190|197": 0.013157894736842105, "88|272": 0.013157894736842105, "82|266": 0.013157894736842105, "-212|122": 0.013157894736842105, "64|247": 0.013157894736842105, "142|210": 0.013157894736842105, "127|231": 0.013157894736842105, "-167|193": 0.013157894736842105, "146|230": 0.013157894736842105, "59|277": 0.013157894736842105, "159|209": 0.013157894736842105, "-175|199": 0.013157894736842105, "-50|274": 0.013157894736842105, "132|248": 0.013157894736842105, "189|203": 0.013157894736842105, "-163|230": 0.013157894736842105, "140|218": 0.013157894736842105, "-165|194": 0.013157894736842105, "185|225": 0.013157894736842105, "-120|232": 0.013157894736842105, "-227|102": 0.013157894736842105, "-136|242": 0.013157894736842105, "-141|226": 0.013157894736842105, "-16|256": 0.013157894736842105, "-94|250": 0.013157894736842105, "59|247": 0.013157894736842105, "85|247": 0.013157894736842105, "-203|173": 0.013157894736842105, "143|205": 0.013157894736842105, "25|248": 0.013157894736842105, "-152|205": 0.013157894736842105, "207|163": 0.013157894736842105, "140|220": 0.013157894736842105, "-190|186": 0.013157894736842105, "-188|174": 0.013157894736842105, "-6|267": 0.013157894736842105, "-211|155": 0.013157894736842105, "20|251": 0.013157894736842105, "184|180": 0.013157894736842105, "-189|174": 0.013157894736842105, "-53|262": 0.013157894736842105, "190|182": 0.013157894736842105, "-66|236": 0.013157894736842105, "168|189": 0.013157894736842105, "93|240": 0.013157894736842105, "205|174": 0.013157894736842105, "-200|158": 0.013157894736842105, "161|196": 0.013157894736842105, "-85|258": 0.013157894736842105, "190|153": 0.013157894736842105}, "AT_RIM": {"-18|-6": 0.02040816326530612, "-2|-4": 0.02040816326530612, "18|1": 0.02040816326530612, "28|6": 0.02040816326530612, "-29|13": 0.02040816326530612, "-28|2": 0.02040816326530612, "-33|17": 0.02040816326530612, "34|7": 0.02040816326530612, "9|2": 0.02040816326530612, "-4|-3": 0.02040816326530612, "-4|2": 0.02040816326530612, "-2|5": 0.02040816326530612, "-26|26": 0.02040816326530612, "-10|16": 0.02040816326530612, "-5|11": 0.02040816326530612, "23|4": 0.02040816326530612, "17|13": 0.02040816326530612, "-2|13": 0.061224489795918366, "0|8": 0.02040816326530612, "18|30": 0.02040816326530612, "26|13": 0.02040816326530612, "13|15": 0.02040816326530612, "-36|-2": 0.02040816326530612, "10|22": 0.02040816326530612, "5|39": 0.02040816326530612, "25|0": 0.02040816326530612, "-9|25": 0.02040816326530612, "-11|36": 0.02040816326530612, "-18|34": 0.02040816326530612, "15|17": 0.02040816326530612, "4|8": 0.02040816326530612, "-17|1": 0.02040816326530612, "15|1": 0.02040816326530612, "-15|0": 0.02040816326530612, "10|10": 0.02040816326530612, "-31|21": 0.02040816326530612, "-2|11": 0.02040816326530612, "7|26": 0.02040816326530612, "1|2": 0.02040816326530612, "5|4": 0.02040816326530612, "-23|19": 0.02040816326530612, "5|21": 0.02040816326530612, "-9|38": 0.02040816326530612, "-29|8": 0.02040816326530612, "37|-10": 0.02040816326530612, "10|5": 0.02040816326530612, "-25|1": 0.02040816326530612}, "CORNER_3": {"235|29": 0.045454545454545456, "232|8": 0.045454545454545456, "-225|22": 0.045454545454545456, "228|18": 0.045454545454545456, "230|39": 0.045454545454545456, "-232|-2": 0.045454545454545456, "229|60": 0.045454545454545456, "-228|52": 0.045454545454545456, "-234|78": 0.045454545454545456, "230|-9": 0.045454545454545456, "-229|31": 0.045454545454545456, "230|35": 0.045454545454545456, "228|63": 0.045454545454545456, "-237|26": 0.045454545454545456, "235|40": 0.045454545454545456, "230|80": 0.045454545454545456, "-234|59": 0.045454545454545456, "233|-7": 0.045454545454545456, "232|55": 0.045454545454545456, "229|64": 0.045454545454545456, "225|78": 0.045454545454545456, "233|20": 0.045454545454545456}, "LONG_MID_RANGE": {"-78|167": 0.07692307692307693, "7|155": 0.07692307692307693, "77|148": 0.07692307692307693, "157|22": 0.07692307692307693, "121|74": 0.07692307692307693, "145|138": 0.07692307692307693, "-55|134": 0.07692307692307693, "66|131": 0.07692307692307693, "121|110": 0.07692307692307693, "69|142": 0.07692307692307693, "-116|79": 0.07692307692307693, "-89|135": 0.07692307692307693, "0|164": 0.07692307692307693}, "SHORT_MID_RANGE": {"-80|47": 0.012195121951219513, "-4|75": 0.012195121951219513, "-123|-4": 0.012195121951219513, "-1|72": 0.012195121951219513, "12|56": 0.012195121951219513, "2|109": 0.012195121951219513, "70|50": 0.012195121951219513, "56|22": 0.012195121951219513, "91|69": 0.012195121951219513, "11|137": 0.012195121951219513, "61|66": 0.012195121951219513, "5|99": 0.012195121951219513, "66|23": 0.012195121951219513, "-13|83": 0.012195121951219513, "-4|105": 0.012195121951219513, "-11|46": 0.012195121951219513, "-37|32": 0.012195121951219513, "51|129": 0.012195121951219513, "-32|122": 0.012195121951219513, "58|63": 0.012195121951219513, "11|138": 0.012195121951219513, "74|111": 0.012195121951219513, "-1|136": 0.012195121951219513, "38|17": 0.012195121951219513, "127|26": 0.012195121951219513, "-48|114": 0.012195121951219513, "-21|51": 0.012195121951219513, "43|40": 0.012195121951219513, "-60|11": 0.012195121951219513, "42|87": 0.012195121951219513, "1|108": 0.012195121951219513, "72|42": 0.012195121951219513, "40|5": 0.012195121951219513, "28|110": 0.012195121951219513, "-10|45": 0.012195121951219513, "-31|57": 0.012195121951219513, "-42|29": 0.012195121951219513, "-18|48": 0.012195121951219513, "43|36": 0.024390243902439025, "26|34": 0.012195121951219513, "9|44": 0.012195121951219513, "-48|121": 0.012195121951219513, "20|62": 0.012195121951219513, "-83|85": 0.012195121951219513, "-28|36": 0.012195121951219513, "39|121": 0.012195121951219513, "64|1": 0.012195121951219513, "-40|49": 0.012195121951219513, "47|21": 0.012195121951219513, "21|105": 0.012195121951219513, "-26|71": 0.012195121951219513, "17|38": 0.012195121951219513, "108|60": 0.012195121951219513, "-18|37": 0.012195121951219513, "-26|35": 0.012195121951219513, "-1|51": 0.012195121951219513, "-48|32": 0.012195121951219513, "-89|106": 0.012195121951219513, "-22|129": 0.012195121951219513, "-15|105": 0.012195121951219513, "-37|73": 0.012195121951219513, "-5|125": 0.012195121951219513, "26|63": 0.012195121951219513,