{"ASSIST": 0.11170212765957446, "BLOCK": 0.11864406779661017, "FG_ARC_3_ATTEMPT": 0.1407766990291262, "FG_ARC_3_BLOCK": 0.0, "FG_ARC_3_MADE": 0.2413793103448276, "FG_ARC_3_MADE_FOUL": 0.0, "FG_AT_RIM_ATTEMPT": 0.13131313131313133, "FG_AT_RIM_BLOCK": 0.005050505050505051, "FG_AT_RIM_MADE": 0.5769230769230769, "FG_AT_RIM_MADE_FOUL": 0.0, "FG_CORNER_3_ATTEMPT": 0.25, "FG_CORNER_3_BLOCK": 0.0, "FG_CORNER_3_MADE": 0.375, "FG_CORNER_3_MADE_FOUL": 0.0, "FG_LONG_MID_RANGE_ATTEMPT": 0.05357142857142857, "FG_LONG_MID_RANGE_BLOCK": 0.0, "FG_LONG_MID_RANGE_MADE": 1.0, "FG_LONG_MID_RANGE_MADE_FOUL": 0.0, "FG_SHORT_MID_RANGE_ATTEMPT": 0.0896551724137931, "FG_SHORT_MID_RANGE_BLOCK": 0.006896551724137931, "FG_SHORT_MID_RANGE_MADE": 0.6153846153846154, "FG_SHORT_MID_RANGE_MADE_FOUL": 0.0, "FG_XY": {"ARC_3": {"205|141": 0.034482758620689655, "-135|219": 0.034482758620689655, "136|220": 0.034482758620689655, "-174|216": 0.034482758620689655, "83|239": 0.034482758620689655, "-174|228": 0.034482758620689655, "180|174": 0.034482758620689655, "-119|260": 0.034482758620689655, "-195|157": 0.034482758620689655, "147|213": 0.034482758620689655, "20|256": 0.034482758620689655, "-33|264": 0.034482758620689655, "93|235": 0.034482758620689655, "119|283": 0.034482758620689655, "161|203": 0.034482758620689655, "148|229": 0.034482758620689655, "212|132": 0.034482758620689655, "211|157": 0.034482758620689655, "136|233": 0.034482758620689655, "-161|200": 0.034482758620689655, "88|245": 0.034482758620689655, "222|150": 0.034482758620689655, "206|137": 0.034482758620689655, "105|256": 0.034482758620689655, "-188|183": 0.034482758620689655, "-93|240": 0.034482758620689655, "20|250": 0.034482758620689655, "-164|196": 0.034482758620689655, "-89|229": 0.034482758620689655}, "AT_RIM": {"1|22": 0.038461538461538464, "11|14": 0.038461538461538464, "-7|29": 0.038461538461538464, "10|1": 0.038461538461538464, "0|0": 0.3076923076923077, "25|-4": 0.038461538461538464, "-33|15": 0.038461538461538464, "-6|2": 0.038461538461538464, "1|6": 0.038461538461538464, "-12|10": 0.038461538461538464, "-22|25": 0.038461538461538464, "22|10": 0.038461538461538464, "20|12": 0.038461538461538464, "10|17": 0.038461538461538464, "-29|22": 0.038461538461538464, "-22|15": 0.038461538461538464, "-21|13": 0.038461538461538464, "-16|10": 0.038461538461538464, "18|8": 0.038461538461538464}, "CORNER_3": {"-227|1": 0.0625, "228|38": 0.0625, "-232|1": 0.0625, "224|2": 0.0625, "234|-13": 0.0625, "-232|34": 0.0625, "232|57": 0.0625, "225|4": 0.0625, "222|-6": 0.0625, "230|31": 0.0625, "232|-4": 0.0625, "238|16": 0.0625, "-227|4": 0.0625, "-229|6": 0.0625, "230|17": 0.0625, "232|40": 0.0625}, "LONG_MID_RANGE": {"-80|165": 0.3333333333333333, "7|192": 0.3333333333333333, "-39|159": 0.3333333333333333}, "SHORT_MID_RANGE": {"45|79": 0.07692307692307693, "-29|122": 0.07692307692307693, "48|31": 0.07692307692307693, "-5|50": 0.07692307692307693, "-45|42": 0.07692307692307693, "34|39": 0.07692307692307693, "0|74": 0.07692307692307693, "26|88": 0.07692307692307693, "-51|90": 0.07692307692307693, "4|77": 0.07692307692307693, "137|11": 0.07692307692307693, "22|89": 0.07692307692307693, "15|99": 0.07692307692307693}}, "FOUL_AWAY_FROM_PLAY": 0.0, "FOULED_AWAY_FROM_PLAY": 0.0, "FOUL_CLEAR_PATH": 0.0, "FOULED_CLEAR_PATH": 0.0, "FOUL_COUNT_AS_PERSONAL": 0.2127659574468085, "FOULED_COUNT_AS_PERSONAL": 0.1388888888888889, "FOUL_COUNT_TOWARD_PENALTY": 0.2254335260115607, "FOULED_COUNT_TOWARD_PENALTY": 0.109375, "FOUL_DEFENSIVE_NON_SHOOTING": 0.2441860465116279, "FOULED_DEFENSIVE_NON_SHOOTING": 0.08620689655172414, "FOUL_DOUBLE": 0.0, "FOUL_TECHNICAL_DOUBLE": 0.0, "FOUL_FLAGRANT": 0.0, "FOULED_FLAGRANT": 0.0, "FOUL_FLAGRANT_1": 0.0, "FOULED_FLAGRANT_1": 0.0, "FOUL_FLAGRANT_2": 0.0, "FOULED_FLAGRANT_2": 0.0, "FOUL_INBOUND": 0.0, "FOULED_INBOUND": 0.0, "FOUL_LOOSE_BALL": 0.0, "FOULED_LOOSE_BALL": 0.14285714285714285, "FOUL_OFFENSIVE_CHARGE": 0.2, "FOULED_OFFENSIVE_CHARGE": 1.0, "FOUL_OFFENSIVE_OTHER": 0.0, "FOULED_OFFENSIVE_OTHER": 0.0, "FOUL_OFFENSIVE_TOTAL": 0.06666666666666667, "FOULED_OFFENSIVE_TOTAL": 0.375, "FOUL_PERSONAL": 0.25, "FOULED_PERSONAL": 0.06666666666666667, "FOUL_PERSONAL_BLOCK": 0.0, "FOULED_PERSONAL_BLOCK": 0.0, "FOUL_PERSONAL_TAKE": 0.17647058823529413, "FOULED_PERSONAL_TAKE": 0.2, "FOUL_SHOOTING": 0.20689655172413793, "FOULED_SHOOTING": 0.12857142857142856, "FOUL_SHOOTING_BLOCK": 0.0, "FOULED_SHOOTING_BLOCK": 0.0, "FOUL_TECHNICAL": 0.0, "FT": 0.7727272727272727, "REBOUND_DEFENSIVE": 0.13032581453634084, "REBOUND_OFFENSIVE": 0.07967032967032966, "STEAL": 0.19230769230769232, "SHOT_TYPE_ARC_3_OFFENSIVE": 0.30792227204783257, "SHOT_TYPE_ARC_3_DEFENSIVE": 0.2595307917888563, "SHOT_TYPE_AT_RIM_OFFENSIVE": 0.29596412556053814, "SHOT_TYPE_AT_RIM_DEFENSIVE": 0.2932551319648094, "SHOT_TYPE_CORNER_3_OFFENSIVE": 0.09566517189835576, "SHOT_TYPE_CORNER_3_DEFENSIVE": 0.08064516129032258, "SHOT_TYPE_LONG_MID_RANGE_OFFENSIVE": 0.08370702541106129, "SHOT_TYPE_LONG_MID_RANGE_DEFENSIVE": 0.1158357771260997, "SHOT_TYPE_SHORT_MID_RANGE_OFFENSIVE": 0.21674140508221226, "SHOT_TYPE_SHORT_MID_RANGE_DEFENSIVE": 0.250733137829912, "TURNOVER": 0.11304347826086956, "VIOLATION_DEFENSIVE_GOALTENDING": 0.0, "VIOLATION_DEFENSIVE_KICK_BALL": 0.0}