{"ASSIST": 0.34534534534534533, "BLOCK": 0.13636363636363635, "FG_ARC_3_ATTEMPT": 0.28116710875331563, "FG_ARC_3_BLOCK": 0.0, "FG_ARC_3_MADE": 0.4528301886792453, "FG_ARC_3_MADE_FOUL": 0.0, "FG_AT_RIM_ATTEMPT": 0.31398416886543534, "FG_AT_RIM_BLOCK": 0.018469656992084433, "FG_AT_RIM_MADE": 0.680672268907563, "FG_AT_RIM_MADE_FOUL": 0.026385224274406333, "FG_CORNER_3_ATTEMPT": 0.19801980198019803, "FG_CORNER_3_BLOCK": 0.0, "FG_CORNER_3_MADE": 0.6, "FG_CORNER_3_MADE_FOUL": 0.0, "FG_LONG_MID_RANGE_ATTEMPT": 0.5537190082644629, "FG_LONG_MID_RANGE_BLOCK": 0.008264462809917356, "FG_LONG_MID_RANGE_MADE": 0.5074626865671642, "FG_LONG_MID_RANGE_MADE_FOUL": 0.0, "FG_SHORT_MID_RANGE_ATTEMPT": 0.3950617283950617, "FG_SHORT_MID_RANGE_BLOCK": 0.037037037037037035, "FG_SHORT_MID_RANGE_MADE": 0.4609375, "FG_SHORT_MID_RANGE_MADE_FOUL": 0.009259259259259259, "FG_XY": {"ARC_3": {"121|246": 0.009433962264150943, "-96|236": 0.009433962264150943, "92|236": 0.009433962264150943, "120|242": 0.009433962264150943, "102|235": 0.009433962264150943, "-91|249": 0.009433962264150943, "-147|218": 0.009433962264150943, "-113|239": 0.009433962264150943, "100|243": 0.009433962264150943, "-94|247": 0.009433962264150943, "-116|220": 0.009433962264150943, "94|241": 0.009433962264150943, "-127|230": 0.009433962264150943, "-176|185": 0.009433962264150943, "78|251": 0.009433962264150943, "162|200": 0.009433962264150943, "-214|127": 0.009433962264150943, "-154|195": 0.009433962264150943, "-116|224": 0.009433962264150943, "-162|210": 0.009433962264150943, "-49|249": 0.009433962264150943, "109|236": 0.009433962264150943, "-134|228": 0.009433962264150943, "-146|227": 0.009433962264150943, "92|244": 0.009433962264150943, "175|191": 0.009433962264150943, "91|246": 0.009433962264150943, "-188|196": 0.009433962264150943, "-136|214": 0.009433962264150943, "107|231": 0.009433962264150943, "-152|210": 0.009433962264150943, "-66|258": 0.009433962264150943, "-186|174": 0.009433962264150943, "-125|242": 0.009433962264150943, "-118|244": 0.009433962264150943, "-219|146": 0.009433962264150943, "94|239": 0.009433962264150943, "-168|195": 0.009433962264150943, "-6|248": 0.009433962264150943, "192|159": 0.009433962264150943, "132|209": 0.009433962264150943, "100|246": 0.009433962264150943, "-143|236": 0.009433962264150943, "71|251": 0.009433962264150943, "-109|254": 0.009433962264150943, "-91|260": 0.009433962264150943, "85|242": 0.009433962264150943, "115|229": 0.009433962264150943, "-197|155": 0.009433962264150943, "190|236": 0.009433962264150943, "159|209": 0.009433962264150943, "-74|241": 0.009433962264150943, "104|237": 0.009433962264150943, "-180|174": 0.009433962264150943, "-60|252": 0.009433962264150943, "138|242": 0.009433962264150943, "17|246": 0.009433962264150943, "208|172": 0.009433962264150943, "-223|148": 0.009433962264150943, "-81|249": 0.009433962264150943, "174|205": 0.009433962264150943, "208|141": 0.009433962264150943, "32|253": 0.009433962264150943, "151|207": 0.009433962264150943, "40|249": 0.009433962264150943, "167|188": 0.009433962264150943, "225|110": 0.009433962264150943, "115|233": 0.009433962264150943, "165|221": 0.009433962264150943, "-13|256": 0.009433962264150943, "132|222": 0.009433962264150943, "-214|109": 0.009433962264150943, "165|213": 0.009433962264150943, "102|247": 0.009433962264150943, "76|256": 0.009433962264150943, "-206|150": 0.009433962264150943, "-72|258": 0.009433962264150943, "-120|229": 0.009433962264150943, "-107|251": 0.009433962264150943, "-143|202": 0.009433962264150943, "-33|249": 0.009433962264150943, "-184|220": 0.009433962264150943, "-185|174": 0.009433962264150943, "216|134": 0.009433962264150943, "-125|221": 0.009433962264150943, "-56|256": 0.009433962264150943, "-92|234": 0.009433962264150943, "51|256": 0.009433962264150943, "-173|176": 0.009433962264150943, "125|221": 0.009433962264150943, "179|194": 0.009433962264150943, "210|138": 0.009433962264150943, "192|168": 0.009433962264150943, "69|239": 0.009433962264150943, "-28|252": 0.009433962264150943, "-31|252": 0.009433962264150943, "76|238": 0.009433962264150943, "114|228": 0.009433962264150943, "-138|228": 0.009433962264150943, "107|222": 0.009433962264150943, "-105|230": 0.009433962264150943, "159|186": 0.009433962264150943, "-119|242": 0.009433962264150943, "32|257": 0.009433962264150943, "-102|251": 0.009433962264150943, "-168|200": 0.009433962264150943}, "AT_RIM": {"-36|3": 0.008403361344537815, "1|9": 0.008403361344537815, "4|5": 0.008403361344537815, "-1|10": 0.008403361344537815, "-4|4": 0.008403361344537815, "-6|12": 0.008403361344537815, "2|7": 0.01680672268907563, "-11|13": 0.008403361344537815, "6|5": 0.008403361344537815, "16|7": 0.008403361344537815, "-28|16": 0.008403361344537815, "28|26": 0.008403361344537815, "-26|10": 0.008403361344537815, "22|10": 0.01680672268907563, "1|8": 0.008403361344537815, "-15|9": 0.01680672268907563, "-29|16": 0.008403361344537815, "-12|13": 0.008403361344537815, "-26|11": 0.008403361344537815, "-17|8": 0.008403361344537815, "13|10": 0.008403361344537815, "-11|12": 0.008403361344537815, "2|10": 0.008403361344537815, "-25|25": 0.008403361344537815, "7|25": 0.008403361344537815, "-7|23": 0.008403361344537815, "-10|17": 0.008403361344537815, "6|-15": 0.008403361344537815, "-13|24": 0.008403361344537815, "-32|19": 0.008403361344537815, "-29|17": 0.008403361344537815, "-28|23": 0.008403361344537815, "4|0": 0.008403361344537815, "2|14": 0.008403361344537815, "4|10": 0.008403361344537815, "-18|7": 0.008403361344537815, "5|15": 0.008403361344537815, "-13|1": 0.008403361344537815, "0|9": 0.008403361344537815, "-20|5": 0.008403361344537815, "-29|21": 0.008403361344537815, "28|17": 0.008403361344537815, "-21|-5": 0.008403361344537815, "11|22": 0.008403361344537815, "-18|16": 0.008403361344537815, "18|13": 0.008403361344537815, "9|8": 0.008403361344537815, "-26|8": 0.008403361344537815, "0|10": 0.008403361344537815, "5|22": 0.008403361344537815, "9|4": 0.008403361344537815, "1|14": 0.008403361344537815, "0|25": 0.008403361344537815, "-16|13": 0.008403361344537815, "13|7": 0.008403361344537815, "-1|27": 0.008403361344537815, "-9|6": 0.008403361344537815, "-22|25": 0.008403361344537815, "32|20": 0.008403361344537815, "-7|22": 0.008403361344537815, "9|30": 0.008403361344537815, "-1|19": 0.008403361344537815, "-11|1": 0.008403361344537815, "-13|0": 0.008403361344537815, "11|-2": 0.008403361344537815, "-10|3": 0.008403361344537815, "-2|6": 0.008403361344537815, "-10|-4": 0.008403361344537815, "-2|22": 0.008403361344537815, "-12|7": 0.008403361344537815, "0|7": 0.008403361344537815, "0|-1": 0.01680672268907563, "-15|31": 0.008403361344537815, "-22|20": 0.008403361344537815, "-1|11": 0.008403361344537815, "-25|19": 0.008403361344537815, "27|27": 0.008403361344537815, "34|11": 0.008403361344537815, "-27|17": 0.008403361344537815, "13|15": 0.008403361344537815, "26|16": 0.008403361344537815, "29|1": 0.008403361344537815, "13|26": 0.008403361344537815, "0|14": 0.008403361344537815, "0|11": 0.008403361344537815, "-10|6": 0.008403361344537815, "11|4": 0.008403361344537815, "6|14": 0.008403361344537815, "-6|-1": 0.008403361344537815, "10|-5": 0.008403361344537815, "11|1": 0.008403361344537815, "-12|6": 0.008403361344537815, "-18|25": 0.008403361344537815, "-22|11": 0.008403361344537815, "-16|12": 0.008403361344537815, "-28|13": 0.008403361344537815, "-20|4": 0.008403361344537815, "-16|26": 0.008403361344537815, "-22|-2": 0.008403361344537815, "-22|5": 0.008403361344537815, "26|20": 0.008403361344537815, "31|21": 0.008403361344537815, "-16|-2": 0.008403361344537815, "9|0": 0.008403361344537815, "-16|8": 0.008403361344537815, "6|3": 0.008403361344537815, "-6|22": 0.008403361344537815, "4|2": 0.008403361344537815, "-29|26": 0.008403361344537815, "-10|8": 0.008403361344537815, "12|19": 0.008403361344537815, "-4|32": 0.008403361344537815, "12|30": 0.008403361344537815, "-13|-6": 0.008403361344537815, "-15|32": 0.008403361344537815}, "CORNER_3": {"229|24": 0.05, "-232|18": 0.05,