{"ASSIST": 0.16013071895424835, "BLOCK": 0.16666666666666666, "FG_ARC_3_ATTEMPT": 0.21753246753246752, "FG_ARC_3_BLOCK": 0.0, "FG_ARC_3_MADE": 0.208955223880597, "FG_ARC_3_MADE_FOUL": 0.0, "FG_AT_RIM_ATTEMPT": 0.1836734693877551, "FG_AT_RIM_BLOCK": 0.01020408163265306, "FG_AT_RIM_MADE": 0.7407407407407407, "FG_AT_RIM_MADE_FOUL": 0.006802721088435374, "FG_CORNER_3_ATTEMPT": 0.21951219512195122, "FG_CORNER_3_BLOCK": 0.0, "FG_CORNER_3_MADE": 0.25925925925925924, "FG_CORNER_3_MADE_FOUL": 0.0, "FG_LONG_MID_RANGE_ATTEMPT": 0.1574074074074074, "FG_LONG_MID_RANGE_BLOCK": 0.0, "FG_LONG_MID_RANGE_MADE": 0.35294117647058826, "FG_LONG_MID_RANGE_MADE_FOUL": 0.0, "FG_SHORT_MID_RANGE_ATTEMPT": 0.16417910447761194, "FG_SHORT_MID_RANGE_BLOCK": 0.026119402985074626, "FG_SHORT_MID_RANGE_MADE": 0.25, "FG_SHORT_MID_RANGE_MADE_FOUL": 0.0037313432835820895, "FG_XY": {"ARC_3": {"-184|179": 0.014925373134328358, "-69|240": 0.014925373134328358, "-141|220": 0.014925373134328358, "162|226": 0.014925373134328358, "154|248": 0.014925373134328358, "225|132": 0.014925373134328358, "-189|198": 0.014925373134328358, "159|201": 0.014925373134328358, "205|128": 0.014925373134328358, "221|115": 0.014925373134328358, "-192|180": 0.014925373134328358, "-203|136": 0.014925373134328358, "-228|99": 0.014925373134328358, "176|195": 0.014925373134328358, "-137|206": 0.014925373134328358, "-208|183": 0.014925373134328358, "-218|158": 0.014925373134328358, "-66|247": 0.014925373134328358, "148|210": 0.014925373134328358, "-202|151": 0.014925373134328358, "85|258": 0.014925373134328358, "-217|142": 0.029850746268656716, "-159|268": 0.014925373134328358, "161|179": 0.014925373134328358, "17|252": 0.014925373134328358, "85|239": 0.014925373134328358, "217|117": 0.014925373134328358, "-159|235": 0.014925373134328358, "214|146": 0.014925373134328358, "-6|268": 0.014925373134328358, "-81|239": 0.014925373134328358, "230|96": 0.014925373134328358, "-190|221": 0.014925373134328358, "140|217": 0.014925373134328358, "0|273": 0.014925373134328358, "174|210": 0.014925373134328358, "-127|259": 0.014925373134328358, "-150|246": 0.014925373134328358, "45|299": 0.014925373134328358, "-188|226": 0.014925373134328358, "138|213": 0.014925373134328358, "-93|263": 0.014925373134328358, "21|276": 0.014925373134328358, "-28|251": 0.014925373134328358, "-112|277": 0.014925373134328358, "-51|287": 0.014925373134328358, "-158|189": 0.014925373134328358, "-15|262": 0.014925373134328358, "-224|120": 0.014925373134328358, "-178|180": 0.014925373134328358, "-156|227": 0.014925373134328358, "6|274": 0.014925373134328358, "-119|249": 0.014925373134328358, "-202|201": 0.014925373134328358, "194|174": 0.014925373134328358, "167|180": 0.014925373134328358, "-181|250": 0.014925373134328358, "191|178": 0.014925373134328358, "197|157": 0.014925373134328358, "85|250": 0.014925373134328358, "216|131": 0.014925373134328358, "-185|152": 0.014925373134328358, "-159|206": 0.014925373134328358, "158|200": 0.014925373134328358, "-20|283": 0.014925373134328358, "-108|233": 0.014925373134328358}, "AT_RIM": {"18|-1": 0.018518518518518517, "23|4": 0.018518518518518517, "16|-6": 0.018518518518518517, "11|-1": 0.018518518518518517, "29|11": 0.037037037037037035, "9|22": 0.018518518518518517, "11|4": 0.018518518518518517, "0|0": 0.037037037037037035, "12|2": 0.018518518518518517, "-31|-9": 0.018518518518518517, "37|8": 0.018518518518518517, "17|31": 0.018518518518518517, "1|37": 0.018518518518518517, "-6|26": 0.018518518518518517, "-27|17": 0.018518518518518517, "-28|26": 0.018518518518518517, "4|31": 0.018518518518518517, "-2|0": 0.018518518518518517, "-4|3": 0.018518518518518517, "9|6": 0.018518518518518517, "2|10": 0.018518518518518517, "9|26": 0.018518518518518517, "-32|0": 0.018518518518518517, "-20|18": 0.018518518518518517, "-33|16": 0.018518518518518517, "-39|4": 0.018518518518518517, "0|8": 0.018518518518518517, "-2|10": 0.018518518518518517, "29|15": 0.018518518518518517, "12|13": 0.018518518518518517, "-16|36": 0.018518518518518517, "16|5": 0.018518518518518517, "-1|19": 0.018518518518518517, "-15|11": 0.018518518518518517, "-11|27": 0.018518518518518517, "23|16": 0.018518518518518517, "7|7": 0.018518518518518517, "1|28": 0.018518518518518517, "2|15": 0.018518518518518517, "27|13": 0.018518518518518517, "-29|14": 0.018518518518518517, "-9|-4": 0.018518518518518517, "-18|0": 0.018518518518518517, "23|5": 0.018518518518518517, "0|6": 0.018518518518518517, "31|-1": 0.018518518518518517, "13|6": 0.018518518518518517, "-33|10": 0.018518518518518517, "5|6": 0.018518518518518517, "5|-2": 0.018518518518518517, "7|5": 0.018518518518518517, "4|5": 0.018518518518518517}, "CORNER_3": {"-241|8": 0.037037037037037035, "234|54": 0.037037037037037035, "-239|7": 0.037037037037037035, "235|-20": 0.037037037037037035, "-233|17": 0.037037037037037035, "234|3": 0.037037037037037035, "233|15": 0.037037037037037035, "229|-4": 0.037037037037037035, "245|81": 0.037037037037037035, "-237|-16": 0.037037037037037035, "234|21": 0.037037037037037035, "222|3": 0.037037037037037035, "234|35": 0.037037037037037035, "-223|16": 0.037037037037037035, "-222|10": 0.037037037037037035, "-233|0": 0.037037037037037035, "-232|63": 0.037037037037037035, "-235|26": 0.037037037037037035, "-232|24": 0.037037037037037035, "230|38": 0.037037037037037035, "-237|28": 0.037037037037037035, "-239|30": 0.037037037037037035, "-244|36": 0.037037037037037035, "229|11": 0.037037037037037035, "233|17": 0.037037037037037035, "-227|23": 0.037037037037037035, "-224|-4": 0.037037037037037035}, "LONG_MID_RANGE": {"70|134": 0.058823529411764705, "-107|148": 0.058823529411764705, "118|97": 0.058823529411764705, "-36|188": 0.058823529411764705, "172|20": 0.058823529411764705, "-54|168": 0.058823529411764705, "9|145": 0.058823529411764705, "60|180": 0.058823529411764705, "-102|162": 0.058823529411764705, "-116|95": 0.058823529411764705, "123|184": 0.058823529411764705, "-16|151": 0.058823529411764705, "76|129": 0.058823529411764705, "206|10": 0.058823529411764705, "110|101": 0.058823529411764705, "185|106": 0.058823529411764705, "143|22": 0.058823529411764705}, "SHORT_MID_RANGE": {"-15|59": 0.022727272727272728, "98|52": 0.022727272727272728, "-28|33": 0.022727272727272728, "15|68": 0.022727272727272728, "49|18": 0.022727272727272728, "55|55": 0.022727272727272728, "-85|-10": 0.022727272727272728, "10|138": 0.022727272727272728, "22|47": 0.022727272727272728, "58|21": 0.022727272727272728, "-80|89": 0.022727272727272728, "23|35": 0.022727272727272728, "-26|56": 0.022727272727272728, "-29|34": 0.022727272727272728, "-50|35": 0.022727272727272728, "-28|34": 0.022727272727272728, "34|38": 0.022727272727272728, "-11|62": 0.022727272727272728, "48|26": 0.022727272727272728, "-78|63": 0.022727272727272728, "69|93": 0.022727272727272728, "-7|47": 0.022727272727272728, "-67|25": 0.022727272727272728, "64|52": 0.022727272727272728, "120|2": 0.022727272727272728, "-36|23": 0.022727272727272728, "48|75": 0.022727272727272728, "-38|25": 0.022727272727272728, "69|15": 0.022727272727272728, "23|33": 0.022727272727272728, "-20|68": 0.022727272727272728, "-53|108": 0.022727272727272728, "-121|8": 0.022727272727272728, "-45|36": 0.022727272727272728, "47|20": 0.022727272727272728, "2|127": 0.022727272727272728, "-1|55": 0.022727272727272728, "36|53": 0.022727272727272728, "-21|52": 0.022727272727272728, "-40|42": 0.022727272727272728, "-37|74": 0.022727272727272728, "94|43": 0.022727272727272728, "62|20": 0.022727272727272728, "34|22": 0.022727272727272728}}, "FOUL_AWAY_FROM_PLAY": 0.0, "FOULED_AWAY_FROM_PLAY": 0.0, "FOUL_CLEAR_PATH": 0.0, "FOULED_CLEAR_PATH": 0.0, "FOUL_COUNT_AS_PERSONAL": 0.17573221757322174, "FOULED_COUNT_AS_PERSONAL": 0.15416666666666667, "FOUL_COUNT_TOWARD_PENALTY": 0.1643835616438356, "FOULED_COUNT_TOWARD_PENALTY": 0.1651376146788991, "FOUL_DEFENSIVE_NON_SHOOTING": 0.11956521739130435, "FOULED_DEFENSIVE_NON_SHOOTING": 0.15789473684210525, "FOUL_DOUBLE": 0.0, "FOUL_TECHNICAL_DOUBLE": 0.0,