{"ASSIST": 0.1761006289308176, "BLOCK": 0.5714285714285714, "FG_ARC_3_ATTEMPT": 0.0440251572327044, "FG_ARC_3_BLOCK": 0.0, "FG_ARC_3_MADE": 0.8571428571428571, "FG_ARC_3_MADE_FOUL": 0.0, "FG_AT_RIM_ATTEMPT": 0.2670807453416149, "FG_AT_RIM_BLOCK": 0.012422360248447204, "FG_AT_RIM_MADE": 0.6046511627906976, "FG_AT_RIM_MADE_FOUL": 0.0, "FG_CORNER_3_ATTEMPT": 0.07017543859649122, "FG_CORNER_3_BLOCK": 0.0, "FG_CORNER_3_MADE": 1.0, "FG_CORNER_3_MADE_FOUL": 0.0, "FG_LONG_MID_RANGE_ATTEMPT": 0.06349206349206349, "FG_LONG_MID_RANGE_BLOCK": 0.0, "FG_LONG_MID_RANGE_MADE": 1.0, "FG_LONG_MID_RANGE_MADE_FOUL": 0.015873015873015872, "FG_SHORT_MID_RANGE_ATTEMPT": 0.14912280701754385, "FG_SHORT_MID_RANGE_BLOCK": 0.017543859649122806, "FG_SHORT_MID_RANGE_MADE": 0.23529411764705882, "FG_SHORT_MID_RANGE_MADE_FOUL": 0.008771929824561403, "FG_XY": {"ARC_3": {"-22|257": 0.14285714285714285, "-137|218": 0.14285714285714285, "-136|249": 0.14285714285714285, "-48|266": 0.14285714285714285, "227|152": 0.14285714285714285, "96|251": 0.14285714285714285, "-141|210": 0.14285714285714285}, "AT_RIM": {"17|10": 0.023255813953488372, "-5|11": 0.023255813953488372, "-17|3": 0.023255813953488372, "6|16": 0.023255813953488372, "20|23": 0.023255813953488372, "2|36": 0.023255813953488372, "-15|1": 0.023255813953488372, "-7|6": 0.023255813953488372, "7|13": 0.023255813953488372, "0|0": 0.27906976744186046, "4|37": 0.023255813953488372, "4|11": 0.023255813953488372, "4|15": 0.023255813953488372, "-18|13": 0.023255813953488372, "-4|27": 0.023255813953488372, "-33|12": 0.023255813953488372, "5|20": 0.023255813953488372, "-2|3": 0.023255813953488372, "-10|8": 0.023255813953488372, "-20|9": 0.023255813953488372, "21|15": 0.023255813953488372, "-22|6": 0.023255813953488372, "-4|6": 0.023255813953488372, "-9|22": 0.023255813953488372, "-26|8": 0.023255813953488372, "11|22": 0.023255813953488372, "-13|11": 0.023255813953488372, "10|29": 0.023255813953488372, "-1|17": 0.023255813953488372, "-2|15": 0.023255813953488372, "6|12": 0.023255813953488372, "-2|10": 0.023255813953488372}, "CORNER_3": {"-229|-3": 0.25, "225|17": 0.25, "-237|12": 0.25, "-232|86": 0.25}, "LONG_MID_RANGE": {"-72|134": 0.25, "65|155": 0.25, "89|166": 0.25, "72|132": 0.25}, "SHORT_MID_RANGE": {"13|111": 0.058823529411764705, "54|87": 0.058823529411764705, "-1|61": 0.058823529411764705, "39|61": 0.058823529411764705, "-33|25": 0.058823529411764705, "-20|73": 0.058823529411764705, "-22|104": 0.058823529411764705, "-11|42": 0.058823529411764705, "-1|52": 0.058823529411764705, "-13|41": 0.058823529411764705, "-17|37": 0.058823529411764705, "39|20": 0.058823529411764705, "62|15": 0.058823529411764705, "5|59": 0.058823529411764705, "-6|64": 0.058823529411764705, "-26|32": 0.058823529411764705, "-82|58": 0.058823529411764705}}, "FOUL_AWAY_FROM_PLAY": 0.0, "FOULED_AWAY_FROM_PLAY": 0.0, "FOUL_CLEAR_PATH": 0.0, "FOULED_CLEAR_PATH": 0.0, "FOUL_COUNT_AS_PERSONAL": 0.39344262295081966, "FOULED_COUNT_AS_PERSONAL": 0.33035714285714285, "FOUL_COUNT_TOWARD_PENALTY": 0.40707964601769914, "FOULED_COUNT_TOWARD_PENALTY": 0.35294117647058826, "FOUL_DEFENSIVE_NON_SHOOTING": 0.3283582089552239, "FOULED_DEFENSIVE_NON_SHOOTING": 0.375, "FOUL_DOUBLE": 0.0, "FOUL_TECHNICAL_DOUBLE": 0.0, "FOUL_FLAGRANT": 0.0, "FOULED_FLAGRANT": 0.0, "FOUL_FLAGRANT_1": 0.0, "FOULED_FLAGRANT_1": 0.0, "FOUL_FLAGRANT_2": 0.0, "FOULED_FLAGRANT_2": 0.0, "FOUL_INBOUND": 0.0, "FOULED_INBOUND": 0.0, "FOUL_LOOSE_BALL": 0.0, "FOULED_LOOSE_BALL": 0.8, "FOUL_OFFENSIVE_CHARGE": 0.5, "FOULED_OFFENSIVE_CHARGE": 0.0, "FOUL_OFFENSIVE_OTHER": 0.0, "FOULED_OFFENSIVE_OTHER": 0.0, "FOUL_OFFENSIVE_TOTAL": 0.2222222222222222, "FOULED_OFFENSIVE_TOTAL": 0.1, "FOUL_PERSONAL": 0.2222222222222222, "FOULED_PERSONAL": 0.35135135135135137, "FOUL_PERSONAL_BLOCK": 0.0, "FOULED_PERSONAL_BLOCK": 0.0, "FOUL_PERSONAL_TAKE": 0.5714285714285714, "FOULED_PERSONAL_TAKE": 0.0, "FOUL_SHOOTING": 0.5217391304347826, "FOULED_SHOOTING": 0.32608695652173914, "FOUL_SHOOTING_BLOCK": 0.0, "FOULED_SHOOTING_BLOCK": 0.0, "FOUL_TECHNICAL": 0.4, "FT": 0.6451612903225806, "REBOUND_DEFENSIVE": 0.1729106628242075, "REBOUND_OFFENSIVE": 0.12542372881355932, "STEAL": 0.2786885245901639, "SHOT_TYPE_ARC_3_OFFENSIVE": 0.2870036101083033, "SHOT_TYPE_ARC_3_DEFENSIVE": 0.2826855123674912, "SHOT_TYPE_AT_RIM_OFFENSIVE": 0.29061371841155237, "SHOT_TYPE_AT_RIM_DEFENSIVE": 0.3321554770318021, "SHOT_TYPE_CORNER_3_OFFENSIVE": 0.10288808664259928, "SHOT_TYPE_CORNER_3_DEFENSIVE": 0.08833922261484099, "SHOT_TYPE_LONG_MID_RANGE_OFFENSIVE": 0.11371841155234658, "SHOT_TYPE_LONG_MID_RANGE_DEFENSIVE": 0.08833922261484099, "SHOT_TYPE_SHORT_MID_RANGE_OFFENSIVE": 0.20577617328519857, "SHOT_TYPE_SHORT_MID_RANGE_DEFENSIVE": 0.20848056537102475, "TURNOVER": 0.1919191919191919, "VIOLATION_DEFENSIVE_GOALTENDING": 0.0, "VIOLATION_DEFENSIVE_KICK_BALL": 0.6666666666666666}