{"ASSIST": 0.2, "BLOCK": 0.25, "FG_ARC_3_ATTEMPT": 0.19900497512437812, "FG_ARC_3_BLOCK": 0.0, "FG_ARC_3_MADE": 0.225, "FG_ARC_3_MADE_FOUL": 0.0, "FG_AT_RIM_ATTEMPT": 0.20398009950248755, "FG_AT_RIM_BLOCK": 0.029850746268656716, "FG_AT_RIM_MADE": 0.7073170731707317, "FG_AT_RIM_MADE_FOUL": 0.01990049751243781, "FG_CORNER_3_ATTEMPT": 0.19696969696969696, "FG_CORNER_3_BLOCK": 0.0, "FG_CORNER_3_MADE": 0.3076923076923077, "FG_CORNER_3_MADE_FOUL": 0.015151515151515152, "FG_LONG_MID_RANGE_ATTEMPT": 0.22916666666666666, "FG_LONG_MID_RANGE_BLOCK": 0.020833333333333332, "FG_LONG_MID_RANGE_MADE": 0.18181818181818182, "FG_LONG_MID_RANGE_MADE_FOUL": 0.0, "FG_SHORT_MID_RANGE_ATTEMPT": 0.1836734693877551, "FG_SHORT_MID_RANGE_BLOCK": 0.04081632653061224, "FG_SHORT_MID_RANGE_MADE": 0.5, "FG_SHORT_MID_RANGE_MADE_FOUL": 0.02040816326530612, "FG_XY": {"ARC_3": {"-36|252": 0.025, "-179|188": 0.025, "108|235": 0.025, "-119|251": 0.025, "162|193": 0.025, "189|174": 0.025, "67|244": 0.025, "-145|221": 0.025, "76|256": 0.025, "-2|241": 0.025, "-120|228": 0.025, "222|138": 0.025, "-208|168": 0.025, "-78|236": 0.025, "230|100": 0.025, "120|240": 0.025, "186|173": 0.025, "74|241": 0.025, "-13|272": 0.025, "-188|183": 0.025, "-16|253": 0.025, "152|210": 0.025, "175|201": 0.025, "202|176": 0.025, "-40|268": 0.025, "-195|162": 0.025, "-178|197": 0.025, "-118|216": 0.025, "-207|157": 0.025, "-134|239": 0.025, "130|227": 0.025, "80|251": 0.025, "148|220": 0.025, "-183|179": 0.025, "112|247": 0.025, "92|263": 0.025, "210|169": 0.025, "-129|232": 0.025, "132|211": 0.025, "175|188": 0.025}, "AT_RIM": {"22|11": 0.024390243902439025, "2|39": 0.024390243902439025, "22|15": 0.024390243902439025, "11|1": 0.024390243902439025, "16|1": 0.024390243902439025, "13|5": 0.024390243902439025, "7|13": 0.024390243902439025, "-4|3": 0.024390243902439025, "1|13": 0.024390243902439025, "5|21": 0.024390243902439025, "-2|4": 0.024390243902439025, "0|0": 0.04878048780487805, "13|30": 0.024390243902439025, "-7|4": 0.024390243902439025, "-7|1": 0.024390243902439025, "6|-6": 0.024390243902439025, "-21|-4": 0.024390243902439025, "-13|5": 0.024390243902439025, "-10|15": 0.024390243902439025, "-26|29": 0.024390243902439025, "-21|1": 0.024390243902439025, "1|12": 0.024390243902439025, "-17|8": 0.024390243902439025, "7|4": 0.024390243902439025, "16|19": 0.024390243902439025, "28|25": 0.024390243902439025, "6|34": 0.024390243902439025, "11|6": 0.024390243902439025, "12|1": 0.024390243902439025, "13|37": 0.024390243902439025, "-17|18": 0.024390243902439025, "18|8": 0.024390243902439025, "-32|9": 0.024390243902439025, "21|10": 0.024390243902439025, "25|6": 0.024390243902439025, "-7|12": 0.024390243902439025, "-21|6": 0.024390243902439025, "29|24": 0.024390243902439025, "12|5": 0.024390243902439025, "18|7": 0.024390243902439025}, "CORNER_3": {"-230|0": 0.07692307692307693, "-237|5": 0.07692307692307693, "229|57": 0.07692307692307693, "230|76": 0.07692307692307693, "237|29": 0.07692307692307693, "-230|5": 0.07692307692307693, "225|40": 0.07692307692307693, "234|8": 0.07692307692307693, "-234|6": 0.07692307692307693, "-235|75": 0.07692307692307693, "234|1": 0.07692307692307693, "234|30": 0.07692307692307693, "237|78": 0.07692307692307693}, "LONG_MID_RANGE": {"-97|159": 0.09090909090909091, "43|194": 0.09090909090909091, "-6|152": 0.09090909090909091, "31|185": 0.09090909090909091, "-64|195": 0.09090909090909091, "-158|128": 0.09090909090909091, "49|197": 0.09090909090909091, "-163|86": 0.09090909090909091, "-130|151": 0.09090909090909091, "18|208": 0.09090909090909091, "9|185": 0.09090909090909091}, "SHORT_MID_RANGE": {"0|62": 0.05555555555555555, "21|105": 0.05555555555555555, "16|83": 0.05555555555555555, "18|43": 0.05555555555555555, "-31|57": 0.05555555555555555, "-42|72": 0.05555555555555555, "-113|-12": 0.05555555555555555, "38|16": 0.05555555555555555, "28|62": 0.05555555555555555, "9|69": 0.05555555555555555, "4|53": 0.05555555555555555, "92|51": 0.05555555555555555, "-2|57": 0.05555555555555555, "-43|20": 0.05555555555555555, "39|36": 0.05555555555555555, "-105|4": 0.05555555555555555, "33|55": 0.05555555555555555, "43|96": 0.05555555555555555}}, "FOUL_AWAY_FROM_PLAY": 0.0, "FOULED_AWAY_FROM_PLAY": 0.0, "FOUL_CLEAR_PATH": 0.0, "FOULED_CLEAR_PATH": 0.0, "FOUL_COUNT_AS_PERSONAL": 0.2366412213740458, "FOULED_COUNT_AS_PERSONAL": 0.20134228187919462, "FOUL_COUNT_TOWARD_PENALTY": 0.2540983606557377, "FOULED_COUNT_TOWARD_PENALTY": 0.19230769230769232, "FOUL_DEFENSIVE_NON_SHOOTING": 0.265625, "FOULED_DEFENSIVE_NON_SHOOTING": 0.18518518518518517, "FOUL_DOUBLE": 0.0, "FOUL_TECHNICAL_DOUBLE": 0.0, "FOUL_FLAGRANT": 0.0, "FOULED_FLAGRANT": 0.0, "FOUL_FLAGRANT_1": 0.0, "FOULED_FLAGRANT_1": 0.0, "FOUL_FLAGRANT_2": 0.0, "FOULED_FLAGRANT_2": 0.0, "FOUL_INBOUND": 0.0, "FOULED_INBOUND": 0.0, "FOUL_LOOSE_BALL": 0.0, "FOULED_LOOSE_BALL": 0.4, "FOUL_OFFENSIVE_CHARGE": 0.0, "FOULED_OFFENSIVE_CHARGE": 0.5714285714285714, "FOUL_OFFENSIVE_OTHER": 0.0, "FOULED_OFFENSIVE_OTHER": 0.0, "FOUL_OFFENSIVE_TOTAL": 0.0, "FOULED_OFFENSIVE_TOTAL": 0.2777777777777778, "FOUL_PERSONAL": 0.2692307692307692, "FOULED_PERSONAL": 0.16279069767441862, "FOUL_PERSONAL_BLOCK": 0.0, "FOULED_PERSONAL_BLOCK": 0.0, "FOUL_PERSONAL_TAKE": 1.0, "FOULED_PERSONAL_TAKE": 0.25, "FOUL_SHOOTING": 0.2413793103448276, "FOULED_SHOOTING": 0.19736842105263158, "FOUL_SHOOTING_BLOCK": 0.0, "FOULED_SHOOTING_BLOCK": 0.0, "FOUL_TECHNICAL": 0.25, "FT": 0.696969696969697, "REBOUND_DEFENSIVE": 0.16393442622950818, "REBOUND_OFFENSIVE": 0.031161473087818695, "STEAL": 0.09836065573770492, "SHOT_TYPE_ARC_3_OFFENSIVE": 0.3273615635179153, "SHOT_TYPE_ARC_3_DEFENSIVE": 0.3089430894308943, "SHOT_TYPE_AT_RIM_OFFENSIVE": 0.3273615635179153, "SHOT_TYPE_AT_RIM_DEFENSIVE": 0.2780487804878049, "SHOT_TYPE_CORNER_3_OFFENSIVE": 0.10749185667752444, "SHOT_TYPE_CORNER_3_DEFENSIVE": 0.08943089430894309, "SHOT_TYPE_LONG_MID_RANGE_OFFENSIVE": 0.0781758957654723, "SHOT_TYPE_LONG_MID_RANGE_DEFENSIVE": 0.0975609756097561, "SHOT_TYPE_SHORT_MID_RANGE_OFFENSIVE": 0.15960912052117263, "SHOT_TYPE_SHORT_MID_RANGE_DEFENSIVE": 0.22601626016260162, "TURNOVER": 0.19166666666666668, "VIOLATION_DEFENSIVE_GOALTENDING": 0.0, "VIOLATION_DEFENSIVE_KICK_BALL": 0.0}