{"ASSIST": 0.2013888888888889, "BLOCK": 0.18181818181818182, "FG_ARC_3_ATTEMPT": 0.1568627450980392, "FG_ARC_3_BLOCK": 0.004901960784313725, "FG_ARC_3_MADE": 0.3125, "FG_ARC_3_MADE_FOUL": 0.0, "FG_AT_RIM_ATTEMPT": 0.16666666666666666, "FG_AT_RIM_BLOCK": 0.011904761904761904, "FG_AT_RIM_MADE": 0.8214285714285714, "FG_AT_RIM_MADE_FOUL": 0.0, "FG_CORNER_3_ATTEMPT": 0.2542372881355932, "FG_CORNER_3_BLOCK": 0.0, "FG_CORNER_3_MADE": 0.26666666666666666, "FG_CORNER_3_MADE_FOUL": 0.0, "FG_LONG_MID_RANGE_ATTEMPT": 0.29310344827586204, "FG_LONG_MID_RANGE_BLOCK": 0.0, "FG_LONG_MID_RANGE_MADE": 0.29411764705882354, "FG_LONG_MID_RANGE_MADE_FOUL": 0.0, "FG_SHORT_MID_RANGE_ATTEMPT": 0.13675213675213677, "FG_SHORT_MID_RANGE_BLOCK": 0.017094017094017096, "FG_SHORT_MID_RANGE_MADE": 0.1875, "FG_SHORT_MID_RANGE_MADE_FOUL": 0.008547008547008548, "FG_XY": {"ARC_3": {"-211|138": 0.03125, "-145|221": 0.03125, "-141|220": 0.03125, "-75|249": 0.03125, "-55|259": 0.03125, "110|253": 0.03125, "132|243": 0.03125, "91|239": 0.03125, "65|263": 0.03125, "-237|92": 0.03125, "-145|212": 0.03125, "7|247": 0.03125, "141|221": 0.03125, "96|235": 0.03125, "-64|257": 0.03125, "142|216": 0.03125, "143|214": 0.03125, "184|165": 0.03125, "-197|152": 0.03125, "-205|151": 0.03125, "201|156": 0.03125, "-6|264": 0.03125, "-103|244": 0.03125, "147|221": 0.03125, "-59|246": 0.03125, "61|260": 0.03125, "224|114": 0.03125, "148|213": 0.03125, "-199|156": 0.03125, "120|230": 0.03125, "169|211": 0.03125, "201|160": 0.03125}, "AT_RIM": {"-17|-2": 0.03571428571428571, "27|19": 0.03571428571428571, "-12|21": 0.03571428571428571, "-25|-1": 0.03571428571428571, "18|13": 0.03571428571428571, "-28|2": 0.03571428571428571, "2|8": 0.03571428571428571, "-4|14": 0.03571428571428571, "-2|7": 0.03571428571428571, "-1|4": 0.03571428571428571, "-11|8": 0.03571428571428571, "-18|18": 0.03571428571428571, "0|0": 0.14285714285714285, "-11|4": 0.03571428571428571, "-25|27": 0.03571428571428571, "-6|6": 0.03571428571428571, "-25|6": 0.03571428571428571, "-5|-5": 0.03571428571428571, "0|8": 0.03571428571428571, "-22|22": 0.03571428571428571, "-18|14": 0.03571428571428571, "-15|36": 0.03571428571428571, "0|4": 0.03571428571428571, "-2|6": 0.03571428571428571, "-13|9": 0.03571428571428571}, "CORNER_3": {"-233|0": 0.13333333333333333, "-229|20": 0.06666666666666667, "224|72": 0.06666666666666667, "-233|15": 0.06666666666666667, "229|46": 0.06666666666666667, "232|26": 0.06666666666666667, "234|36": 0.06666666666666667, "-233|26": 0.06666666666666667, "238|35": 0.06666666666666667, "-224|3": 0.06666666666666667, "227|30": 0.06666666666666667, "-241|2": 0.06666666666666667, "-229|39": 0.06666666666666667, "229|20": 0.06666666666666667}, "LONG_MID_RANGE": {"115|117": 0.058823529411764705, "-92|111": 0.058823529411764705, "88|186": 0.058823529411764705, "31|159": 0.058823529411764705, "39|185": 0.058823529411764705, "-2|206": 0.058823529411764705, "-161|50": 0.058823529411764705, "1|169": 0.058823529411764705, "-60|158": 0.058823529411764705, "4|207": 0.058823529411764705, "80|180": 0.058823529411764705, "12|194": 0.058823529411764705, "-69|163": 0.058823529411764705, "9|152": 0.058823529411764705, "-112|114": 0.058823529411764705, "157|77": 0.058823529411764705, "-196|59": 0.058823529411764705}, "SHORT_MID_RANGE": {"59|121": 0.0625, "-33|29": 0.0625, "45|38": 0.0625, "32|38": 0.0625, "-58|123": 0.0625, "39|17": 0.0625, "1|71": 0.0625, "17|68": 0.0625, "38|86": 0.0625, "-34|29": 0.0625, "-75|107": 0.0625, "47|119": 0.0625, "37|71": 0.0625, "43|25": 0.0625, "53|67": 0.0625, "50|73": 0.0625}}, "FOUL_AWAY_FROM_PLAY": 0.0, "FOULED_AWAY_FROM_PLAY": 0.0, "FOUL_CLEAR_PATH": 0.0, "FOULED_CLEAR_PATH": 0.0, "FOUL_COUNT_AS_PERSONAL": 0.19760479041916168, "FOULED_COUNT_AS_PERSONAL": 0.13138686131386862, "FOUL_COUNT_TOWARD_PENALTY": 0.2191780821917808, "FOULED_COUNT_TOWARD_PENALTY": 0.10833333333333334, "FOUL_DEFENSIVE_NON_SHOOTING": 0.20481927710843373, "FOULED_DEFENSIVE_NON_SHOOTING": 0.10526315789473684, "FOUL_DOUBLE": 1.0, "FOUL_TECHNICAL_DOUBLE": 0.0, "FOUL_FLAGRANT": 0.0, "FOULED_FLAGRANT": 0.0, "FOUL_FLAGRANT_1": 0.0, "FOULED_FLAGRANT_1": 0.0, "FOUL_FLAGRANT_2": 0.0, "FOULED_FLAGRANT_2": 0.0, "FOUL_INBOUND": 0.0, "FOULED_INBOUND": 0.0, "FOUL_LOOSE_BALL": 0.0, "FOULED_LOOSE_BALL": 0.0, "FOUL_OFFENSIVE_CHARGE": 0.0, "FOULED_OFFENSIVE_CHARGE": 0.3333333333333333, "FOUL_OFFENSIVE_OTHER": 0.0, "FOULED_OFFENSIVE_OTHER": 0.0, "FOUL_OFFENSIVE_TOTAL": 0.0, "FOULED_OFFENSIVE_TOTAL": 0.29411764705882354, "FOUL_PERSONAL": 0.16363636363636364, "FOULED_PERSONAL": 0.1282051282051282, "FOUL_PERSONAL_BLOCK": 0.0, "FOULED_PERSONAL_BLOCK": 0.0, "FOUL_PERSONAL_TAKE": 0.2777777777777778, "FOULED_PERSONAL_TAKE": 0.08333333333333333, "FOUL_SHOOTING": 0.25, "FOULED_SHOOTING": 0.1111111111111111, "FOUL_SHOOTING_BLOCK": 0.0, "FOULED_SHOOTING_BLOCK": 0.0, "FOUL_TECHNICAL": 0.0, "FT": 0.7692307692307693, "REBOUND_DEFENSIVE": 0.14893617021276595, "REBOUND_OFFENSIVE": 0.039660056657223795, "STEAL": 0.18333333333333332, "SHOT_TYPE_ARC_3_OFFENSIVE": 0.33663366336633666, "SHOT_TYPE_ARC_3_DEFENSIVE": 0.27704918032786885, "SHOT_TYPE_AT_RIM_OFFENSIVE": 0.27722772277227725, "SHOT_TYPE_AT_RIM_DEFENSIVE": 0.25573770491803277, "SHOT_TYPE_CORNER_3_OFFENSIVE": 0.09735973597359736, "SHOT_TYPE_CORNER_3_DEFENSIVE": 0.12622950819672132, "SHOT_TYPE_LONG_MID_RANGE_OFFENSIVE": 0.09570957095709572, "SHOT_TYPE_LONG_MID_RANGE_DEFENSIVE": 0.10983606557377049, "SHOT_TYPE_SHORT_MID_RANGE_OFFENSIVE": 0.19306930693069307, "SHOT_TYPE_SHORT_MID_RANGE_DEFENSIVE": 0.23114754098360657, "TURNOVER": 0.12380952380952381, "VIOLATION_DEFENSIVE_GOALTENDING": 0.0, "VIOLATION_DEFENSIVE_KICK_BALL": 0.0}