{"ASSIST": 0.08208955223880597, "BLOCK": 0.21621621621621623, "FG_ARC_3_ATTEMPT": 0.140625, "FG_ARC_3_BLOCK": 0.0, "FG_ARC_3_MADE": 0.14814814814814814, "FG_ARC_3_MADE_FOUL": 0.0, "FG_AT_RIM_ATTEMPT": 0.08928571428571429, "FG_AT_RIM_BLOCK": 0.004464285714285714, "FG_AT_RIM_MADE": 0.55, "FG_AT_RIM_MADE_FOUL": 0.0, "FG_CORNER_3_ATTEMPT": 0.17543859649122806, "FG_CORNER_3_BLOCK": 0.0, "FG_CORNER_3_MADE": 0.1, "FG_CORNER_3_MADE_FOUL": 0.0, "FG_LONG_MID_RANGE_ATTEMPT": 0.15555555555555556, "FG_LONG_MID_RANGE_BLOCK": 0.0, "FG_LONG_MID_RANGE_MADE": 0.2857142857142857, "FG_LONG_MID_RANGE_MADE_FOUL": 0.0, "FG_SHORT_MID_RANGE_ATTEMPT": 0.10588235294117647, "FG_SHORT_MID_RANGE_BLOCK": 0.011764705882352941, "FG_SHORT_MID_RANGE_MADE": 0.2222222222222222, "FG_SHORT_MID_RANGE_MADE_FOUL": 0.0, "FG_XY": {"ARC_3": {"-219|121": 0.037037037037037035, "78|251": 0.037037037037037035, "186|198": 0.037037037037037035, "173|218": 0.037037037037037035, "-62|245": 0.037037037037037035, "167|210": 0.037037037037037035, "65|259": 0.037037037037037035, "113|241": 0.037037037037037035, "207|151": 0.037037037037037035, "96|237": 0.037037037037037035, "-104|226": 0.037037037037037035, "113|235": 0.037037037037037035, "-127|230": 0.037037037037037035, "147|220": 0.037037037037037035, "-44|278": 0.037037037037037035, "60|250": 0.037037037037037035, "-141|214": 0.037037037037037035, "141|210": 0.037037037037037035, "179|172": 0.037037037037037035, "-158|212": 0.037037037037037035, "-12|268": 0.037037037037037035, "-96|227": 0.037037037037037035, "55|261": 0.037037037037037035, "-7|241": 0.037037037037037035, "206|136": 0.037037037037037035, "-214|149": 0.037037037037037035, "179|190": 0.037037037037037035}, "AT_RIM": {"-1|4": 0.05, "0|0": 0.15, "-7|22": 0.05, "7|25": 0.05, "-13|2": 0.05, "9|19": 0.05, "-20|9": 0.05, "-1|-1": 0.05, "7|5": 0.05, "-9|15": 0.05, "11|-4": 0.05, "-13|-5": 0.05, "0|17": 0.05, "-9|16": 0.05, "16|7": 0.05, "12|-5": 0.05, "6|3": 0.05, "13|14": 0.05}, "CORNER_3": {"227|30": 0.1, "-234|11": 0.1, "-227|10": 0.1, "-224|13": 0.1, "225|64": 0.1, "227|6": 0.1, "222|29": 0.1, "237|7": 0.1, "227|79": 0.1, "-234|6": 0.1}, "LONG_MID_RANGE": {"28|209": 0.14285714285714285, "82|163": 0.14285714285714285, "-70|128": 0.14285714285714285, "-25|184": 0.14285714285714285, "-62|126": 0.14285714285714285, "-85|141": 0.14285714285714285, "141|0": 0.14285714285714285}, "SHORT_MID_RANGE": {"9|96": 0.1111111111111111, "-44|120": 0.1111111111111111, "138|11": 0.1111111111111111, "37|24": 0.1111111111111111, "29|102": 0.1111111111111111, "-16|74": 0.1111111111111111, "75|17": 0.1111111111111111, "-74|53": 0.1111111111111111, "-39|25": 0.1111111111111111}}, "FOUL_AWAY_FROM_PLAY": 0.0, "FOULED_AWAY_FROM_PLAY": 0.0, "FOUL_CLEAR_PATH": 0.0, "FOULED_CLEAR_PATH": 0.0, "FOUL_COUNT_AS_PERSONAL": 0.2620689655172414, "FOULED_COUNT_AS_PERSONAL": 0.16666666666666666, "FOUL_COUNT_TOWARD_PENALTY": 0.2537313432835821, "FOULED_COUNT_TOWARD_PENALTY": 0.14705882352941177, "FOUL_DEFENSIVE_NON_SHOOTING": 0.1935483870967742, "FOULED_DEFENSIVE_NON_SHOOTING": 0.14492753623188406, "FOUL_DOUBLE": 0.0, "FOUL_TECHNICAL_DOUBLE": 0.0, "FOUL_FLAGRANT": 0.0, "FOULED_FLAGRANT": 0.0, "FOUL_FLAGRANT_1": 0.0, "FOULED_FLAGRANT_1": 0.0, "FOUL_FLAGRANT_2": 0.0, "FOULED_FLAGRANT_2": 0.0, "FOUL_INBOUND": 0.0, "FOULED_INBOUND": 0.0, "FOUL_LOOSE_BALL": 0.0, "FOULED_LOOSE_BALL": 0.25, "FOUL_OFFENSIVE_CHARGE": 0.0, "FOULED_OFFENSIVE_CHARGE": 0.0, "FOUL_OFFENSIVE_OTHER": 0.0, "FOULED_OFFENSIVE_OTHER": 0.0, "FOUL_OFFENSIVE_TOTAL": 0.36363636363636365, "FOULED_OFFENSIVE_TOTAL": 0.3, "FOUL_PERSONAL": 0.20512820512820512, "FOULED_PERSONAL": 0.16981132075471697, "FOUL_PERSONAL_BLOCK": 0.0, "FOULED_PERSONAL_BLOCK": 0.0, "FOUL_PERSONAL_TAKE": 0.2, "FOULED_PERSONAL_TAKE": 0.0, "FOUL_SHOOTING": 0.3055555555555556, "FOULED_SHOOTING": 0.14925373134328357, "FOUL_SHOOTING_BLOCK": 0.0, "FOULED_SHOOTING_BLOCK": 0.0, "FOUL_TECHNICAL": 0.0, "FT": 0.75, "REBOUND_DEFENSIVE": 0.140625, "REBOUND_OFFENSIVE": 0.042105263157894736, "STEAL": 0.14583333333333334, "SHOT_TYPE_ARC_3_OFFENSIVE": 0.31840796019900497, "SHOT_TYPE_ARC_3_DEFENSIVE": 0.3493253373313343, "SHOT_TYPE_AT_RIM_OFFENSIVE": 0.3714759535655058, "SHOT_TYPE_AT_RIM_DEFENSIVE": 0.2893553223388306, "SHOT_TYPE_CORNER_3_OFFENSIVE": 0.0945273631840796, "SHOT_TYPE_CORNER_3_DEFENSIVE": 0.10644677661169415, "SHOT_TYPE_LONG_MID_RANGE_OFFENSIVE": 0.07462686567164178, "SHOT_TYPE_LONG_MID_RANGE_DEFENSIVE": 0.09895052473763119, "SHOT_TYPE_SHORT_MID_RANGE_OFFENSIVE": 0.14096185737976782, "SHOT_TYPE_SHORT_MID_RANGE_DEFENSIVE": 0.15592203898050974, "TURNOVER": 0.1310344827586207, "VIOLATION_DEFENSIVE_GOALTENDING": 0.0, "VIOLATION_DEFENSIVE_KICK_BALL": 0.6}