{"ASSIST": 0.11842105263157894, "BLOCK": 0.4117647058823529, "FG_ARC_3_ATTEMPT": 0.061855670103092786, "FG_ARC_3_BLOCK": 0.0, "FG_ARC_3_MADE": 0.5, "FG_ARC_3_MADE_FOUL": 0.0, "FG_AT_RIM_ATTEMPT": 0.21428571428571427, "FG_AT_RIM_BLOCK": 0.015873015873015872, "FG_AT_RIM_MADE": 0.5925925925925926, "FG_AT_RIM_MADE_FOUL": 0.007936507936507936, "FG_CORNER_3_ATTEMPT": 0.19444444444444445, "FG_CORNER_3_BLOCK": 0.0, "FG_CORNER_3_MADE": 0.0, "FG_CORNER_3_MADE_FOUL": 0.0, "FG_LONG_MID_RANGE_ATTEMPT": 0.17391304347826086, "FG_LONG_MID_RANGE_BLOCK": 0.0, "FG_LONG_MID_RANGE_MADE": 0.5, "FG_LONG_MID_RANGE_MADE_FOUL": 0.0, "FG_SHORT_MID_RANGE_ATTEMPT": 0.2545454545454545, "FG_SHORT_MID_RANGE_BLOCK": 0.0, "FG_SHORT_MID_RANGE_MADE": 0.42857142857142855, "FG_SHORT_MID_RANGE_MADE_FOUL": 0.01818181818181818, "FG_XY": {"ARC_3": {"92|222": 0.16666666666666666, "-132|223": 0.16666666666666666, "-119|219": 0.16666666666666666, "-197|185": 0.16666666666666666, "180|214": 0.16666666666666666, "-121|226": 0.16666666666666666}, "AT_RIM": {"-5|20": 0.037037037037037035, "-28|0": 0.037037037037037035, "-1|10": 0.037037037037037035, "2|15": 0.037037037037037035, "-9|4": 0.037037037037037035, "-10|28": 0.037037037037037035, "39|-1": 0.037037037037037035, "0|0": 0.14814814814814814, "6|-6": 0.037037037037037035, "1|10": 0.037037037037037035, "20|12": 0.037037037037037035, "-32|21": 0.037037037037037035, "-23|20": 0.037037037037037035, "7|13": 0.037037037037037035, "16|15": 0.037037037037037035, "25|5": 0.037037037037037035, "33|5": 0.037037037037037035, "-1|39": 0.037037037037037035, "-21|13": 0.037037037037037035, "5|29": 0.037037037037037035, "1|22": 0.037037037037037035, "1|15": 0.037037037037037035, "-9|20": 0.037037037037037035, "-25|19": 0.037037037037037035}, "CORNER_3": {"-238|5": 0.14285714285714285, "-234|-18": 0.14285714285714285, "-237|8": 0.14285714285714285, "-235|8": 0.14285714285714285, "-227|-10": 0.14285714285714285, "-227|6": 0.14285714285714285, "-225|39": 0.14285714285714285}, "LONG_MID_RANGE": {"92|168": 0.25, "54|143": 0.25, "-23|163": 0.25, "55|224": 0.25}, "SHORT_MID_RANGE": {"-109|5": 0.07142857142857142, "-60|6": 0.07142857142857142, "25|116": 0.07142857142857142, "-43|6": 0.07142857142857142, "43|31": 0.07142857142857142, "27|36": 0.07142857142857142, "-10|88": 0.07142857142857142, "-29|37": 0.07142857142857142, "-31|31": 0.07142857142857142, "38|13": 0.07142857142857142, "70|92": 0.07142857142857142, "-47|68": 0.07142857142857142, "11|130": 0.07142857142857142, "91|92": 0.07142857142857142}}, "FOUL_AWAY_FROM_PLAY": 0.0, "FOULED_AWAY_FROM_PLAY": 0.0, "FOUL_CLEAR_PATH": 0.0, "FOULED_CLEAR_PATH": 0.0, "FOUL_COUNT_AS_PERSONAL": 0.2682926829268293, "FOULED_COUNT_AS_PERSONAL": 0.18446601941747573, "FOUL_COUNT_TOWARD_PENALTY": 0.2894736842105263, "FOULED_COUNT_TOWARD_PENALTY": 0.18888888888888888, "FOUL_DEFENSIVE_NON_SHOOTING": 0.1875, "FOULED_DEFENSIVE_NON_SHOOTING": 0.22727272727272727, "FOUL_DOUBLE": 0.0, "FOUL_TECHNICAL_DOUBLE": 0.0, "FOUL_FLAGRANT": 0.0, "FOULED_FLAGRANT": 0.0, "FOUL_FLAGRANT_1": 0.0, "FOULED_FLAGRANT_1": 0.0, "FOUL_FLAGRANT_2": 0.0, "FOULED_FLAGRANT_2": 0.0, "FOUL_INBOUND": 0.0, "FOULED_INBOUND": 0.0, "FOUL_LOOSE_BALL": 0.0, "FOULED_LOOSE_BALL": 0.2857142857142857, "FOUL_OFFENSIVE_CHARGE": 0.0, "FOULED_OFFENSIVE_CHARGE": 0.0, "FOUL_OFFENSIVE_OTHER": 0.0, "FOULED_OFFENSIVE_OTHER": 0.0, "FOUL_OFFENSIVE_TOTAL": 0.0, "FOULED_OFFENSIVE_TOTAL": 0.15384615384615385, "FOUL_PERSONAL": 0.22727272727272727, "FOULED_PERSONAL": 0.2222222222222222, "FOUL_PERSONAL_BLOCK": 0.0, "FOULED_PERSONAL_BLOCK": 0.0, "FOUL_PERSONAL_TAKE": 0.0, "FOULED_PERSONAL_TAKE": 0.0, "FOUL_SHOOTING": 0.36363636363636365, "FOULED_SHOOTING": 0.15555555555555556, "FOUL_SHOOTING_BLOCK": 0.0, "FOULED_SHOOTING_BLOCK": 0.0, "FOUL_TECHNICAL": 0.0, "FT": 0.9166666666666666, "REBOUND_DEFENSIVE": 0.13714285714285715, "REBOUND_OFFENSIVE": 0.07537688442211055, "STEAL": 0.21951219512195122, "SHOT_TYPE_ARC_3_OFFENSIVE": 0.2878338278931751, "SHOT_TYPE_ARC_3_DEFENSIVE": 0.3105590062111801, "SHOT_TYPE_AT_RIM_OFFENSIVE": 0.37388724035608306, "SHOT_TYPE_AT_RIM_DEFENSIVE": 0.2857142857142857, "SHOT_TYPE_CORNER_3_OFFENSIVE": 0.10682492581602374, "SHOT_TYPE_CORNER_3_DEFENSIVE": 0.11180124223602485, "SHOT_TYPE_LONG_MID_RANGE_OFFENSIVE": 0.06824925816023739, "SHOT_TYPE_LONG_MID_RANGE_DEFENSIVE": 0.11180124223602485, "SHOT_TYPE_SHORT_MID_RANGE_OFFENSIVE": 0.1632047477744807, "SHOT_TYPE_SHORT_MID_RANGE_DEFENSIVE": 0.18012422360248448, "TURNOVER": 0.12, "VIOLATION_DEFENSIVE_GOALTENDING": 1.0, "VIOLATION_DEFENSIVE_KICK_BALL": 0.0}