{"ASSIST": 0.17647058823529413, "BLOCK": 0.04, "FG_ARC_3_ATTEMPT": 0.2898550724637681, "FG_ARC_3_BLOCK": 0.0, "FG_ARC_3_MADE": 0.15, "FG_ARC_3_MADE_FOUL": 0.0, "FG_AT_RIM_ATTEMPT": 0.23469387755102042, "FG_AT_RIM_BLOCK": 0.04081632653061224, "FG_AT_RIM_MADE": 0.4782608695652174, "FG_AT_RIM_MADE_FOUL": 0.02040816326530612, "FG_CORNER_3_ATTEMPT": 0.15789473684210525, "FG_CORNER_3_BLOCK": 0.0, "FG_CORNER_3_MADE": 0.0, "FG_CORNER_3_MADE_FOUL": 0.0, "FG_LONG_MID_RANGE_ATTEMPT": 0.3, "FG_LONG_MID_RANGE_BLOCK": 0.0, "FG_LONG_MID_RANGE_MADE": 0.16666666666666666, "FG_LONG_MID_RANGE_MADE_FOUL": 0.0, "FG_SHORT_MID_RANGE_ATTEMPT": 0.3333333333333333, "FG_SHORT_MID_RANGE_BLOCK": 0.022222222222222223, "FG_SHORT_MID_RANGE_MADE": 0.4, "FG_SHORT_MID_RANGE_MADE_FOUL": 0.011111111111111112, "FG_XY": {"ARC_3": {"-37|258": 0.05, "105|243": 0.05, "152|211": 0.05, "119|210": 0.05, "-185|194": 0.05, "-123|237": 0.05, "-126|230": 0.05, "88|259": 0.05, "-18|248": 0.05, "65|251": 0.05, "-119|225": 0.05, "-143|206": 0.05, "13|259": 0.05, "-172|289": 0.05, "113|243": 0.05, "-145|254": 0.05, "-151|212": 0.05, "-134|213": 0.05, "-80|239": 0.05, "83|242": 0.05}, "AT_RIM": {"27|27": 0.043478260869565216, "6|0": 0.043478260869565216, "6|1": 0.043478260869565216, "4|10": 0.043478260869565216, "0|12": 0.043478260869565216, "13|2": 0.043478260869565216, "-10|15": 0.043478260869565216, "-11|9": 0.043478260869565216, "6|8": 0.043478260869565216, "5|10": 0.043478260869565216, "7|13": 0.043478260869565216, "-9|10": 0.043478260869565216, "9|6": 0.043478260869565216, "27|17": 0.043478260869565216, "-12|4": 0.043478260869565216, "-10|36": 0.043478260869565216, "-20|6": 0.043478260869565216, "-2|8": 0.043478260869565216, "-9|0": 0.043478260869565216, "-10|13": 0.043478260869565216, "1|6": 0.043478260869565216, "-5|5": 0.043478260869565216, "-21|2": 0.043478260869565216}, "CORNER_3": {"-232|3": 0.3333333333333333, "237|58": 0.3333333333333333, "-234|12": 0.3333333333333333}, "LONG_MID_RANGE": {"60|133": 0.16666666666666666, "-42|142": 0.16666666666666666, "36|147": 0.16666666666666666, "87|178": 0.16666666666666666, "51|174": 0.16666666666666666, "113|182": 0.16666666666666666}, "SHORT_MID_RANGE": {"61|27": 0.03333333333333333, "54|95": 0.03333333333333333, "-1|78": 0.03333333333333333, "-7|68": 0.03333333333333333, "-28|84": 0.03333333333333333, "120|54": 0.03333333333333333, "-10|41": 0.03333333333333333, "94|95": 0.03333333333333333, "-42|47": 0.03333333333333333, "-25|87": 0.03333333333333333, "99|-1": 0.03333333333333333, "-5|99": 0.03333333333333333, "0|88": 0.03333333333333333, "-1|70": 0.03333333333333333, "-4|100": 0.03333333333333333, "-45|55": 0.03333333333333333, "-36|25": 0.03333333333333333, "-49|121": 0.03333333333333333, "32|132": 0.03333333333333333, "7|116": 0.03333333333333333, "-33|34": 0.03333333333333333, "58|69": 0.03333333333333333, "-47|58": 0.03333333333333333, "-50|78": 0.03333333333333333, "45|80": 0.03333333333333333, "40|25": 0.03333333333333333, "-4|114": 0.03333333333333333, "-34|116": 0.03333333333333333, "-76|27": 0.03333333333333333, "-100|-1": 0.03333333333333333}}, "FOUL_AWAY_FROM_PLAY": 0.0, "FOULED_AWAY_FROM_PLAY": 0.0, "FOUL_CLEAR_PATH": 0.0, "FOULED_CLEAR_PATH": 0.0, "FOUL_COUNT_AS_PERSONAL": 0.375, "FOULED_COUNT_AS_PERSONAL": 0.3939393939393939, "FOUL_COUNT_TOWARD_PENALTY": 0.3673469387755102, "FOULED_COUNT_TOWARD_PENALTY": 0.35, "FOUL_DEFENSIVE_NON_SHOOTING": 0.34615384615384615, "FOULED_DEFENSIVE_NON_SHOOTING": 0.36666666666666664, "FOUL_DOUBLE": 0.0, "FOUL_TECHNICAL_DOUBLE": 2.0, "FOUL_FLAGRANT": 0.0, "FOULED_FLAGRANT": 0.0, "FOUL_FLAGRANT_1": 0.0, "FOULED_FLAGRANT_1": 0.0, "FOUL_FLAGRANT_2": 0.0, "FOULED_FLAGRANT_2": 0.0, "FOUL_INBOUND": 0.0, "FOULED_INBOUND": 0.0, "FOUL_LOOSE_BALL": 0.0, "FOULED_LOOSE_BALL": 0.0, "FOUL_OFFENSIVE_CHARGE": 0.5, "FOULED_OFFENSIVE_CHARGE": 0.0, "FOUL_OFFENSIVE_OTHER": 0.0, "FOULED_OFFENSIVE_OTHER": 0.0, "FOUL_OFFENSIVE_TOTAL": 0.42857142857142855, "FOULED_OFFENSIVE_TOTAL": 0.8333333333333334, "FOUL_PERSONAL": 0.3684210526315789, "FOULED_PERSONAL": 0.4166666666666667, "FOUL_PERSONAL_BLOCK": 0.0, "FOULED_PERSONAL_BLOCK": 0.0, "FOUL_PERSONAL_TAKE": 0.16666666666666666, "FOULED_PERSONAL_TAKE": 0.25, "FOUL_SHOOTING": 0.391304347826087, "FOULED_SHOOTING": 0.3333333333333333, "FOUL_SHOOTING_BLOCK": 0.0, "FOULED_SHOOTING_BLOCK": 0.0, "FOUL_TECHNICAL": 0.16666666666666666, "FT": 0.8695652173913043, "REBOUND_DEFENSIVE": 0.09210526315789473, "REBOUND_OFFENSIVE": 0.030864197530864196, "STEAL": 0.1724137931034483, "SHOT_TYPE_ARC_3_OFFENSIVE": 0.23310810810810811, "SHOT_TYPE_ARC_3_DEFENSIVE": 0.322463768115942, "SHOT_TYPE_AT_RIM_OFFENSIVE": 0.3310810810810811, "SHOT_TYPE_AT_RIM_DEFENSIVE": 0.29347826086956524, "SHOT_TYPE_CORNER_3_OFFENSIVE": 0.06418918918918919, "SHOT_TYPE_CORNER_3_DEFENSIVE": 0.07246376811594203, "SHOT_TYPE_LONG_MID_RANGE_OFFENSIVE": 0.06756756756756757, "SHOT_TYPE_LONG_MID_RANGE_DEFENSIVE": 0.10869565217391304, "SHOT_TYPE_SHORT_MID_RANGE_OFFENSIVE": 0.30405405405405406, "SHOT_TYPE_SHORT_MID_RANGE_DEFENSIVE": 0.2028985507246377, "TURNOVER": 0.3055555555555556, "VIOLATION_DEFENSIVE_GOALTENDING": 0.0, "VIOLATION_DEFENSIVE_KICK_BALL": 0.25}