{"ASSIST": 0.1309192200557103, "BLOCK": 0.39705882352941174, "FG_ARC_3_ATTEMPT": 0.09567901234567901, "FG_ARC_3_BLOCK": 0.0, "FG_ARC_3_MADE": 0.3225806451612903, "FG_ARC_3_MADE_FOUL": 0.0, "FG_AT_RIM_ATTEMPT": 0.1813186813186813, "FG_AT_RIM_BLOCK": 0.024725274725274724, "FG_AT_RIM_MADE": 0.6363636363636364, "FG_AT_RIM_MADE_FOUL": 0.005494505494505495, "FG_CORNER_3_ATTEMPT": 0.16346153846153846, "FG_CORNER_3_BLOCK": 0.0, "FG_CORNER_3_MADE": 0.11764705882352941, "FG_CORNER_3_MADE_FOUL": 0.0, "FG_LONG_MID_RANGE_ATTEMPT": 0.13793103448275862, "FG_LONG_MID_RANGE_BLOCK": 0.006896551724137931, "FG_LONG_MID_RANGE_MADE": 0.35, "FG_LONG_MID_RANGE_MADE_FOUL": 0.0, "FG_SHORT_MID_RANGE_ATTEMPT": 0.138801261829653, "FG_SHORT_MID_RANGE_BLOCK": 0.006309148264984227, "FG_SHORT_MID_RANGE_MADE": 0.3181818181818182, "FG_SHORT_MID_RANGE_MADE_FOUL": 0.0, "FG_XY": {"ARC_3": {"91|232": 0.03225806451612903, "-55|243": 0.03225806451612903, "-174|194": 0.03225806451612903, "10|253": 0.03225806451612903, "131|214": 0.03225806451612903, "159|210": 0.03225806451612903, "-192|173": 0.03225806451612903, "212|152": 0.03225806451612903, "113|260": 0.03225806451612903, "-81|229": 0.03225806451612903, "-36|257": 0.03225806451612903, "-70|247": 0.03225806451612903, "96|244": 0.03225806451612903, "-27|264": 0.03225806451612903, "-189|211": 0.03225806451612903, "-100|242": 0.03225806451612903, "176|188": 0.03225806451612903, "151|204": 0.03225806451612903, "-105|238": 0.03225806451612903, "-83|266": 0.03225806451612903, "-96|224": 0.03225806451612903, "-107|225": 0.03225806451612903, "109|215": 0.03225806451612903, "100|237": 0.03225806451612903, "-112|239": 0.03225806451612903, "10|287": 0.03225806451612903, "180|178": 0.03225806451612903, "-37|242": 0.03225806451612903, "-105|252": 0.03225806451612903, "158|205": 0.03225806451612903, "-56|246": 0.03225806451612903}, "AT_RIM": {"1|-4": 0.015151515151515152, "0|0": 0.18181818181818182, "0|10": 0.015151515151515152, "-2|-4": 0.015151515151515152, "-27|22": 0.015151515151515152, "-2|-1": 0.015151515151515152, "0|5": 0.015151515151515152, "22|13": 0.015151515151515152, "18|5": 0.015151515151515152, "25|20": 0.015151515151515152, "28|-1": 0.015151515151515152, "-7|-1": 0.030303030303030304, "-9|-1": 0.015151515151515152, "-16|25": 0.015151515151515152, "-15|22": 0.015151515151515152, "2|4": 0.015151515151515152, "7|12": 0.015151515151515152, "-1|12": 0.015151515151515152, "7|14": 0.015151515151515152, "4|1": 0.015151515151515152, "22|12": 0.015151515151515152, "4|0": 0.015151515151515152, "-6|6": 0.015151515151515152, "-2|-7": 0.015151515151515152, "-11|-4": 0.015151515151515152, "33|18": 0.015151515151515152, "-1|20": 0.015151515151515152, "-7|29": 0.015151515151515152, "16|22": 0.015151515151515152, "-23|7": 0.015151515151515152, "-21|12": 0.015151515151515152, "-20|32": 0.015151515151515152, "23|9": 0.015151515151515152, "-6|4": 0.015151515151515152, "-4|7": 0.015151515151515152, "-5|18": 0.015151515151515152, "-4|-4": 0.015151515151515152, "17|4": 0.015151515151515152, "6|17": 0.015151515151515152, "13|12": 0.015151515151515152, "-4|38": 0.015151515151515152, "4|15": 0.015151515151515152, "10|1": 0.015151515151515152, "-1|-1": 0.015151515151515152, "33|20": 0.015151515151515152, "5|8": 0.015151515151515152, "-17|4": 0.015151515151515152, "1|15": 0.015151515151515152, "-4|0": 0.015151515151515152, "5|1": 0.015151515151515152, "2|13": 0.015151515151515152, "-9|3": 0.015151515151515152, "0|-6": 0.015151515151515152, "11|22": 0.015151515151515152}, "CORNER_3": {"228|64": 0.058823529411764705, "-234|-1": 0.058823529411764705, "250|27": 0.058823529411764705, "222|9": 0.058823529411764705, "225|74": 0.058823529411764705, "-229|7": 0.058823529411764705, "229|0": 0.058823529411764705, "233|64": 0.058823529411764705, "-235|76": 0.058823529411764705, "227|32": 0.058823529411764705, "-229|-13": 0.058823529411764705, "-243|10": 0.058823529411764705, "230|24": 0.058823529411764705, "238|-4": 0.058823529411764705, "228|39": 0.058823529411764705, "227|-6": 0.058823529411764705, "224|34": 0.058823529411764705}, "LONG_MID_RANGE": {"-145|84": 0.05, "67|143": 0.05, "28|158": 0.05, "116|174": 0.05, "125|67": 0.05, "-91|155": 0.05, "-138|105": 0.05, "115|84": 0.05, "-107|92": 0.05, "96|157": 0.05, "-12|167": 0.05, "42|176": 0.05, "153|47": 0.05, "-138|94": 0.05, "16|152": 0.05, "42|188": 0.05, "-13|152": 0.05, "172|32": 0.05, "116|163": 0.05, "135|115": 0.05}, "SHORT_MID_RANGE": {"4|47": 0.022727272727272728, "-17|71": 0.022727272727272728, "-109|31": 0.022727272727272728, "103|50": 0.022727272727272728, "23|43": 0.022727272727272728, "-61|47": 0.022727272727272728, "123|28": 0.022727272727272728, "27|64": 0.022727272727272728, "-97|55": 0.022727272727272728, "34|31": 0.022727272727272728, "-134|12": 0.022727272727272728, "92|21": 0.022727272727272728, "4|65": 0.022727272727272728, "2|66": 0.022727272727272728, "34|46": 0.022727272727272728, "-48|52": 0.022727272727272728, "11|79": 0.022727272727272728, "56|56": 0.022727272727272728, "6|94": 0.022727272727272728, "-42|15": 0.022727272727272728, "0|118": 0.022727272727272728, "-82|75": 0.022727272727272728, "77|43": 0.022727272727272728, "67|64": 0.022727272727272728, "1|62": 0.022727272727272728, "121|50": 0.022727272727272728, "-38|27": 0.022727272727272728, "72|48": 0.022727272727272728, "-23|57": 0.022727272727272728, "-65|20": 0.022727272727272728, "114|31": 0.022727272727272728, "-47|98": 0.022727272727272728, "23|74": 0.022727272727272728, "-4|78": 0.022727272727272728, "105|28": 0.022727272727272728, "114|35": 0.022727272727272728, "-23|85": 0.022727272727272728, "-55|73": 0.022727272727272728, "-38|127": 0.022727272727272728, "-25|110": 0.022727272727272728, "-36|80": 0.022727272727272728, "-55|55": 0.022727272727272728, "-44|15": 0.022727272727272728, "20|74": 0.022727272727272728}}, "FOUL_AWAY_FROM_PLAY": 1.0, "FOULED_AWAY_FROM_PLAY": 0.0, "FOUL_CLEAR_PATH": 0.0, "FOULED_CLEAR_PATH": 0.0, "FOUL_COUNT_AS_PERSONAL": 0.23790322580645162, "FOULED_COUNT_AS_PERSONAL": 0.2669039145907473, "FOUL_COUNT_TOWARD_PENALTY": 0.23043478260869565, "FOULED_COUNT_TOWARD_PENALTY": 0.2549019607843137, "FOUL_DEFENSIVE_NON_SHOOTING": 0.1746031746031746, "FOULED_DEFENSIVE_NON_SHOOTING": 0.2789115646258503, "FOUL_DOUBLE": 0.0, "FOUL_TECHNICAL_DOUBLE": 0.0, "FOUL_FLAGRANT": 0.0, "FOULED_FLAGRANT": 0.0, "FOUL_FLAGRANT_1": 0.0, "FOULED_FLAGRANT_1": 0.0, "FOUL_FLAGRANT_2": 0.0, "FOULED_FLAGRANT_2": 0.0, "FOUL_INBOUND": 0.0, "FOULED_INBOUND": 0.0, "FOUL_LOOSE_BALL": 0.0, "FOULED_LOOSE_BALL": 0.5294117647058824, "FOUL_OFFENSIVE_CHARGE": 0.0, "FOULED_OFFENSIVE_CHARGE": 0.7777777777777778, "FOUL_OFFENSIVE_OTHER": 0.0, "FOULED_OFFENSIVE_OTHER": 0.0, "FOUL_OFFENSIVE_TOTAL": 0.3333333333333333, "FOULED_OFFENSIVE_TOTAL": 0.38461538461538464, "FOUL_PERSONAL": 0.2, "FOULED_PERSONAL": 0.2702702702702703, "FOUL_PERSONAL_BLOCK": 0.0, "FOULED_PERSONAL_BLOCK": 0.0, "FOUL_PERSONAL_TAKE": 0.09523809523809523, "FOULED_PERSONAL_TAKE": 0.10526315789473684, "FOUL_SHOOTING": 0.2912621359223301, "FOULED_SHOOTING": 0.2222222222222222, "FOUL_SHOOTING_BLOCK": 0.0, "FOULED_SHOOTING_BLOCK": 0.0, "FOUL_TECHNICAL": 0.14285714285714285, "FT": 0.7857142857142857, "REBOUND_DEFENSIVE": 0.1814404432132964, "REBOUND_OFFENSIVE": 0.053973013493253376, "STEAL": 0.18604651162790697, "SHOT_TYPE_ARC_3_OFFENSIVE": 0.2583732057416268, "SHOT_TYPE_ARC_3_DEFENSIVE": 0.31903276131045244, "SHOT_TYPE_AT_RIM_OFFENSIVE": 0.2902711323763955, "SHOT_TYPE_AT_RIM_DEFENSIVE": 0.28471138845553823, "SHOT_TYPE_CORNER_3_OFFENSIVE": 0.08293460925039872, "SHOT_TYPE_CORNER_3_DEFENSIVE": 0.09828393135725429, "SHOT_TYPE_LONG_MID_RANGE_OFFENSIVE": 0.11562998405103668, "SHOT_TYPE_LONG_MID_RANGE_DEFENSIVE": 0.09516380655226209, "SHOT_TYPE_SHORT_MID_RANGE_OFFENSIVE": 0.2527910685805423, "SHOT_TYPE_SHORT_MID_RANGE_DEFENSIVE": 0.20280811232449297, "TURNOVER": 0.13496932515337423, "VIOLATION_DEFENSIVE_GOALTENDING": 1.0, "VIOLATION_DEFENSIVE_KICK_BALL": 0.2}