{"ASSIST": 0.13284132841328414, "BLOCK": 0.5555555555555556, "FG_ARC_3_ATTEMPT": 0.14285714285714285, "FG_ARC_3_BLOCK": 0.0026455026455026454, "FG_ARC_3_MADE": 0.2222222222222222, "FG_ARC_3_MADE_FOUL": 0.0, "FG_AT_RIM_ATTEMPT": 0.16828478964401294, "FG_AT_RIM_BLOCK": 0.02912621359223301, "FG_AT_RIM_MADE": 0.6346153846153846, "FG_AT_RIM_MADE_FOUL": 0.006472491909385114, "FG_CORNER_3_ATTEMPT": 0.1956521739130435, "FG_CORNER_3_BLOCK": 0.0, "FG_CORNER_3_MADE": 0.2777777777777778, "FG_CORNER_3_MADE_FOUL": 0.0, "FG_LONG_MID_RANGE_ATTEMPT": 0.21, "FG_LONG_MID_RANGE_BLOCK": 0.03, "FG_LONG_MID_RANGE_MADE": 0.38095238095238093, "FG_LONG_MID_RANGE_MADE_FOUL": 0.0, "FG_SHORT_MID_RANGE_ATTEMPT": 0.107981220657277, "FG_SHORT_MID_RANGE_BLOCK": 0.004694835680751174, "FG_SHORT_MID_RANGE_MADE": 0.2608695652173913, "FG_SHORT_MID_RANGE_MADE_FOUL": 0.0, "FG_XY": {"ARC_3": {"129|214": 0.018518518518518517, "5|248": 0.018518518518518517, "-96|232": 0.018518518518518517, "-12|258": 0.018518518518518517, "-105|241": 0.018518518518518517, "-203|155": 0.018518518518518517, "110|232": 0.018518518518518517, "-74|239": 0.018518518518518517, "-116|244": 0.018518518518518517, "217|110": 0.018518518518518517, "-114|238": 0.018518518518518517, "157|211": 0.018518518518518517, "76|287": 0.018518518518518517, "-33|264": 0.018518518518518517, "-93|227": 0.018518518518518517, "146|200": 0.018518518518518517, "51|246": 0.018518518518518517, "-167|210": 0.018518518518518517, "145|218": 0.018518518518518517, "80|234": 0.018518518518518517, "-97|248": 0.018518518518518517, "110|248": 0.018518518518518517, "9|257": 0.018518518518518517, "-148|203": 0.018518518518518517, "-98|249": 0.018518518518518517, "176|176": 0.018518518518518517, "-48|247": 0.018518518518518517, "53|251": 0.018518518518518517, "-16|248": 0.018518518518518517, "-153|215": 0.018518518518518517, "-173|201": 0.018518518518518517, "-213|163": 0.018518518518518517, "-29|274": 0.018518518518518517, "-147|217": 0.018518518518518517, "214|126": 0.018518518518518517, "58|254": 0.018518518518518517, "150|194": 0.018518518518518517, "-60|237": 0.018518518518518517, "-22|252": 0.018518518518518517, "-153|199": 0.018518518518518517, "-77|239": 0.018518518518518517, "-105|232": 0.018518518518518517, "162|200": 0.018518518518518517, "-151|216": 0.018518518518518517, "168|194": 0.018518518518518517, "-157|210": 0.018518518518518517, "-54|256": 0.018518518518518517, "201|174": 0.018518518518518517, "141|221": 0.018518518518518517, "-158|217": 0.018518518518518517, "-94|229": 0.018518518518518517, "-154|203": 0.018518518518518517, "13|270": 0.018518518518518517, "-185|196": 0.018518518518518517}, "AT_RIM": {"28|15": 0.019230769230769232, "-9|0": 0.019230769230769232, "-17|-6": 0.019230769230769232, "-6|-1": 0.019230769230769232, "0|0": 0.34615384615384615, "-12|11": 0.019230769230769232, "28|23": 0.019230769230769232, "2|16": 0.019230769230769232, "-2|1": 0.019230769230769232, "1|1": 0.019230769230769232, "-5|-2": 0.019230769230769232, "10|16": 0.038461538461538464, "6|5": 0.019230769230769232, "-5|35": 0.019230769230769232, "12|20": 0.019230769230769232, "6|15": 0.019230769230769232, "4|6": 0.019230769230769232, "26|27": 0.019230769230769232, "12|3": 0.019230769230769232, "15|4": 0.019230769230769232, "-6|5": 0.019230769230769232, "23|26": 0.019230769230769232, "17|31": 0.019230769230769232, "-21|28": 0.019230769230769232, "-2|11": 0.019230769230769232, "-10|-1": 0.019230769230769232, "6|1": 0.019230769230769232, "-5|11": 0.019230769230769232, "-2|14": 0.019230769230769232, "9|13": 0.019230769230769232, "-18|23": 0.019230769230769232, "26|23": 0.019230769230769232, "-26|27": 0.019230769230769232, "12|-2": 0.019230769230769232}, "CORNER_3": {"222|-11": 0.05555555555555555, "230|25": 0.05555555555555555, "-234|13": 0.05555555555555555, "-228|15": 0.05555555555555555, "-224|59": 0.05555555555555555, "228|21": 0.1111111111111111, "-235|6": 0.05555555555555555, "-230|-5": 0.05555555555555555, "-227|22": 0.05555555555555555, "-222|-41": 0.05555555555555555, "234|25": 0.05555555555555555, "-239|5": 0.05555555555555555, "-239|-3": 0.05555555555555555, "232|59": 0.05555555555555555, "-230|46": 0.05555555555555555, "-234|30": 0.05555555555555555, "237|55": 0.05555555555555555}, "LONG_MID_RANGE": {"145|142": 0.047619047619047616, "31|150": 0.047619047619047616, "55|167": 0.047619047619047616, "-18|218": 0.047619047619047616, "194|29": 0.047619047619047616, "162|108": 0.047619047619047616, "1|146": 0.047619047619047616, "152|151": 0.047619047619047616, "-18|148": 0.047619047619047616, "108|167": 0.047619047619047616, "127|78": 0.047619047619047616, "-176|130": 0.047619047619047616, "132|122": 0.047619047619047616, "-16|175": 0.047619047619047616, "-26|148": 0.047619047619047616, "15|199": 0.047619047619047616, "143|24": 0.047619047619047616, "152|117": 0.047619047619047616, "168|21": 0.047619047619047616, "207|55": 0.047619047619047616, "-12|189": 0.047619047619047616}, "SHORT_MID_RANGE": {"112|-5": 0.043478260869565216, "28|64": 0.043478260869565216, "-6|67": 0.043478260869565216, "125|21": 0.043478260869565216, "20|48": 0.043478260869565216, "45|17": 0.043478260869565216, "4|91": 0.043478260869565216, "2|105": 0.043478260869565216, "-38|13": 0.043478260869565216, "20|70": 0.043478260869565216, "-103|9": 0.043478260869565216, "42|58": 0.043478260869565216, "-37|25": 0.043478260869565216, "-44|29": 0.043478260869565216, "48|104": 0.043478260869565216, "-99|19": 0.043478260869565216, "-118|30": 0.043478260869565216, "-38|30": 0.043478260869565216, "81|25": 0.043478260869565216, "77|26": 0.043478260869565216, "29|29": 0.043478260869565216, "1|71": 0.043478260869565216, "39|40": 0.043478260869565216}}, "FOUL_AWAY_FROM_PLAY": 0.0, "FOULED_AWAY_FROM_PLAY": 0.0, "FOUL_CLEAR_PATH": 0.0, "FOULED_CLEAR_PATH": 0.0, "FOUL_COUNT_AS_PERSONAL": 0.21484375, "FOULED_COUNT_AS_PERSONAL": 0.15207373271889402, "FOUL_COUNT_TOWARD_PENALTY": 0.20851063829787234, "FOULED_COUNT_TOWARD_PENALTY": 0.16494845360824742, "FOUL_DEFENSIVE_NON_SHOOTING": 0.1452991452991453, "FOULED_DEFENSIVE_NON_SHOOTING": 0.2, "FOUL_DOUBLE": 0.0, "FOUL_TECHNICAL_DOUBLE": 0.0, "FOUL_FLAGRANT": 0.0, "FOULED_FLAGRANT": 0.0, "FOUL_FLAGRANT_1": 0.0, "FOULED_FLAGRANT_1": 0.0, "FOUL_FLAGRANT_2": 0.0, "FOULED_FLAGRANT_2": 0.0, "FOUL_INBOUND": 0.0, "FOULED_INBOUND": 0.0, "FOUL_LOOSE_BALL": 0.0, "FOULED_LOOSE_BALL": 0.42857142857142855, "FOUL_OFFENSIVE_CHARGE": 0.1111111111111111, "FOULED_OFFENSIVE_CHARGE": 0.0, "FOUL_OFFENSIVE_OTHER": 0.0, "FOULED_OFFENSIVE_OTHER": 0.0, "FOUL_OFFENSIVE_TOTAL": 0.3, "FOULED_OFFENSIVE_TOTAL": 0.043478260869565216, "FOUL_PERSONAL": 0.058823529411764705, "FOULED_PERSONAL": 0.2054794520547945, "FOUL_PERSONAL_BLOCK": 0.0, "FOULED_PERSONAL_BLOCK": 0.0, "FOUL_PERSONAL_TAKE": 0.125, "FOULED_PERSONAL_TAKE": 0.0, "FOUL_SHOOTING": 0.2689075630252101, "FOULED_SHOOTING": 0.125, "FOUL_SHOOTING_BLOCK": 0.0, "FOULED_SHOOTING_BLOCK": 0.0, "FOUL_TECHNICAL": 0.2727272727272727, "FT": 0.7083333333333334, "REBOUND_DEFENSIVE": 0.20278637770897834, "REBOUND_OFFENSIVE": 0.07739938080495357, "STEAL": 0.23684210526315788, "SHOT_TYPE_ARC_3_OFFENSIVE": 0.34615384615384615, "SHOT_TYPE_ARC_3_DEFENSIVE": 0.34048257372654156, "SHOT_TYPE_AT_RIM_OFFENSIVE": 0.28296703296703296, "SHOT_TYPE_AT_RIM_DEFENSIVE": 0.2484361036639857, "SHOT_TYPE_CORNER_3_OFFENSIVE": 0.08424908424908426, "SHOT_TYPE_CORNER_3_DEFENSIVE": 0.09651474530831099, "SHOT_TYPE_LONG_MID_RANGE_OFFENSIVE": 0.09157509157509157, "SHOT_TYPE_LONG_MID_RANGE_DEFENSIVE": 0.13047363717605004, "SHOT_TYPE_SHORT_MID_RANGE_OFFENSIVE": 0.19505494505494506, "SHOT_TYPE_SHORT_MID_RANGE_DEFENSIVE": 0.1840929401251117, "TURNOVER": 0.14563106796116504, "VIOLATION_DEFENSIVE_GOALTENDING": 3.0, "VIOLATION_DEFENSIVE_KICK_BALL": 0.3333333333333333}