{"ASSIST": 0.06395348837209303, "BLOCK": 0.10869565217391304, "FG_ARC_3_ATTEMPT": 0.22746781115879827, "FG_ARC_3_BLOCK": 0.008583690987124463, "FG_ARC_3_MADE": 0.1320754716981132, "FG_ARC_3_MADE_FOUL": 0.0, "FG_AT_RIM_ATTEMPT": 0.0779816513761468, "FG_AT_RIM_BLOCK": 0.009174311926605505, "FG_AT_RIM_MADE": 0.5882352941176471, "FG_AT_RIM_MADE_FOUL": 0.0045871559633027525, "FG_CORNER_3_ATTEMPT": 0.34177215189873417, "FG_CORNER_3_BLOCK": 0.0, "FG_CORNER_3_MADE": 0.14814814814814814, "FG_CORNER_3_MADE_FOUL": 0.0, "FG_LONG_MID_RANGE_ATTEMPT": 0.12962962962962962, "FG_LONG_MID_RANGE_BLOCK": 0.0, "FG_LONG_MID_RANGE_MADE": 0.2857142857142857, "FG_LONG_MID_RANGE_MADE_FOUL": 0.0, "FG_SHORT_MID_RANGE_ATTEMPT": 0.1171875, "FG_SHORT_MID_RANGE_BLOCK": 0.0234375, "FG_SHORT_MID_RANGE_MADE": 0.26666666666666666, "FG_SHORT_MID_RANGE_MADE_FOUL": 0.0, "FG_XY": {"ARC_3": {"194|171": 0.018867924528301886, "-49|250": 0.018867924528301886, "93|240": 0.018867924528301886, "-146|208": 0.018867924528301886, "-83|245": 0.018867924528301886, "-20|271": 0.018867924528301886, "-97|243": 0.018867924528301886, "-42|259": 0.018867924528301886, "34|256": 0.018867924528301886, "-162|210": 0.018867924528301886, "109|242": 0.018867924528301886, "66|256": 0.018867924528301886, "-58|260": 0.018867924528301886, "-2|277": 0.018867924528301886, "99|239": 0.018867924528301886, "190|211": 0.018867924528301886, "228|119": 0.018867924528301886, "178|194": 0.018867924528301886, "-162|231": 0.018867924528301886, "-232|112": 0.018867924528301886, "-126|230": 0.018867924528301886, "150|277": 0.018867924528301886, "102|240": 0.018867924528301886, "39|250": 0.018867924528301886, "119|225": 0.018867924528301886, "153|205": 0.018867924528301886, "151|199": 0.018867924528301886, "-137|222": 0.018867924528301886, "1|262": 0.018867924528301886, "87|257": 0.018867924528301886, "121|225": 0.018867924528301886, "48|251": 0.018867924528301886, "-47|293": 0.018867924528301886, "16|262": 0.018867924528301886, "-140|237": 0.018867924528301886, "-161|200": 0.018867924528301886, "-153|220": 0.018867924528301886, "-80|246": 0.018867924528301886, "27|268": 0.018867924528301886, "197|165": 0.018867924528301886, "-124|229": 0.018867924528301886, "87|237": 0.018867924528301886, "157|211": 0.018867924528301886, "44|257": 0.018867924528301886, "-233|114": 0.018867924528301886, "60|274": 0.018867924528301886, "60|259": 0.018867924528301886, "-197|214": 0.018867924528301886, "119|260": 0.018867924528301886, "-151|220": 0.018867924528301886, "93|254": 0.018867924528301886, "11|260": 0.018867924528301886, "34|251": 0.018867924528301886}, "AT_RIM": {"16|9": 0.058823529411764705, "-16|10": 0.058823529411764705, "-17|0": 0.058823529411764705, "12|22": 0.058823529411764705, "21|7": 0.058823529411764705, "5|21": 0.058823529411764705, "-10|27": 0.058823529411764705, "-1|17": 0.058823529411764705, "22|29": 0.058823529411764705, "9|21": 0.058823529411764705, "-13|10": 0.058823529411764705, "-18|5": 0.058823529411764705, "-20|10": 0.058823529411764705, "28|19": 0.058823529411764705, "-28|0": 0.058823529411764705, "-12|17": 0.058823529411764705, "10|15": 0.058823529411764705}, "CORNER_3": {"227|27": 0.037037037037037035, "-234|-6": 0.037037037037037035, "222|4": 0.037037037037037035, "-233|8": 0.037037037037037035, "-229|-27": 0.037037037037037035, "-229|12": 0.037037037037037035, "233|-15": 0.037037037037037035, "-232|1": 0.037037037037037035, "227|34": 0.037037037037037035, "233|14": 0.037037037037037035, "234|8": 0.037037037037037035, "228|20": 0.037037037037037035, "240|16": 0.037037037037037035, "-232|10": 0.037037037037037035, "-233|29": 0.037037037037037035, "-225|-1": 0.037037037037037035, "-233|82": 0.037037037037037035, "-234|11": 0.037037037037037035, "232|20": 0.037037037037037035, "-233|-1": 0.037037037037037035, "-230|10": 0.037037037037037035, "227|21": 0.037037037037037035, "232|74": 0.037037037037037035, "233|34": 0.037037037037037035, "233|-6": 0.037037037037037035, "241|46": 0.037037037037037035, "-233|-7": 0.037037037037037035}, "LONG_MID_RANGE": {"151|5": 0.14285714285714285, "43|151": 0.14285714285714285, "11|216": 0.14285714285714285, "-102|174": 0.14285714285714285, "-88|127": 0.14285714285714285, "-131|59": 0.14285714285714285, "-7|184": 0.14285714285714285}, "SHORT_MID_RANGE": {"40|11": 0.06666666666666667, "-31|27": 0.06666666666666667, "-72|104": 0.06666666666666667, "44|61": 0.06666666666666667, "-10|73": 0.06666666666666667, "-13|127": 0.06666666666666667, "7|43": 0.06666666666666667, "-56|25": 0.06666666666666667, "43|114": 0.06666666666666667, "-28|41": 0.06666666666666667, "43|32": 0.06666666666666667, "2|47": 0.06666666666666667, "-22|110": 0.06666666666666667, "-31|32": 0.06666666666666667, "-21|72": 0.06666666666666667}}, "FOUL_AWAY_FROM_PLAY": 0.0, "FOULED_AWAY_FROM_PLAY": 0.0, "FOUL_CLEAR_PATH": 0.0, "FOULED_CLEAR_PATH": 0.0, "FOUL_COUNT_AS_PERSONAL": 0.1761006289308176, "FOULED_COUNT_AS_PERSONAL": 0.14606741573033707, "FOUL_COUNT_TOWARD_PENALTY": 0.18571428571428572, "FOULED_COUNT_TOWARD_PENALTY": 0.14556962025316456, "FOUL_DEFENSIVE_NON_SHOOTING": 0.18840579710144928, "FOULED_DEFENSIVE_NON_SHOOTING": 0.15151515151515152, "FOUL_DOUBLE": 0.0, "FOUL_TECHNICAL_DOUBLE": 0.0, "FOUL_FLAGRANT": 0.0, "FOULED_FLAGRANT": 0.0, "FOUL_FLAGRANT_1": 0.0, "FOULED_FLAGRANT_1": 0.0, "FOUL_FLAGRANT_2": 0.0, "FOULED_FLAGRANT_2": 0.0, "FOUL_INBOUND": 0.0, "FOULED_INBOUND": 0.0, "FOUL_LOOSE_BALL": 0.0, "FOULED_LOOSE_BALL": 0.0, "FOUL_OFFENSIVE_CHARGE": 0.25, "FOULED_OFFENSIVE_CHARGE": 0.0, "FOUL_OFFENSIVE_OTHER": 0.0, "FOULED_OFFENSIVE_OTHER": 0.0, "FOUL_OFFENSIVE_TOTAL": 0.10526315789473684, "FOULED_OFFENSIVE_TOTAL": 0.15, "FOUL_PERSONAL": 0.1836734693877551, "FOULED_PERSONAL": 0.1568627450980392, "FOUL_PERSONAL_BLOCK": 0.0, "FOULED_PERSONAL_BLOCK": 0.0, "FOUL_PERSONAL_TAKE": 0.5, "FOULED_PERSONAL_TAKE": 0.3333333333333333, "FOUL_SHOOTING": 0.18309859154929578, "FOULED_SHOOTING": 0.14130434782608695, "FOUL_SHOOTING_BLOCK": 0.0, "FOULED_SHOOTING_BLOCK": 0.0, "FOUL_TECHNICAL": 0.0, "FT": 0.8275862068965517, "REBOUND_DEFENSIVE": 0.05089058524173028, "REBOUND_OFFENSIVE": 0.0117096018735363, "STEAL": 0.15151515151515152, "SHOT_TYPE_ARC_3_OFFENSIVE": 0.32724719101123595, "SHOT_TYPE_ARC_3_DEFENSIVE": 0.28991596638655465, "SHOT_TYPE_AT_RIM_OFFENSIVE": 0.3061797752808989, "SHOT_TYPE_AT_RIM_DEFENSIVE": 0.2857142857142857, "SHOT_TYPE_CORNER_3_OFFENSIVE": 0.11095505617977527, "SHOT_TYPE_CORNER_3_DEFENSIVE": 0.0938375350140056, "SHOT_TYPE_LONG_MID_RANGE_OFFENSIVE": 0.07584269662921349, "SHOT_TYPE_LONG_MID_RANGE_DEFENSIVE": 0.12044817927170869, "SHOT_TYPE_SHORT_MID_RANGE_OFFENSIVE": 0.1797752808988764, "SHOT_TYPE_SHORT_MID_RANGE_DEFENSIVE": 0.21008403361344538, "TURNOVER": 0.13333333333333333, "VIOLATION_DEFENSIVE_GOALTENDING": 0.0, "VIOLATION_DEFENSIVE_KICK_BALL": 0.0}