{"ASSIST": 0.07103825136612021, "BLOCK": 0.25806451612903225, "FG_ARC_3_ATTEMPT": 0.2328042328042328, "FG_ARC_3_BLOCK": 0.005291005291005291, "FG_ARC_3_MADE": 0.06818181818181818, "FG_ARC_3_MADE_FOUL": 0.0, "FG_AT_RIM_ATTEMPT": 0.17435897435897435, "FG_AT_RIM_BLOCK": 0.041025641025641026, "FG_AT_RIM_MADE": 0.4411764705882353, "FG_AT_RIM_MADE_FOUL": 0.010256410256410256, "FG_CORNER_3_ATTEMPT": 0.1896551724137931, "FG_CORNER_3_BLOCK": 0.0, "FG_CORNER_3_MADE": 0.09090909090909091, "FG_CORNER_3_MADE_FOUL": 0.0, "FG_LONG_MID_RANGE_ATTEMPT": 0.0784313725490196, "FG_LONG_MID_RANGE_BLOCK": 0.0, "FG_LONG_MID_RANGE_MADE": 0.25, "FG_LONG_MID_RANGE_MADE_FOUL": 0.0, "FG_SHORT_MID_RANGE_ATTEMPT": 0.1323529411764706, "FG_SHORT_MID_RANGE_BLOCK": 0.014705882352941176, "FG_SHORT_MID_RANGE_MADE": 0.3333333333333333, "FG_SHORT_MID_RANGE_MADE_FOUL": 0.0, "FG_XY": {"ARC_3": {"53|265": 0.022727272727272728, "-126|218": 0.022727272727272728, "5|251": 0.022727272727272728, "-119|224": 0.022727272727272728, "-146|203": 0.022727272727272728, "99|244": 0.022727272727272728, "-162|189": 0.022727272727272728, "11|259": 0.022727272727272728, "93|249": 0.022727272727272728, "217|141": 0.022727272727272728, "48|250": 0.022727272727272728, "89|232": 0.022727272727272728, "-112|227": 0.022727272727272728, "185|176": 0.022727272727272728, "86|238": 0.022727272727272728, "-164|263": 0.022727272727272728, "-121|230": 0.022727272727272728, "212|179": 0.022727272727272728, "-178|201": 0.022727272727272728, "219|141": 0.022727272727272728, "61|243": 0.022727272727272728, "-75|245": 0.022727272727272728, "-97|229": 0.022727272727272728, "-121|222": 0.022727272727272728, "53|261": 0.022727272727272728, "207|153": 0.022727272727272728, "-97|239": 0.022727272727272728, "-1|269": 0.022727272727272728, "-76|246": 0.022727272727272728, "-180|176": 0.022727272727272728, "-130|225": 0.022727272727272728, "-39|257": 0.022727272727272728, "-197|200": 0.022727272727272728, "142|213": 0.022727272727272728, "-194|147": 0.022727272727272728, "-64|245": 0.022727272727272728, "10|257": 0.022727272727272728, "-115|220": 0.022727272727272728, "-22|253": 0.022727272727272728, "0|256": 0.022727272727272728, "77|243": 0.022727272727272728, "110|238": 0.022727272727272728, "223|134": 0.022727272727272728, "-148|246": 0.022727272727272728}, "AT_RIM": {"-31|13": 0.029411764705882353, "0|0": 0.17647058823529413, "1|13": 0.029411764705882353, "7|10": 0.029411764705882353, "-21|14": 0.029411764705882353, "7|12": 0.029411764705882353, "-12|3": 0.029411764705882353, "15|7": 0.029411764705882353, "-1|5": 0.029411764705882353, "0|27": 0.029411764705882353, "-9|13": 0.029411764705882353, "-12|25": 0.029411764705882353, "-9|37": 0.029411764705882353, "-25|29": 0.029411764705882353, "4|22": 0.029411764705882353, "-2|17": 0.029411764705882353, "1|16": 0.029411764705882353, "-15|14": 0.029411764705882353, "13|23": 0.029411764705882353, "-27|8": 0.029411764705882353, "33|19": 0.029411764705882353, "11|34": 0.029411764705882353, "-15|22": 0.029411764705882353, "13|21": 0.029411764705882353, "0|11": 0.029411764705882353, "-12|19": 0.029411764705882353, "-4|8": 0.029411764705882353, "-7|10": 0.029411764705882353, "-1|2": 0.029411764705882353}, "CORNER_3": {"-229|17": 0.09090909090909091, "-234|-2": 0.09090909090909091, "234|26": 0.09090909090909091, "-238|30": 0.09090909090909091, "221|36": 0.09090909090909091, "-227|9": 0.09090909090909091, "-227|13": 0.09090909090909091, "235|-19": 0.09090909090909091, "228|62": 0.09090909090909091, "237|30": 0.09090909090909091, "240|71": 0.09090909090909091}, "LONG_MID_RANGE": {"165|93": 0.25, "110|163": 0.25, "33|186": 0.25, "-156|89": 0.25}, "SHORT_MID_RANGE": {"-48|62": 0.05555555555555555, "-6|104": 0.05555555555555555, "-2|69": 0.05555555555555555, "-107|54": 0.05555555555555555, "1|78": 0.05555555555555555, "-39|25": 0.05555555555555555, "49|56": 0.05555555555555555, "76|93": 0.05555555555555555, "-82|15": 0.05555555555555555, "20|46": 0.05555555555555555, "-56|14": 0.05555555555555555, "64|59": 0.05555555555555555, "-39|15": 0.05555555555555555, "98|1": 0.05555555555555555, "105|1": 0.05555555555555555, "99|97": 0.05555555555555555, "-48|23": 0.05555555555555555, "76|57": 0.05555555555555555}}, "FOUL_AWAY_FROM_PLAY": 0.0, "FOULED_AWAY_FROM_PLAY": 0.0, "FOUL_CLEAR_PATH": 0.0, "FOULED_CLEAR_PATH": 0.0, "FOUL_COUNT_AS_PERSONAL": 0.10569105691056911, "FOULED_COUNT_AS_PERSONAL": 0.1958041958041958, "FOUL_COUNT_TOWARD_PENALTY": 0.11304347826086956, "FOULED_COUNT_TOWARD_PENALTY": 0.21428571428571427, "FOUL_DEFENSIVE_NON_SHOOTING": 0.12307692307692308, "FOULED_DEFENSIVE_NON_SHOOTING": 0.25757575757575757, "FOUL_DOUBLE": 0.0, "FOUL_TECHNICAL_DOUBLE": 0.0, "FOUL_FLAGRANT": 0.0, "FOULED_FLAGRANT": 0.0, "FOUL_FLAGRANT_1": 0.0, "FOULED_FLAGRANT_1": 0.0, "FOUL_FLAGRANT_2": 0.0, "FOULED_FLAGRANT_2": 0.0, "FOUL_INBOUND": 0.0, "FOULED_INBOUND": 0.0, "FOUL_LOOSE_BALL": 0.0, "FOULED_LOOSE_BALL": 0.0, "FOUL_OFFENSIVE_CHARGE": 0.0, "FOULED_OFFENSIVE_CHARGE": 0.0, "FOUL_OFFENSIVE_OTHER": 0.0, "FOULED_OFFENSIVE_OTHER": 0.0, "FOUL_OFFENSIVE_TOTAL": 0.0, "FOULED_OFFENSIVE_TOTAL": 0.058823529411764705, "FOUL_PERSONAL": 0.09615384615384616, "FOULED_PERSONAL": 0.28846153846153844, "FOUL_PERSONAL_BLOCK": 0.0, "FOULED_PERSONAL_BLOCK": 0.0, "FOUL_PERSONAL_TAKE": 0.0, "FOULED_PERSONAL_TAKE": 0.25, "FOUL_SHOOTING": 0.1, "FOULED_SHOOTING": 0.16666666666666666, "FOUL_SHOOTING_BLOCK": 0.0, "FOULED_SHOOTING_BLOCK": 0.0, "FOUL_TECHNICAL": 0.0, "FT": 0.896551724137931, "REBOUND_DEFENSIVE": 0.1532033426183844, "REBOUND_OFFENSIVE": 0.04678362573099415, "STEAL": 0.2, "SHOT_TYPE_ARC_3_OFFENSIVE": 0.3004769475357711, "SHOT_TYPE_ARC_3_DEFENSIVE": 0.27617602427921095, "SHOT_TYPE_AT_RIM_OFFENSIVE": 0.31001589825119236, "SHOT_TYPE_AT_RIM_DEFENSIVE": 0.3277693474962064, "SHOT_TYPE_CORNER_3_OFFENSIVE": 0.09220985691573927, "SHOT_TYPE_CORNER_3_DEFENSIVE": 0.10318664643399089, "SHOT_TYPE_LONG_MID_RANGE_OFFENSIVE": 0.08108108108108109, "SHOT_TYPE_LONG_MID_RANGE_DEFENSIVE": 0.10925644916540213, "SHOT_TYPE_SHORT_MID_RANGE_OFFENSIVE": 0.21621621621621623, "SHOT_TYPE_SHORT_MID_RANGE_DEFENSIVE": 0.18361153262518967, "TURNOVER": 0.09523809523809523, "VIOLATION_DEFENSIVE_GOALTENDING": 1.0, "VIOLATION_DEFENSIVE_KICK_BALL": 0.0}