{"ASSIST": 0.10344827586206896, "BLOCK": 0.0, "FG_ARC_3_ATTEMPT": 0.17647058823529413, "FG_ARC_3_BLOCK": 0.0196078431372549, "FG_ARC_3_MADE": 0.2222222222222222, "FG_ARC_3_MADE_FOUL": 0.0, "FG_AT_RIM_ATTEMPT": 0.13333333333333333, "FG_AT_RIM_BLOCK": 0.06666666666666667, "FG_AT_RIM_MADE": 0.25, "FG_AT_RIM_MADE_FOUL": 0.0, "FG_CORNER_3_ATTEMPT": 0.3684210526315789, "FG_CORNER_3_BLOCK": 0.05263157894736842, "FG_CORNER_3_MADE": 0.14285714285714285, "FG_CORNER_3_MADE_FOUL": 0.0, "FG_LONG_MID_RANGE_ATTEMPT": 0.10810810810810811, "FG_LONG_MID_RANGE_BLOCK": 0.0, "FG_LONG_MID_RANGE_MADE": 0.5, "FG_LONG_MID_RANGE_MADE_FOUL": 0.0, "FG_SHORT_MID_RANGE_ATTEMPT": 0.08695652173913043, "FG_SHORT_MID_RANGE_BLOCK": 0.0, "FG_SHORT_MID_RANGE_MADE": 0.25, "FG_SHORT_MID_RANGE_MADE_FOUL": 0.0, "FG_XY": {"ARC_3": {"-170|200": 0.1111111111111111, "-168|199": 0.1111111111111111, "181|174": 0.1111111111111111, "-2|265": 0.1111111111111111, "-172|215": 0.1111111111111111, "-203|170": 0.1111111111111111, "-132|247": 0.1111111111111111, "221|117": 0.1111111111111111, "39|253": 0.1111111111111111}, "AT_RIM": {"25|15": 0.125, "-27|6": 0.125, "9|8": 0.125, "0|0": 0.125, "-17|25": 0.125, "-10|4": 0.125, "-11|29": 0.125, "2|36": 0.125}, "CORNER_3": {"225|5": 0.14285714285714285, "233|17": 0.14285714285714285, "225|3": 0.14285714285714285, "232|-8": 0.14285714285714285, "-225|-9": 0.14285714285714285, "224|34": 0.14285714285714285, "-238|53": 0.14285714285714285}, "LONG_MID_RANGE": {"136|119": 0.25, "2|210": 0.25, "-109|160": 0.25, "-5|185": 0.25}, "SHORT_MID_RANGE": {"-25|106": 0.25, "25|64": 0.25, "97|33": 0.25, "-51|35": 0.25}}, "FOUL_AWAY_FROM_PLAY": 0.0, "FOULED_AWAY_FROM_PLAY": 0.0, "FOUL_CLEAR_PATH": 0.0, "FOULED_CLEAR_PATH": 0.0, "FOUL_COUNT_AS_PERSONAL": 0.18867924528301888, "FOULED_COUNT_AS_PERSONAL": 0.12244897959183673, "FOUL_COUNT_TOWARD_PENALTY": 0.1956521739130435, "FOULED_COUNT_TOWARD_PENALTY": 0.1276595744680851, "FOUL_DEFENSIVE_NON_SHOOTING": 0.2631578947368421, "FOULED_DEFENSIVE_NON_SHOOTING": 0.19047619047619047, "FOUL_DOUBLE": 0.0, "FOUL_TECHNICAL_DOUBLE": 0.0, "FOUL_FLAGRANT": 0.0, "FOULED_FLAGRANT": 0.0, "FOUL_FLAGRANT_1": 0.0, "FOULED_FLAGRANT_1": 0.0, "FOUL_FLAGRANT_2": 0.0, "FOULED_FLAGRANT_2": 0.0, "FOUL_INBOUND": 0.0, "FOULED_INBOUND": 0.0, "FOUL_LOOSE_BALL": 0.0, "FOULED_LOOSE_BALL": 0.0, "FOUL_OFFENSIVE_CHARGE": 0.0, "FOULED_OFFENSIVE_CHARGE": 0.0, "FOUL_OFFENSIVE_OTHER": 0.0, "FOULED_OFFENSIVE_OTHER": 0.0, "FOUL_OFFENSIVE_TOTAL": 0.14285714285714285, "FOULED_OFFENSIVE_TOTAL": 0.0, "FOUL_PERSONAL": 0.23529411764705882, "FOULED_PERSONAL": 0.16666666666666666, "FOUL_PERSONAL_BLOCK": 0.0, "FOULED_PERSONAL_BLOCK": 0.0, "FOUL_PERSONAL_TAKE": 0.0, "FOULED_PERSONAL_TAKE": 0.5, "FOUL_SHOOTING": 0.14814814814814814, "FOULED_SHOOTING": 0.07692307692307693, "FOUL_SHOOTING_BLOCK": 0.0, "FOULED_SHOOTING_BLOCK": 0.0, "FOUL_TECHNICAL": 0.0, "FT": 0.5, "REBOUND_DEFENSIVE": 0.16071428571428573, "REBOUND_OFFENSIVE": 0.024193548387096774, "STEAL": 0.09523809523809523, "SHOT_TYPE_ARC_3_OFFENSIVE": 0.23943661971830985, "SHOT_TYPE_ARC_3_DEFENSIVE": 0.26291079812206575, "SHOT_TYPE_AT_RIM_OFFENSIVE": 0.28169014084507044, "SHOT_TYPE_AT_RIM_DEFENSIVE": 0.37089201877934275, "SHOT_TYPE_CORNER_3_OFFENSIVE": 0.0892018779342723, "SHOT_TYPE_CORNER_3_DEFENSIVE": 0.056338028169014086, "SHOT_TYPE_LONG_MID_RANGE_OFFENSIVE": 0.17370892018779344, "SHOT_TYPE_LONG_MID_RANGE_DEFENSIVE": 0.10328638497652583, "SHOT_TYPE_SHORT_MID_RANGE_OFFENSIVE": 0.215962441314554, "SHOT_TYPE_SHORT_MID_RANGE_DEFENSIVE": 0.20657276995305165, "TURNOVER": 0.09375, "VIOLATION_DEFENSIVE_GOALTENDING": 0.0, "VIOLATION_DEFENSIVE_KICK_BALL": 0.0}