{"ASSIST": 0.18604651162790697, "BLOCK": 0.0, "FG_ARC_3_ATTEMPT": 0.11363636363636363, "FG_ARC_3_BLOCK": 0.0, "FG_ARC_3_MADE": 0.8, "FG_ARC_3_MADE_FOUL": 0.0, "FG_AT_RIM_ATTEMPT": 0.2631578947368421, "FG_AT_RIM_BLOCK": 0.05263157894736842, "FG_AT_RIM_MADE": 0.6, "FG_AT_RIM_MADE_FOUL": 0.0, "FG_CORNER_3_ATTEMPT": 0.0, "FG_CORNER_3_BLOCK": 0.0, "FG_CORNER_3_MADE": 0.0, "FG_CORNER_3_MADE_FOUL": 0.0, "FG_LONG_MID_RANGE_ATTEMPT": 0.037037037037037035, "FG_LONG_MID_RANGE_BLOCK": 0.0, "FG_LONG_MID_RANGE_MADE": 1.0, "FG_LONG_MID_RANGE_MADE_FOUL": 0.0, "FG_SHORT_MID_RANGE_ATTEMPT": 0.15789473684210525, "FG_SHORT_MID_RANGE_BLOCK": 0.0, "FG_SHORT_MID_RANGE_MADE": 0.3333333333333333, "FG_SHORT_MID_RANGE_MADE_FOUL": 0.0, "FG_XY": {"ARC_3": {"-103|253": 0.2, "58|264": 0.2, "208|471": 0.2, "-228|128": 0.2, "153|217": 0.2}, "AT_RIM": {"-17|4": 0.1, "20|11": 0.1, "0|0": 0.1, "-5|2": 0.1, "-9|5": 0.1, "-16|7": 0.1, "13|-1": 0.1, "-1|27": 0.1, "6|17": 0.1, "31|8": 0.1}, "CORNER_3": {}, "LONG_MID_RANGE": {"-4|215": 1.0}, "SHORT_MID_RANGE": {"-40|53": 0.16666666666666666, "-55|25": 0.16666666666666666, "-1|121": 0.16666666666666666, "-11|64": 0.16666666666666666, "17|91": 0.16666666666666666, "40|26": 0.16666666666666666}}, "FOUL_AWAY_FROM_PLAY": 0.0, "FOULED_AWAY_FROM_PLAY": 0.0, "FOUL_CLEAR_PATH": 0.0, "FOULED_CLEAR_PATH": 0.0, "FOUL_COUNT_AS_PERSONAL": 0.2553191489361702, "FOULED_COUNT_AS_PERSONAL": 0.14285714285714285, "FOUL_COUNT_TOWARD_PENALTY": 0.23255813953488372, "FOULED_COUNT_TOWARD_PENALTY": 0.14285714285714285, "FOUL_DEFENSIVE_NON_SHOOTING": 0.1111111111111111, "FOULED_DEFENSIVE_NON_SHOOTING": 0.15384615384615385, "FOUL_DOUBLE": 0.0, "FOUL_TECHNICAL_DOUBLE": 0.0, "FOUL_FLAGRANT": 0.0, "FOULED_FLAGRANT": 0.0, "FOUL_FLAGRANT_1": 0.0, "FOULED_FLAGRANT_1": 0.0, "FOUL_FLAGRANT_2": 0.0, "FOULED_FLAGRANT_2": 0.0, "FOUL_INBOUND": 0.0, "FOULED_INBOUND": 0.0, "FOUL_LOOSE_BALL": 0.0, "FOULED_LOOSE_BALL": 0.5, "FOUL_OFFENSIVE_CHARGE": 1.0, "FOULED_OFFENSIVE_CHARGE": 0.0, "FOUL_OFFENSIVE_OTHER": 0.0, "FOULED_OFFENSIVE_OTHER": 0.0, "FOUL_OFFENSIVE_TOTAL": 0.5, "FOULED_OFFENSIVE_TOTAL": 0.0, "FOUL_PERSONAL": 0.07692307692307693, "FOULED_PERSONAL": 0.09090909090909091, "FOUL_PERSONAL_BLOCK": 0.0, "FOULED_PERSONAL_BLOCK": 0.0, "FOUL_PERSONAL_TAKE": 0.0, "FOULED_PERSONAL_TAKE": 0.0, "FOUL_SHOOTING": 0.32, "FOULED_SHOOTING": 0.13636363636363635, "FOUL_SHOOTING_BLOCK": 0.0, "FOULED_SHOOTING_BLOCK": 0.0, "FOUL_TECHNICAL": 0.0, "FT": 0.6, "REBOUND_DEFENSIVE": 0.21794871794871795, "REBOUND_OFFENSIVE": 0.13402061855670103, "STEAL": 0.1875, "SHOT_TYPE_ARC_3_OFFENSIVE": 0.2682926829268293, "SHOT_TYPE_ARC_3_DEFENSIVE": 0.28402366863905326, "SHOT_TYPE_AT_RIM_OFFENSIVE": 0.23170731707317074, "SHOT_TYPE_AT_RIM_DEFENSIVE": 0.40828402366863903, "SHOT_TYPE_CORNER_3_OFFENSIVE": 0.10365853658536585, "SHOT_TYPE_CORNER_3_DEFENSIVE": 0.07692307692307693, "SHOT_TYPE_LONG_MID_RANGE_OFFENSIVE": 0.16463414634146342, "SHOT_TYPE_LONG_MID_RANGE_DEFENSIVE": 0.11242603550295859, "SHOT_TYPE_SHORT_MID_RANGE_OFFENSIVE": 0.23170731707317074, "SHOT_TYPE_SHORT_MID_RANGE_DEFENSIVE": 0.11834319526627218, "TURNOVER": 0.23076923076923078, "VIOLATION_DEFENSIVE_GOALTENDING": 0.0, "VIOLATION_DEFENSIVE_KICK_BALL": 0.0}