{"ASSIST": 0.2986577181208054, "BLOCK": 0.08, "FG_ARC_3_ATTEMPT": 0.39457831325301207, "FG_ARC_3_BLOCK": 0.0, "FG_ARC_3_MADE": 0.33587786259541985, "FG_ARC_3_MADE_FOUL": 0.0, "FG_AT_RIM_ATTEMPT": 0.15857605177993528, "FG_AT_RIM_BLOCK": 0.009708737864077669, "FG_AT_RIM_MADE": 0.7755102040816326, "FG_AT_RIM_MADE_FOUL": 0.009708737864077669, "FG_CORNER_3_ATTEMPT": 0.21794871794871795, "FG_CORNER_3_BLOCK": 0.0, "FG_CORNER_3_MADE": 0.4117647058823529, "FG_CORNER_3_MADE_FOUL": 0.0, "FG_LONG_MID_RANGE_ATTEMPT": 0.32167832167832167, "FG_LONG_MID_RANGE_BLOCK": 0.0, "FG_LONG_MID_RANGE_MADE": 0.45652173913043476, "FG_LONG_MID_RANGE_MADE_FOUL": 0.0, "FG_SHORT_MID_RANGE_ATTEMPT": 0.18614718614718614, "FG_SHORT_MID_RANGE_BLOCK": 0.008658008658008658, "FG_SHORT_MID_RANGE_MADE": 0.6046511627906976, "FG_SHORT_MID_RANGE_MADE_FOUL": 0.008658008658008658, "FG_XY": {"ARC_3": {"-168|194": 0.007633587786259542, "129|237": 0.007633587786259542, "192|168": 0.007633587786259542, "-175|180": 0.007633587786259542, "-91|226": 0.007633587786259542, "20|246": 0.007633587786259542, "-116|225": 0.007633587786259542, "-120|226": 0.007633587786259542, "-138|203": 0.007633587786259542, "85|273": 0.007633587786259542, "188|203": 0.007633587786259542, "-53|256": 0.007633587786259542, "205|147": 0.007633587786259542, "50|267": 0.007633587786259542, "-123|237": 0.007633587786259542, "-118|239": 0.007633587786259542, "142|230": 0.007633587786259542, "-1|262": 0.007633587786259542, "-132|222": 0.007633587786259542, "-124|257": 0.007633587786259542, "221|125": 0.007633587786259542, "-178|220": 0.007633587786259542, "124|246": 0.007633587786259542, "47|243": 0.015267175572519083, "-200|148": 0.007633587786259542, "-114|262": 0.007633587786259542, "-219|117": 0.007633587786259542, "161|194": 0.007633587786259542, "0|249": 0.007633587786259542, "-20|258": 0.007633587786259542, "-112|244": 0.007633587786259542, "-51|248": 0.007633587786259542, "141|209": 0.007633587786259542, "-5|265": 0.007633587786259542, "-104|239": 0.007633587786259542, "132|240": 0.007633587786259542, "-157|200": 0.007633587786259542, "-184|167": 0.007633587786259542, "-38|252": 0.007633587786259542, "-114|218": 0.007633587786259542, "-80|534": 0.007633587786259542, "-75|246": 0.007633587786259542, "136|210": 0.007633587786259542, "49|251": 0.007633587786259542, "125|221": 0.007633587786259542, "-138|225": 0.007633587786259542, "-91|247": 0.007633587786259542, "123|243": 0.007633587786259542, "-173|237": 0.007633587786259542, "183|173": 0.007633587786259542, "-199|154": 0.007633587786259542, "-186|274": 0.007633587786259542, "-12|256": 0.007633587786259542, "-218|125": 0.007633587786259542, "179|182": 0.007633587786259542, "190|209": 0.007633587786259542, "185|175": 0.007633587786259542, "161|191": 0.007633587786259542, "-167|218": 0.007633587786259542, "150|211": 0.007633587786259542, "-157|222": 0.007633587786259542, "176|220": 0.007633587786259542, "-16|248": 0.007633587786259542, "-138|235": 0.007633587786259542, "72|246": 0.007633587786259542, "-92|248": 0.007633587786259542, "74|240": 0.007633587786259542, "-53|255": 0.007633587786259542, "-145|206": 0.007633587786259542, "-156|194": 0.007633587786259542, "192|192": 0.007633587786259542, "-72|232": 0.007633587786259542, "13|336": 0.007633587786259542, "213|136": 0.007633587786259542, "127|223": 0.007633587786259542, "161|200": 0.007633587786259542, "-7|279": 0.007633587786259542, "-181|186": 0.007633587786259542, "54|284": 0.007633587786259542, "-108|225": 0.007633587786259542, "-225|105": 0.007633587786259542, "23|273": 0.007633587786259542, "191|200": 0.007633587786259542, "109|223": 0.007633587786259542, "-91|257": 0.007633587786259542, "-150|228": 0.007633587786259542, "-158|210": 0.007633587786259542, "-181|176": 0.007633587786259542, "89|245": 0.007633587786259542, "-150|198": 0.007633587786259542, "75|254": 0.007633587786259542, "173|190": 0.007633587786259542, "-179|174": 0.007633587786259542, "93|237": 0.007633587786259542, "-195|153": 0.007633587786259542, "-126|236": 0.007633587786259542, "-132|211": 0.007633587786259542, "-134|237": 0.007633587786259542, "210|151": 0.007633587786259542, "-151|219": 0.007633587786259542, "237|103": 0.007633587786259542, "228|89": 0.007633587786259542, "1|266": 0.007633587786259542, "-115|235": 0.007633587786259542, "-145|218": 0.007633587786259542, "233|114": 0.007633587786259542, "-25|280": 0.007633587786259542, "214|152": 0.007633587786259542, "211|151": 0.007633587786259542, "-161|225": 0.007633587786259542, "-212|184": 0.007633587786259542, "-125|285": 0.007633587786259542, "-134|224": 0.007633587786259542, "-230|90": 0.007633587786259542, "15|256": 0.007633587786259542, "-22|288": 0.007633587786259542, "-184|214": 0.007633587786259542, "127|226": 0.007633587786259542, "-186|179": 0.007633587786259542, "-109|242": 0.007633587786259542, "-31|280": 0.007633587786259542, "-16|257": 0.007633587786259542, "148|200": 0.007633587786259542, "-114|231": 0.007633587786259542, "66|260": 0.007633587786259542, "145|211": 0.007633587786259542, "134|248": 0.007633587786259542, "-195|163": 0.007633587786259542, "146|205": 0.007633587786259542, "214|119": 0.007633587786259542}, "AT_RIM": {"-20|8": 0.02040816326530612, "-4|1": 0.02040816326530612, "-1|-10": 0.02040816326530612, "0|0": 0.04081632653061224, "11|5": 0.02040816326530612, "25|6": 0.02040816326530612, "5|-4": 0.02040816326530612, "-2|19": 0.02040816326530612, "2|10": 0.02040816326530612, "-9|12": 0.02040816326530612, "23|10": 0.02040816326530612, "-12|28": 0.02040816326530612, "15|-1": 0.02040816326530612, "-5|4": 0.02040816326530612, "0|4": 0.02040816326530612, "-29|16": 0.02040816326530612, "-6|6": 0.02040816326530612, "-17|1": 0.02040816326530612, "9|5": 0.02040816326530612, "-23|8": 0.02040816326530612, "20|4": 0.02040816326530612, "-12|0": 0.02040816326530612, "-9|1": 0.02040816326530612, "28|-5": 0.02040816326530612, "-16|-1": 0.02040816326530612, "9|22": 0.02040816326530612, "-33|11": 0.02040816326530612, "-21|4": 0.02040816326530612, "0|1": 0.02040816326530612, "1|9": 0.02040816326530612, "-13|8": 0.02040816326530612, "-15|1": 0.04081632653061224, "-4|25": 0.02040816326530612, "-18|5": 0.02040816326530612, "-4|-6": 0.02040816326530612, "16|20": 0.02040816326530612, "-26|6": 0.02040816326530612, "-20|16": 0.02040816326530612, "5|6": 0.02040816326530612, "12|9": 0.02040816326530612, "16|1": 0.02040816326530612, "-18|16": 0.02040816326530612, "21|12": 0.02040816326530612, "1|22": 0.02040816326530612, "-27|-1": 0.02040816326530612, "4|11": 0.02040816326530612, "25|17": 0.02040816326530612}, "CORNER_3": {"225|-17": 0.058823529411764705, "223|22": 0.058823529411764705, "237|-21": 0.058823529411764705, "227|69": 0.058823529411764705, "-228|21": 0.058823529411764705, "225|48": 0.058823529411764705, "228|4": 0.058823529411764705, "-232|-2": 0.058823529411764705, "-235|21": 0.058823529411764705, "-238|11": 0.058823529411764705, "-224|13": 0.058823529411764705, "-228|-4": 0.058823529411764705, "-229|26": 0.058823529411764705, "227|7": 0.058823529411764705, "-232|40": 0.058823529411764705, "234|31": 0.058823529411764705, "-239|62": 0.058823529411764705}, "LONG_MID_RANGE": {"-47|148": 0.021739130434782608, "78|158": 0.021739130434782608, "-96|141": 0.021739130434782608, "-121|100": 0.021739130434782608, "12|194": 0.021739130434782608, "140|47": 0.021739130434782608, "147|69": 0.021739130434782608, "-76|220": 0.021739130434782608, "-15|169": 0.021739130434782608, "-158|98": 0.021739130434782608, "-5|216": 0.021739130434782608, "-20|152": 0.021739130434782608, "-56|165": 0.021739130434782608, "-124|163": 0.021739130434782608, "-10|186": 0.021739130434782608, "145|-12": 0.021739130434782608, "-173|4": 0.021739130434782608, "132|56": 0.021739130434782608, "-72|157": 0.021739130434782608, "70|168": 0.021739130434782608, "61|183": 0.021739130434782608, "113|147": 0.021739130434782608, "2|239": 0.021739130434782608, "-37|180": 0.021739130434782608, "138|106": 0.021739130434782608,