{"ASSIST": 0.2236024844720497, "BLOCK": 0.16279069767441862, "FG_ARC_3_ATTEMPT": 0.1524390243902439, "FG_ARC_3_BLOCK": 0.0, "FG_ARC_3_MADE": 0.24, "FG_ARC_3_MADE_FOUL": 0.0, "FG_AT_RIM_ATTEMPT": 0.2057142857142857, "FG_AT_RIM_BLOCK": 0.022857142857142857, "FG_AT_RIM_MADE": 0.6944444444444444, "FG_AT_RIM_MADE_FOUL": 0.011428571428571429, "FG_CORNER_3_ATTEMPT": 0.1875, "FG_CORNER_3_BLOCK": 0.0, "FG_CORNER_3_MADE": 0.6666666666666666, "FG_CORNER_3_MADE_FOUL": 0.0, "FG_LONG_MID_RANGE_ATTEMPT": 0.16326530612244897, "FG_LONG_MID_RANGE_BLOCK": 0.0, "FG_LONG_MID_RANGE_MADE": 0.5, "FG_LONG_MID_RANGE_MADE_FOUL": 0.0, "FG_SHORT_MID_RANGE_ATTEMPT": 0.2222222222222222, "FG_SHORT_MID_RANGE_BLOCK": 0.006172839506172839, "FG_SHORT_MID_RANGE_MADE": 0.3888888888888889, "FG_SHORT_MID_RANGE_MADE_FOUL": 0.0, "FG_XY": {"ARC_3": {"-169|180": 0.04, "173|228": 0.04, "85|273": 0.04, "183|194": 0.04, "-201|130": 0.04, "-75|251": 0.04, "216|117": 0.04, "-7|257": 0.04, "-180|189": 0.04, "-179|216": 0.04, "180|223": 0.04, "-153|208": 0.04, "-180|183": 0.04, "-83|235": 0.04, "98|247": 0.04, "195|166": 0.04, "152|201": 0.04, "-192|188": 0.04, "22|269": 0.04, "-162|201": 0.04, "-217|140": 0.04, "137|245": 0.04, "-185|205": 0.04, "-201|161": 0.04, "218|109": 0.04}, "AT_RIM": {"-25|11": 0.027777777777777776, "-31|15": 0.027777777777777776, "-20|22": 0.027777777777777776, "28|23": 0.027777777777777776, "-25|27": 0.027777777777777776, "20|-2": 0.027777777777777776, "-4|15": 0.027777777777777776, "-2|2": 0.027777777777777776, "-6|17": 0.027777777777777776, "2|25": 0.027777777777777776, "15|34": 0.027777777777777776, "-20|18": 0.027777777777777776, "-5|8": 0.05555555555555555, "-5|9": 0.027777777777777776, "2|6": 0.027777777777777776, "13|11": 0.027777777777777776, "28|6": 0.027777777777777776, "-22|14": 0.027777777777777776, "12|30": 0.027777777777777776, "15|20": 0.027777777777777776, "-32|20": 0.027777777777777776, "-20|6": 0.027777777777777776, "-2|20": 0.027777777777777776, "26|12": 0.027777777777777776, "-16|4": 0.027777777777777776, "6|10": 0.027777777777777776, "10|6": 0.027777777777777776, "33|15": 0.027777777777777776, "16|11": 0.027777777777777776, "-18|8": 0.027777777777777776, "-21|15": 0.027777777777777776, "13|13": 0.027777777777777776, "5|2": 0.027777777777777776, "34|16": 0.027777777777777776, "-2|5": 0.027777777777777776}, "CORNER_3": {"234|10": 0.1111111111111111, "-233|-10": 0.1111111111111111, "223|17": 0.1111111111111111, "-235|16": 0.1111111111111111, "235|36": 0.1111111111111111, "-235|25": 0.1111111111111111, "-229|17": 0.1111111111111111, "233|10": 0.1111111111111111, "228|4": 0.1111111111111111}, "LONG_MID_RANGE": {"44|156": 0.125, "29|189": 0.125, "96|123": 0.125, "-44|157": 0.125, "-102|125": 0.125, "-71|147": 0.125, "69|143": 0.125, "143|129": 0.125}, "SHORT_MID_RANGE": {"43|69": 0.027777777777777776, "58|88": 0.027777777777777776, "-62|2": 0.027777777777777776, "-15|138": 0.027777777777777776, "56|69": 0.027777777777777776, "-42|11": 0.027777777777777776, "-13|43": 0.027777777777777776, "-31|131": 0.027777777777777776, "36|38": 0.027777777777777776, "15|107": 0.027777777777777776, "49|29": 0.027777777777777776, "-7|40": 0.027777777777777776, "38|46": 0.027777777777777776, "-116|37": 0.027777777777777776, "94|15": 0.027777777777777776, "0|59": 0.027777777777777776, "-62|36": 0.027777777777777776, "-38|12": 0.027777777777777776, "100|92": 0.027777777777777776, "-102|11": 0.027777777777777776, "20|80": 0.027777777777777776, "-87|36": 0.027777777777777776, "11|45": 0.027777777777777776, "113|56": 0.027777777777777776, "-105|20": 0.027777777777777776, "-39|43": 0.027777777777777776, "-34|30": 0.027777777777777776, "44|113": 0.027777777777777776, "-62|12": 0.027777777777777776, "-39|30": 0.027777777777777776, "47|111": 0.027777777777777776, "-43|81": 0.027777777777777776, "16|66": 0.027777777777777776, "-39|8": 0.027777777777777776, "116|26": 0.027777777777777776, "-77|29": 0.027777777777777776}}, "FOUL_AWAY_FROM_PLAY": 1.0, "FOULED_AWAY_FROM_PLAY": 1.0, "FOUL_CLEAR_PATH": 0.0, "FOULED_CLEAR_PATH": 0.0, "FOUL_COUNT_AS_PERSONAL": 0.24812030075187969, "FOULED_COUNT_AS_PERSONAL": 0.11764705882352941, "FOUL_COUNT_TOWARD_PENALTY": 0.25203252032520324, "FOULED_COUNT_TOWARD_PENALTY": 0.09929078014184398, "FOUL_DEFENSIVE_NON_SHOOTING": 0.22641509433962265, "FOULED_DEFENSIVE_NON_SHOOTING": 0.12, "FOUL_DOUBLE": 0.0, "FOUL_TECHNICAL_DOUBLE": 0.0, "FOUL_FLAGRANT": 0.0, "FOULED_FLAGRANT": 0.0, "FOUL_FLAGRANT_1": 0.0, "FOULED_FLAGRANT_1": 0.0, "FOUL_FLAGRANT_2": 0.0, "FOULED_FLAGRANT_2": 0.0, "FOUL_INBOUND": 0.0, "FOULED_INBOUND": 0.0, "FOUL_LOOSE_BALL": 0.0, "FOULED_LOOSE_BALL": 0.1111111111111111, "FOUL_OFFENSIVE_CHARGE": 0.2, "FOULED_OFFENSIVE_CHARGE": 0.0, "FOUL_OFFENSIVE_OTHER": 0.0, "FOULED_OFFENSIVE_OTHER": 0.0, "FOUL_OFFENSIVE_TOTAL": 0.2, "FOULED_OFFENSIVE_TOTAL": 0.3333333333333333, "FOUL_PERSONAL": 0.14634146341463414, "FOULED_PERSONAL": 0.11666666666666667, "FOUL_PERSONAL_BLOCK": 0.0, "FOULED_PERSONAL_BLOCK": 0.0, "FOUL_PERSONAL_TAKE": 0.7142857142857143, "FOULED_PERSONAL_TAKE": 0.16666666666666666, "FOUL_SHOOTING": 0.2608695652173913, "FOULED_SHOOTING": 0.06153846153846154, "FOUL_SHOOTING_BLOCK": 0.0, "FOULED_SHOOTING_BLOCK": 0.0, "FOUL_TECHNICAL": 0.09090909090909091, "FT": 0.8888888888888888, "REBOUND_DEFENSIVE": 0.08100558659217877, "REBOUND_OFFENSIVE": 0.012195121951219513, "STEAL": 0.225, "SHOT_TYPE_ARC_3_OFFENSIVE": 0.27424749163879597, "SHOT_TYPE_ARC_3_DEFENSIVE": 0.2686804451510334, "SHOT_TYPE_AT_RIM_OFFENSIVE": 0.29264214046822745, "SHOT_TYPE_AT_RIM_DEFENSIVE": 0.24483306836248012, "SHOT_TYPE_CORNER_3_OFFENSIVE": 0.0802675585284281, "SHOT_TYPE_CORNER_3_DEFENSIVE": 0.06677265500794913, "SHOT_TYPE_LONG_MID_RANGE_OFFENSIVE": 0.08193979933110368, "SHOT_TYPE_LONG_MID_RANGE_DEFENSIVE": 0.13672496025437203, "SHOT_TYPE_SHORT_MID_RANGE_OFFENSIVE": 0.2709030100334448, "SHOT_TYPE_SHORT_MID_RANGE_DEFENSIVE": 0.28298887122416533, "TURNOVER": 0.24, "VIOLATION_DEFENSIVE_GOALTENDING": 0.0, "VIOLATION_DEFENSIVE_KICK_BALL": 0.5}