{"ASSIST": 0.06060606060606061, "BLOCK": 0.5, "FG_ARC_3_ATTEMPT": 0.27972027972027974, "FG_ARC_3_BLOCK": 0.0, "FG_ARC_3_MADE": 0.075, "FG_ARC_3_MADE_FOUL": 0.0, "FG_AT_RIM_ATTEMPT": 0.1958041958041958, "FG_AT_RIM_BLOCK": 0.04195804195804196, "FG_AT_RIM_MADE": 0.39285714285714285, "FG_AT_RIM_MADE_FOUL": 0.0, "FG_CORNER_3_ATTEMPT": 0.0975609756097561, "FG_CORNER_3_BLOCK": 0.0, "FG_CORNER_3_MADE": 0.25, "FG_CORNER_3_MADE_FOUL": 0.0, "FG_LONG_MID_RANGE_ATTEMPT": 0.06557377049180328, "FG_LONG_MID_RANGE_BLOCK": 0.0, "FG_LONG_MID_RANGE_MADE": 0.25, "FG_LONG_MID_RANGE_MADE_FOUL": 0.0, "FG_SHORT_MID_RANGE_ATTEMPT": 0.1, "FG_SHORT_MID_RANGE_BLOCK": 0.05, "FG_SHORT_MID_RANGE_MADE": 0.16666666666666666, "FG_SHORT_MID_RANGE_MADE_FOUL": 0.008333333333333333, "FG_XY": {"ARC_3": {"-167|222": 0.025, "10|253": 0.025, "-129|250": 0.025, "-17|251": 0.025, "135|231": 0.025, "120|237": 0.025, "223|116": 0.025, "-151|222": 0.025, "-191|195": 0.025, "213|159": 0.025, "4|493": 0.025, "165|186": 0.025, "-138|220": 0.025, "-118|247": 0.025, "50|268": 0.025, "-190|164": 0.025, "213|120": 0.025, "27|268": 0.025, "-179|170": 0.025, "-142|205": 0.025, "221|93": 0.025, "31|257": 0.025, "-178|194": 0.025, "197|163": 0.025, "188|167": 0.025, "82|231": 0.025, "119|220": 0.025, "-188|181": 0.025, "159|219": 0.025, "61|242": 0.025, "27|254": 0.025, "97|241": 0.025, "-140|215": 0.025, "-137|215": 0.025, "-2|246": 0.025, "-181|193": 0.025, "23|259": 0.025, "188|468": 0.025, "21|258": 0.025, "-212|146": 0.025}, "AT_RIM": {"-2|13": 0.03571428571428571, "0|0": 0.35714285714285715, "-23|30": 0.03571428571428571, "-12|10": 0.03571428571428571, "-6|8": 0.03571428571428571, "17|-3": 0.03571428571428571, "2|36": 0.03571428571428571, "-4|1": 0.03571428571428571, "2|-2": 0.03571428571428571, "-23|19": 0.03571428571428571, "25|17": 0.03571428571428571, "12|22": 0.03571428571428571, "23|32": 0.03571428571428571, "7|8": 0.03571428571428571, "26|5": 0.03571428571428571, "5|8": 0.03571428571428571, "18|0": 0.03571428571428571, "12|0": 0.03571428571428571, "23|5": 0.03571428571428571}, "CORNER_3": {"-237|44": 0.25, "229|0": 0.25, "-232|78": 0.25, "228|-20": 0.25}, "LONG_MID_RANGE": {"154|57": 0.25, "-66|188": 0.25, "153|7": 0.25, "85|135": 0.25}, "SHORT_MID_RANGE": {"123|14": 0.08333333333333333, "43|47": 0.08333333333333333, "4|78": 0.08333333333333333, "-83|31": 0.08333333333333333, "-40|8": 0.08333333333333333, "45|30": 0.08333333333333333, "-1|50": 0.08333333333333333, "25|35": 0.08333333333333333, "60|60": 0.08333333333333333, "-25|78": 0.08333333333333333, "49|24": 0.08333333333333333, "-13|41": 0.08333333333333333}}, "FOUL_AWAY_FROM_PLAY": 0.0, "FOULED_AWAY_FROM_PLAY": 0.0, "FOUL_CLEAR_PATH": 0.0, "FOULED_CLEAR_PATH": 0.0, "FOUL_COUNT_AS_PERSONAL": 0.21929824561403508, "FOULED_COUNT_AS_PERSONAL": 0.19801980198019803, "FOUL_COUNT_TOWARD_PENALTY": 0.24752475247524752, "FOULED_COUNT_TOWARD_PENALTY": 0.19791666666666666, "FOUL_DEFENSIVE_NON_SHOOTING": 0.1346153846153846, "FOULED_DEFENSIVE_NON_SHOOTING": 0.13725490196078433, "FOUL_DOUBLE": 0.0, "FOUL_TECHNICAL_DOUBLE": 0.0, "FOUL_FLAGRANT": 0.0, "FOULED_FLAGRANT": 0.0, "FOUL_FLAGRANT_1": 0.0, "FOULED_FLAGRANT_1": 0.0, "FOUL_FLAGRANT_2": 0.0, "FOULED_FLAGRANT_2": 0.0, "FOUL_INBOUND": 0.0, "FOULED_INBOUND": 0.0, "FOUL_LOOSE_BALL": 0.0, "FOULED_LOOSE_BALL": 0.3333333333333333, "FOUL_OFFENSIVE_CHARGE": 0.0, "FOULED_OFFENSIVE_CHARGE": 0.0, "FOUL_OFFENSIVE_OTHER": 0.0, "FOULED_OFFENSIVE_OTHER": 0.0, "FOUL_OFFENSIVE_TOTAL": 0.0, "FOULED_OFFENSIVE_TOTAL": 0.2, "FOUL_PERSONAL": 0.11428571428571428, "FOULED_PERSONAL": 0.08108108108108109, "FOUL_PERSONAL_BLOCK": 0.0, "FOULED_PERSONAL_BLOCK": 0.0, "FOUL_PERSONAL_TAKE": 0.3333333333333333, "FOULED_PERSONAL_TAKE": 0.2, "FOUL_SHOOTING": 0.3673469387755102, "FOULED_SHOOTING": 0.26666666666666666, "FOUL_SHOOTING_BLOCK": 0.0, "FOULED_SHOOTING_BLOCK": 0.0, "FOUL_TECHNICAL": 0.0, "FT": 0.6666666666666666, "REBOUND_DEFENSIVE": 0.18545454545454546, "REBOUND_OFFENSIVE": 0.08823529411764706, "STEAL": 0.19298245614035087, "SHOT_TYPE_ARC_3_OFFENSIVE": 0.281496062992126, "SHOT_TYPE_ARC_3_DEFENSIVE": 0.3225806451612903, "SHOT_TYPE_AT_RIM_OFFENSIVE": 0.281496062992126, "SHOT_TYPE_AT_RIM_DEFENSIVE": 0.24731182795698925, "SHOT_TYPE_CORNER_3_OFFENSIVE": 0.08070866141732283, "SHOT_TYPE_CORNER_3_DEFENSIVE": 0.13118279569892474, "SHOT_TYPE_LONG_MID_RANGE_OFFENSIVE": 0.12007874015748031, "SHOT_TYPE_LONG_MID_RANGE_DEFENSIVE": 0.07096774193548387, "SHOT_TYPE_SHORT_MID_RANGE_OFFENSIVE": 0.23622047244094488, "SHOT_TYPE_SHORT_MID_RANGE_DEFENSIVE": 0.22795698924731184, "TURNOVER": 0.13253012048192772, "VIOLATION_DEFENSIVE_GOALTENDING": 0.0, "VIOLATION_DEFENSIVE_KICK_BALL": 0.0}