{"ASSIST": 0.07142857142857142, "BLOCK": 0.5068493150684932, "FG_ARC_3_ATTEMPT": 0.23103448275862068, "FG_ARC_3_BLOCK": 0.006896551724137931, "FG_ARC_3_MADE": 0.07462686567164178, "FG_ARC_3_MADE_FOUL": 0.0, "FG_AT_RIM_ATTEMPT": 0.14982578397212543, "FG_AT_RIM_BLOCK": 0.03832752613240418, "FG_AT_RIM_MADE": 0.3488372093023256, "FG_AT_RIM_MADE_FOUL": 0.0, "FG_CORNER_3_ATTEMPT": 0.20833333333333334, "FG_CORNER_3_BLOCK": 0.0, "FG_CORNER_3_MADE": 0.25, "FG_CORNER_3_MADE_FOUL": 0.0, "FG_LONG_MID_RANGE_ATTEMPT": 0.0847457627118644, "FG_LONG_MID_RANGE_BLOCK": 0.01694915254237288, "FG_LONG_MID_RANGE_MADE": 0.6, "FG_LONG_MID_RANGE_MADE_FOUL": 0.0, "FG_SHORT_MID_RANGE_ATTEMPT": 0.1975806451612903, "FG_SHORT_MID_RANGE_BLOCK": 0.024193548387096774, "FG_SHORT_MID_RANGE_MADE": 0.20408163265306123, "FG_SHORT_MID_RANGE_MADE_FOUL": 0.0, "FG_XY": {"ARC_3": {"91|243": 0.014925373134328358, "-62|241": 0.014925373134328358, "10|263": 0.014925373134328358, "124|221": 0.014925373134328358, "81|246": 0.014925373134328358, "-93|225": 0.014925373134328358, "203|168": 0.014925373134328358, "219|104": 0.014925373134328358, "141|207": 0.014925373134328358, "-196|184": 0.014925373134328358, "121|239": 0.014925373134328358, "-77|248": 0.014925373134328358, "-56|253": 0.014925373134328358, "-40|264": 0.014925373134328358, "-87|277": 0.014925373134328358, "188|169": 0.014925373134328358, "180|229": 0.014925373134328358, "-201|152": 0.014925373134328358, "-179|183": 0.014925373134328358, "-210|150": 0.014925373134328358, "-137|229": 0.014925373134328358, "91|235": 0.014925373134328358, "-50|252": 0.014925373134328358, "-87|240": 0.014925373134328358, "0|252": 0.014925373134328358, "93|250": 0.014925373134328358, "119|220": 0.014925373134328358, "162|197": 0.014925373134328358, "-18|260": 0.014925373134328358, "-61|242": 0.014925373134328358, "69|240": 0.014925373134328358, "-158|199": 0.014925373134328358, "163|186": 0.014925373134328358, "-62|264": 0.014925373134328358, "-168|230": 0.014925373134328358, "-162|235": 0.014925373134328358, "-234|131": 0.014925373134328358, "-17|292": 0.014925373134328358, "-116|241": 0.014925373134328358, "-100|252": 0.014925373134328358, "131|259": 0.014925373134328358, "-88|234": 0.014925373134328358, "-137|216": 0.014925373134328358, "-130|218": 0.014925373134328358, "196|168": 0.014925373134328358, "169|211": 0.014925373134328358, "145|257": 0.014925373134328358, "80|257": 0.014925373134328358, "-134|222": 0.014925373134328358, "-12|295": 0.014925373134328358, "127|258": 0.014925373134328358, "-143|250": 0.014925373134328358, "-83|237": 0.014925373134328358, "72|246": 0.014925373134328358, "137|221": 0.014925373134328358, "-23|257": 0.014925373134328358, "159|211": 0.014925373134328358, "-21|246": 0.014925373134328358, "134|215": 0.014925373134328358, "-87|231": 0.014925373134328358, "2|245": 0.014925373134328358, "-135|219": 0.014925373134328358, "109|241": 0.014925373134328358, "6|247": 0.014925373134328358, "75|239": 0.014925373134328358, "212|136": 0.014925373134328358, "123|227": 0.014925373134328358}, "AT_RIM": {"13|22": 0.023255813953488372, "0|13": 0.023255813953488372, "2|-4": 0.023255813953488372, "10|34": 0.023255813953488372, "-11|10": 0.023255813953488372, "-15|34": 0.023255813953488372, "-18|27": 0.023255813953488372, "-7|37": 0.023255813953488372, "2|2": 0.023255813953488372, "-25|16": 0.023255813953488372, "0|0": 0.09302325581395349, "-18|11": 0.023255813953488372, "13|10": 0.023255813953488372, "4|7": 0.023255813953488372, "-23|16": 0.023255813953488372, "-12|25": 0.023255813953488372, "-6|11": 0.023255813953488372, "-6|15": 0.023255813953488372, "6|26": 0.023255813953488372, "-16|32": 0.023255813953488372, "13|27": 0.023255813953488372, "-5|8": 0.023255813953488372, "-27|22": 0.023255813953488372, "-31|4": 0.023255813953488372, "9|8": 0.023255813953488372, "1|16": 0.023255813953488372, "9|35": 0.023255813953488372, "2|6": 0.023255813953488372, "-10|15": 0.023255813953488372, "-11|29": 0.023255813953488372, "7|4": 0.023255813953488372, "1|5": 0.023255813953488372, "27|0": 0.023255813953488372, "-2|14": 0.023255813953488372, "2|10": 0.023255813953488372, "17|22": 0.023255813953488372, "-2|11": 0.023255813953488372, "-18|8": 0.023255813953488372, "18|16": 0.023255813953488372, "-17|7": 0.023255813953488372}, "CORNER_3": {"-232|47": 0.05, "-234|25": 0.05, "-225|13": 0.05, "-229|-22": 0.05, "-234|-4": 0.05, "233|-3": 0.05, "233|47": 0.05, "-233|52": 0.05, "228|67": 0.05, "-243|41": 0.05, "-228|32": 0.05, "-228|-8": 0.05, "-234|6": 0.05, "-238|52": 0.05, "229|21": 0.05, "-234|65": 0.05, "-230|-1": 0.05, "-223|3": 0.05, "230|36": 0.05, "-229|4": 0.05}, "LONG_MID_RANGE": {"-217|-2": 0.2, "28|195": 0.2, "-16|147": 0.2, "5|153": 0.2, "-152|146": 0.2}, "SHORT_MID_RANGE": {"6|57": 0.02040816326530612, "-50|13": 0.02040816326530612, "-15|53": 0.02040816326530612, "-17|46": 0.02040816326530612, "-20|64": 0.02040816326530612, "-5|60": 0.02040816326530612, "-33|68": 0.02040816326530612, "-83|48": 0.02040816326530612, "-82|-5": 0.02040816326530612, "18|51": 0.02040816326530612, "12|136": 0.02040816326530612, "16|56": 0.02040816326530612, "-40|63": 0.02040816326530612, "110|34": 0.02040816326530612, "5|87": 0.02040816326530612, "-37|75": 0.02040816326530612, "-25|74": 0.02040816326530612, "33|74": 0.02040816326530612, "27|73": 0.02040816326530612, "-55|74": 0.02040816326530612, "-27|58": 0.02040816326530612, "-20|76": 0.02040816326530612, "-71|56": 0.02040816326530612, "-77|26": 0.02040816326530612, "-11|58": 0.02040816326530612, "38|43": 0.02040816326530612, "-61|78": 0.02040816326530612, "-2|59": 0.02040816326530612, "15|68": 0.02040816326530612, "43|35": 0.02040816326530612, "4|53": 0.02040816326530612, "29|68": 0.02040816326530612, "26|103": 0.02040816326530612, "-25|71": 0.02040816326530612, "47|116": 0.02040816326530612, "5|68": 0.02040816326530612, "-18|60": 0.02040816326530612, "-104|60": 0.02040816326530612, "17|106": 0.02040816326530612, "-34|38": 0.02040816326530612, "-13|38": 0.02040816326530612, "56|52": 0.02040816326530612, "-20|83": 0.02040816326530612, "58|26": 0.02040816326530612, "1|73": 0.02040816326530612, "-16|64": 0.02040816326530612, "37|72": 0.02040816326530612, "4|71": 0.02040816326530612, "53|79": 0.02040816326530612}}, "FOUL_AWAY_FROM_PLAY": 0.0, "FOULED_AWAY_FROM_PLAY": 0.0, "FOUL_CLEAR_PATH": 0.0, "FOULED_CLEAR_PATH": 0.0, "FOUL_COUNT_AS_PERSONAL": 0.3014354066985646, "FOULED_COUNT_AS_PERSONAL": 0.24120603015075376, "FOUL_COUNT_TOWARD_PENALTY": 0.2887700534759358, "FOULED_COUNT_TOWARD_PENALTY": 0.24607329842931938, "FOUL_DEFENSIVE_NON_SHOOTING": 0.2391304347826087, "FOULED_DEFENSIVE_NON_SHOOTING": 0.22, "FOUL_DOUBLE": 0.0, "FOUL_TECHNICAL_DOUBLE": 0.0, "FOUL_FLAGRANT": 0.0, "FOULED_FLAGRANT": 0.0, "FOUL_FLAGRANT_1": 0.0, "FOULED_FLAGRANT_1": 0.0, "FOUL_FLAGRANT_2": 0.0, "FOULED_FLAGRANT_2": 0.0, "FOUL_INBOUND": 0.0, "FOULED_INBOUND": 0.0, "FOUL_LOOSE_BALL": 0.0, "FOULED_LOOSE_BALL": 0.08333333333333333, "FOUL_OFFENSIVE_CHARGE": 0.6, "FOULED_OFFENSIVE_CHARGE": 0.0, "FOUL_OFFENSIVE_OTHER": 0.0, "FOULED_OFFENSIVE_OTHER": 0.0, "FOUL_OFFENSIVE_TOTAL": 0.4090909090909091, "FOULED_OFFENSIVE_TOTAL": 0.125, "FOUL_PERSONAL": 0.20967741935483872, "FOULED_PERSONAL": 0.27692307692307694, "FOUL_PERSONAL_BLOCK": 0.0, "FOULED_PERSONAL_BLOCK": 0.0, "FOUL_PERSONAL_TAKE": 0.11764705882352941, "FOULED_PERSONAL_TAKE": 0.14285714285714285, "FOUL_SHOOTING": 0.3368421052631579, "FOULED_SHOOTING": 0.27472527472527475, "FOUL_SHOOTING_BLOCK": 0.0, "FOULED_SHOOTING_BLOCK": 0.0, "FOUL_TECHNICAL": 0.06666666666666667, "FT": 0.8793103448275862, "REBOUND_DEFENSIVE": 0.15500945179584122, "REBOUND_OFFENSIVE": 0.041666666666666664, "STEAL": 0.1574074074074074, "SHOT_TYPE_ARC_3_OFFENSIVE": 0.29591836734693877, "SHOT_TYPE_ARC_3_DEFENSIVE": 0.3188559322033898, "SHOT_TYPE_AT_RIM_OFFENSIVE": 0.29285714285714287, "SHOT_TYPE_AT_RIM_DEFENSIVE": 0.3008474576271186, "SHOT_TYPE_CORNER_3_OFFENSIVE": 0.09795918367346938,