{"ASSIST": 0.19591836734693877, "BLOCK": 0.0784313725490196, "FG_ARC_3_ATTEMPT": 0.213768115942029, "FG_ARC_3_BLOCK": 0.0, "FG_ARC_3_MADE": 0.3728813559322034, "FG_ARC_3_MADE_FOUL": 0.0, "FG_AT_RIM_ATTEMPT": 0.11439114391143912, "FG_AT_RIM_BLOCK": 0.0036900369003690036, "FG_AT_RIM_MADE": 0.7419354838709677, "FG_AT_RIM_MADE_FOUL": 0.0, "FG_CORNER_3_ATTEMPT": 0.25, "FG_CORNER_3_BLOCK": 0.0, "FG_CORNER_3_MADE": 0.21052631578947367, "FG_CORNER_3_MADE_FOUL": 0.0, "FG_LONG_MID_RANGE_ATTEMPT": 0.16666666666666666, "FG_LONG_MID_RANGE_BLOCK": 0.0, "FG_LONG_MID_RANGE_MADE": 0.5, "FG_LONG_MID_RANGE_MADE_FOUL": 0.0, "FG_SHORT_MID_RANGE_ATTEMPT": 0.18421052631578946, "FG_SHORT_MID_RANGE_BLOCK": 0.008771929824561403, "FG_SHORT_MID_RANGE_MADE": 0.5, "FG_SHORT_MID_RANGE_MADE_FOUL": 0.0043859649122807015, "FG_XY": {"ARC_3": {"104|232": 0.01694915254237288, "-181|165": 0.01694915254237288, "93|260": 0.01694915254237288, "132|251": 0.01694915254237288, "207|148": 0.01694915254237288, "-202|238": 0.01694915254237288, "-5|268": 0.01694915254237288, "-205|137": 0.01694915254237288, "-123|230": 0.01694915254237288, "206|146": 0.01694915254237288, "178|193": 0.01694915254237288, "200|182": 0.01694915254237288, "-168|184": 0.01694915254237288, "65|257": 0.01694915254237288, "-179|203": 0.01694915254237288, "-185|184": 0.01694915254237288, "-185|206": 0.01694915254237288, "-218|172": 0.01694915254237288, "159|206": 0.01694915254237288, "143|198": 0.01694915254237288, "-17|246": 0.01694915254237288, "-2|268": 0.01694915254237288, "186|195": 0.01694915254237288, "190|210": 0.01694915254237288, "-184|187": 0.01694915254237288, "191|183": 0.01694915254237288, "-175|204": 0.01694915254237288, "86|236": 0.01694915254237288, "138|206": 0.01694915254237288, "-173|193": 0.01694915254237288, "-69|263": 0.01694915254237288, "-218|141": 0.01694915254237288, "141|231": 0.01694915254237288, "114|266": 0.01694915254237288, "188|174": 0.01694915254237288, "165|172": 0.01694915254237288, "-109|230": 0.01694915254237288, "108|236": 0.01694915254237288, "-169|230": 0.01694915254237288, "147|206": 0.01694915254237288, "61|246": 0.01694915254237288, "140|219": 0.01694915254237288, "-81|269": 0.01694915254237288, "170|181": 0.01694915254237288, "-100|242": 0.01694915254237288, "-167|190": 0.01694915254237288, "158|236": 0.01694915254237288, "-223|114": 0.01694915254237288, "-221|130": 0.01694915254237288, "-129|238": 0.01694915254237288, "-81|234": 0.01694915254237288, "-196|161": 0.01694915254237288, "183|176": 0.01694915254237288, "-178|206": 0.01694915254237288, "208|134": 0.01694915254237288, "108|309": 0.01694915254237288, "203|140": 0.01694915254237288, "206|145": 0.01694915254237288, "49|246": 0.01694915254237288}, "AT_RIM": {"-22|23": 0.03225806451612903, "-5|10": 0.03225806451612903, "-6|18": 0.03225806451612903, "9|0": 0.03225806451612903, "0|5": 0.03225806451612903, "5|16": 0.03225806451612903, "-1|-1": 0.06451612903225806, "-6|3": 0.03225806451612903, "0|0": 0.03225806451612903, "-10|1": 0.03225806451612903, "25|5": 0.03225806451612903, "25|26": 0.03225806451612903, "-4|11": 0.03225806451612903, "29|11": 0.03225806451612903, "-25|13": 0.03225806451612903, "16|17": 0.03225806451612903, "-34|-1": 0.03225806451612903, "2|34": 0.03225806451612903, "4|7": 0.03225806451612903, "12|1": 0.03225806451612903, "-4|-4": 0.03225806451612903, "7|4": 0.03225806451612903, "2|6": 0.03225806451612903, "-2|38": 0.03225806451612903, "2|11": 0.03225806451612903, "-17|5": 0.03225806451612903, "7|-1": 0.03225806451612903, "-1|6": 0.03225806451612903, "2|0": 0.03225806451612903, "9|5": 0.03225806451612903}, "CORNER_3": {"-234|16": 0.05263157894736842, "-241|-25": 0.05263157894736842, "-233|22": 0.05263157894736842, "-237|26": 0.05263157894736842, "222|56": 0.05263157894736842, "-228|49": 0.05263157894736842, "237|63": 0.05263157894736842, "235|82": 0.05263157894736842, "233|2": 0.05263157894736842, "-227|0": 0.05263157894736842, "-230|5": 0.05263157894736842, "-237|-10": 0.05263157894736842, "-227|59": 0.05263157894736842, "-235|-10": 0.05263157894736842, "228|-27": 0.05263157894736842, "-224|14": 0.05263157894736842, "230|69": 0.05263157894736842, "227|74": 0.05263157894736842, "-223|-25": 0.05263157894736842}, "LONG_MID_RANGE": {"-136|92": 0.05555555555555555, "100|151": 0.05555555555555555, "2|147": 0.05555555555555555, "103|160": 0.05555555555555555, "54|184": 0.05555555555555555, "125|142": 0.05555555555555555, "156|-8": 0.05555555555555555, "-161|85": 0.05555555555555555, "115|106": 0.05555555555555555, "-115|137": 0.05555555555555555, "-113|126": 0.05555555555555555, "151|-1": 0.05555555555555555, "158|120": 0.05555555555555555, "66|156": 0.05555555555555555, "16|194": 0.05555555555555555, "-159|38": 0.05555555555555555, "-164|-5": 0.05555555555555555, "88|173": 0.05555555555555555}, "SHORT_MID_RANGE": {"9|97": 0.023809523809523808, "-5|125": 0.023809523809523808, "-93|38": 0.023809523809523808, "87|8": 0.023809523809523808, "48|31": 0.023809523809523808, "-47|112": 0.023809523809523808, "50|25": 0.023809523809523808, "16|101": 0.023809523809523808, "-7|55": 0.023809523809523808, "-45|46": 0.023809523809523808, "-7|115": 0.023809523809523808, "-7|121": 0.023809523809523808, "-92|69": 0.023809523809523808, "12|45": 0.023809523809523808, "-55|9": 0.023809523809523808, "26|107": 0.023809523809523808, "-71|117": 0.023809523809523808, "-42|6": 0.023809523809523808, "-48|78": 0.023809523809523808, "9|64": 0.023809523809523808, "62|115": 0.023809523809523808, "72|92": 0.023809523809523808, "-110|22": 0.023809523809523808, "-4|106": 0.023809523809523808, "20|125": 0.023809523809523808, "43|39": 0.023809523809523808, "96|90": 0.023809523809523808, "20|79": 0.023809523809523808, "0|113": 0.023809523809523808, "112|80": 0.023809523809523808, "-45|111": 0.023809523809523808, "0|69": 0.023809523809523808, "40|6": 0.023809523809523808, "94|29": 0.023809523809523808, "44|94": 0.023809523809523808, "23|35": 0.023809523809523808, "29|68": 0.023809523809523808, "-60|70": 0.023809523809523808, "61|63": 0.023809523809523808, "-1|109": 0.023809523809523808, "-47|120": 0.023809523809523808, "88|80": 0.023809523809523808}}, "FOUL_AWAY_FROM_PLAY": 0.0, "FOULED_AWAY_FROM_PLAY": 0.0, "FOUL_CLEAR_PATH": 0.0, "FOULED_CLEAR_PATH": 0.0, "FOUL_COUNT_AS_PERSONAL": 0.19230769230769232, "FOULED_COUNT_AS_PERSONAL": 0.042105263157894736, "FOUL_COUNT_TOWARD_PENALTY": 0.19883040935672514, "FOULED_COUNT_TOWARD_PENALTY": 0.04678362573099415, "FOUL_DEFENSIVE_NON_SHOOTING": 0.18681318681318682, "FOULED_DEFENSIVE_NON_SHOOTING": 0.04672897196261682, "FOUL_DOUBLE": 0.0, "FOUL_TECHNICAL_DOUBLE": 0.0, "FOUL_FLAGRANT": 0.0, "FOULED_FLAGRANT": 0.0, "FOUL_FLAGRANT_1": 0.0, "FOULED_FLAGRANT_1": 0.0, "FOUL_FLAGRANT_2": 0.0, "FOULED_FLAGRANT_2": 0.0, "FOUL_INBOUND": 0.0, "FOULED_INBOUND": 0.0, "FOUL_LOOSE_BALL": 0.0, "FOULED_LOOSE_BALL": 0.07692307692307693, "FOUL_OFFENSIVE_CHARGE": 0.0, "FOULED_OFFENSIVE_CHARGE": 0.0, "FOUL_OFFENSIVE_OTHER": 0.0, "FOULED_OFFENSIVE_OTHER": 0.0, "FOUL_OFFENSIVE_TOTAL": 0.09090909090909091, "FOULED_OFFENSIVE_TOTAL": 0.0, "FOUL_PERSONAL": 0.19696969696969696, "FOULED_PERSONAL": 0.024096385542168676, "FOUL_PERSONAL_BLOCK": 0.0, "FOULED_PERSONAL_BLOCK": 0.0, "FOUL_PERSONAL_TAKE": 0.26666666666666666, "FOULED_PERSONAL_TAKE": 0.18181818181818182, "FOUL_SHOOTING": 0.2125, "FOULED_SHOOTING": 0.046875, "FOUL_SHOOTING_BLOCK": 0.0, "FOULED_SHOOTING_BLOCK": 0.0, "FOUL_TECHNICAL": 0.0, "FT": 0.75, "REBOUND_DEFENSIVE": 0.10777385159010601, "REBOUND_OFFENSIVE": 0.013409961685823755, "STEAL": 0.1, "SHOT_TYPE_ARC_3_OFFENSIVE": 0.28779979144942647, "SHOT_TYPE_ARC_3_DEFENSIVE": 0.31780538302277433, "SHOT_TYPE_AT_RIM_OFFENSIVE": 0.28258602711157454, "SHOT_TYPE_AT_RIM_DEFENSIVE": 0.2939958592132505, "SHOT_TYPE_CORNER_3_OFFENSIVE": 0.07924921793534932, "SHOT_TYPE_CORNER_3_DEFENSIVE": 0.09627329192546584, "SHOT_TYPE_LONG_MID_RANGE_OFFENSIVE": 0.11261730969760167, "SHOT_TYPE_LONG_MID_RANGE_DEFENSIVE": 0.09213250517598344,