{"ASSIST": 0.26578073089701, "BLOCK": 0.046511627906976744, "FG_ARC_3_ATTEMPT": 0.22491349480968859, "FG_ARC_3_BLOCK": 0.0034602076124567475, "FG_ARC_3_MADE": 0.47692307692307695, "FG_ARC_3_MADE_FOUL": 0.0, "FG_AT_RIM_ATTEMPT": 0.16896551724137931, "FG_AT_RIM_BLOCK": 0.013793103448275862, "FG_AT_RIM_MADE": 0.7346938775510204, "FG_AT_RIM_MADE_FOUL": 0.010344827586206896, "FG_CORNER_3_ATTEMPT": 0.2653061224489796, "FG_CORNER_3_BLOCK": 0.0, "FG_CORNER_3_MADE": 0.4230769230769231, "FG_CORNER_3_MADE_FOUL": 0.0, "FG_LONG_MID_RANGE_ATTEMPT": 0.41911764705882354, "FG_LONG_MID_RANGE_BLOCK": 0.0, "FG_LONG_MID_RANGE_MADE": 0.5263157894736842, "FG_LONG_MID_RANGE_MADE_FOUL": 0.0, "FG_SHORT_MID_RANGE_ATTEMPT": 0.19282511210762332, "FG_SHORT_MID_RANGE_BLOCK": 0.02242152466367713, "FG_SHORT_MID_RANGE_MADE": 0.46511627906976744, "FG_SHORT_MID_RANGE_MADE_FOUL": 0.004484304932735426, "FG_XY": {"ARC_3": {"-154|200": 0.015384615384615385, "140|215": 0.015384615384615385, "-161|193": 0.015384615384615385, "-189|172": 0.015384615384615385, "-45|264": 0.015384615384615385, "-156|193": 0.015384615384615385, "-60|250": 0.015384615384615385, "130|219": 0.015384615384615385, "-62|250": 0.015384615384615385, "-40|242": 0.015384615384615385, "157|196": 0.015384615384615385, "126|214": 0.015384615384615385, "114|232": 0.015384615384615385, "210|131": 0.015384615384615385, "-113|232": 0.015384615384615385, "-199|146": 0.015384615384615385, "164|206": 0.015384615384615385, "116|236": 0.015384615384615385, "104|227": 0.015384615384615385, "-71|235": 0.015384615384615385, "-45|250": 0.015384615384615385, "-119|222": 0.015384615384615385, "-180|185": 0.015384615384615385, "-191|165": 0.015384615384615385, "175|189": 0.015384615384615385, "-136|222": 0.015384615384615385, "140|212": 0.015384615384615385, "27|257": 0.015384615384615385, "184|165": 0.015384615384615385, "173|187": 0.015384615384615385, "192|156": 0.015384615384615385, "-158|193": 0.015384615384615385, "180|180": 0.015384615384615385, "82|246": 0.015384615384615385, "148|215": 0.015384615384615385, "-142|218": 0.015384615384615385, "188|196": 0.015384615384615385, "-59|260": 0.015384615384615385, "-91|260": 0.015384615384615385, "-1|260": 0.015384615384615385, "-178|204": 0.015384615384615385, "225|101": 0.015384615384615385, "159|201": 0.015384615384615385, "-86|253": 0.015384615384615385, "119|222": 0.015384615384615385, "-58|240": 0.015384615384615385, "-224|114": 0.015384615384615385, "-207|165": 0.015384615384615385, "143|210": 0.015384615384615385, "114|238": 0.015384615384615385, "18|253": 0.015384615384615385, "-5|257": 0.015384615384615385, "-168|188": 0.015384615384615385, "-181|200": 0.015384615384615385, "39|253": 0.015384615384615385, "-165|196": 0.015384615384615385, "201|151": 0.015384615384615385, "-26|257": 0.015384615384615385, "-120|239": 0.015384615384615385, "-54|254": 0.015384615384615385, "-218|132": 0.015384615384615385, "143|220": 0.015384615384615385, "-203|150": 0.015384615384615385, "9|262": 0.015384615384615385, "94|236": 0.015384615384615385}, "AT_RIM": {"4|8": 0.02040816326530612, "-26|6": 0.02040816326530612, "-22|8": 0.02040816326530612, "-22|6": 0.02040816326530612, "15|16": 0.02040816326530612, "-15|11": 0.02040816326530612, "23|23": 0.02040816326530612, "18|33": 0.02040816326530612, "21|7": 0.02040816326530612, "5|15": 0.02040816326530612, "5|25": 0.02040816326530612, "-7|0": 0.02040816326530612, "0|0": 0.02040816326530612, "22|15": 0.02040816326530612, "11|11": 0.02040816326530612, "0|2": 0.02040816326530612, "-1|6": 0.02040816326530612, "2|2": 0.02040816326530612, "15|24": 0.02040816326530612, "-29|20": 0.02040816326530612, "-7|31": 0.02040816326530612, "20|25": 0.02040816326530612, "-23|23": 0.02040816326530612, "-7|12": 0.02040816326530612, "26|11": 0.02040816326530612, "-12|-7": 0.02040816326530612, "-11|19": 0.02040816326530612, "-21|33": 0.02040816326530612, "22|6": 0.02040816326530612, "-18|27": 0.02040816326530612, "2|10": 0.02040816326530612, "25|13": 0.02040816326530612, "-10|22": 0.02040816326530612, "11|13": 0.02040816326530612, "-1|26": 0.02040816326530612, "-10|11": 0.02040816326530612, "17|14": 0.02040816326530612, "-12|12": 0.02040816326530612, "-23|27": 0.02040816326530612, "22|20": 0.02040816326530612, "-34|6": 0.02040816326530612, "12|17": 0.02040816326530612, "11|8": 0.02040816326530612, "-2|8": 0.02040816326530612, "29|6": 0.02040816326530612, "7|5": 0.02040816326530612, "-15|8": 0.02040816326530612, "16|31": 0.02040816326530612, "-25|17": 0.02040816326530612}, "CORNER_3": {"-228|20": 0.038461538461538464, "235|21": 0.038461538461538464, "224|42": 0.038461538461538464, "-232|18": 0.038461538461538464, "232|32": 0.038461538461538464, "229|50": 0.038461538461538464, "225|4": 0.038461538461538464, "235|-8": 0.038461538461538464, "-228|-25": 0.038461538461538464, "229|74": 0.038461538461538464, "-234|25": 0.038461538461538464, "-232|53": 0.038461538461538464, "237|42": 0.038461538461538464, "-223|29": 0.038461538461538464, "230|13": 0.038461538461538464, "-221|-10": 0.038461538461538464, "230|65": 0.038461538461538464, "-234|0": 0.07692307692307693, "-233|4": 0.038461538461538464, "228|78": 0.038461538461538464, "228|19": 0.038461538461538464, "239|0": 0.038461538461538464, "-221|8": 0.038461538461538464, "233|42": 0.038461538461538464, "-237|32": 0.038461538461538464}, "LONG_MID_RANGE": {"-119|169": 0.017543859649122806, "148|29": 0.017543859649122806, "-124|144": 0.017543859649122806, "-97|164": 0.017543859649122806, "55|155": 0.017543859649122806, "70|158": 0.017543859649122806, "-11|183": 0.017543859649122806, "180|109": 0.017543859649122806, "-96|122": 0.017543859649122806, "28|149": 0.017543859649122806, "-154|123": 0.017543859649122806, "-127|160": 0.017543859649122806, "-109|181": 0.017543859649122806, "163|34": 0.017543859649122806, "-142|42": 0.017543859649122806, "-21|158": 0.017543859649122806, "-5|173": 0.017543859649122806, "44|178": 0.017543859649122806, "-145|151": 0.017543859649122806, "-96|104": 0.017543859649122806, "123|135": 0.017543859649122806, "5|155": 0.017543859649122806, "-109|157": 0.017543859649122806, "-12|163": 0.017543859649122806, "-132|130": 0.017543859649122806, "-60|155": 0.017543859649122806, "92|171": 0.017543859649122806, "7|148": 0.017543859649122806, "-107|146": 0.017543859649122806, "20|212": 0.017543859649122806, "-26|179": 0.017543859649122806, "1|183": 0.017543859649122806, "100|139": 0.017543859649122806, "-167|6": 0.017543859649122806, "-99|194": 0.017543859649122806, "-112|137": 0.017543859649122806, "-147|145": 0.017543859649122806, "25|151": 0.017543859649122806, "113|157": 0.017543859649122806, "89|169": 0.017543859649122806, "-180|79": 0.017543859649122806, "-43|148": 0.017543859649122806, "-21|155": 0.017543859649122806, "-113|178": 0.017543859649122806, "-80|205": 0.017543859649122806, "21|147": 0.017543859649122806, "115|121": 0.017543859649122806, "-29|150": 0.017543859649122806, "173|11": 0.017543859649122806, "-161|27": 0.017543859649122806, "-162|16": 0.017543859649122806, "-99|166": 0.017543859649122806, "61|179": 0.017543859649122806, "-23|163": 0.017543859649122806, "124|168": 0.017543859649122806, "-47|163": 0.017543859649122806, "-102|153": 0.017543859649122806}, "SHORT_MID_RANGE": {"-4|46": 0.023255813953488372, "-28|34": 0.023255813953488372, "125|-6": 0.023255813953488372, "-60|94": 0.023255813953488372, "-29|136": 0.023255813953488372, "-80|88": 0.023255813953488372, "-74|75": 0.023255813953488372, "-18|73": 0.023255813953488372, "136|-11": 0.023255813953488372, "-5|61": 0.023255813953488372, "42|92": 0.023255813953488372, "-48|112": 0.023255813953488372, "20|81": 0.023255813953488372, "23|71": 0.023255813953488372, "110|43": 0.023255813953488372, "23|34": 0.023255813953488372, "39|18": 0.023255813953488372, "-40|30": 0.023255813953488372, "-50|97": 0.023255813953488372, "27|32": 0.023255813953488372, "-109|27": 0.023255813953488372, "49|36": 0.023255813953488372, "-25|78": 0.023255813953488372,