{"ASSIST": 0.1827956989247312, "BLOCK": 0.20689655172413793, "FG_ARC_3_ATTEMPT": 0.045283018867924525, "FG_ARC_3_BLOCK": 0.0, "FG_ARC_3_MADE": 0.9166666666666666, "FG_ARC_3_MADE_FOUL": 0.0, "FG_AT_RIM_ATTEMPT": 0.2903225806451613, "FG_AT_RIM_BLOCK": 0.03225806451612903, "FG_AT_RIM_MADE": 0.5972222222222222, "FG_AT_RIM_MADE_FOUL": 0.008064516129032258, "FG_CORNER_3_ATTEMPT": 0.08064516129032258, "FG_CORNER_3_BLOCK": 0.0, "FG_CORNER_3_MADE": 1.0, "FG_CORNER_3_MADE_FOUL": 0.0, "FG_LONG_MID_RANGE_ATTEMPT": 0.2727272727272727, "FG_LONG_MID_RANGE_BLOCK": 0.0, "FG_LONG_MID_RANGE_MADE": 0.26666666666666666, "FG_LONG_MID_RANGE_MADE_FOUL": 0.0, "FG_SHORT_MID_RANGE_ATTEMPT": 0.35, "FG_SHORT_MID_RANGE_BLOCK": 0.041666666666666664, "FG_SHORT_MID_RANGE_MADE": 0.32142857142857145, "FG_SHORT_MID_RANGE_MADE_FOUL": 0.0125, "FG_XY": {"ARC_3": {"-172|202": 0.08333333333333333, "23|250": 0.08333333333333333, "141|215": 0.08333333333333333, "-1|263": 0.08333333333333333, "-87|250": 0.08333333333333333, "113|225": 0.08333333333333333, "104|233": 0.08333333333333333, "-97|239": 0.08333333333333333, "170|197": 0.08333333333333333, "-158|204": 0.08333333333333333, "23|798": 0.08333333333333333, "123|248": 0.08333333333333333}, "AT_RIM": {"-23|12": 0.013888888888888888, "-1|9": 0.013888888888888888, "-32|17": 0.013888888888888888, "-2|13": 0.013888888888888888, "0|17": 0.013888888888888888, "2|11": 0.013888888888888888, "21|22": 0.013888888888888888, "11|11": 0.013888888888888888, "-2|22": 0.013888888888888888, "-10|22": 0.013888888888888888, "9|3": 0.013888888888888888, "7|6": 0.013888888888888888, "10|7": 0.013888888888888888, "12|10": 0.027777777777777776, "5|29": 0.013888888888888888, "0|0": 0.09722222222222222, "-5|23": 0.013888888888888888, "17|17": 0.013888888888888888, "-18|11": 0.013888888888888888, "-11|25": 0.013888888888888888, "0|4": 0.013888888888888888, "-16|17": 0.013888888888888888, "-18|8": 0.013888888888888888, "2|-1": 0.013888888888888888, "-12|-1": 0.013888888888888888, "-2|8": 0.013888888888888888, "-15|4": 0.013888888888888888, "-6|22": 0.013888888888888888, "18|11": 0.013888888888888888, "5|11": 0.013888888888888888, "-7|4": 0.013888888888888888, "-23|29": 0.013888888888888888, "7|2": 0.013888888888888888, "2|26": 0.013888888888888888, "29|20": 0.013888888888888888, "-9|24": 0.013888888888888888, "0|15": 0.013888888888888888, "-5|-8": 0.013888888888888888, "-18|29": 0.013888888888888888, "-4|29": 0.013888888888888888, "4|19": 0.013888888888888888, "0|5": 0.013888888888888888, "2|5": 0.013888888888888888, "21|32": 0.013888888888888888, "-18|16": 0.013888888888888888, "-28|5": 0.013888888888888888, "0|26": 0.013888888888888888, "13|5": 0.013888888888888888, "2|4": 0.013888888888888888, "2|12": 0.013888888888888888, "9|12": 0.013888888888888888, "28|2": 0.013888888888888888, "2|16": 0.013888888888888888, "21|1": 0.013888888888888888, "1|22": 0.013888888888888888, "23|23": 0.013888888888888888, "-9|32": 0.013888888888888888, "-18|15": 0.013888888888888888, "-2|2": 0.013888888888888888, "-7|15": 0.013888888888888888, "0|18": 0.013888888888888888, "1|1": 0.013888888888888888, "-2|0": 0.013888888888888888, "12|5": 0.013888888888888888, "13|35": 0.013888888888888888}, "CORNER_3": {"-241|-1": 0.1, "233|0": 0.1, "233|1": 0.1, "-229|-5": 0.1, "238|4": 0.1, "232|-11": 0.1, "-229|18": 0.1, "228|7": 0.1, "229|72": 0.1, "219|29": 0.1}, "LONG_MID_RANGE": {"-47|167": 0.03333333333333333, "-109|136": 0.03333333333333333, "-27|137": 0.03333333333333333, "142|39": 0.03333333333333333, "-115|142": 0.03333333333333333, "-97|143": 0.03333333333333333, "125|94": 0.03333333333333333, "77|134": 0.03333333333333333, "110|122": 0.03333333333333333, "21|183": 0.03333333333333333, "-15|193": 0.03333333333333333, "26|185": 0.03333333333333333, "2|170": 0.03333333333333333, "78|143": 0.03333333333333333, "-104|138": 0.03333333333333333, "82|146": 0.03333333333333333, "71|137": 0.03333333333333333, "-11|176": 0.03333333333333333, "158|71": 0.03333333333333333, "-197|23": 0.03333333333333333, "25|138": 0.03333333333333333, "113|85": 0.03333333333333333, "-138|90": 0.03333333333333333, "-27|162": 0.03333333333333333, "62|179": 0.03333333333333333, "-162|13": 0.03333333333333333, "88|174": 0.03333333333333333, "-141|36": 0.03333333333333333, "65|181": 0.03333333333333333, "-10|147": 0.03333333333333333}, "SHORT_MID_RANGE": {"28|43": 0.011904761904761904, "5|70": 0.011904761904761904, "123|13": 0.011904761904761904, "36|56": 0.011904761904761904, "39|75": 0.011904761904761904, "123|65": 0.011904761904761904, "-18|47": 0.011904761904761904, "-4|126": 0.011904761904761904, "39|97": 0.011904761904761904, "59|119": 0.011904761904761904, "-123|63": 0.011904761904761904, "-110|38": 0.011904761904761904, "-49|75": 0.011904761904761904, "22|73": 0.011904761904761904, "44|51": 0.011904761904761904, "1|113": 0.011904761904761904, "-115|9": 0.011904761904761904, "49|80": 0.011904761904761904, "92|57": 0.011904761904761904, "34|31": 0.011904761904761904, "-54|55": 0.011904761904761904, "-53|86": 0.011904761904761904, "32|49": 0.011904761904761904, "-49|73": 0.011904761904761904, "28|41": 0.011904761904761904, "109|-6": 0.011904761904761904, "-42|110": 0.011904761904761904, "7|120": 0.011904761904761904, "42|106": 0.011904761904761904, "23|73": 0.011904761904761904, "16|101": 0.011904761904761904, "55|127": 0.011904761904761904, "-51|22": 0.011904761904761904, "-98|43": 0.011904761904761904, "-18|110": 0.011904761904761904, "13|55": 0.011904761904761904, "44|105": 0.011904761904761904, "51|21": 0.011904761904761904, "-113|27": 0.011904761904761904, "31|26": 0.011904761904761904, "-9|70": 0.011904761904761904, "51|32": 0.011904761904761904, "45|10": 0.011904761904761904, "-33|106": 0.011904761904761904, "44|109": 0.011904761904761904, "4|105": 0.011904761904761904, "44|94": 0.011904761904761904, "11|121": 0.011904761904761904, "9|79": 0.011904761904761904, "-4|55": 0.011904761904761904, "-27|118": 0.011904761904761904, "-6|83": 0.011904761904761904, "-21|110": 0.011904761904761904, "-11|46": 0.011904761904761904, "7|53": 0.011904761904761904, "-61|69": 0.011904761904761904, "-31|98": 0.011904761904761904, "32|91": 0.011904761904761904, "-65|75": 0.011904761904761904, "40|111": 0.011904761904761904, "49|109": 0.011904761904761904, "-1|104": 0.011904761904761904, "-74|32": 0.011904761904761904, "54|106": 0.011904761904761904, "48|64": 0.011904761904761904, "-27|33": 0.011904761904761904, "12|52": 0.011904761904761904, "-17|40": 0.011904761904761904, "-136|12": 0.011904761904761904, "-34|34": 0.011904761904761904, "-32|29": 0.011904761904761904, "13|59": 0.011904761904761904, "29|27": 0.011904761904761904, "-40|29": 0.011904761904761904, "38|31": 0.011904761904761904, "6|125": 0.011904761904761904, "-51|11": 0.011904761904761904, "-48|21": 0.011904761904761904, "-36|20": 0.011904761904761904, "12|48": 0.011904761904761904, "10|132": 0.011904761904761904, "-120|-4": 0.011904761904761904, "-76|71": 0.011904761904761904, "-138|-1": 0.011904761904761904}}, "FOUL_AWAY_FROM_PLAY": 0.0, "FOULED_AWAY_FROM_PLAY": 0.0, "FOUL_CLEAR_PATH": 0.0, "FOULED_CLEAR_PATH": 0.0, "FOUL_COUNT_AS_PERSONAL": 0.21686746987951808, "FOULED_COUNT_AS_PERSONAL": 0.375, "FOUL_COUNT_TOWARD_PENALTY": 0.18552036199095023, "FOULED_COUNT_TOWARD_PENALTY": 0.4207920792079208, "FOUL_DEFENSIVE_NON_SHOOTING": 0.16279069767441862, "FOULED_DEFENSIVE_NON_SHOOTING": 0.32608695652173914, "FOUL_DOUBLE": 0.0, "FOUL_TECHNICAL_DOUBLE": 0.0, "FOUL_FLAGRANT": 0.0, "FOULED_FLAGRANT": 1.0, "FOUL_FLAGRANT_1": 0.0, "FOULED_FLAGRANT_1": 1.0, "FOUL_FLAGRANT_2": 0.0, "FOULED_FLAGRANT_2": 0.0, "FOUL_INBOUND": 0.0, "FOULED_INBOUND": 0.0, "FOUL_LOOSE_BALL": 0.0, "FOULED_LOOSE_BALL": 0.25, "FOUL_OFFENSIVE_CHARGE": 0.6666666666666666, "FOULED_OFFENSIVE_CHARGE": 0.11764705882352941, "FOUL_OFFENSIVE_OTHER": 0.0, "FOULED_OFFENSIVE_OTHER": 0.0, "FOUL_OFFENSIVE_TOTAL": 0.4642857142857143, "FOULED_OFFENSIVE_TOTAL": 0.06666666666666667, "FOUL_PERSONAL": 0.16346153846153846,