{"ASSIST": 0.06818181818181818, "BLOCK": 0.4444444444444444, "FG_ARC_3_ATTEMPT": 0.1259259259259259, "FG_ARC_3_BLOCK": 0.0, "FG_ARC_3_MADE": 0.17647058823529413, "FG_ARC_3_MADE_FOUL": 0.0, "FG_AT_RIM_ATTEMPT": 0.16923076923076924, "FG_AT_RIM_BLOCK": 0.023076923076923078, "FG_AT_RIM_MADE": 0.45454545454545453, "FG_AT_RIM_MADE_FOUL": 0.0, "FG_CORNER_3_ATTEMPT": 0.20754716981132076, "FG_CORNER_3_BLOCK": 0.0, "FG_CORNER_3_MADE": 0.2727272727272727, "FG_CORNER_3_MADE_FOUL": 0.0, "FG_LONG_MID_RANGE_ATTEMPT": 0.11320754716981132, "FG_LONG_MID_RANGE_BLOCK": 0.018867924528301886, "FG_LONG_MID_RANGE_MADE": 0.16666666666666666, "FG_LONG_MID_RANGE_MADE_FOUL": 0.0, "FG_SHORT_MID_RANGE_ATTEMPT": 0.07692307692307693, "FG_SHORT_MID_RANGE_BLOCK": 0.008547008547008548, "FG_SHORT_MID_RANGE_MADE": 0.3333333333333333, "FG_SHORT_MID_RANGE_MADE_FOUL": 0.008547008547008548, "FG_XY": {"ARC_3": {"-216|128": 0.058823529411764705, "77|240": 0.058823529411764705, "-227|90": 0.058823529411764705, "29|255": 0.058823529411764705, "-102|231": 0.058823529411764705, "-10|257": 0.058823529411764705, "185|154": 0.058823529411764705, "186|226": 0.058823529411764705, "224|111": 0.058823529411764705, "150|220": 0.058823529411764705, "-212|120": 0.058823529411764705, "-151|256": 0.058823529411764705, "-214|151": 0.058823529411764705, "2|426": 0.058823529411764705, "114|250": 0.058823529411764705, "6|250": 0.058823529411764705, "-205|151": 0.058823529411764705}, "AT_RIM": {"29|23": 0.045454545454545456, "-7|22": 0.045454545454545456, "1|22": 0.045454545454545456, "-25|9": 0.045454545454545456, "0|0": 0.09090909090909091, "-17|11": 0.045454545454545456, "-2|20": 0.045454545454545456, "-31|16": 0.045454545454545456, "11|10": 0.045454545454545456, "5|30": 0.045454545454545456, "-29|-6": 0.045454545454545456, "33|20": 0.045454545454545456, "17|22": 0.045454545454545456, "6|16": 0.045454545454545456, "-10|-6": 0.045454545454545456, "20|-5": 0.045454545454545456, "10|8": 0.045454545454545456, "-23|11": 0.045454545454545456, "-21|20": 0.045454545454545456, "32|11": 0.045454545454545456, "-5|12": 0.045454545454545456}, "CORNER_3": {"-232|6": 0.09090909090909091, "228|34": 0.09090909090909091, "227|13": 0.09090909090909091, "-234|58": 0.09090909090909091, "-230|-13": 0.09090909090909091, "235|18": 0.09090909090909091, "234|5": 0.09090909090909091, "-234|4": 0.09090909090909091, "-230|57": 0.09090909090909091, "239|38": 0.09090909090909091, "232|-10": 0.09090909090909091}, "LONG_MID_RANGE": {"110|125": 0.16666666666666666, "-25|216": 0.16666666666666666, "-54|132": 0.16666666666666666, "127|78": 0.16666666666666666, "200|-13": 0.16666666666666666, "-210|-16": 0.16666666666666666}, "SHORT_MID_RANGE": {"-77|42": 0.1111111111111111, "-130|44": 0.1111111111111111, "-81|26": 0.1111111111111111, "-98|11": 0.1111111111111111, "-5|42": 0.1111111111111111, "102|-1": 0.1111111111111111, "36|80": 0.1111111111111111, "-22|42": 0.1111111111111111, "-36|38": 0.1111111111111111}}, "FOUL_AWAY_FROM_PLAY": 0.0, "FOULED_AWAY_FROM_PLAY": 0.0, "FOUL_CLEAR_PATH": 0.0, "FOULED_CLEAR_PATH": 0.0, "FOUL_COUNT_AS_PERSONAL": 0.19008264462809918, "FOULED_COUNT_AS_PERSONAL": 0.1415929203539823, "FOUL_COUNT_TOWARD_PENALTY": 0.1926605504587156, "FOULED_COUNT_TOWARD_PENALTY": 0.14893617021276595, "FOUL_DEFENSIVE_NON_SHOOTING": 0.2153846153846154, "FOULED_DEFENSIVE_NON_SHOOTING": 0.10638297872340426, "FOUL_DOUBLE": 0.0, "FOUL_TECHNICAL_DOUBLE": 0.3333333333333333, "FOUL_FLAGRANT": 0.0, "FOULED_FLAGRANT": 0.0, "FOUL_FLAGRANT_1": 0.0, "FOULED_FLAGRANT_1": 0.0, "FOUL_FLAGRANT_2": 0.0, "FOULED_FLAGRANT_2": 0.0, "FOUL_INBOUND": 0.0, "FOULED_INBOUND": 0.0, "FOUL_LOOSE_BALL": 0.0, "FOULED_LOOSE_BALL": 0.5, "FOUL_OFFENSIVE_CHARGE": 0.25, "FOULED_OFFENSIVE_CHARGE": 0.08333333333333333, "FOUL_OFFENSIVE_OTHER": 0.0, "FOULED_OFFENSIVE_OTHER": 0.0, "FOUL_OFFENSIVE_TOTAL": 0.16666666666666666, "FOULED_OFFENSIVE_TOTAL": 0.10526315789473684, "FOUL_PERSONAL": 0.24074074074074073, "FOULED_PERSONAL": 0.0975609756097561, "FOUL_PERSONAL_BLOCK": 0.0, "FOULED_PERSONAL_BLOCK": 0.0, "FOUL_PERSONAL_TAKE": 0.3333333333333333, "FOULED_PERSONAL_TAKE": 0.0, "FOUL_SHOOTING": 0.1590909090909091, "FOULED_SHOOTING": 0.19148936170212766, "FOUL_SHOOTING_BLOCK": 0.0, "FOULED_SHOOTING_BLOCK": 0.0, "FOUL_TECHNICAL": 0.0, "FT": 0.5789473684210527, "REBOUND_DEFENSIVE": 0.12323943661971831, "REBOUND_OFFENSIVE": 0.04838709677419355, "STEAL": 0.34782608695652173, "SHOT_TYPE_ARC_3_OFFENSIVE": 0.2766393442622951, "SHOT_TYPE_ARC_3_DEFENSIVE": 0.3615702479338843, "SHOT_TYPE_AT_RIM_OFFENSIVE": 0.26639344262295084, "SHOT_TYPE_AT_RIM_DEFENSIVE": 0.22520661157024793, "SHOT_TYPE_CORNER_3_OFFENSIVE": 0.10860655737704918, "SHOT_TYPE_CORNER_3_DEFENSIVE": 0.1590909090909091, "SHOT_TYPE_LONG_MID_RANGE_OFFENSIVE": 0.10860655737704918, "SHOT_TYPE_LONG_MID_RANGE_DEFENSIVE": 0.05578512396694215, "SHOT_TYPE_SHORT_MID_RANGE_OFFENSIVE": 0.23975409836065573, "SHOT_TYPE_SHORT_MID_RANGE_DEFENSIVE": 0.19834710743801653, "TURNOVER": 0.1111111111111111, "VIOLATION_DEFENSIVE_GOALTENDING": 0.0, "VIOLATION_DEFENSIVE_KICK_BALL": 0.3333333333333333}