{"ASSIST": 0.07446808510638298, "BLOCK": 0.4166666666666667, "FG_ARC_3_ATTEMPT": 0.011494252873563218, "FG_ARC_3_BLOCK": 0.0, "FG_ARC_3_MADE": 1.0, "FG_ARC_3_MADE_FOUL": 0.0, "FG_AT_RIM_ATTEMPT": 0.1875, "FG_AT_RIM_BLOCK": 0.046875, "FG_AT_RIM_MADE": 0.2916666666666667, "FG_AT_RIM_MADE_FOUL": 0.0, "FG_CORNER_3_ATTEMPT": 0.0625, "FG_CORNER_3_BLOCK": 0.0, "FG_CORNER_3_MADE": 1.0, "FG_CORNER_3_MADE_FOUL": 0.0, "FG_LONG_MID_RANGE_ATTEMPT": 0.012345679012345678, "FG_LONG_MID_RANGE_BLOCK": 0.0, "FG_LONG_MID_RANGE_MADE": 1.0, "FG_LONG_MID_RANGE_MADE_FOUL": 0.0, "FG_SHORT_MID_RANGE_ATTEMPT": 0.09523809523809523, "FG_SHORT_MID_RANGE_BLOCK": 0.011904761904761904, "FG_SHORT_MID_RANGE_MADE": 0.25, "FG_SHORT_MID_RANGE_MADE_FOUL": 0.0, "FG_XY": {"ARC_3": {"174|215": 1.0}, "AT_RIM": {"0|0": 0.4583333333333333, "5|30": 0.041666666666666664, "-27|0": 0.041666666666666664, "4|5": 0.041666666666666664, "-25|1": 0.041666666666666664, "1|0": 0.041666666666666664, "-18|34": 0.041666666666666664, "-6|26": 0.041666666666666664, "9|5": 0.041666666666666664, "-10|23": 0.041666666666666664, "9|29": 0.041666666666666664, "9|10": 0.041666666666666664, "-11|25": 0.041666666666666664, "-16|25": 0.041666666666666664}, "CORNER_3": {"-233|12": 0.5, "239|17": 0.5}, "LONG_MID_RANGE": {"72|142": 1.0}, "SHORT_MID_RANGE": {"32|39": 0.125, "66|122": 0.125, "-18|96": 0.125, "39|51": 0.125, "76|8": 0.125, "39|44": 0.125, "-21|40": 0.125, "48|52": 0.125}}, "FOUL_AWAY_FROM_PLAY": 0.0, "FOULED_AWAY_FROM_PLAY": 0.0, "FOUL_CLEAR_PATH": 0.0, "FOULED_CLEAR_PATH": 0.0, "FOUL_COUNT_AS_PERSONAL": 0.27472527472527475, "FOULED_COUNT_AS_PERSONAL": 0.12048192771084337, "FOUL_COUNT_TOWARD_PENALTY": 0.2375, "FOULED_COUNT_TOWARD_PENALTY": 0.12, "FOUL_DEFENSIVE_NON_SHOOTING": 0.14705882352941177, "FOULED_DEFENSIVE_NON_SHOOTING": 0.13953488372093023, "FOUL_DOUBLE": 0.0, "FOUL_TECHNICAL_DOUBLE": 0.0, "FOUL_FLAGRANT": 0.0, "FOULED_FLAGRANT": 0.0, "FOUL_FLAGRANT_1": 0.0, "FOULED_FLAGRANT_1": 0.0, "FOUL_FLAGRANT_2": 0.0, "FOULED_FLAGRANT_2": 0.0, "FOUL_INBOUND": 0.0, "FOULED_INBOUND": 0.0, "FOUL_LOOSE_BALL": 0.0, "FOULED_LOOSE_BALL": 0.3333333333333333, "FOUL_OFFENSIVE_CHARGE": 0.0, "FOULED_OFFENSIVE_CHARGE": 0.0, "FOUL_OFFENSIVE_OTHER": 0.0, "FOULED_OFFENSIVE_OTHER": 0.0, "FOUL_OFFENSIVE_TOTAL": 0.5454545454545454, "FOULED_OFFENSIVE_TOTAL": 0.125, "FOUL_PERSONAL": 0.13793103448275862, "FOULED_PERSONAL": 0.14285714285714285, "FOUL_PERSONAL_BLOCK": 0.0, "FOULED_PERSONAL_BLOCK": 0.0, "FOUL_PERSONAL_TAKE": 0.0, "FOULED_PERSONAL_TAKE": 0.0, "FOUL_SHOOTING": 0.30434782608695654, "FOULED_SHOOTING": 0.09375, "FOUL_SHOOTING_BLOCK": 0.0, "FOULED_SHOOTING_BLOCK": 0.0, "FOUL_TECHNICAL": 0.0, "FT": 0.8, "REBOUND_DEFENSIVE": 0.184, "REBOUND_OFFENSIVE": 0.11848341232227488, "STEAL": 0.029411764705882353, "SHOT_TYPE_ARC_3_OFFENSIVE": 0.2111650485436893, "SHOT_TYPE_ARC_3_DEFENSIVE": 0.28992628992628994, "SHOT_TYPE_AT_RIM_OFFENSIVE": 0.3106796116504854, "SHOT_TYPE_AT_RIM_DEFENSIVE": 0.31203931203931207, "SHOT_TYPE_CORNER_3_OFFENSIVE": 0.07766990291262135, "SHOT_TYPE_CORNER_3_DEFENSIVE": 0.07125307125307126, "SHOT_TYPE_LONG_MID_RANGE_OFFENSIVE": 0.1966019417475728, "SHOT_TYPE_LONG_MID_RANGE_DEFENSIVE": 0.11793611793611794, "SHOT_TYPE_SHORT_MID_RANGE_OFFENSIVE": 0.20388349514563106, "SHOT_TYPE_SHORT_MID_RANGE_DEFENSIVE": 0.20884520884520885, "TURNOVER": 0.20689655172413793, "VIOLATION_DEFENSIVE_GOALTENDING": 0.0, "VIOLATION_DEFENSIVE_KICK_BALL": 0.0}