{"ASSIST": 0.1644295302013423, "BLOCK": 0.1875, "FG_ARC_3_ATTEMPT": 0.11301369863013698, "FG_ARC_3_BLOCK": 0.0, "FG_ARC_3_MADE": 0.6363636363636364, "FG_ARC_3_MADE_FOUL": 0.0, "FG_AT_RIM_ATTEMPT": 0.1574585635359116, "FG_AT_RIM_BLOCK": 0.024861878453038673, "FG_AT_RIM_MADE": 0.5263157894736842, "FG_AT_RIM_MADE_FOUL": 0.011049723756906077, "FG_CORNER_3_ATTEMPT": 0.1827956989247312, "FG_CORNER_3_BLOCK": 0.0, "FG_CORNER_3_MADE": 0.4117647058823529, "FG_CORNER_3_MADE_FOUL": 0.0, "FG_LONG_MID_RANGE_ATTEMPT": 0.14606741573033707, "FG_LONG_MID_RANGE_BLOCK": 0.0, "FG_LONG_MID_RANGE_MADE": 0.3076923076923077, "FG_LONG_MID_RANGE_MADE_FOUL": 0.011235955056179775, "FG_SHORT_MID_RANGE_ATTEMPT": 0.06930693069306931, "FG_SHORT_MID_RANGE_BLOCK": 0.009900990099009901, "FG_SHORT_MID_RANGE_MADE": 0.2857142857142857, "FG_SHORT_MID_RANGE_MADE_FOUL": 0.0, "FG_XY": {"ARC_3": {"-62|258": 0.030303030303030304, "-186|173": 0.030303030303030304, "-158|216": 0.030303030303030304, "-178|185": 0.030303030303030304, "201|141": 0.030303030303030304, "167|194": 0.030303030303030304, "-72|244": 0.030303030303030304, "-2|260": 0.030303030303030304, "-189|174": 0.030303030303030304, "121|244": 0.030303030303030304, "-174|211": 0.030303030303030304, "99|238": 0.030303030303030304, "54|259": 0.030303030303030304, "-61|266": 0.030303030303030304, "151|219": 0.030303030303030304, "175|215": 0.030303030303030304, "140|221": 0.030303030303030304, "222|104": 0.030303030303030304, "-221|92": 0.030303030303030304, "232|125": 0.030303030303030304, "-148|218": 0.030303030303030304, "-121|227": 0.030303030303030304, "125|232": 0.030303030303030304, "134|226": 0.030303030303030304, "104|237": 0.030303030303030304, "121|240": 0.030303030303030304, "205|169": 0.030303030303030304, "108|238": 0.030303030303030304, "-60|245": 0.030303030303030304, "-145|210": 0.030303030303030304, "-6|261": 0.030303030303030304, "-115|236": 0.030303030303030304, "0|420": 0.030303030303030304}, "AT_RIM": {"10|20": 0.017543859649122806, "-2|8": 0.017543859649122806, "-1|8": 0.017543859649122806, "2|6": 0.017543859649122806, "1|11": 0.017543859649122806, "2|8": 0.017543859649122806, "-12|0": 0.017543859649122806, "-4|1": 0.017543859649122806, "18|21": 0.017543859649122806, "0|-3": 0.017543859649122806, "-23|16": 0.017543859649122806, "-7|26": 0.017543859649122806, "4|-15": 0.017543859649122806, "-11|0": 0.017543859649122806, "-12|23": 0.017543859649122806, "-9|13": 0.017543859649122806, "-13|8": 0.017543859649122806, "4|37": 0.017543859649122806, "18|20": 0.017543859649122806, "-7|6": 0.017543859649122806, "-11|10": 0.017543859649122806, "10|25": 0.017543859649122806, "6|15": 0.017543859649122806, "4|16": 0.017543859649122806, "-23|11": 0.017543859649122806, "-23|3": 0.017543859649122806, "9|28": 0.017543859649122806, "-2|18": 0.017543859649122806, "13|25": 0.017543859649122806, "-12|21": 0.017543859649122806, "6|14": 0.017543859649122806, "-4|2": 0.017543859649122806, "4|-1": 0.017543859649122806, "5|10": 0.017543859649122806, "10|34": 0.017543859649122806, "0|10": 0.017543859649122806, "-6|1": 0.017543859649122806, "12|25": 0.017543859649122806, "-5|12": 0.017543859649122806, "-2|16": 0.017543859649122806, "-4|19": 0.017543859649122806, "4|15": 0.017543859649122806, "20|13": 0.017543859649122806, "-6|4": 0.017543859649122806, "5|16": 0.017543859649122806, "1|16": 0.017543859649122806, "-25|16": 0.017543859649122806, "27|-10": 0.017543859649122806, "-12|25": 0.017543859649122806, "-23|25": 0.017543859649122806, "15|7": 0.017543859649122806, "1|3": 0.017543859649122806, "-4|13": 0.017543859649122806, "27|10": 0.017543859649122806, "6|20": 0.017543859649122806, "1|12": 0.017543859649122806, "-15|22": 0.017543859649122806}, "CORNER_3": {"-223|6": 0.058823529411764705, "-233|31": 0.058823529411764705, "234|6": 0.058823529411764705, "240|12": 0.058823529411764705, "-234|9": 0.058823529411764705, "-225|-20": 0.058823529411764705, "224|67": 0.058823529411764705, "-229|36": 0.058823529411764705, "-232|15": 0.058823529411764705, "-245|-3": 0.058823529411764705, "233|-6": 0.058823529411764705, "-233|22": 0.058823529411764705, "-225|62": 0.058823529411764705, "223|15": 0.058823529411764705, "229|65": 0.058823529411764705, "232|16": 0.058823529411764705, "230|43": 0.058823529411764705}, "LONG_MID_RANGE": {"-100|163": 0.07692307692307693, "-167|39": 0.07692307692307693, "201|30": 0.07692307692307693, "180|54": 0.07692307692307693, "-93|169": 0.07692307692307693, "153|22": 0.07692307692307693, "53|178": 0.07692307692307693, "137|80": 0.07692307692307693, "134|179": 0.07692307692307693, "-100|140": 0.07692307692307693, "145|15": 0.07692307692307693, "-200|16": 0.07692307692307693, "-97|159": 0.07692307692307693}, "SHORT_MID_RANGE": {"-9|46": 0.07142857142857142, "-59|59": 0.07142857142857142, "-130|32": 0.07142857142857142, "53|-16": 0.07142857142857142, "-7|58": 0.07142857142857142, "-17|51": 0.07142857142857142, "-4|50": 0.07142857142857142, "31|34": 0.07142857142857142, "77|39": 0.07142857142857142, "51|36": 0.07142857142857142, "-2|92": 0.07142857142857142, "66|21": 0.07142857142857142, "-5|50": 0.07142857142857142, "1|41": 0.07142857142857142}}, "FOUL_AWAY_FROM_PLAY": 0.0, "FOULED_AWAY_FROM_PLAY": 0.0, "FOUL_CLEAR_PATH": 0.0, "FOULED_CLEAR_PATH": 0.0, "FOUL_COUNT_AS_PERSONAL": 0.15948275862068967, "FOULED_COUNT_AS_PERSONAL": 0.17040358744394618, "FOUL_COUNT_TOWARD_PENALTY": 0.17391304347826086, "FOULED_COUNT_TOWARD_PENALTY": 0.1306532663316583, "FOUL_DEFENSIVE_NON_SHOOTING": 0.18269230769230768, "FOULED_DEFENSIVE_NON_SHOOTING": 0.12121212121212122, "FOUL_DOUBLE": 0.0, "FOUL_TECHNICAL_DOUBLE": 0.0, "FOUL_FLAGRANT": 0.0, "FOULED_FLAGRANT": 0.0, "FOUL_FLAGRANT_1": 0.0, "FOULED_FLAGRANT_1": 0.0, "FOUL_FLAGRANT_2": 0.0, "FOULED_FLAGRANT_2": 0.0, "FOUL_INBOUND": 0.0, "FOULED_INBOUND": 0.0, "FOUL_LOOSE_BALL": 0.0, "FOULED_LOOSE_BALL": 0.1875, "FOUL_OFFENSIVE_CHARGE": 0.14285714285714285, "FOULED_OFFENSIVE_CHARGE": 0.9, "FOUL_OFFENSIVE_OTHER": 0.0, "FOULED_OFFENSIVE_OTHER": 0.0, "FOUL_OFFENSIVE_TOTAL": 0.04, "FOULED_OFFENSIVE_TOTAL": 0.5, "FOUL_PERSONAL": 0.18571428571428572, "FOULED_PERSONAL": 0.11428571428571428, "FOUL_PERSONAL_BLOCK": 0.0, "FOULED_PERSONAL_BLOCK": 0.0, "FOUL_PERSONAL_TAKE": 0.18181818181818182, "FOULED_PERSONAL_TAKE": 0.08333333333333333, "FOUL_SHOOTING": 0.16666666666666666, "FOULED_SHOOTING": 0.1414141414141414, "FOUL_SHOOTING_BLOCK": 0.0, "FOULED_SHOOTING_BLOCK": 0.0, "FOUL_TECHNICAL": 0.2, "FT": 0.7142857142857143, "REBOUND_DEFENSIVE": 0.11864406779661017, "REBOUND_OFFENSIVE": 0.0492091388400703, "STEAL": 0.29, "SHOT_TYPE_ARC_3_OFFENSIVE": 0.2813102119460501, "SHOT_TYPE_ARC_3_DEFENSIVE": 0.32595573440643866, "SHOT_TYPE_AT_RIM_OFFENSIVE": 0.348747591522158, "SHOT_TYPE_AT_RIM_DEFENSIVE": 0.32193158953722334, "SHOT_TYPE_CORNER_3_OFFENSIVE": 0.08959537572254335, "SHOT_TYPE_CORNER_3_DEFENSIVE": 0.10462776659959759, "SHOT_TYPE_LONG_MID_RANGE_OFFENSIVE": 0.08574181117533719, "SHOT_TYPE_LONG_MID_RANGE_DEFENSIVE": 0.08651911468812877, "SHOT_TYPE_SHORT_MID_RANGE_OFFENSIVE": 0.19460500963391136, "SHOT_TYPE_SHORT_MID_RANGE_DEFENSIVE": 0.16096579476861167, "TURNOVER": 0.05921052631578947, "VIOLATION_DEFENSIVE_GOALTENDING": 0.3333333333333333, "VIOLATION_DEFENSIVE_KICK_BALL": 0.6666666666666666}