{"ASSIST": 0.024390243902439025, "BLOCK": 0.1111111111111111, "FG_ARC_3_ATTEMPT": 0.1827956989247312, "FG_ARC_3_BLOCK": 0.0, "FG_ARC_3_MADE": 0.058823529411764705, "FG_ARC_3_MADE_FOUL": 0.0, "FG_AT_RIM_ATTEMPT": 0.10909090909090909, "FG_AT_RIM_BLOCK": 0.05454545454545454, "FG_AT_RIM_MADE": 0.0, "FG_AT_RIM_MADE_FOUL": 0.0, "FG_CORNER_3_ATTEMPT": 0.25, "FG_CORNER_3_BLOCK": 0.05, "FG_CORNER_3_MADE": 0.0, "FG_CORNER_3_MADE_FOUL": 0.0, "FG_LONG_MID_RANGE_ATTEMPT": 0.08333333333333333, "FG_LONG_MID_RANGE_BLOCK": 0.0, "FG_LONG_MID_RANGE_MADE": 0.0, "FG_LONG_MID_RANGE_MADE_FOUL": 0.0, "FG_SHORT_MID_RANGE_ATTEMPT": 0.1935483870967742, "FG_SHORT_MID_RANGE_BLOCK": 0.06451612903225806, "FG_SHORT_MID_RANGE_MADE": 0.16666666666666666, "FG_SHORT_MID_RANGE_MADE_FOUL": 0.0, "FG_XY": {"ARC_3": {"-56|247": 0.058823529411764705, "-151|233": 0.058823529411764705, "-191|200": 0.058823529411764705, "174|196": 0.058823529411764705, "104|256": 0.058823529411764705, "130|231": 0.058823529411764705, "-86|256": 0.058823529411764705, "-194|195": 0.058823529411764705, "-221|154": 0.058823529411764705, "-227|147": 0.058823529411764705, "-119|231": 0.058823529411764705, "-148|197": 0.058823529411764705, "-59|246": 0.058823529411764705, "-114|243": 0.058823529411764705, "-227|90": 0.058823529411764705, "-127|237": 0.058823529411764705, "134|236": 0.058823529411764705}, "AT_RIM": {"17|20": 0.16666666666666666, "-21|24": 0.16666666666666666, "5|27": 0.16666666666666666, "10|34": 0.16666666666666666, "7|5": 0.16666666666666666, "1|4": 0.16666666666666666}, "CORNER_3": {"-228|-18": 0.2, "-233|-21": 0.2, "-230|41": 0.2, "-228|-7": 0.2, "-227|37": 0.2}, "LONG_MID_RANGE": {"11|159": 1.0}, "SHORT_MID_RANGE": {"44|27": 0.16666666666666666, "42|39": 0.16666666666666666, "34|34": 0.16666666666666666, "32|32": 0.16666666666666666, "-48|90": 0.16666666666666666, "7|45": 0.16666666666666666}}, "FOUL_AWAY_FROM_PLAY": 0.0, "FOULED_AWAY_FROM_PLAY": 0.0, "FOUL_CLEAR_PATH": 0.0, "FOULED_CLEAR_PATH": 0.0, "FOUL_COUNT_AS_PERSONAL": 0.13953488372093023, "FOULED_COUNT_AS_PERSONAL": 0.0625, "FOUL_COUNT_TOWARD_PENALTY": 0.14634146341463414, "FOULED_COUNT_TOWARD_PENALTY": 0.04878048780487805, "FOUL_DEFENSIVE_NON_SHOOTING": 0.15384615384615385, "FOULED_DEFENSIVE_NON_SHOOTING": 0.041666666666666664, "FOUL_DOUBLE": 0.0, "FOUL_TECHNICAL_DOUBLE": 0.0, "FOUL_FLAGRANT": 0.0, "FOULED_FLAGRANT": 0.0, "FOUL_FLAGRANT_1": 0.0, "FOULED_FLAGRANT_1": 0.0, "FOUL_FLAGRANT_2": 0.0, "FOULED_FLAGRANT_2": 0.0, "FOUL_INBOUND": 0.0, "FOULED_INBOUND": 0.0, "FOUL_LOOSE_BALL": 0.0, "FOULED_LOOSE_BALL": 0.125, "FOUL_OFFENSIVE_CHARGE": 0.0, "FOULED_OFFENSIVE_CHARGE": 0.0, "FOUL_OFFENSIVE_OTHER": 0.0, "FOULED_OFFENSIVE_OTHER": 0.0, "FOUL_OFFENSIVE_TOTAL": 0.0, "FOULED_OFFENSIVE_TOTAL": 0.14285714285714285, "FOUL_PERSONAL": 0.07142857142857142, "FOULED_PERSONAL": 0.0, "FOUL_PERSONAL_BLOCK": 0.0, "FOULED_PERSONAL_BLOCK": 0.0, "FOUL_PERSONAL_TAKE": 0.16666666666666666, "FOULED_PERSONAL_TAKE": 0.0, "FOUL_SHOOTING": 0.13333333333333333, "FOULED_SHOOTING": 0.058823529411764705, "FOUL_SHOOTING_BLOCK": 0.0, "FOULED_SHOOTING_BLOCK": 0.0, "FOUL_TECHNICAL": 0.0, "FT": 1.0, "REBOUND_DEFENSIVE": 0.07142857142857142, "REBOUND_OFFENSIVE": 0.013986013986013986, "STEAL": 0.16666666666666666, "SHOT_TYPE_ARC_3_OFFENSIVE": 0.44075829383886256, "SHOT_TYPE_ARC_3_DEFENSIVE": 0.35233160621761656, "SHOT_TYPE_AT_RIM_OFFENSIVE": 0.26066350710900477, "SHOT_TYPE_AT_RIM_DEFENSIVE": 0.3005181347150259, "SHOT_TYPE_CORNER_3_OFFENSIVE": 0.0947867298578199, "SHOT_TYPE_CORNER_3_DEFENSIVE": 0.10362694300518134, "SHOT_TYPE_LONG_MID_RANGE_OFFENSIVE": 0.05687203791469194, "SHOT_TYPE_LONG_MID_RANGE_DEFENSIVE": 0.08808290155440414, "SHOT_TYPE_SHORT_MID_RANGE_OFFENSIVE": 0.14691943127962084, "SHOT_TYPE_SHORT_MID_RANGE_DEFENSIVE": 0.15544041450777202, "TURNOVER": 0.14285714285714285, "VIOLATION_DEFENSIVE_GOALTENDING": 0.0, "VIOLATION_DEFENSIVE_KICK_BALL": 0.0}