{"ASSIST": 0.3516483516483517, "BLOCK": 0.05194805194805195, "FG_ARC_3_ATTEMPT": 0.416, "FG_ARC_3_BLOCK": 0.0, "FG_ARC_3_MADE": 0.36538461538461536, "FG_ARC_3_MADE_FOUL": 0.0, "FG_AT_RIM_ATTEMPT": 0.3779264214046823, "FG_AT_RIM_BLOCK": 0.023411371237458192, "FG_AT_RIM_MADE": 0.7168141592920354, "FG_AT_RIM_MADE_FOUL": 0.030100334448160536, "FG_CORNER_3_ATTEMPT": 0.25735294117647056, "FG_CORNER_3_BLOCK": 0.0, "FG_CORNER_3_MADE": 0.4857142857142857, "FG_CORNER_3_MADE_FOUL": 0.0, "FG_LONG_MID_RANGE_ATTEMPT": 0.7058823529411765, "FG_LONG_MID_RANGE_BLOCK": 0.0196078431372549, "FG_LONG_MID_RANGE_MADE": 0.4444444444444444, "FG_LONG_MID_RANGE_MADE_FOUL": 0.0, "FG_SHORT_MID_RANGE_ATTEMPT": 0.392, "FG_SHORT_MID_RANGE_BLOCK": 0.044, "FG_SHORT_MID_RANGE_MADE": 0.4897959183673469, "FG_SHORT_MID_RANGE_MADE_FOUL": 0.02, "FG_XY": {"ARC_3": {"-181|262": 0.00641025641025641, "-67|244": 0.00641025641025641, "138|231": 0.00641025641025641, "-207|210": 0.00641025641025641, "-28|246": 0.00641025641025641, "-112|277": 0.00641025641025641, "-150|247": 0.00641025641025641, "64|260": 0.00641025641025641, "-89|241": 0.00641025641025641, "-93|251": 0.00641025641025641, "-98|231": 0.00641025641025641, "118|230": 0.00641025641025641, "112|231": 0.01282051282051282, "168|199": 0.00641025641025641, "-211|154": 0.00641025641025641, "-61|268": 0.00641025641025641, "12|277": 0.00641025641025641, "121|222": 0.00641025641025641, "208|125": 0.00641025641025641, "-163|264": 0.00641025641025641, "-143|264": 0.00641025641025641, "158|193": 0.00641025641025641, "-140|215": 0.00641025641025641, "121|230": 0.00641025641025641, "-157|264": 0.00641025641025641, "-232|100": 0.00641025641025641, "-40|246": 0.00641025641025641, "-199|182": 0.00641025641025641, "-205|165": 0.00641025641025641, "-72|256": 0.00641025641025641, "49|252": 0.00641025641025641, "-232|99": 0.00641025641025641, "196|168": 0.01282051282051282, "4|256": 0.00641025641025641, "161|193": 0.00641025641025641, "34|242": 0.00641025641025641, "-107|225": 0.00641025641025641, "170|220": 0.00641025641025641, "-20|270": 0.00641025641025641, "85|246": 0.00641025641025641, "124|217": 0.00641025641025641, "175|184": 0.00641025641025641, "26|274": 0.00641025641025641, "99|262": 0.00641025641025641, "173|224": 0.00641025641025641, "-33|266": 0.00641025641025641, "9|269": 0.00641025641025641, "225|143": 0.00641025641025641, "91|252": 0.00641025641025641, "50|263": 0.00641025641025641, "-202|162": 0.00641025641025641, "92|236": 0.00641025641025641, "-154|201": 0.00641025641025641, "-211|220": 0.00641025641025641, "-77|271": 0.00641025641025641, "119|221": 0.00641025641025641, "-49|241": 0.00641025641025641, "-44|246": 0.00641025641025641, "39|250": 0.00641025641025641, "47|282": 0.00641025641025641, "55|267": 0.00641025641025641, "-180|194": 0.00641025641025641, "-49|255": 0.00641025641025641, "85|248": 0.00641025641025641, "97|236": 0.00641025641025641, "-207|152": 0.00641025641025641, "172|199": 0.00641025641025641, "-143|231": 0.00641025641025641, "-112|251": 0.00641025641025641, "76|269": 0.00641025641025641, "-119|248": 0.00641025641025641, "104|275": 0.00641025641025641, "-66|255": 0.00641025641025641, "-2|260": 0.00641025641025641, "60|262": 0.00641025641025641, "2|281": 0.00641025641025641, "102|237": 0.00641025641025641, "-203|207": 0.00641025641025641, "-81|291": 0.00641025641025641, "-202|183": 0.00641025641025641, "178|226": 0.00641025641025641, "200|173": 0.00641025641025641, "78|248": 0.00641025641025641, "-235|109": 0.00641025641025641, "-176|228": 0.00641025641025641, "70|238": 0.00641025641025641, "-200|372": 0.00641025641025641, "-120|227": 0.00641025641025641, "-119|222": 0.00641025641025641, "-136|209": 0.00641025641025641, "151|195": 0.00641025641025641, "-140|288": 0.00641025641025641, "148|238": 0.00641025641025641, "-82|244": 0.00641025641025641, "-126|255": 0.00641025641025641, "-38|250": 0.00641025641025641, "-225|141": 0.00641025641025641, "70|239": 0.00641025641025641, "-200|148": 0.00641025641025641, "-207|195": 0.00641025641025641, "-205|191": 0.00641025641025641, "-145|215": 0.00641025641025641, "-151|243": 0.00641025641025641, "-6|260": 0.00641025641025641, "206|156": 0.00641025641025641, "100|267": 0.00641025641025641, "-206|170": 0.00641025641025641, "-221|123": 0.00641025641025641, "229|106": 0.00641025641025641, "-222|123": 0.00641025641025641, "-161|275": 0.00641025641025641, "132|232": 0.00641025641025641, "-174|257": 0.00641025641025641, "132|269": 0.00641025641025641, "-191|174": 0.00641025641025641, "-92|227": 0.00641025641025641, "108|227": 0.00641025641025641, "123|225": 0.00641025641025641, "-174|566": 0.00641025641025641, "227|106": 0.00641025641025641, "-188|186": 0.00641025641025641, "-203|159": 0.00641025641025641, "-148|209": 0.00641025641025641, "191|232": 0.00641025641025641, "-206|134": 0.00641025641025641, "136|216": 0.00641025641025641, "167|194": 0.00641025641025641, "118|257": 0.00641025641025641, "181|174": 0.00641025641025641, "140|214": 0.00641025641025641, "55|251": 0.00641025641025641, "-186|176": 0.00641025641025641, "135|301": 0.00641025641025641, "173|168": 0.00641025641025641, "-148|224": 0.00641025641025641, "-125|221": 0.00641025641025641, "156|209": 0.00641025641025641, "-114|239": 0.00641025641025641, "-116|210": 0.00641025641025641, "-135|205": 0.00641025641025641, "-47|258": 0.00641025641025641, "-227|210": 0.00641025641025641, "-192|170": 0.00641025641025641, "219|115": 0.00641025641025641, "164|186": 0.00641025641025641, "36|274": 0.00641025641025641, "-148|206": 0.00641025641025641, "-134|214": 0.00641025641025641, "45|242": 0.00641025641025641, "-121|230": 0.00641025641025641, "-97|239": 0.00641025641025641, "-174|176": 0.00641025641025641, "120|224": 0.00641025641025641, "119|241": 0.00641025641025641}, "AT_RIM": {"16|31": 0.008849557522123894, "18|16": 0.017699115044247787, "-25|29": 0.008849557522123894, "25|3": 0.008849557522123894, "10|3": 0.008849557522123894, "18|5": 0.008849557522123894, "17|8": 0.008849557522123894, "12|5": 0.008849557522123894, "21|13": 0.008849557522123894, "20|1": 0.008849557522123894, "-22|16": 0.008849557522123894, "-5|10": 0.008849557522123894, "-1|28": 0.008849557522123894, "-22|17": 0.008849557522123894, "20|8": 0.008849557522123894, "26|12": 0.008849557522123894, "-2|23": 0.008849557522123894, "18|18": 0.008849557522123894, "21|21": 0.008849557522123894, "33|6": 0.008849557522123894, "28|9": 0.008849557522123894, "10|15": 0.008849557522123894, "9|6": 0.008849557522123894, "-17|15": 0.008849557522123894, "-7|18": 0.008849557522123894, "1|5": 0.008849557522123894, "1|7": 0.008849557522123894, "-21|6": 0.008849557522123894, "-12|16": 0.008849557522123894, "-5|5": 0.008849557522123894, "-17|-2": 0.008849557522123894, "9|11": 0.008849557522123894, "0|0": 0.008849557522123894, "2|4": 0.008849557522123894, "-10|5": 0.008849557522123894, "-10|0": 0.008849557522123894, "2|-1": 0.008849557522123894, "12|-3": 0.008849557522123894, "2|8": 0.008849557522123894, "-2|5": 0.008849557522123894, "7|6": 0.008849557522123894, "12|6": 0.008849557522123894, "4|0": 0.008849557522123894, "-2|21": 0.008849557522123894, "27|28": 0.008849557522123894, "5|16": 0.008849557522123894, "13|13": 0.008849557522123894, "27|15": 0.008849557522123894, "25|16": 0.017699115044247787, "-4|21": 0.008849557522123894, "-6|15": 0.008849557522123894, "1|23": 0.008849557522123894, "26|1": 0.008849557522123894, "13|17": 0.008849557522123894, "22|4": 0.017699115044247787, "23|10": 0.008849557522123894, "-7|17": 0.008849557522123894, "-1|13": 0.008849557522123894, "-1|2": 0.008849557522123894, "0|6": 0.008849557522123894, "-34|8": 0.008849557522123894, "-20|15": 0.008849557522123894, "-33|19": 0.008849557522123894, "29|11": 0.008849557522123894, "-6|25": 0.008849557522123894, "-20|11": 0.008849557522123894, "-39|0": 0.008849557522123894, "4|10": 0.008849557522123894, "26|16": 0.008849557522123894, "25|15": 0.008849557522123894, "-21|7": 0.008849557522123894,