{"ASSIST": 0.20118343195266272, "BLOCK": 0.17894736842105263, "FG_ARC_3_ATTEMPT": 0.3675, "FG_ARC_3_BLOCK": 0.005, "FG_ARC_3_MADE": 0.3129251700680272, "FG_ARC_3_MADE_FOUL": 0.0, "FG_AT_RIM_ATTEMPT": 0.27520435967302453, "FG_AT_RIM_BLOCK": 0.04087193460490463, "FG_AT_RIM_MADE": 0.5445544554455446, "FG_AT_RIM_MADE_FOUL": 0.005449591280653951, "FG_CORNER_3_ATTEMPT": 0.23076923076923078, "FG_CORNER_3_BLOCK": 0.0, "FG_CORNER_3_MADE": 0.5151515151515151, "FG_CORNER_3_MADE_FOUL": 0.0, "FG_LONG_MID_RANGE_ATTEMPT": 0.41333333333333333, "FG_LONG_MID_RANGE_BLOCK": 0.0, "FG_LONG_MID_RANGE_MADE": 0.3387096774193548, "FG_LONG_MID_RANGE_MADE_FOUL": 0.0, "FG_SHORT_MID_RANGE_ATTEMPT": 0.3247232472324723, "FG_SHORT_MID_RANGE_BLOCK": 0.025830258302583026, "FG_SHORT_MID_RANGE_MADE": 0.32954545454545453, "FG_SHORT_MID_RANGE_MADE_FOUL": 0.0036900369003690036, "FG_XY": {"ARC_3": {"206|143": 0.006802721088435374, "-230|97": 0.006802721088435374, "-189|168": 0.006802721088435374, "81|247": 0.006802721088435374, "150|216": 0.006802721088435374, "211|146": 0.006802721088435374, "-64|266": 0.006802721088435374, "159|194": 0.006802721088435374, "-28|245": 0.006802721088435374, "119|215": 0.006802721088435374, "212|190": 0.006802721088435374, "-162|227": 0.006802721088435374, "20|256": 0.006802721088435374, "216|130": 0.006802721088435374, "233|110": 0.006802721088435374, "-194|468": 0.006802721088435374, "-43|263": 0.006802721088435374, "-98|224": 0.006802721088435374, "-174|190": 0.006802721088435374, "-64|246": 0.006802721088435374, "-94|249": 0.006802721088435374, "75|247": 0.006802721088435374, "-71|256": 0.006802721088435374, "228|95": 0.006802721088435374, "-120|226": 0.006802721088435374, "-82|372": 0.006802721088435374, "-157|200": 0.006802721088435374, "140|211": 0.006802721088435374, "11|261": 0.006802721088435374, "-60|245": 0.006802721088435374, "-100|259": 0.006802721088435374, "94|257": 0.006802721088435374, "-145|252": 0.006802721088435374, "-213|149": 0.006802721088435374, "-93|237": 0.006802721088435374, "157|239": 0.006802721088435374, "-195|174": 0.006802721088435374, "-172|191": 0.006802721088435374, "-170|206": 0.006802721088435374, "-189|170": 0.006802721088435374, "-210|159": 0.006802721088435374, "130|218": 0.006802721088435374, "-195|184": 0.006802721088435374, "-189|164": 0.006802721088435374, "-192|181": 0.006802721088435374, "36|268": 0.006802721088435374, "-185|215": 0.006802721088435374, "0|278": 0.006802721088435374, "213|134": 0.006802721088435374, "53|251": 0.006802721088435374, "28|248": 0.006802721088435374, "-22|264": 0.006802721088435374, "-45|248": 0.006802721088435374, "-157|193": 0.006802721088435374, "225|88": 0.006802721088435374, "103|245": 0.006802721088435374, "199|143": 0.006802721088435374, "20|268": 0.006802721088435374, "-170|204": 0.006802721088435374, "45|247": 0.006802721088435374, "-135|222": 0.006802721088435374, "-113|233": 0.006802721088435374, "-163|196": 0.006802721088435374, "-87|247": 0.006802721088435374, "-134|252": 0.006802721088435374, "223|125": 0.006802721088435374, "83|236": 0.006802721088435374, "227|96": 0.006802721088435374, "158|220": 0.006802721088435374, "-135|225": 0.006802721088435374, "119|221": 0.006802721088435374, "9|257": 0.006802721088435374, "178|195": 0.006802721088435374, "186|198": 0.006802721088435374, "-176|182": 0.006802721088435374, "164|220": 0.006802721088435374, "-55|260": 0.006802721088435374, "217|146": 0.006802721088435374, "-104|251": 0.006802721088435374, "162|197": 0.006802721088435374, "45|263": 0.006802721088435374, "105|247": 0.006802721088435374, "192|207": 0.006802721088435374, "-213|165": 0.006802721088435374, "-168|205": 0.006802721088435374, "-113|213": 0.006802721088435374, "-188|166": 0.006802721088435374, "219|117": 0.006802721088435374, "156|248": 0.006802721088435374, "-113|224": 0.006802721088435374, "-129|235": 0.006802721088435374, "-229|128": 0.006802721088435374, "227|119": 0.006802721088435374, "114|227": 0.006802721088435374, "-36|250": 0.006802721088435374, "114|235": 0.006802721088435374, "-115|216": 0.006802721088435374, "180|178": 0.006802721088435374, "-216|127": 0.006802721088435374, "-199|159": 0.006802721088435374, "98|230": 0.006802721088435374, "-194|163": 0.006802721088435374, "150|201": 0.006802721088435374, "37|243": 0.006802721088435374, "91|237": 0.006802721088435374, "98|236": 0.006802721088435374, "-21|265": 0.006802721088435374, "-153|205": 0.006802721088435374, "194|184": 0.006802721088435374, "-48|267": 0.006802721088435374, "-123|238": 0.006802721088435374, "98|246": 0.006802721088435374, "-165|226": 0.006802721088435374, "-163|223": 0.006802721088435374, "207|169": 0.006802721088435374, "-157|249": 0.006802721088435374, "27|277": 0.006802721088435374, "190|205": 0.006802721088435374, "-135|230": 0.006802721088435374, "207|184": 0.006802721088435374, "-110|229": 0.006802721088435374, "203|172": 0.006802721088435374, "-31|262": 0.006802721088435374, "211|164": 0.006802721088435374, "-181|199": 0.006802721088435374, "-74|267": 0.006802721088435374, "-98|232": 0.006802721088435374, "112|239": 0.006802721088435374, "71|256": 0.006802721088435374, "85|240": 0.006802721088435374, "-108|237": 0.013605442176870748, "-214|145": 0.006802721088435374, "-205|159": 0.006802721088435374, "-80|260": 0.006802721088435374, "-154|196": 0.006802721088435374, "69|257": 0.006802721088435374, "-230|120": 0.006802721088435374, "-115|789": 0.006802721088435374, "61|248": 0.006802721088435374, "-28|262": 0.006802721088435374, "188|172": 0.006802721088435374, "197|164": 0.006802721088435374, "181|164": 0.006802721088435374, "116|240": 0.006802721088435374, "-146|209": 0.006802721088435374, "151|220": 0.006802721088435374}, "AT_RIM": {"-15|-6": 0.009900990099009901, "-16|4": 0.009900990099009901, "18|10": 0.019801980198019802, "4|21": 0.009900990099009901, "1|-7": 0.009900990099009901, "-7|3": 0.009900990099009901, "-10|10": 0.019801980198019802, "-6|16": 0.019801980198019802, "9|0": 0.009900990099009901, "34|1": 0.009900990099009901, "-32|17": 0.009900990099009901, "18|11": 0.009900990099009901, "5|12": 0.019801980198019802, "-6|2": 0.009900990099009901, "-26|18": 0.009900990099009901, "13|9": 0.019801980198019802, "23|17": 0.009900990099009901, "-18|9": 0.009900990099009901, "-6|19": 0.009900990099009901, "-6|8": 0.009900990099009901, "-21|1": 0.009900990099009901, "28|21": 0.009900990099009901, "22|10": 0.009900990099009901, "-11|20": 0.019801980198019802, "31|23": 0.009900990099009901, "-29|5": 0.009900990099009901, "-5|26": 0.009900990099009901, "20|24": 0.009900990099009901, "9|29": 0.009900990099009901, "7|30": 0.009900990099009901, "-13|8": 0.009900990099009901, "-13|29": 0.009900990099009901, "12|31": 0.009900990099009901, "-12|19": 0.009900990099009901, "5|6": 0.009900990099009901, "-15|3": 0.009900990099009901, "18|4": 0.009900990099009901, "27|20": 0.009900990099009901, "1|13": 0.009900990099009901, "21|12": 0.009900990099009901, "22|2": 0.009900990099009901, "-2|37": 0.009900990099009901, "-11|36": 0.019801980198019802, "-33|14": 0.009900990099009901, "13|22": 0.009900990099009901, "-13|15": 0.009900990099009901, "5|14": 0.009900990099009901, "28|10": 0.009900990099009901, "23|7": 0.009900990099009901, "-17|23": 0.009900990099009901, "-25|23": 0.009900990099009901, "-10|32": 0.009900990099009901, "23|11": 0.009900990099009901, "-22|15": 0.009900990099009901, "-7|2": 0.009900990099009901, "-25|21": 0.009900990099009901, "26|23": 0.009900990099009901, "-4|21": 0.009900990099009901, "13|17": 0.009900990099009901, "-9|14": 0.009900990099009901, "-12|11": 0.009900990099009901, "0|0": 0.0594059405940594, "11|18": 0.009900990099009901, "-5|6": 0.009900990099009901, "-6|12": 0.009900990099009901, "21|-1": 0.009900990099009901, "-13|-7": 0.009900990099009901, "1|1": 0.009900990099009901, "2|0": 0.009900990099009901, "1|6": 0.009900990099009901, "0|13": 0.009900990099009901, "-10|4": 0.009900990099009901, "-2|24": 0.009900990099009901,