{"ASSIST": 0.205607476635514, "BLOCK": 0.16666666666666666, "FG_ARC_3_ATTEMPT": 0.17482517482517482, "FG_ARC_3_BLOCK": 0.0, "FG_ARC_3_MADE": 0.36, "FG_ARC_3_MADE_FOUL": 0.0, "FG_AT_RIM_ATTEMPT": 0.22, "FG_AT_RIM_BLOCK": 0.03, "FG_AT_RIM_MADE": 0.5454545454545454, "FG_AT_RIM_MADE_FOUL": 0.02, "FG_CORNER_3_ATTEMPT": 0.21951219512195122, "FG_CORNER_3_BLOCK": 0.024390243902439025, "FG_CORNER_3_MADE": 0.0, "FG_CORNER_3_MADE_FOUL": 0.0, "FG_LONG_MID_RANGE_ATTEMPT": 0.16666666666666666, "FG_LONG_MID_RANGE_BLOCK": 0.0, "FG_LONG_MID_RANGE_MADE": 0.3333333333333333, "FG_LONG_MID_RANGE_MADE_FOUL": 0.0, "FG_SHORT_MID_RANGE_ATTEMPT": 0.18181818181818182, "FG_SHORT_MID_RANGE_BLOCK": 0.025974025974025976, "FG_SHORT_MID_RANGE_MADE": 0.5, "FG_SHORT_MID_RANGE_MADE_FOUL": 0.0, "FG_XY": {"ARC_3": {"60|251": 0.04, "61|244": 0.04, "-77|246": 0.04, "211|117": 0.04, "181|173": 0.04, "17|253": 0.04, "-129|227": 0.04, "-228|125": 0.04, "148|198": 0.04, "-49|240": 0.04, "42|332": 0.04, "-194|174": 0.04, "-208|142": 0.04, "-136|485": 0.04, "-1|266": 0.04, "-23|278": 0.04, "-161|233": 0.04, "33|251": 0.04, "15|260": 0.04, "228|124": 0.04, "141|232": 0.04, "-118|235": 0.04, "195|176": 0.04, "157|195": 0.04, "-218|128": 0.04}, "AT_RIM": {"-13|5": 0.045454545454545456, "9|34": 0.045454545454545456, "-15|8": 0.045454545454545456, "-5|20": 0.045454545454545456, "12|1": 0.045454545454545456, "-38|8": 0.045454545454545456, "20|23": 0.045454545454545456, "15|25": 0.045454545454545456, "29|13": 0.045454545454545456, "15|5": 0.045454545454545456, "-6|15": 0.045454545454545456, "0|2": 0.045454545454545456, "2|5": 0.045454545454545456, "-10|21": 0.045454545454545456, "26|8": 0.045454545454545456, "-10|17": 0.045454545454545456, "-7|22": 0.045454545454545456, "-12|4": 0.045454545454545456, "4|13": 0.045454545454545456, "-16|16": 0.045454545454545456, "-2|27": 0.045454545454545456, "-2|26": 0.045454545454545456}, "CORNER_3": {"229|22": 0.1111111111111111, "232|15": 0.1111111111111111, "-230|9": 0.1111111111111111, "224|37": 0.1111111111111111, "223|34": 0.1111111111111111, "233|73": 0.1111111111111111, "237|31": 0.1111111111111111, "-224|34": 0.1111111111111111, "-230|22": 0.1111111111111111}, "LONG_MID_RANGE": {"80|189": 0.1111111111111111, "-53|138": 0.1111111111111111, "169|22": 0.1111111111111111, "-26|175": 0.1111111111111111, "-99|162": 0.1111111111111111, "-97|155": 0.1111111111111111, "-33|201": 0.1111111111111111, "22|190": 0.1111111111111111, "113|138": 0.1111111111111111}, "SHORT_MID_RANGE": {"29|29": 0.07142857142857142, "-51|25": 0.07142857142857142, "38|126": 0.07142857142857142, "-118|32": 0.07142857142857142, "27|127": 0.07142857142857142, "59|6": 0.07142857142857142, "2|63": 0.07142857142857142, "28|47": 0.07142857142857142, "-100|14": 0.07142857142857142, "-40|52": 0.07142857142857142, "-69|63": 0.07142857142857142, "-39|125": 0.07142857142857142, "-109|-10": 0.07142857142857142, "0|50": 0.07142857142857142}}, "FOUL_AWAY_FROM_PLAY": 0.0, "FOULED_AWAY_FROM_PLAY": 0.0, "FOUL_CLEAR_PATH": 0.0, "FOULED_CLEAR_PATH": 0.0, "FOUL_COUNT_AS_PERSONAL": 0.2222222222222222, "FOULED_COUNT_AS_PERSONAL": 0.20930232558139536, "FOUL_COUNT_TOWARD_PENALTY": 0.2191780821917808, "FOULED_COUNT_TOWARD_PENALTY": 0.19480519480519481, "FOUL_DEFENSIVE_NON_SHOOTING": 0.15625, "FOULED_DEFENSIVE_NON_SHOOTING": 0.23255813953488372, "FOUL_DOUBLE": 0.0, "FOUL_TECHNICAL_DOUBLE": 0.0, "FOUL_FLAGRANT": 0.0, "FOULED_FLAGRANT": 0.0, "FOUL_FLAGRANT_1": 0.0, "FOULED_FLAGRANT_1": 0.0, "FOUL_FLAGRANT_2": 0.0, "FOULED_FLAGRANT_2": 0.0, "FOUL_INBOUND": 0.0, "FOULED_INBOUND": 0.0, "FOUL_LOOSE_BALL": 0.0, "FOULED_LOOSE_BALL": 1.0, "FOUL_OFFENSIVE_CHARGE": 0.2, "FOULED_OFFENSIVE_CHARGE": 0.5, "FOUL_OFFENSIVE_OTHER": 0.0, "FOULED_OFFENSIVE_OTHER": 0.0, "FOUL_OFFENSIVE_TOTAL": 0.25, "FOULED_OFFENSIVE_TOTAL": 0.375, "FOUL_PERSONAL": 0.18181818181818182, "FOULED_PERSONAL": 0.17142857142857143, "FOUL_PERSONAL_BLOCK": 0.0, "FOULED_PERSONAL_BLOCK": 0.0, "FOUL_PERSONAL_TAKE": 0.16666666666666666, "FOULED_PERSONAL_TAKE": 0.4, "FOUL_SHOOTING": 0.2682926829268293, "FOULED_SHOOTING": 0.14285714285714285, "FOUL_SHOOTING_BLOCK": 0.0, "FOULED_SHOOTING_BLOCK": 0.0, "FOUL_TECHNICAL": 0.0, "FT": 1.0, "REBOUND_DEFENSIVE": 0.11353711790393013, "REBOUND_OFFENSIVE": 0.012658227848101266, "STEAL": 0.2857142857142857, "SHOT_TYPE_ARC_3_OFFENSIVE": 0.344578313253012, "SHOT_TYPE_ARC_3_DEFENSIVE": 0.2630208333333333, "SHOT_TYPE_AT_RIM_OFFENSIVE": 0.24096385542168675, "SHOT_TYPE_AT_RIM_DEFENSIVE": 0.25, "SHOT_TYPE_CORNER_3_OFFENSIVE": 0.09879518072289156, "SHOT_TYPE_CORNER_3_DEFENSIVE": 0.08333333333333333, "SHOT_TYPE_LONG_MID_RANGE_OFFENSIVE": 0.13012048192771083, "SHOT_TYPE_LONG_MID_RANGE_DEFENSIVE": 0.13020833333333334, "SHOT_TYPE_SHORT_MID_RANGE_OFFENSIVE": 0.1855421686746988, "SHOT_TYPE_SHORT_MID_RANGE_DEFENSIVE": 0.2734375, "TURNOVER": 0.21739130434782608, "VIOLATION_DEFENSIVE_GOALTENDING": 0.0, "VIOLATION_DEFENSIVE_KICK_BALL": 0.0}