{"ASSIST": 0.2289156626506024, "BLOCK": 0.15384615384615385, "FG_ARC_3_ATTEMPT": 0.3221476510067114, "FG_ARC_3_BLOCK": 0.0, "FG_ARC_3_MADE": 0.25, "FG_ARC_3_MADE_FOUL": 0.0, "FG_AT_RIM_ATTEMPT": 0.14, "FG_AT_RIM_BLOCK": 0.01, "FG_AT_RIM_MADE": 0.6428571428571429, "FG_AT_RIM_MADE_FOUL": 0.0, "FG_CORNER_3_ATTEMPT": 0.21052631578947367, "FG_CORNER_3_BLOCK": 0.0, "FG_CORNER_3_MADE": 0.625, "FG_CORNER_3_MADE_FOUL": 0.0, "FG_LONG_MID_RANGE_ATTEMPT": 0.15151515151515152, "FG_LONG_MID_RANGE_BLOCK": 0.0, "FG_LONG_MID_RANGE_MADE": 0.6, "FG_LONG_MID_RANGE_MADE_FOUL": 0.0, "FG_SHORT_MID_RANGE_ATTEMPT": 0.23943661971830985, "FG_SHORT_MID_RANGE_BLOCK": 0.0, "FG_SHORT_MID_RANGE_MADE": 0.35294117647058826, "FG_SHORT_MID_RANGE_MADE_FOUL": 0.014084507042253521, "FG_XY": {"ARC_3": {"157|237": 0.020833333333333332, "-89|275": 0.020833333333333332, "145|215": 0.020833333333333332, "181|186": 0.020833333333333332, "141|210": 0.020833333333333332, "-169|239": 0.020833333333333332, "-145|226": 0.020833333333333332, "210|136": 0.020833333333333332, "189|154": 0.020833333333333332, "125|239": 0.020833333333333332, "-22|320": 0.020833333333333332, "105|244": 0.020833333333333332, "-184|168": 0.020833333333333332, "-134|210": 0.020833333333333332, "-134|236": 0.020833333333333332, "213|141": 0.020833333333333332, "208|174": 0.020833333333333332, "-72|245": 0.020833333333333332, "-40|268": 0.020833333333333332, "-218|114": 0.020833333333333332, "-132|241": 0.020833333333333332, "-221|148": 0.020833333333333332, "-196|164": 0.020833333333333332, "163|216": 0.020833333333333332, "-212|127": 0.020833333333333332, "-118|241": 0.020833333333333332, "-151|200": 0.020833333333333332, "137|210": 0.020833333333333332, "-99|243": 0.020833333333333332, "163|248": 0.020833333333333332, "-99|233": 0.020833333333333332, "-186|190": 0.020833333333333332, "-43|257": 0.020833333333333332, "-102|262": 0.020833333333333332, "12|291": 0.020833333333333332, "210|148": 0.020833333333333332, "-129|254": 0.020833333333333332, "-179|172": 0.020833333333333332, "-66|266": 0.020833333333333332, "124|214": 0.020833333333333332, "170|178": 0.020833333333333332, "-170|194": 0.020833333333333332, "9|263": 0.020833333333333332, "159|215": 0.020833333333333332, "131|222": 0.020833333333333332, "-108|240": 0.020833333333333332, "170|198": 0.020833333333333332, "-134|235": 0.020833333333333332}, "AT_RIM": {"1|33": 0.07142857142857142, "18|-5": 0.07142857142857142, "6|8": 0.07142857142857142, "-2|5": 0.07142857142857142, "11|12": 0.07142857142857142, "2|17": 0.07142857142857142, "-4|14": 0.07142857142857142, "11|10": 0.07142857142857142, "5|4": 0.07142857142857142, "25|16": 0.07142857142857142, "-2|3": 0.07142857142857142, "-20|17": 0.07142857142857142, "-13|3": 0.07142857142857142, "-5|1": 0.07142857142857142}, "CORNER_3": {"229|13": 0.125, "-224|29": 0.125, "232|11": 0.125, "227|44": 0.125, "-227|17": 0.125, "-227|-23": 0.125, "232|18": 0.125, "-233|-17": 0.125}, "LONG_MID_RANGE": {"-56|142": 0.2, "-148|105": 0.2, "-146|8": 0.2, "153|5": 0.2, "67|147": 0.2}, "SHORT_MID_RANGE": {"-43|5": 0.058823529411764705, "-32|46": 0.058823529411764705, "30|57": 0.058823529411764705, "47|113": 0.058823529411764705, "15|42": 0.058823529411764705, "12|109": 0.058823529411764705, "74|70": 0.058823529411764705, "1|135": 0.058823529411764705, "21|92": 0.058823529411764705, "76|96": 0.058823529411764705, "56|78": 0.058823529411764705, "77|116": 0.058823529411764705, "-61|61": 0.058823529411764705, "16|58": 0.058823529411764705, "-56|95": 0.058823529411764705, "-34|91": 0.058823529411764705, "-17|112": 0.058823529411764705}}, "FOUL_AWAY_FROM_PLAY": 0.0, "FOULED_AWAY_FROM_PLAY": 1.0, "FOUL_CLEAR_PATH": 0.0, "FOULED_CLEAR_PATH": 0.0, "FOUL_COUNT_AS_PERSONAL": 0.25, "FOULED_COUNT_AS_PERSONAL": 0.2077922077922078, "FOUL_COUNT_TOWARD_PENALTY": 0.24675324675324675, "FOULED_COUNT_TOWARD_PENALTY": 0.21621621621621623, "FOUL_DEFENSIVE_NON_SHOOTING": 0.38636363636363635, "FOULED_DEFENSIVE_NON_SHOOTING": 0.20689655172413793, "FOUL_DOUBLE": 0.0, "FOUL_TECHNICAL_DOUBLE": 0.0, "FOUL_FLAGRANT": 0.0, "FOULED_FLAGRANT": 0.0, "FOUL_FLAGRANT_1": 0.0, "FOULED_FLAGRANT_1": 0.0, "FOUL_FLAGRANT_2": 0.0, "FOULED_FLAGRANT_2": 0.0, "FOUL_INBOUND": 0.0, "FOULED_INBOUND": 0.0, "FOUL_LOOSE_BALL": 0.0, "FOULED_LOOSE_BALL": 0.0, "FOUL_OFFENSIVE_CHARGE": 0.3333333333333333, "FOULED_OFFENSIVE_CHARGE": 0.0, "FOUL_OFFENSIVE_OTHER": 0.0, "FOULED_OFFENSIVE_OTHER": 0.0, "FOUL_OFFENSIVE_TOTAL": 0.2857142857142857, "FOULED_OFFENSIVE_TOTAL": 0.0, "FOUL_PERSONAL": 0.25925925925925924, "FOULED_PERSONAL": 0.23529411764705882, "FOUL_PERSONAL_BLOCK": 0.0, "FOULED_PERSONAL_BLOCK": 0.0, "FOUL_PERSONAL_TAKE": 0.6153846153846154, "FOULED_PERSONAL_TAKE": 0.2857142857142857, "FOUL_SHOOTING": 0.06060606060606061, "FOULED_SHOOTING": 0.20454545454545456, "FOUL_SHOOTING_BLOCK": 0.0, "FOULED_SHOOTING_BLOCK": 0.0, "FOUL_TECHNICAL": 0.0, "FT": 0.8181818181818182, "REBOUND_DEFENSIVE": 0.07177033492822966, "REBOUND_OFFENSIVE": 0.02586206896551724, "STEAL": 0.32432432432432434, "SHOT_TYPE_ARC_3_OFFENSIVE": 0.38107416879795397, "SHOT_TYPE_ARC_3_DEFENSIVE": 0.32320441988950277, "SHOT_TYPE_AT_RIM_OFFENSIVE": 0.2557544757033248, "SHOT_TYPE_AT_RIM_DEFENSIVE": 0.20718232044198895, "SHOT_TYPE_CORNER_3_OFFENSIVE": 0.09718670076726342, "SHOT_TYPE_CORNER_3_DEFENSIVE": 0.11878453038674033, "SHOT_TYPE_LONG_MID_RANGE_OFFENSIVE": 0.08439897698209718, "SHOT_TYPE_LONG_MID_RANGE_DEFENSIVE": 0.1270718232044199, "SHOT_TYPE_SHORT_MID_RANGE_OFFENSIVE": 0.1815856777493606, "SHOT_TYPE_SHORT_MID_RANGE_DEFENSIVE": 0.22375690607734808, "TURNOVER": 0.06349206349206349, "VIOLATION_DEFENSIVE_GOALTENDING": 0.0, "VIOLATION_DEFENSIVE_KICK_BALL": 0.0}