{"ASSIST": 0.09090909090909091, "BLOCK": 0.43478260869565216, "FG_ARC_3_ATTEMPT": 0.10714285714285714, "FG_ARC_3_BLOCK": 0.0, "FG_ARC_3_MADE": 0.3333333333333333, "FG_ARC_3_MADE_FOUL": 0.0, "FG_AT_RIM_ATTEMPT": 0.11347517730496454, "FG_AT_RIM_BLOCK": 0.0, "FG_AT_RIM_MADE": 0.625, "FG_AT_RIM_MADE_FOUL": 0.0, "FG_CORNER_3_ATTEMPT": 0.17857142857142858, "FG_CORNER_3_BLOCK": 0.0, "FG_CORNER_3_MADE": 0.2, "FG_CORNER_3_MADE_FOUL": 0.0, "FG_LONG_MID_RANGE_ATTEMPT": 0.027777777777777776, "FG_LONG_MID_RANGE_BLOCK": 0.0, "FG_LONG_MID_RANGE_MADE": 1.0, "FG_LONG_MID_RANGE_MADE_FOUL": 0.0, "FG_SHORT_MID_RANGE_ATTEMPT": 0.053691275167785234, "FG_SHORT_MID_RANGE_BLOCK": 0.0, "FG_SHORT_MID_RANGE_MADE": 0.5, "FG_SHORT_MID_RANGE_MADE_FOUL": 0.0, "FG_XY": {"ARC_3": {"174|178": 0.05555555555555555, "-188|168": 0.05555555555555555, "152|210": 0.05555555555555555, "-2|252": 0.05555555555555555, "-183|207": 0.05555555555555555, "-132|221": 0.05555555555555555, "150|216": 0.05555555555555555, "105|230": 0.05555555555555555, "170|183": 0.05555555555555555, "210|142": 0.05555555555555555, "-210|157": 0.05555555555555555, "-154|230": 0.05555555555555555, "-206|147": 0.05555555555555555, "100|227": 0.05555555555555555, "188|210": 0.05555555555555555, "161|223": 0.05555555555555555, "-179|187": 0.05555555555555555, "-85|272": 0.05555555555555555}, "AT_RIM": {"5|-5": 0.0625, "32|21": 0.0625, "-28|22": 0.0625, "11|-6": 0.0625, "-12|24": 0.0625, "1|2": 0.0625, "-7|23": 0.0625, "-4|10": 0.0625, "-9|-8": 0.0625, "4|-18": 0.0625, "-1|8": 0.0625, "-12|23": 0.0625, "5|21": 0.0625, "4|1": 0.0625, "7|28": 0.0625, "0|0": 0.0625}, "CORNER_3": {"237|52": 0.1, "-224|0": 0.1, "225|36": 0.1, "221|80": 0.1, "225|7": 0.1, "-232|82": 0.1, "-227|69": 0.1, "-229|72": 0.1, "221|23": 0.1, "228|24": 0.1}, "LONG_MID_RANGE": {"-130|101": 0.5, "162|74": 0.5}, "SHORT_MID_RANGE": {"7|72": 0.125, "-123|44": 0.125, "71|42": 0.125, "85|47": 0.125, "-31|28": 0.125, "-87|67": 0.125, "26|34": 0.125, "21|35": 0.125}}, "FOUL_AWAY_FROM_PLAY": 0.0, "FOULED_AWAY_FROM_PLAY": 0.0, "FOUL_CLEAR_PATH": 0.0, "FOULED_CLEAR_PATH": 0.0, "FOUL_COUNT_AS_PERSONAL": 0.14935064935064934, "FOULED_COUNT_AS_PERSONAL": 0.05303030303030303, "FOUL_COUNT_TOWARD_PENALTY": 0.15492957746478872, "FOULED_COUNT_TOWARD_PENALTY": 0.025210084033613446, "FOUL_DEFENSIVE_NON_SHOOTING": 0.19402985074626866, "FOULED_DEFENSIVE_NON_SHOOTING": 0.01694915254237288, "FOUL_DOUBLE": 0.0, "FOUL_TECHNICAL_DOUBLE": 0.0, "FOUL_FLAGRANT": 0.0, "FOULED_FLAGRANT": 1.0, "FOUL_FLAGRANT_1": 0.0, "FOULED_FLAGRANT_1": 1.0, "FOUL_FLAGRANT_2": 0.0, "FOULED_FLAGRANT_2": 0.0, "FOUL_INBOUND": 0.0, "FOULED_INBOUND": 0.0, "FOUL_LOOSE_BALL": 0.0, "FOULED_LOOSE_BALL": 0.0, "FOUL_OFFENSIVE_CHARGE": 0.0, "FOULED_OFFENSIVE_CHARGE": 0.0, "FOUL_OFFENSIVE_OTHER": 0.0, "FOULED_OFFENSIVE_OTHER": 0.0, "FOUL_OFFENSIVE_TOTAL": 0.08333333333333333, "FOULED_OFFENSIVE_TOTAL": 0.3076923076923077, "FOUL_PERSONAL": 0.24, "FOULED_PERSONAL": 0.0, "FOUL_PERSONAL_BLOCK": 0.0, "FOULED_PERSONAL_BLOCK": 0.0, "FOUL_PERSONAL_TAKE": 0.0, "FOULED_PERSONAL_TAKE": 0.0, "FOUL_SHOOTING": 0.12, "FOULED_SHOOTING": 0.03389830508474576, "FOUL_SHOOTING_BLOCK": 0.0, "FOULED_SHOOTING_BLOCK": 0.0, "FOUL_TECHNICAL": 0.0, "FT": 1.0, "REBOUND_DEFENSIVE": 0.07396449704142012, "REBOUND_OFFENSIVE": 0.025, "STEAL": 0.4189189189189189, "SHOT_TYPE_ARC_3_OFFENSIVE": 0.28668941979522183, "SHOT_TYPE_ARC_3_DEFENSIVE": 0.2582781456953642, "SHOT_TYPE_AT_RIM_OFFENSIVE": 0.24061433447098976, "SHOT_TYPE_AT_RIM_DEFENSIVE": 0.32450331125827814, "SHOT_TYPE_CORNER_3_OFFENSIVE": 0.09556313993174062, "SHOT_TYPE_CORNER_3_DEFENSIVE": 0.09437086092715231, "SHOT_TYPE_LONG_MID_RANGE_OFFENSIVE": 0.12286689419795221, "SHOT_TYPE_LONG_MID_RANGE_DEFENSIVE": 0.11258278145695365, "SHOT_TYPE_SHORT_MID_RANGE_OFFENSIVE": 0.25426621160409557, "SHOT_TYPE_SHORT_MID_RANGE_DEFENSIVE": 0.21026490066225165, "TURNOVER": 0.13978494623655913, "VIOLATION_DEFENSIVE_GOALTENDING": 0.0, "VIOLATION_DEFENSIVE_KICK_BALL": 0.0}