{"ASSIST": 0.22866894197952217, "BLOCK": 0.027777777777777776, "FG_ARC_3_ATTEMPT": 0.3535714285714286, "FG_ARC_3_BLOCK": 0.0035714285714285713, "FG_ARC_3_MADE": 0.35353535353535354, "FG_ARC_3_MADE_FOUL": 0.0035714285714285713, "FG_AT_RIM_ATTEMPT": 0.2196078431372549, "FG_AT_RIM_BLOCK": 0.0196078431372549, "FG_AT_RIM_MADE": 0.7678571428571429, "FG_AT_RIM_MADE_FOUL": 0.00784313725490196, "FG_CORNER_3_ATTEMPT": 0.19230769230769232, "FG_CORNER_3_BLOCK": 0.015384615384615385, "FG_CORNER_3_MADE": 0.36, "FG_CORNER_3_MADE_FOUL": 0.007692307692307693, "FG_LONG_MID_RANGE_ATTEMPT": 0.4603174603174603, "FG_LONG_MID_RANGE_BLOCK": 0.03968253968253968, "FG_LONG_MID_RANGE_MADE": 0.46551724137931033, "FG_LONG_MID_RANGE_MADE_FOUL": 0.0, "FG_SHORT_MID_RANGE_ATTEMPT": 0.3310580204778157, "FG_SHORT_MID_RANGE_BLOCK": 0.040955631399317405, "FG_SHORT_MID_RANGE_MADE": 0.4329896907216495, "FG_SHORT_MID_RANGE_MADE_FOUL": 0.017064846416382253, "FG_XY": {"ARC_3": {"176|183": 0.010101010101010102, "-185|200": 0.010101010101010102, "77|248": 0.010101010101010102, "89|304": 0.010101010101010102, "115|225": 0.010101010101010102, "146|215": 0.010101010101010102, "-124|228": 0.010101010101010102, "13|252": 0.010101010101010102, "168|169": 0.010101010101010102, "-142|205": 0.010101010101010102, "100|248": 0.010101010101010102, "-1|272": 0.010101010101010102, "65|281": 0.010101010101010102, "165|191": 0.010101010101010102, "212|132": 0.010101010101010102, "-85|244": 0.010101010101010102, "-1|258": 0.010101010101010102, "200|165": 0.010101010101010102, "141|224": 0.010101010101010102, "-70|256": 0.010101010101010102, "-16|243": 0.010101010101010102, "-20|258": 0.010101010101010102, "206|137": 0.010101010101010102, "156|205": 0.010101010101010102, "67|248": 0.010101010101010102, "-224|109": 0.010101010101010102, "-190|200": 0.010101010101010102, "-118|248": 0.010101010101010102, "-134|236": 0.010101010101010102, "-188|176": 0.010101010101010102, "99|230": 0.010101010101010102, "113|247": 0.010101010101010102, "61|256": 0.010101010101010102, "9|268": 0.010101010101010102, "-112|235": 0.010101010101010102, "-75|241": 0.010101010101010102, "11|264": 0.010101010101010102, "-105|233": 0.010101010101010102, "-210|160": 0.010101010101010102, "-157|210": 0.010101010101010102, "21|257": 0.010101010101010102, "-235|94": 0.010101010101010102, "-76|257": 0.010101010101010102, "-142|233": 0.010101010101010102, "136|213": 0.010101010101010102, "230|131": 0.010101010101010102, "169|199": 0.010101010101010102, "210|155": 0.010101010101010102, "-222|113": 0.010101010101010102, "-194|155": 0.010101010101010102, "-64|257": 0.010101010101010102, "36|248": 0.010101010101010102, "-216|136": 0.010101010101010102, "134|239": 0.010101010101010102, "87|231": 0.010101010101010102, "-167|211": 0.010101010101010102, "118|240": 0.010101010101010102, "208|155": 0.010101010101010102, "165|190": 0.010101010101010102, "132|232": 0.010101010101010102, "-116|230": 0.010101010101010102, "17|261": 0.010101010101010102, "132|239": 0.010101010101010102, "-114|235": 0.010101010101010102, "-80|236": 0.010101010101010102, "208|682": 0.010101010101010102, "-180|183": 0.010101010101010102, "-13|259": 0.010101010101010102, "-120|247": 0.010101010101010102, "141|216": 0.010101010101010102, "-164|199": 0.010101010101010102, "210|140": 0.010101010101010102, "-16|267": 0.010101010101010102, "-152|221": 0.010101010101010102, "-219|131": 0.010101010101010102, "-15|266": 0.010101010101010102, "199|174": 0.010101010101010102, "-163|199": 0.010101010101010102, "137|204": 0.010101010101010102, "-27|448": 0.010101010101010102, "-172|195": 0.010101010101010102, "183|388": 0.010101010101010102, "-12|303": 0.010101010101010102, "-216|145": 0.010101010101010102, "34|277": 0.010101010101010102, "-110|232": 0.010101010101010102, "-102|257": 0.010101010101010102, "-202|164": 0.010101010101010102, "-202|174": 0.010101010101010102, "180|183": 0.010101010101010102, "188|181": 0.010101010101010102, "164|186": 0.010101010101010102, "-134|257": 0.010101010101010102, "-105|280": 0.010101010101010102, "-23|251": 0.010101010101010102, "181|163": 0.010101010101010102, "-216|138": 0.010101010101010102, "217|109": 0.010101010101010102, "-7|261": 0.010101010101010102}, "AT_RIM": {"-15|15": 0.017857142857142856, "13|30": 0.017857142857142856, "4|30": 0.017857142857142856, "-28|18": 0.017857142857142856, "16|1": 0.017857142857142856, "-15|13": 0.017857142857142856, "4|10": 0.017857142857142856, "-6|14": 0.017857142857142856, "18|10": 0.017857142857142856, "-2|10": 0.03571428571428571, "1|10": 0.017857142857142856, "-34|17": 0.017857142857142856, "7|17": 0.017857142857142856, "-9|4": 0.017857142857142856, "12|8": 0.017857142857142856, "-7|8": 0.017857142857142856, "7|11": 0.017857142857142856, "6|10": 0.017857142857142856, "0|0": 0.017857142857142856, "13|27": 0.017857142857142856, "-20|21": 0.017857142857142856, "0|3": 0.017857142857142856, "2|-4": 0.017857142857142856, "-21|5": 0.017857142857142856, "-18|11": 0.017857142857142856, "0|14": 0.017857142857142856, "7|25": 0.017857142857142856, "-12|25": 0.03571428571428571, "11|7": 0.017857142857142856, "23|13": 0.017857142857142856, "-27|22": 0.017857142857142856, "-36|15": 0.017857142857142856, "-1|10": 0.017857142857142856, "16|4": 0.017857142857142856, "-9|14": 0.017857142857142856, "10|13": 0.017857142857142856, "9|12": 0.017857142857142856, "-5|12": 0.017857142857142856, "-4|27": 0.017857142857142856, "23|12": 0.017857142857142856, "-6|16": 0.017857142857142856, "27|-2": 0.017857142857142856, "28|19": 0.017857142857142856, "-15|5": 0.017857142857142856, "-15|-1": 0.017857142857142856, "20|0": 0.017857142857142856, "1|-4": 0.017857142857142856, "-5|11": 0.017857142857142856, "11|9": 0.017857142857142856, "27|13": 0.017857142857142856, "-17|32": 0.017857142857142856, "-23|18": 0.017857142857142856, "27|18": 0.017857142857142856, "2|29": 0.017857142857142856}, "CORNER_3": {"228|23": 0.04, "-241|10": 0.04, "-235|16": 0.04, "-235|-8": 0.04, "-229|15": 0.04, "238|14": 0.04, "-232|-11": 0.04, "-230|52": 0.04, "-225|57": 0.04, "229|34": 0.04, "-235|-11": 0.04, "-237|27": 0.04, "223|33": 0.04, "-239|68": 0.04, "-228|64": 0.04, "-228|-18": 0.04, "227|5": 0.04, "-235|24": 0.04, "227|53": 0.04, "-238|20": 0.04, "227|25": 0.04, "235|25": 0.04, "235|68": 0.04, "224|65": 0.04, "234|53": 0.04}, "LONG_MID_RANGE": {"151|126": 0.017241379310344827, "-140|17": 0.017241379310344827, "-179|17": 0.017241379310344827, "-4|164": 0.017241379310344827, "-54|154": 0.017241379310344827, "134|58": 0.017241379310344827, "82|185": 0.017241379310344827, "145|106": 0.017241379310344827, "-148|2": 0.017241379310344827, "-61|206": 0.017241379310344827, "-86|125": 0.017241379310344827, "-116|147": 0.017241379310344827, "100|109": 0.017241379310344827, "146|30": 0.017241379310344827, "-16|159": 0.017241379310344827, "20|204": 0.017241379310344827, "116|182": 0.017241379310344827, "156|10": 0.017241379310344827, "-5|143": 0.017241379310344827, "-112|113": 0.017241379310344827, "-158|17": 0.017241379310344827, "-1|162": 0.017241379310344827, "83|161": 0.017241379310344827, "-89|152": 0.017241379310344827, "146|-15": 0.017241379310344827, "13|182": 0.017241379310344827, "116|134": 0.017241379310344827, "-87|124": 0.017241379310344827, "-182|27": 0.017241379310344827, "-201|32": 0.017241379310344827, "-145|110": 0.017241379310344827, "107|159": 0.017241379310344827, "153|55": 0.017241379310344827, "63|207": 0.017241379310344827, "-130|98": 0.017241379310344827, "-168|51": 0.017241379310344827, "-2|143": 0.017241379310344827, "170|34": 0.017241379310344827, "-145|14": 0.017241379310344827, "167|15": 0.017241379310344827, "184|-33": 0.017241379310344827, "-69|143": 0.017241379310344827, "91|210": 0.017241379310344827, "-150|153": 0.017241379310344827, "-163|-18": 0.017241379310344827, "-138|164": 0.017241379310344827, "1|164": 0.017241379310344827, "27|185": 0.017241379310344827, "-197|30": 0.017241379310344827, "110|163": 0.017241379310344827,