{"ASSIST": 0.2558139534883721, "BLOCK": 0.0, "FG_ARC_3_ATTEMPT": 0.2, "FG_ARC_3_BLOCK": 0.0, "FG_ARC_3_MADE": 0.23076923076923078, "FG_ARC_3_MADE_FOUL": 0.0, "FG_AT_RIM_ATTEMPT": 0.17647058823529413, "FG_AT_RIM_BLOCK": 0.058823529411764705, "FG_AT_RIM_MADE": 0.6666666666666666, "FG_AT_RIM_MADE_FOUL": 0.0, "FG_CORNER_3_ATTEMPT": 0.15384615384615385, "FG_CORNER_3_BLOCK": 0.038461538461538464, "FG_CORNER_3_MADE": 0.25, "FG_CORNER_3_MADE_FOUL": 0.0, "FG_LONG_MID_RANGE_ATTEMPT": 0.42857142857142855, "FG_LONG_MID_RANGE_BLOCK": 0.0, "FG_LONG_MID_RANGE_MADE": 0.6666666666666666, "FG_LONG_MID_RANGE_MADE_FOUL": 0.0, "FG_SHORT_MID_RANGE_ATTEMPT": 0.17857142857142858, "FG_SHORT_MID_RANGE_BLOCK": 0.0, "FG_SHORT_MID_RANGE_MADE": 0.4, "FG_SHORT_MID_RANGE_MADE_FOUL": 0.03571428571428571, "FG_XY": {"ARC_3": {"-137|217": 0.07692307692307693, "-214|125": 0.07692307692307693, "126|215": 0.07692307692307693, "-202|132": 0.07692307692307693, "-184|205": 0.07692307692307693, "-99|256": 0.07692307692307693, "131|232": 0.07692307692307693, "109|248": 0.07692307692307693, "-206|169": 0.07692307692307693, "-6|256": 0.07692307692307693, "-135|237": 0.07692307692307693, "232|101": 0.07692307692307693, "-108|230": 0.07692307692307693}, "AT_RIM": {"10|12": 0.16666666666666666, "31|-4": 0.16666666666666666, "33|11": 0.16666666666666666, "22|26": 0.16666666666666666, "17|7": 0.16666666666666666, "-28|4": 0.16666666666666666}, "CORNER_3": {"237|63": 0.25, "229|34": 0.25, "235|9": 0.25, "-227|62": 0.25}, "LONG_MID_RANGE": {"-74|153": 0.3333333333333333, "145|127": 0.3333333333333333, "163|69": 0.3333333333333333}, "SHORT_MID_RANGE": {"17|41": 0.2, "61|117": 0.2, "23|35": 0.2, "40|11": 0.2, "-56|28": 0.2}}, "FOUL_AWAY_FROM_PLAY": 0.0, "FOULED_AWAY_FROM_PLAY": 0.0, "FOUL_CLEAR_PATH": 0.0, "FOULED_CLEAR_PATH": 0.0, "FOUL_COUNT_AS_PERSONAL": 0.3170731707317073, "FOULED_COUNT_AS_PERSONAL": 0.15151515151515152, "FOUL_COUNT_TOWARD_PENALTY": 0.32432432432432434, "FOULED_COUNT_TOWARD_PENALTY": 0.034482758620689655, "FOUL_DEFENSIVE_NON_SHOOTING": 0.3333333333333333, "FOULED_DEFENSIVE_NON_SHOOTING": 0.0, "FOUL_DOUBLE": 0.0, "FOUL_TECHNICAL_DOUBLE": 0.0, "FOUL_FLAGRANT": 0.0, "FOULED_FLAGRANT": 0.0, "FOUL_FLAGRANT_1": 0.0, "FOULED_FLAGRANT_1": 0.0, "FOUL_FLAGRANT_2": 0.0, "FOULED_FLAGRANT_2": 0.0, "FOUL_INBOUND": 0.0, "FOULED_INBOUND": 0.0, "FOUL_LOOSE_BALL": 0.0, "FOULED_LOOSE_BALL": 0.0, "FOUL_OFFENSIVE_CHARGE": 1.0, "FOULED_OFFENSIVE_CHARGE": 1.0, "FOUL_OFFENSIVE_OTHER": 0.0, "FOULED_OFFENSIVE_OTHER": 0.0, "FOUL_OFFENSIVE_TOTAL": 0.25, "FOULED_OFFENSIVE_TOTAL": 1.0, "FOUL_PERSONAL": 0.42857142857142855, "FOULED_PERSONAL": 0.0, "FOUL_PERSONAL_BLOCK": 0.0, "FOULED_PERSONAL_BLOCK": 0.0, "FOUL_PERSONAL_TAKE": 0.25, "FOULED_PERSONAL_TAKE": 0.0, "FOUL_SHOOTING": 0.3125, "FOULED_SHOOTING": 0.0625, "FOUL_SHOOTING_BLOCK": 0.0, "FOULED_SHOOTING_BLOCK": 0.0, "FOUL_TECHNICAL": 0.0, "FT": 1.0, "REBOUND_DEFENSIVE": 0.06862745098039216, "REBOUND_OFFENSIVE": 0.031914893617021274, "STEAL": 0.2631578947368421, "SHOT_TYPE_ARC_3_OFFENSIVE": 0.40625, "SHOT_TYPE_ARC_3_DEFENSIVE": 0.27167630057803466, "SHOT_TYPE_AT_RIM_OFFENSIVE": 0.2125, "SHOT_TYPE_AT_RIM_DEFENSIVE": 0.23699421965317918, "SHOT_TYPE_CORNER_3_OFFENSIVE": 0.1625, "SHOT_TYPE_CORNER_3_DEFENSIVE": 0.15028901734104047, "SHOT_TYPE_LONG_MID_RANGE_OFFENSIVE": 0.04375, "SHOT_TYPE_LONG_MID_RANGE_DEFENSIVE": 0.10404624277456648, "SHOT_TYPE_SHORT_MID_RANGE_OFFENSIVE": 0.175, "SHOT_TYPE_SHORT_MID_RANGE_DEFENSIVE": 0.23699421965317918, "TURNOVER": 0.1794871794871795, "VIOLATION_DEFENSIVE_GOALTENDING": 0.0, "VIOLATION_DEFENSIVE_KICK_BALL": 0.0}