{"ASSIST": 0.04516129032258064, "BLOCK": 0.12, "FG_ARC_3_ATTEMPT": 0.13740458015267176, "FG_ARC_3_BLOCK": 0.0, "FG_ARC_3_MADE": 0.16666666666666666, "FG_ARC_3_MADE_FOUL": 0.0, "FG_AT_RIM_ATTEMPT": 0.10062893081761007, "FG_AT_RIM_BLOCK": 0.012578616352201259, "FG_AT_RIM_MADE": 0.5625, "FG_AT_RIM_MADE_FOUL": 0.006289308176100629, "FG_CORNER_3_ATTEMPT": 0.1956521739130435, "FG_CORNER_3_BLOCK": 0.0, "FG_CORNER_3_MADE": 0.1111111111111111, "FG_CORNER_3_MADE_FOUL": 0.0, "FG_LONG_MID_RANGE_ATTEMPT": 0.19767441860465115, "FG_LONG_MID_RANGE_BLOCK": 0.0, "FG_LONG_MID_RANGE_MADE": 0.17647058823529413, "FG_LONG_MID_RANGE_MADE_FOUL": 0.0, "FG_SHORT_MID_RANGE_ATTEMPT": 0.16129032258064516, "FG_SHORT_MID_RANGE_BLOCK": 0.01935483870967742, "FG_SHORT_MID_RANGE_MADE": 0.32, "FG_SHORT_MID_RANGE_MADE_FOUL": 0.0064516129032258064, "FG_XY": {"ARC_3": {"-28|242": 0.05555555555555555, "168|183": 0.05555555555555555, "-173|174": 0.05555555555555555, "203|174": 0.05555555555555555, "-224|132": 0.05555555555555555, "-151|257": 0.05555555555555555, "176|267": 0.05555555555555555, "146|204": 0.05555555555555555, "-7|248": 0.05555555555555555, "125|227": 0.05555555555555555, "5|256": 0.05555555555555555, "88|240": 0.05555555555555555, "-12|259": 0.05555555555555555, "143|218": 0.05555555555555555, "-190|233": 0.05555555555555555, "230|88": 0.05555555555555555, "-147|242": 0.05555555555555555, "118|227": 0.05555555555555555}, "AT_RIM": {"12|20": 0.0625, "0|6": 0.0625, "0|0": 0.125, "-6|1": 0.0625, "-25|13": 0.0625, "-29|16": 0.0625, "21|14": 0.0625, "27|13": 0.0625, "-26|27": 0.0625, "4|38": 0.0625, "-10|4": 0.0625, "15|15": 0.0625, "1|5": 0.0625, "-11|0": 0.0625, "-5|-8": 0.0625}, "CORNER_3": {"-240|41": 0.1111111111111111, "-232|7": 0.1111111111111111, "238|14": 0.1111111111111111, "-228|29": 0.1111111111111111, "225|9": 0.1111111111111111, "-237|-6": 0.1111111111111111, "238|34": 0.1111111111111111, "-237|8": 0.1111111111111111, "234|18": 0.1111111111111111}, "LONG_MID_RANGE": {"50|212": 0.058823529411764705, "-130|123": 0.058823529411764705, "148|157": 0.058823529411764705, "-80|178": 0.058823529411764705, "-164|18": 0.058823529411764705, "163|-12": 0.058823529411764705, "21|141": 0.058823529411764705, "70|152": 0.058823529411764705, "-176|88": 0.058823529411764705, "78|127": 0.058823529411764705, "28|192": 0.058823529411764705, "49|132": 0.058823529411764705, "-99|150": 0.058823529411764705, "-116|146": 0.058823529411764705, "88|183": 0.058823529411764705, "146|91": 0.058823529411764705, "148|9": 0.058823529411764705}, "SHORT_MID_RANGE": {"-53|74": 0.04, "85|-16": 0.04, "55|25": 0.04, "22|82": 0.04, "36|17": 0.04, "47|53": 0.04, "119|13": 0.04, "-1|74": 0.04, "-2|113": 0.04, "20|109": 0.04, "-39|63": 0.04, "-1|98": 0.04, "-91|26": 0.04, "-59|5": 0.04, "-97|68": 0.04, "-97|46": 0.04, "-54|99": 0.04, "98|73": 0.04, "-22|50": 0.04, "11|57": 0.04, "-115|-15": 0.04, "-31|58": 0.04, "40|47": 0.04, "21|93": 0.04, "-49|60": 0.04}}, "FOUL_AWAY_FROM_PLAY": 0.0, "FOULED_AWAY_FROM_PLAY": 0.0, "FOUL_CLEAR_PATH": 0.0, "FOULED_CLEAR_PATH": 0.0, "FOUL_COUNT_AS_PERSONAL": 0.2689075630252101, "FOULED_COUNT_AS_PERSONAL": 0.15789473684210525, "FOUL_COUNT_TOWARD_PENALTY": 0.2702702702702703, "FOULED_COUNT_TOWARD_PENALTY": 0.1271186440677966, "FOUL_DEFENSIVE_NON_SHOOTING": 0.28125, "FOULED_DEFENSIVE_NON_SHOOTING": 0.13846153846153847, "FOUL_DOUBLE": 0.0, "FOUL_TECHNICAL_DOUBLE": 0.0, "FOUL_FLAGRANT": 0.0, "FOULED_FLAGRANT": 0.0, "FOUL_FLAGRANT_1": 0.0, "FOULED_FLAGRANT_1": 0.0, "FOUL_FLAGRANT_2": 0.0, "FOULED_FLAGRANT_2": 0.0, "FOUL_INBOUND": 0.0, "FOULED_INBOUND": 0.0, "FOUL_LOOSE_BALL": 0.0, "FOULED_LOOSE_BALL": 0.25, "FOUL_OFFENSIVE_CHARGE": 0.6666666666666666, "FOULED_OFFENSIVE_CHARGE": 0.0, "FOUL_OFFENSIVE_OTHER": 0.0, "FOULED_OFFENSIVE_OTHER": 0.0, "FOUL_OFFENSIVE_TOTAL": 0.25, "FOULED_OFFENSIVE_TOTAL": 0.4, "FOUL_PERSONAL": 0.3695652173913043, "FOULED_PERSONAL": 0.1320754716981132, "FOUL_PERSONAL_BLOCK": 0.0, "FOULED_PERSONAL_BLOCK": 0.0, "FOUL_PERSONAL_TAKE": 0.1111111111111111, "FOULED_PERSONAL_TAKE": 0.125, "FOUL_SHOOTING": 0.2608695652173913, "FOULED_SHOOTING": 0.11320754716981132, "FOUL_SHOOTING_BLOCK": 0.0, "FOULED_SHOOTING_BLOCK": 0.0, "FOUL_TECHNICAL": 0.125, "FT": 0.4, "REBOUND_DEFENSIVE": 0.08306709265175719, "REBOUND_OFFENSIVE": 0.012618296529968454, "STEAL": 0.2, "SHOT_TYPE_ARC_3_OFFENSIVE": 0.2270363951473137, "SHOT_TYPE_ARC_3_DEFENSIVE": 0.3287435456110155, "SHOT_TYPE_AT_RIM_OFFENSIVE": 0.2755632582322357, "SHOT_TYPE_AT_RIM_DEFENSIVE": 0.2857142857142857, "SHOT_TYPE_CORNER_3_OFFENSIVE": 0.07972270363951472, "SHOT_TYPE_CORNER_3_DEFENSIVE": 0.10154905335628227, "SHOT_TYPE_LONG_MID_RANGE_OFFENSIVE": 0.14904679376083188, "SHOT_TYPE_LONG_MID_RANGE_DEFENSIVE": 0.10154905335628227, "SHOT_TYPE_SHORT_MID_RANGE_OFFENSIVE": 0.268630849220104, "SHOT_TYPE_SHORT_MID_RANGE_DEFENSIVE": 0.18244406196213425, "TURNOVER": 0.18421052631578946, "VIOLATION_DEFENSIVE_GOALTENDING": 0.0, "VIOLATION_DEFENSIVE_KICK_BALL": 0.5}