{"ASSIST": 0.20689655172413793, "BLOCK": 0.14285714285714285, "FG_ARC_3_ATTEMPT": 0.3157894736842105, "FG_ARC_3_BLOCK": 0.0, "FG_ARC_3_MADE": 0.1111111111111111, "FG_ARC_3_MADE_FOUL": 0.0, "FG_AT_RIM_ATTEMPT": 0.2, "FG_AT_RIM_BLOCK": 0.05714285714285714, "FG_AT_RIM_MADE": 0.5, "FG_AT_RIM_MADE_FOUL": 0.014285714285714285, "FG_CORNER_3_ATTEMPT": 0.3181818181818182, "FG_CORNER_3_BLOCK": 0.0, "FG_CORNER_3_MADE": 0.2857142857142857, "FG_CORNER_3_MADE_FOUL": 0.0, "FG_LONG_MID_RANGE_ATTEMPT": 0.15, "FG_LONG_MID_RANGE_BLOCK": 0.0, "FG_LONG_MID_RANGE_MADE": 0.6666666666666666, "FG_LONG_MID_RANGE_MADE_FOUL": 0.0, "FG_SHORT_MID_RANGE_ATTEMPT": 0.21052631578947367, "FG_SHORT_MID_RANGE_BLOCK": 0.017543859649122806, "FG_SHORT_MID_RANGE_MADE": 0.5, "FG_SHORT_MID_RANGE_MADE_FOUL": 0.0, "FG_XY": {"ARC_3": {"-188|181": 0.05555555555555555, "-121|244": 0.05555555555555555, "-186|171": 0.05555555555555555, "163|209": 0.05555555555555555, "-212|152": 0.05555555555555555, "186|185": 0.05555555555555555, "191|167": 0.05555555555555555, "16|241": 0.05555555555555555, "-109|237": 0.05555555555555555, "26|269": 0.05555555555555555, "1|257": 0.05555555555555555, "161|200": 0.05555555555555555, "164|221": 0.05555555555555555, "-40|262": 0.05555555555555555, "-201|210": 0.05555555555555555, "172|192": 0.05555555555555555, "-192|156": 0.05555555555555555, "-188|173": 0.05555555555555555}, "AT_RIM": {"-9|24": 0.07142857142857142, "-1|20": 0.07142857142857142, "-32|7": 0.07142857142857142, "10|31": 0.07142857142857142, "12|4": 0.07142857142857142, "12|18": 0.07142857142857142, "4|25": 0.07142857142857142, "3|39": 0.07142857142857142, "-18|3": 0.07142857142857142, "-9|37": 0.07142857142857142, "31|22": 0.07142857142857142, "13|15": 0.07142857142857142, "-37|13": 0.07142857142857142, "15|8": 0.07142857142857142}, "CORNER_3": {"-232|31": 0.14285714285714285, "229|3": 0.14285714285714285, "229|-26": 0.14285714285714285, "-229|52": 0.14285714285714285, "-234|85": 0.14285714285714285, "-237|17": 0.14285714285714285, "-233|-3": 0.14285714285714285}, "LONG_MID_RANGE": {"-103|179": 0.16666666666666666, "1|149": 0.16666666666666666, "-47|204": 0.16666666666666666, "-65|155": 0.16666666666666666, "175|33": 0.16666666666666666, "23|203": 0.16666666666666666}, "SHORT_MID_RANGE": {"-28|93": 0.08333333333333333, "-6|51": 0.08333333333333333, "1|67": 0.08333333333333333, "-40|38": 0.08333333333333333, "65|88": 0.08333333333333333, "25|47": 0.08333333333333333, "-44|99": 0.08333333333333333, "-25|92": 0.08333333333333333, "-1|130": 0.08333333333333333, "-53|74": 0.08333333333333333, "-74|1": 0.08333333333333333, "9|47": 0.08333333333333333}}, "FOUL_AWAY_FROM_PLAY": 0.0, "FOULED_AWAY_FROM_PLAY": 0.0, "FOUL_CLEAR_PATH": 0.0, "FOULED_CLEAR_PATH": 0.0, "FOUL_COUNT_AS_PERSONAL": 0.20967741935483872, "FOULED_COUNT_AS_PERSONAL": 0.10204081632653061, "FOUL_COUNT_TOWARD_PENALTY": 0.2037037037037037, "FOULED_COUNT_TOWARD_PENALTY": 0.08695652173913043, "FOUL_DEFENSIVE_NON_SHOOTING": 0.19047619047619047, "FOULED_DEFENSIVE_NON_SHOOTING": 0.08, "FOUL_DOUBLE": 0.0, "FOUL_TECHNICAL_DOUBLE": 0.0, "FOUL_FLAGRANT": 0.0, "FOULED_FLAGRANT": 0.0, "FOUL_FLAGRANT_1": 0.0, "FOULED_FLAGRANT_1": 0.0, "FOUL_FLAGRANT_2": 0.0, "FOULED_FLAGRANT_2": 0.0, "FOUL_INBOUND": 0.0, "FOULED_INBOUND": 0.0, "FOUL_LOOSE_BALL": 0.0, "FOULED_LOOSE_BALL": 0.0, "FOUL_OFFENSIVE_CHARGE": 0.3333333333333333, "FOULED_OFFENSIVE_CHARGE": 0.0, "FOUL_OFFENSIVE_OTHER": 0.0, "FOULED_OFFENSIVE_OTHER": 0.0, "FOUL_OFFENSIVE_TOTAL": 0.25, "FOULED_OFFENSIVE_TOTAL": 0.3333333333333333, "FOUL_PERSONAL": 0.23529411764705882, "FOULED_PERSONAL": 0.125, "FOUL_PERSONAL_BLOCK": 0.0, "FOULED_PERSONAL_BLOCK": 0.0, "FOUL_PERSONAL_TAKE": 0.0, "FOULED_PERSONAL_TAKE": 0.0, "FOUL_SHOOTING": 0.21212121212121213, "FOULED_SHOOTING": 0.09523809523809523, "FOUL_SHOOTING_BLOCK": 0.0, "FOULED_SHOOTING_BLOCK": 0.0, "FOUL_TECHNICAL": 0.0, "FT": 0.3333333333333333, "REBOUND_DEFENSIVE": 0.14615384615384616, "REBOUND_OFFENSIVE": 0.007518796992481203, "STEAL": 0.043478260869565216, "SHOT_TYPE_ARC_3_OFFENSIVE": 0.23170731707317074, "SHOT_TYPE_ARC_3_DEFENSIVE": 0.2956521739130435, "SHOT_TYPE_AT_RIM_OFFENSIVE": 0.2845528455284553, "SHOT_TYPE_AT_RIM_DEFENSIVE": 0.32608695652173914, "SHOT_TYPE_CORNER_3_OFFENSIVE": 0.08943089430894309, "SHOT_TYPE_CORNER_3_DEFENSIVE": 0.09130434782608696, "SHOT_TYPE_LONG_MID_RANGE_OFFENSIVE": 0.16260162601626016, "SHOT_TYPE_LONG_MID_RANGE_DEFENSIVE": 0.08695652173913043, "SHOT_TYPE_SHORT_MID_RANGE_OFFENSIVE": 0.23170731707317074, "SHOT_TYPE_SHORT_MID_RANGE_DEFENSIVE": 0.2, "TURNOVER": 0.21621621621621623, "VIOLATION_DEFENSIVE_GOALTENDING": 0.0, "VIOLATION_DEFENSIVE_KICK_BALL": 0.0}