{"ASSIST": 0.0703125, "BLOCK": 0.06666666666666667, "FG_ARC_3_ATTEMPT": 0.037037037037037035, "FG_ARC_3_BLOCK": 0.0, "FG_ARC_3_MADE": 0.0, "FG_ARC_3_MADE_FOUL": 0.0, "FG_AT_RIM_ATTEMPT": 0.12244897959183673, "FG_AT_RIM_BLOCK": 0.04081632653061224, "FG_AT_RIM_MADE": 0.3333333333333333, "FG_AT_RIM_MADE_FOUL": 0.0, "FG_CORNER_3_ATTEMPT": 0.2962962962962963, "FG_CORNER_3_BLOCK": 0.018518518518518517, "FG_CORNER_3_MADE": 0.25, "FG_CORNER_3_MADE_FOUL": 0.0, "FG_LONG_MID_RANGE_ATTEMPT": 0.07228915662650602, "FG_LONG_MID_RANGE_BLOCK": 0.0, "FG_LONG_MID_RANGE_MADE": 0.3333333333333333, "FG_LONG_MID_RANGE_MADE_FOUL": 0.0, "FG_SHORT_MID_RANGE_ATTEMPT": 0.09900990099009901, "FG_SHORT_MID_RANGE_BLOCK": 0.009900990099009901, "FG_SHORT_MID_RANGE_MADE": 0.2, "FG_SHORT_MID_RANGE_MADE_FOUL": 0.0, "FG_XY": {"ARC_3": {"232|88": 0.16666666666666666, "-99|277": 0.16666666666666666, "170|211": 0.16666666666666666, "-162|205": 0.16666666666666666, "126|237": 0.16666666666666666, "165|215": 0.16666666666666666}, "AT_RIM": {"-9|3": 0.05555555555555555, "-13|16": 0.05555555555555555, "-22|15": 0.05555555555555555, "2|25": 0.05555555555555555, "-1|16": 0.05555555555555555, "7|6": 0.05555555555555555, "17|0": 0.05555555555555555, "-16|23": 0.05555555555555555, "16|22": 0.05555555555555555, "2|8": 0.05555555555555555, "-1|15": 0.05555555555555555, "5|-5": 0.05555555555555555, "-5|13": 0.05555555555555555, "27|19": 0.05555555555555555, "11|15": 0.05555555555555555, "-12|16": 0.05555555555555555, "-25|6": 0.05555555555555555, "-15|31": 0.05555555555555555}, "CORNER_3": {"223|40": 0.0625, "-234|-9": 0.0625, "-233|-1": 0.0625, "233|-21": 0.0625, "-232|12": 0.0625, "223|-1": 0.0625, "240|41": 0.0625, "223|28": 0.0625, "-232|10": 0.0625, "-229|15": 0.0625, "229|20": 0.0625, "-230|14": 0.0625, "227|83": 0.0625, "238|35": 0.0625, "228|15": 0.0625, "239|16": 0.0625}, "LONG_MID_RANGE": {"200|42": 0.16666666666666666, "-151|17": 0.16666666666666666, "-132|52": 0.16666666666666666, "113|174": 0.16666666666666666, "-76|122": 0.16666666666666666, "-201|57": 0.16666666666666666}, "SHORT_MID_RANGE": {"15|50": 0.1, "-137|25": 0.1, "43|27": 0.1, "-78|26": 0.1, "-48|90": 0.1, "-7|89": 0.1, "-28|89": 0.1, "4|62": 0.1, "89|18": 0.1, "-74|66": 0.1}}, "FOUL_AWAY_FROM_PLAY": 1.0, "FOULED_AWAY_FROM_PLAY": 0.0, "FOUL_CLEAR_PATH": 0.0, "FOULED_CLEAR_PATH": 0.0, "FOUL_COUNT_AS_PERSONAL": 0.18032786885245902, "FOULED_COUNT_AS_PERSONAL": 0.11504424778761062, "FOUL_COUNT_TOWARD_PENALTY": 0.205607476635514, "FOULED_COUNT_TOWARD_PENALTY": 0.09259259259259259, "FOUL_DEFENSIVE_NON_SHOOTING": 0.17073170731707318, "FOULED_DEFENSIVE_NON_SHOOTING": 0.10526315789473684, "FOUL_DOUBLE": 0.0, "FOUL_TECHNICAL_DOUBLE": 0.0, "FOUL_FLAGRANT": 0.0, "FOULED_FLAGRANT": 0.0, "FOUL_FLAGRANT_1": 0.0, "FOULED_FLAGRANT_1": 0.0, "FOUL_FLAGRANT_2": 0.0, "FOULED_FLAGRANT_2": 0.0, "FOUL_INBOUND": 0.0, "FOULED_INBOUND": 0.0, "FOUL_LOOSE_BALL": 0.0, "FOULED_LOOSE_BALL": 0.2, "FOUL_OFFENSIVE_CHARGE": 0.0, "FOULED_OFFENSIVE_CHARGE": 0.75, "FOUL_OFFENSIVE_OTHER": 0.0, "FOULED_OFFENSIVE_OTHER": 0.0, "FOUL_OFFENSIVE_TOTAL": 0.0, "FOULED_OFFENSIVE_TOTAL": 0.6, "FOUL_PERSONAL": 0.13333333333333333, "FOULED_PERSONAL": 0.09523809523809523, "FOUL_PERSONAL_BLOCK": 0.0, "FOULED_PERSONAL_BLOCK": 0.0, "FOUL_PERSONAL_TAKE": 0.25, "FOULED_PERSONAL_TAKE": 0.0, "FOUL_SHOOTING": 0.2153846153846154, "FOULED_SHOOTING": 0.08, "FOUL_SHOOTING_BLOCK": 0.0, "FOULED_SHOOTING_BLOCK": 0.0, "FOUL_TECHNICAL": 0.0, "FT": 0.6666666666666666, "REBOUND_DEFENSIVE": 0.10927152317880795, "REBOUND_OFFENSIVE": 0.04024767801857585, "STEAL": 0.17073170731707318, "SHOT_TYPE_ARC_3_OFFENSIVE": 0.2961608775137112, "SHOT_TYPE_ARC_3_DEFENSIVE": 0.3055028462998102, "SHOT_TYPE_AT_RIM_OFFENSIVE": 0.2687385740402194, "SHOT_TYPE_AT_RIM_DEFENSIVE": 0.24667931688804554, "SHOT_TYPE_CORNER_3_OFFENSIVE": 0.09872029250457039, "SHOT_TYPE_CORNER_3_DEFENSIVE": 0.10056925996204934, "SHOT_TYPE_LONG_MID_RANGE_OFFENSIVE": 0.15173674588665448, "SHOT_TYPE_LONG_MID_RANGE_DEFENSIVE": 0.11764705882352941, "SHOT_TYPE_SHORT_MID_RANGE_OFFENSIVE": 0.1846435100548446, "SHOT_TYPE_SHORT_MID_RANGE_DEFENSIVE": 0.22960151802656548, "TURNOVER": 0.0963855421686747, "VIOLATION_DEFENSIVE_GOALTENDING": 0.0, "VIOLATION_DEFENSIVE_KICK_BALL": 0.0}