{"ASSIST": 0.20725388601036268, "BLOCK": 0.05, "FG_ARC_3_ATTEMPT": 0.2779783393501805, "FG_ARC_3_BLOCK": 0.010830324909747292, "FG_ARC_3_MADE": 0.24675324675324675, "FG_ARC_3_MADE_FOUL": 0.0, "FG_AT_RIM_ATTEMPT": 0.16379310344827586, "FG_AT_RIM_BLOCK": 0.017241379310344827, "FG_AT_RIM_MADE": 0.6578947368421053, "FG_AT_RIM_MADE_FOUL": 0.008620689655172414, "FG_CORNER_3_ATTEMPT": 0.25, "FG_CORNER_3_BLOCK": 0.0, "FG_CORNER_3_MADE": 0.625, "FG_CORNER_3_MADE_FOUL": 0.0, "FG_LONG_MID_RANGE_ATTEMPT": 0.25301204819277107, "FG_LONG_MID_RANGE_BLOCK": 0.0, "FG_LONG_MID_RANGE_MADE": 0.42857142857142855, "FG_LONG_MID_RANGE_MADE_FOUL": 0.0, "FG_SHORT_MID_RANGE_ATTEMPT": 0.2601626016260163, "FG_SHORT_MID_RANGE_BLOCK": 0.0, "FG_SHORT_MID_RANGE_MADE": 0.625, "FG_SHORT_MID_RANGE_MADE_FOUL": 0.0, "FG_XY": {"ARC_3": {"-74|249": 0.012987012987012988, "146|200": 0.012987012987012988, "-136|211": 0.012987012987012988, "-214|134": 0.012987012987012988, "-148|239": 0.012987012987012988, "205|144": 0.012987012987012988, "115|230": 0.012987012987012988, "-127|232": 0.012987012987012988, "-81|240": 0.012987012987012988, "-140|235": 0.012987012987012988, "-158|201": 0.012987012987012988, "-120|224": 0.012987012987012988, "15|271": 0.012987012987012988, "27|256": 0.012987012987012988, "-173|210": 0.012987012987012988, "2|250": 0.012987012987012988, "132|240": 0.012987012987012988, "-200|146": 0.012987012987012988, "216|105": 0.012987012987012988, "-194|175": 0.012987012987012988, "-131|238": 0.012987012987012988, "-170|191": 0.012987012987012988, "-137|219": 0.012987012987012988, "-66|253": 0.012987012987012988, "-189|176": 0.012987012987012988, "11|279": 0.012987012987012988, "-37|286": 0.012987012987012988, "-126|219": 0.012987012987012988, "-108|242": 0.012987012987012988, "123|215": 0.012987012987012988, "-179|177": 0.012987012987012988, "-81|250": 0.012987012987012988, "-134|290": 0.012987012987012988, "-201|174": 0.012987012987012988, "9|265": 0.012987012987012988, "121|258": 0.012987012987012988, "-208|174": 0.012987012987012988, "-227|114": 0.012987012987012988, "-148|237": 0.012987012987012988, "-183|179": 0.012987012987012988, "192|163": 0.012987012987012988, "191|165": 0.012987012987012988, "-172|210": 0.012987012987012988, "-189|197": 0.012987012987012988, "113|240": 0.012987012987012988, "-217|115": 0.012987012987012988, "100|227": 0.012987012987012988, "40|263": 0.012987012987012988, "-221|115": 0.012987012987012988, "141|215": 0.012987012987012988, "-194|158": 0.012987012987012988, "-132|233": 0.012987012987012988, "-178|178": 0.012987012987012988, "-36|269": 0.012987012987012988, "-22|256": 0.012987012987012988, "-173|191": 0.012987012987012988, "97|235": 0.012987012987012988, "2|269": 0.012987012987012988, "64|252": 0.012987012987012988, "-154|214": 0.012987012987012988, "-176|585": 0.012987012987012988, "-141|209": 0.012987012987012988, "138|215": 0.012987012987012988, "-105|265": 0.012987012987012988, "-184|193": 0.012987012987012988, "28|273": 0.012987012987012988, "-201|165": 0.012987012987012988, "162|197": 0.012987012987012988, "-175|178": 0.012987012987012988, "-47|293": 0.012987012987012988, "165|257": 0.012987012987012988, "-146|236": 0.012987012987012988, "-102|234": 0.012987012987012988, "65|256": 0.012987012987012988, "91|230": 0.012987012987012988, "-100|263": 0.012987012987012988, "-89|298": 0.012987012987012988}, "AT_RIM": {"2|12": 0.02631578947368421, "-6|3": 0.02631578947368421, "-13|3": 0.02631578947368421, "-4|26": 0.02631578947368421, "1|-1": 0.02631578947368421, "7|38": 0.02631578947368421, "-5|18": 0.02631578947368421, "7|4": 0.02631578947368421, "12|14": 0.02631578947368421, "26|15": 0.02631578947368421, "18|10": 0.02631578947368421, "4|10": 0.02631578947368421, "9|3": 0.02631578947368421, "-10|14": 0.02631578947368421, "-7|14": 0.02631578947368421, "1|4": 0.02631578947368421, "0|-8": 0.02631578947368421, "-10|6": 0.02631578947368421, "-1|18": 0.02631578947368421, "-18|1": 0.02631578947368421, "0|0": 0.02631578947368421, "16|11": 0.02631578947368421, "23|22": 0.02631578947368421, "-4|31": 0.02631578947368421, "0|25": 0.02631578947368421, "5|5": 0.02631578947368421, "-5|26": 0.02631578947368421, "-7|25": 0.02631578947368421, "-1|17": 0.02631578947368421, "-37|9": 0.02631578947368421, "31|11": 0.02631578947368421, "23|23": 0.02631578947368421, "31|7": 0.02631578947368421, "-5|21": 0.02631578947368421, "-13|-4": 0.02631578947368421, "-17|7": 0.02631578947368421, "22|16": 0.02631578947368421, "2|4": 0.02631578947368421}, "CORNER_3": {"232|15": 0.0625, "238|73": 0.0625, "-234|35": 0.0625, "-224|38": 0.0625, "-230|6": 0.0625, "229|-3": 0.0625, "-229|70": 0.0625, "-238|10": 0.0625, "-230|20": 0.0625, "232|56": 0.0625, "-229|50": 0.0625, "-229|16": 0.0625, "-229|33": 0.0625, "-229|43": 0.0625, "230|11": 0.0625, "-230|63": 0.0625}, "LONG_MID_RANGE": {"74|136": 0.047619047619047616, "192|104": 0.047619047619047616, "141|79": 0.047619047619047616, "138|114": 0.047619047619047616, "-47|151": 0.047619047619047616, "129|134": 0.047619047619047616, "131|146": 0.047619047619047616, "136|160": 0.047619047619047616, "47|214": 0.047619047619047616, "-91|194": 0.047619047619047616, "-12|140": 0.047619047619047616, "196|60": 0.047619047619047616, "134|77": 0.047619047619047616, "10|167": 0.047619047619047616, "152|148": 0.047619047619047616, "65|189": 0.047619047619047616, "17|204": 0.047619047619047616, "-87|155": 0.047619047619047616, "64|174": 0.047619047619047616, "-162|92": 0.047619047619047616, "-145|111": 0.047619047619047616}, "SHORT_MID_RANGE": {"29|64": 0.03125, "-29|57": 0.03125, "2|83": 0.03125, "12|118": 0.03125, "-48|100": 0.03125, "6|45": 0.03125, "-44|120": 0.03125, "65|121": 0.03125, "-62|101": 0.03125, "-36|85": 0.03125, "2|79": 0.03125, "-49|40": 0.03125, "51|51": 0.03125, "-21|82": 0.03125, "-4|40": 0.03125, "-86|34": 0.03125, "17|36": 0.03125, "64|43": 0.03125, "6|79": 0.03125, "-69|78": 0.03125, "-6|104": 0.03125, "-1|74": 0.03125, "50|10": 0.03125, "62|91": 0.03125, "-48|39": 0.03125, "-12|46": 0.03125, "-23|58": 0.03125, "-36|35": 0.03125, "-77|-2": 0.03125, "-44|61": 0.03125, "48|17": 0.03125, "-2|126": 0.03125}}, "FOUL_AWAY_FROM_PLAY": 0.0, "FOULED_AWAY_FROM_PLAY": 0.0, "FOUL_CLEAR_PATH": 0.0, "FOULED_CLEAR_PATH": 0.0, "FOUL_COUNT_AS_PERSONAL": 0.16666666666666666, "FOULED_COUNT_AS_PERSONAL": 0.12195121951219512, "FOUL_COUNT_TOWARD_PENALTY": 0.1619718309859155, "FOULED_COUNT_TOWARD_PENALTY": 0.13333333333333333, "FOUL_DEFENSIVE_NON_SHOOTING": 0.12048192771084337, "FOULED_DEFENSIVE_NON_SHOOTING": 0.14285714285714285, "FOUL_DOUBLE": 0.0, "FOUL_TECHNICAL_DOUBLE": 0.0, "FOUL_FLAGRANT": 0.0, "FOULED_FLAGRANT": 0.0, "FOUL_FLAGRANT_1": 0.0, "FOULED_FLAGRANT_1": 0.0, "FOUL_FLAGRANT_2": 0.0, "FOULED_FLAGRANT_2": 0.0, "FOUL_INBOUND": 0.0, "FOULED_INBOUND": 0.0, "FOUL_LOOSE_BALL": 0.0, "FOULED_LOOSE_BALL": 0.0, "FOUL_OFFENSIVE_CHARGE": 0.2, "FOULED_OFFENSIVE_CHARGE": 0.0, "FOUL_OFFENSIVE_OTHER": 0.0, "FOULED_OFFENSIVE_OTHER": 0.0, "FOUL_OFFENSIVE_TOTAL": 0.2, "FOULED_OFFENSIVE_TOTAL": 0.0, "FOUL_PERSONAL": 0.12903225806451613, "FOULED_PERSONAL": 0.125, "FOUL_PERSONAL_BLOCK": 0.0, "FOULED_PERSONAL_BLOCK": 0.0, "FOUL_PERSONAL_TAKE": 0.2222222222222222, "FOULED_PERSONAL_TAKE": 0.3076923076923077, "FOUL_SHOOTING": 0.22033898305084745, "FOULED_SHOOTING": 0.12121212121212122, "FOUL_SHOOTING_BLOCK": 0.0, "FOULED_SHOOTING_BLOCK": 0.0, "FOUL_TECHNICAL": 0.0, "FT": 0.9473684210526315, "REBOUND_DEFENSIVE": 0.0966183574879227, "REBOUND_OFFENSIVE": 0.02528735632183908, "STEAL": 0.1388888888888889, "SHOT_TYPE_ARC_3_OFFENSIVE": 0.355584082156611, "SHOT_TYPE_ARC_3_DEFENSIVE": 0.29303547963206306, "SHOT_TYPE_AT_RIM_OFFENSIVE": 0.29781771501925547, "SHOT_TYPE_AT_RIM_DEFENSIVE": 0.32982917214191854, "SHOT_TYPE_CORNER_3_OFFENSIVE": 0.0821566110397946, "SHOT_TYPE_CORNER_3_DEFENSIVE": 0.12089356110381078, "SHOT_TYPE_LONG_MID_RANGE_OFFENSIVE": 0.10654685494223363, "SHOT_TYPE_LONG_MID_RANGE_DEFENSIVE": 0.09592641261498029,