{"ASSIST": 0.1044776119402985, "BLOCK": 0.4222222222222222, "FG_ARC_3_ATTEMPT": 0.16580310880829016, "FG_ARC_3_BLOCK": 0.0, "FG_ARC_3_MADE": 0.25, "FG_ARC_3_MADE_FOUL": 0.0, "FG_AT_RIM_ATTEMPT": 0.23125, "FG_AT_RIM_BLOCK": 0.03125, "FG_AT_RIM_MADE": 0.43243243243243246, "FG_AT_RIM_MADE_FOUL": 0.00625, "FG_CORNER_3_ATTEMPT": 0.07692307692307693, "FG_CORNER_3_BLOCK": 0.0, "FG_CORNER_3_MADE": 0.25, "FG_CORNER_3_MADE_FOUL": 0.0, "FG_LONG_MID_RANGE_ATTEMPT": 0.0, "FG_LONG_MID_RANGE_BLOCK": 0.0, "FG_LONG_MID_RANGE_MADE": 0.0, "FG_LONG_MID_RANGE_MADE_FOUL": 0.0, "FG_SHORT_MID_RANGE_ATTEMPT": 0.16831683168316833, "FG_SHORT_MID_RANGE_BLOCK": 0.019801980198019802, "FG_SHORT_MID_RANGE_MADE": 0.17647058823529413, "FG_SHORT_MID_RANGE_MADE_FOUL": 0.009900990099009901, "FG_XY": {"ARC_3": {"-1|252": 0.03125, "11|253": 0.03125, "138|211": 0.0625, "-54|251": 0.03125, "1|252": 0.03125, "-170|179": 0.03125, "53|239": 0.03125, "-127|214": 0.03125, "99|239": 0.03125, "-20|248": 0.03125, "38|249": 0.03125, "-25|251": 0.03125, "180|168": 0.03125, "27|251": 0.03125, "210|122": 0.03125, "137|225": 0.03125, "126|224": 0.03125, "189|337": 0.03125, "159|242": 0.03125, "120|239": 0.03125, "87|256": 0.03125, "191|153": 0.03125, "-97|251": 0.03125, "1|268": 0.03125, "-103|247": 0.03125, "115|223": 0.03125, "222|90": 0.03125, "28|243": 0.03125, "-16|250": 0.03125, "157|214": 0.03125, "-6|245": 0.03125}, "AT_RIM": {"-1|10": 0.02702702702702703, "1|15": 0.02702702702702703, "4|22": 0.02702702702702703, "-23|17": 0.02702702702702703, "0|0": 0.2702702702702703, "-21|21": 0.02702702702702703, "-1|-6": 0.02702702702702703, "-4|10": 0.02702702702702703, "-31|22": 0.02702702702702703, "-18|16": 0.02702702702702703, "25|5": 0.02702702702702703, "-15|34": 0.02702702702702703, "-5|21": 0.02702702702702703, "-10|16": 0.02702702702702703, "18|16": 0.02702702702702703, "28|15": 0.02702702702702703, "-2|22": 0.02702702702702703, "23|20": 0.02702702702702703, "-1|1": 0.02702702702702703, "5|-2": 0.02702702702702703, "-22|21": 0.02702702702702703, "-2|21": 0.02702702702702703, "1|30": 0.02702702702702703, "-2|20": 0.02702702702702703, "10|25": 0.02702702702702703, "-2|13": 0.02702702702702703, "2|20": 0.02702702702702703, "1|-11": 0.02702702702702703}, "CORNER_3": {"-233|-10": 0.25, "225|58": 0.25, "226|19": 0.25, "239|-4": 0.25}, "LONG_MID_RANGE": {}, "SHORT_MID_RANGE": {"23|38": 0.058823529411764705, "18|40": 0.058823529411764705, "-28|28": 0.058823529411764705, "54|27": 0.058823529411764705, "10|67": 0.058823529411764705, "13|84": 0.058823529411764705, "16|67": 0.058823529411764705, "64|29": 0.058823529411764705, "4|49": 0.058823529411764705, "45|11": 0.058823529411764705, "23|81": 0.058823529411764705, "-25|54": 0.058823529411764705, "-7|64": 0.058823529411764705, "74|66": 0.058823529411764705, "-23|49": 0.058823529411764705, "-1|110": 0.058823529411764705, "-6|40": 0.058823529411764705}}, "FOUL_AWAY_FROM_PLAY": 0.0, "FOULED_AWAY_FROM_PLAY": 0.0, "FOUL_CLEAR_PATH": 0.0, "FOULED_CLEAR_PATH": 0.0, "FOUL_COUNT_AS_PERSONAL": 0.3284671532846715, "FOULED_COUNT_AS_PERSONAL": 0.2897196261682243, "FOUL_COUNT_TOWARD_PENALTY": 0.336, "FOULED_COUNT_TOWARD_PENALTY": 0.3181818181818182, "FOUL_DEFENSIVE_NON_SHOOTING": 0.31746031746031744, "FOULED_DEFENSIVE_NON_SHOOTING": 0.1875, "FOUL_DOUBLE": 0.0, "FOUL_TECHNICAL_DOUBLE": 0.0, "FOUL_FLAGRANT": 0.0, "FOULED_FLAGRANT": 0.0, "FOUL_FLAGRANT_1": 0.0, "FOULED_FLAGRANT_1": 0.0, "FOUL_FLAGRANT_2": 0.0, "FOULED_FLAGRANT_2": 0.0, "FOUL_INBOUND": 0.0, "FOULED_INBOUND": 0.0, "FOUL_LOOSE_BALL": 0.0, "FOULED_LOOSE_BALL": 0.25, "FOUL_OFFENSIVE_CHARGE": 0.0, "FOULED_OFFENSIVE_CHARGE": 0.25, "FOUL_OFFENSIVE_OTHER": 0.0, "FOULED_OFFENSIVE_OTHER": 0.0, "FOUL_OFFENSIVE_TOTAL": 0.2727272727272727, "FOULED_OFFENSIVE_TOTAL": 0.15789473684210525, "FOUL_PERSONAL": 0.3333333333333333, "FOULED_PERSONAL": 0.21212121212121213, "FOUL_PERSONAL_BLOCK": 0.0, "FOULED_PERSONAL_BLOCK": 0.0, "FOUL_PERSONAL_TAKE": 0.1111111111111111, "FOULED_PERSONAL_TAKE": 0.0, "FOUL_SHOOTING": 0.3548387096774194, "FOULED_SHOOTING": 0.48717948717948717, "FOUL_SHOOTING_BLOCK": 0.0, "FOULED_SHOOTING_BLOCK": 0.0, "FOUL_TECHNICAL": 0.0, "FT": 0.7352941176470589, "REBOUND_DEFENSIVE": 0.1449814126394052, "REBOUND_OFFENSIVE": 0.07530120481927711, "STEAL": 0.18333333333333332, "SHOT_TYPE_ARC_3_OFFENSIVE": 0.3567467652495379, "SHOT_TYPE_ARC_3_DEFENSIVE": 0.2916666666666667, "SHOT_TYPE_AT_RIM_OFFENSIVE": 0.2957486136783734, "SHOT_TYPE_AT_RIM_DEFENSIVE": 0.3, "SHOT_TYPE_CORNER_3_OFFENSIVE": 0.09611829944547134, "SHOT_TYPE_CORNER_3_DEFENSIVE": 0.13541666666666666, "SHOT_TYPE_LONG_MID_RANGE_OFFENSIVE": 0.06469500924214418, "SHOT_TYPE_LONG_MID_RANGE_DEFENSIVE": 0.06875, "SHOT_TYPE_SHORT_MID_RANGE_OFFENSIVE": 0.1866913123844732, "SHOT_TYPE_SHORT_MID_RANGE_DEFENSIVE": 0.20416666666666666, "TURNOVER": 0.16470588235294117, "VIOLATION_DEFENSIVE_GOALTENDING": 0.0, "VIOLATION_DEFENSIVE_KICK_BALL": 0.25}