{"ASSIST": 0.4161290322580645, "BLOCK": 0.06944444444444445, "FG_ARC_3_ATTEMPT": 0.3310104529616725, "FG_ARC_3_BLOCK": 0.0, "FG_ARC_3_MADE": 0.47368421052631576, "FG_ARC_3_MADE_FOUL": 0.0, "FG_AT_RIM_ATTEMPT": 0.41274238227146814, "FG_AT_RIM_BLOCK": 0.04986149584487535, "FG_AT_RIM_MADE": 0.6912751677852349, "FG_AT_RIM_MADE_FOUL": 0.013850415512465374, "FG_CORNER_3_ATTEMPT": 0.24390243902439024, "FG_CORNER_3_BLOCK": 0.0, "FG_CORNER_3_MADE": 0.8, "FG_CORNER_3_MADE_FOUL": 0.0, "FG_LONG_MID_RANGE_ATTEMPT": 0.25, "FG_LONG_MID_RANGE_BLOCK": 0.0, "FG_LONG_MID_RANGE_MADE": 0.47368421052631576, "FG_LONG_MID_RANGE_MADE_FOUL": 0.0, "FG_SHORT_MID_RANGE_ATTEMPT": 0.4591194968553459, "FG_SHORT_MID_RANGE_BLOCK": 0.05660377358490566, "FG_SHORT_MID_RANGE_MADE": 0.4863013698630137, "FG_SHORT_MID_RANGE_MADE_FOUL": 0.0031446540880503146, "FG_XY": {"ARC_3": {"-36|248": 0.010526315789473684, "104|229": 0.010526315789473684, "2|260": 0.010526315789473684, "-218|127": 0.010526315789473684, "2|257": 0.010526315789473684, "119|215": 0.010526315789473684, "-48|260": 0.010526315789473684, "153|211": 0.010526315789473684, "-125|215": 0.010526315789473684, "-26|253": 0.010526315789473684, "140|277": 0.010526315789473684, "119|263": 0.010526315789473684, "-89|229": 0.010526315789473684, "197|144": 0.010526315789473684, "141|235": 0.010526315789473684, "18|413": 0.010526315789473684, "102|240": 0.010526315789473684, "-55|247": 0.010526315789473684, "100|232": 0.010526315789473684, "233|110": 0.010526315789473684, "-181|260": 0.010526315789473684, "-77|251": 0.010526315789473684, "39|248": 0.010526315789473684, "47|250": 0.010526315789473684, "142|223": 0.010526315789473684, "-152|230": 0.010526315789473684, "-22|265": 0.010526315789473684, "-43|290": 0.010526315789473684, "-186|177": 0.010526315789473684, "-55|278": 0.010526315789473684, "96|272": 0.010526315789473684, "129|229": 0.010526315789473684, "-148|209": 0.010526315789473684, "103|240": 0.010526315789473684, "-218|136": 0.010526315789473684, "82|237": 0.010526315789473684, "88|245": 0.010526315789473684, "97|240": 0.010526315789473684, "102|241": 0.010526315789473684, "-36|257": 0.010526315789473684, "-1|248": 0.010526315789473684, "206|294": 0.010526315789473684, "-125|226": 0.010526315789473684, "-188|189": 0.010526315789473684, "146|214": 0.010526315789473684, "-201|157": 0.010526315789473684, "125|225": 0.010526315789473684, "196|164": 0.010526315789473684, "145|219": 0.010526315789473684, "98|229": 0.010526315789473684, "-32|304": 0.010526315789473684, "-39|258": 0.010526315789473684, "153|228": 0.010526315789473684, "87|247": 0.010526315789473684, "118|236": 0.010526315789473684, "-75|236": 0.010526315789473684, "109|273": 0.010526315789473684, "-223|105": 0.010526315789473684, "-150|228": 0.010526315789473684, "-163|194": 0.010526315789473684, "-77|242": 0.010526315789473684, "130|213": 0.010526315789473684, "-50|248": 0.010526315789473684, "-140|249": 0.010526315789473684, "-162|237": 0.010526315789473684, "-200|151": 0.010526315789473684, "-170|198": 0.010526315789473684, "-205|171": 0.010526315789473684, "98|235": 0.010526315789473684, "72|257": 0.010526315789473684, "-15|246": 0.010526315789473684, "6|277": 0.010526315789473684, "-70|264": 0.010526315789473684, "-80|262": 0.010526315789473684, "-176|190": 0.010526315789473684, "140|215": 0.010526315789473684, "83|237": 0.010526315789473684, "-136|221": 0.010526315789473684, "-12|247": 0.010526315789473684, "147|211": 0.010526315789473684, "-203|145": 0.010526315789473684, "148|292": 0.010526315789473684, "69|254": 0.010526315789473684, "-179|194": 0.010526315789473684, "135|226": 0.010526315789473684, "-126|210": 0.010526315789473684, "104|226": 0.010526315789473684, "-135|213": 0.010526315789473684, "146|199": 0.010526315789473684, "152|201": 0.010526315789473684, "218|120": 0.010526315789473684, "-185|182": 0.010526315789473684, "-110|224": 0.010526315789473684, "-165|182": 0.010526315789473684, "-16|247": 0.010526315789473684}, "AT_RIM": {"6|21": 0.006711409395973154, "1|9": 0.006711409395973154, "11|9": 0.006711409395973154, "4|4": 0.006711409395973154, "-16|1": 0.006711409395973154, "7|37": 0.006711409395973154, "-12|6": 0.006711409395973154, "-1|17": 0.006711409395973154, "15|16": 0.006711409395973154, "0|4": 0.006711409395973154, "-9|15": 0.013422818791946308, "-9|10": 0.006711409395973154, "-10|-1": 0.006711409395973154, "-12|29": 0.006711409395973154, "-9|-1": 0.006711409395973154, "-4|2": 0.006711409395973154, "-5|6": 0.013422818791946308, "5|-1": 0.006711409395973154, "0|6": 0.006711409395973154, "12|10": 0.006711409395973154, "-5|31": 0.006711409395973154, "-20|1": 0.006711409395973154, "-7|17": 0.006711409395973154, "-7|16": 0.006711409395973154, "2|25": 0.006711409395973154, "5|13": 0.006711409395973154, "-4|1": 0.013422818791946308, "-6|18": 0.006711409395973154, "4|28": 0.006711409395973154, "-7|22": 0.006711409395973154, "-18|33": 0.006711409395973154, "-9|22": 0.006711409395973154, "-20|17": 0.006711409395973154, "2|17": 0.006711409395973154, "-2|16": 0.006711409395973154, "-11|20": 0.006711409395973154, "1|29": 0.006711409395973154, "6|38": 0.006711409395973154, "2|31": 0.006711409395973154, "-7|0": 0.013422818791946308, "1|13": 0.006711409395973154, "-1|3": 0.006711409395973154, "-9|9": 0.006711409395973154, "13|10": 0.006711409395973154, "-4|20": 0.006711409395973154, "12|32": 0.006711409395973154, "-31|6": 0.006711409395973154, "2|22": 0.006711409395973154, "27|10": 0.006711409395973154, "1|0": 0.006711409395973154, "6|31": 0.006711409395973154, "0|17": 0.006711409395973154, "-15|15": 0.006711409395973154, "16|-6": 0.006711409395973154, "-5|-4": 0.006711409395973154, "-2|37": 0.006711409395973154, "-5|-3": 0.006711409395973154, "11|6": 0.013422818791946308, "-4|8": 0.013422818791946308, "-11|6": 0.006711409395973154, "0|0": 0.020134228187919462, "2|11": 0.006711409395973154, "7|7": 0.006711409395973154, "-5|16": 0.006711409395973154, "-1|-5": 0.006711409395973154, "9|1": 0.006711409395973154, "-21|16": 0.006711409395973154, "0|19": 0.006711409395973154, "18|21": 0.006711409395973154, "-21|6": 0.006711409395973154, "4|25": 0.006711409395973154, "-11|34": 0.006711409395973154, "-22|7": 0.006711409395973154, "-27|27": 0.006711409395973154, "-7|5": 0.006711409395973154, "-23|15": 0.006711409395973154, "-21|17": 0.006711409395973154, "-1|4": 0.006711409395973154, "-29|20": 0.006711409395973154, "-13|8": 0.006711409395973154, "-27|16": 0.006711409395973154, "-13|11": 0.006711409395973154, "5|21": 0.006711409395973154, "4|5": 0.006711409395973154, "-6|13": 0.013422818791946308, "-1|5": 0.006711409395973154, "-6|5": 0.006711409395973154, "1|5": 0.006711409395973154, "1|-1": 0.006711409395973154, "-5|11": 0.006711409395973154, "7|22": 0.006711409395973154, "-2|-3": 0.006711409395973154, "17|10": 0.006711409395973154, "-2|17": 0.006711409395973154, "-22|11": 0.006711409395973154, "1|4": 0.006711409395973154, "9|16": 0.006711409395973154, "-4|15": 0.006711409395973154, "-2|29": 0.006711409395973154, "7|29": 0.006711409395973154, "25|20": 0.006711409395973154, "21|20": 0.006711409395973154, "-25|6": 0.006711409395973154, "20|19": 0.006711409395973154, "-1|15": 0.006711409395973154, "2|0": 0.006711409395973154, "-6|0": 0.006711409395973154, "-15|33": 0.006711409395973154, "1|7": 0.006711409395973154, "-1|2": 0.006711409395973154, "-2|5": 0.006711409395973154, "-7|4": 0.006711409395973154, "17|6": 0.006711409395973154, "-17|19": 0.006711409395973154, "-1|-1": 0.006711409395973154, "-16|10": 0.006711409395973154, "-1|6": 0.006711409395973154, "-9|5": 0.006711409395973154, "-25|25": 0.006711409395973154, "9|14": 0.006711409395973154, "6|8": 0.006711409395973154, "10|30": 0.006711409395973154, "-2|4": 0.006711409395973154, "5|19": 0.006711409395973154, "-6|25": 0.006711409395973154, "33|18": 0.006711409395973154, "16|7": 0.006711409395973154, "-13|23": 0.006711409395973154, "-27|1": 0.006711409395973154, "-23|6": 0.006711409395973154,