{"ASSIST": 0.22602739726027396, "BLOCK": 0.0967741935483871, "FG_ARC_3_ATTEMPT": 0.09565217391304348, "FG_ARC_3_BLOCK": 0.004347826086956522, "FG_ARC_3_MADE": 0.4090909090909091, "FG_ARC_3_MADE_FOUL": 0.0, "FG_AT_RIM_ATTEMPT": 0.18719211822660098, "FG_AT_RIM_BLOCK": 0.014778325123152709, "FG_AT_RIM_MADE": 0.6052631578947368, "FG_AT_RIM_MADE_FOUL": 0.0049261083743842365, "FG_CORNER_3_ATTEMPT": 0.26865671641791045, "FG_CORNER_3_BLOCK": 0.0, "FG_CORNER_3_MADE": 0.2777777777777778, "FG_CORNER_3_MADE_FOUL": 0.0, "FG_LONG_MID_RANGE_ATTEMPT": 0.19298245614035087, "FG_LONG_MID_RANGE_BLOCK": 0.0, "FG_LONG_MID_RANGE_MADE": 0.36363636363636365, "FG_LONG_MID_RANGE_MADE_FOUL": 0.0, "FG_SHORT_MID_RANGE_ATTEMPT": 0.15584415584415584, "FG_SHORT_MID_RANGE_BLOCK": 0.0, "FG_SHORT_MID_RANGE_MADE": 0.4583333333333333, "FG_SHORT_MID_RANGE_MADE_FOUL": 0.0, "FG_XY": {"ARC_3": {"115|230": 0.045454545454545456, "-180|168": 0.045454545454545456, "-43|269": 0.045454545454545456, "-208|130": 0.045454545454545456, "-83|374": 0.045454545454545456, "142|226": 0.045454545454545456, "-7|395": 0.045454545454545456, "158|189": 0.045454545454545456, "-97|241": 0.045454545454545456, "213|152": 0.045454545454545456, "164|191": 0.045454545454545456, "-15|270": 0.045454545454545456, "150|223": 0.045454545454545456, "150|214": 0.045454545454545456, "-210|167": 0.045454545454545456, "185|194": 0.045454545454545456, "217|141": 0.045454545454545456, "-107|267": 0.045454545454545456, "189|178": 0.045454545454545456, "-186|184": 0.045454545454545456, "-69|242": 0.045454545454545456, "17|289": 0.045454545454545456}, "AT_RIM": {"-22|0": 0.02631578947368421, "6|14": 0.02631578947368421, "11|9": 0.02631578947368421, "-1|16": 0.02631578947368421, "-21|32": 0.02631578947368421, "12|8": 0.02631578947368421, "-7|0": 0.02631578947368421, "-1|18": 0.02631578947368421, "0|22": 0.02631578947368421, "11|10": 0.02631578947368421, "0|18": 0.02631578947368421, "7|25": 0.02631578947368421, "-23|27": 0.02631578947368421, "11|16": 0.02631578947368421, "-25|19": 0.02631578947368421, "5|14": 0.02631578947368421, "0|0": 0.05263157894736842, "26|13": 0.02631578947368421, "18|29": 0.02631578947368421, "-16|-1": 0.02631578947368421, "7|5": 0.05263157894736842, "4|-5": 0.02631578947368421, "-12|22": 0.02631578947368421, "2|18": 0.02631578947368421, "-12|-10": 0.02631578947368421, "-2|10": 0.02631578947368421, "21|-6": 0.02631578947368421, "6|28": 0.02631578947368421, "6|33": 0.02631578947368421, "26|20": 0.02631578947368421, "-1|4": 0.02631578947368421, "9|17": 0.02631578947368421, "10|1": 0.02631578947368421, "-25|17": 0.02631578947368421, "-15|8": 0.02631578947368421, "5|17": 0.02631578947368421}, "CORNER_3": {"-223|27": 0.05555555555555555, "-228|75": 0.05555555555555555, "228|-10": 0.05555555555555555, "-230|-16": 0.05555555555555555, "-229|3": 0.05555555555555555, "-227|-13": 0.05555555555555555, "-232|46": 0.05555555555555555, "228|74": 0.05555555555555555, "-224|3": 0.05555555555555555, "-233|33": 0.05555555555555555, "224|2": 0.05555555555555555, "-229|4": 0.05555555555555555, "240|63": 0.05555555555555555, "-228|21": 0.05555555555555555, "-229|-19": 0.05555555555555555, "234|62": 0.05555555555555555, "225|27": 0.05555555555555555, "232|47": 0.05555555555555555}, "LONG_MID_RANGE": {"147|150": 0.09090909090909091, "-164|38": 0.09090909090909091, "69|157": 0.09090909090909091, "185|57": 0.09090909090909091, "77|125": 0.09090909090909091, "107|203": 0.09090909090909091, "-154|-10": 0.09090909090909091, "-154|-6": 0.09090909090909091, "105|125": 0.09090909090909091, "-61|171": 0.09090909090909091, "159|-15": 0.09090909090909091}, "SHORT_MID_RANGE": {"38|31": 0.041666666666666664, "28|67": 0.041666666666666664, "36|30": 0.041666666666666664, "-25|67": 0.041666666666666664, "-53|99": 0.041666666666666664, "64|94": 0.041666666666666664, "1|126": 0.041666666666666664, "54|11": 0.041666666666666664, "26|71": 0.041666666666666664, "15|80": 0.041666666666666664, "15|54": 0.041666666666666664, "43|16": 0.041666666666666664, "-64|57": 0.041666666666666664, "70|89": 0.041666666666666664, "70|34": 0.041666666666666664, "-21|63": 0.041666666666666664, "70|37": 0.041666666666666664, "-45|68": 0.041666666666666664, "18|50": 0.041666666666666664, "-37|74": 0.041666666666666664, "-20|49": 0.041666666666666664, "-136|24": 0.041666666666666664, "99|15": 0.041666666666666664, "60|14": 0.041666666666666664}}, "FOUL_AWAY_FROM_PLAY": 0.0, "FOULED_AWAY_FROM_PLAY": 0.0, "FOUL_CLEAR_PATH": 0.0, "FOULED_CLEAR_PATH": 0.0, "FOUL_COUNT_AS_PERSONAL": 0.2037037037037037, "FOULED_COUNT_AS_PERSONAL": 0.18666666666666668, "FOUL_COUNT_TOWARD_PENALTY": 0.19727891156462585, "FOULED_COUNT_TOWARD_PENALTY": 0.16058394160583941, "FOUL_DEFENSIVE_NON_SHOOTING": 0.1724137931034483, "FOULED_DEFENSIVE_NON_SHOOTING": 0.15789473684210525, "FOUL_DOUBLE": 0.0, "FOUL_TECHNICAL_DOUBLE": 0.0, "FOUL_FLAGRANT": 0.0, "FOULED_FLAGRANT": 0.0, "FOUL_FLAGRANT_1": 0.0, "FOULED_FLAGRANT_1": 0.0, "FOUL_FLAGRANT_2": 0.0, "FOULED_FLAGRANT_2": 0.0, "FOUL_INBOUND": 0.0, "FOULED_INBOUND": 0.0, "FOUL_LOOSE_BALL": 0.0, "FOULED_LOOSE_BALL": 0.36363636363636365, "FOUL_OFFENSIVE_CHARGE": 0.25, "FOULED_OFFENSIVE_CHARGE": 0.7142857142857143, "FOUL_OFFENSIVE_OTHER": 0.0, "FOULED_OFFENSIVE_OTHER": 0.0, "FOUL_OFFENSIVE_TOTAL": 0.26666666666666666, "FOULED_OFFENSIVE_TOTAL": 0.46153846153846156, "FOUL_PERSONAL": 0.14285714285714285, "FOULED_PERSONAL": 0.11764705882352941, "FOUL_PERSONAL_BLOCK": 0.0, "FOULED_PERSONAL_BLOCK": 0.0, "FOUL_PERSONAL_TAKE": 0.09523809523809523, "FOULED_PERSONAL_TAKE": 0.08333333333333333, "FOUL_SHOOTING": 0.23333333333333334, "FOULED_SHOOTING": 0.16455696202531644, "FOUL_SHOOTING_BLOCK": 0.0, "FOULED_SHOOTING_BLOCK": 0.0, "FOUL_TECHNICAL": 0.0, "FT": 0.5714285714285714, "REBOUND_DEFENSIVE": 0.11547911547911548, "REBOUND_OFFENSIVE": 0.045871559633027525, "STEAL": 0.21311475409836064, "SHOT_TYPE_ARC_3_OFFENSIVE": 0.3234880450070324, "SHOT_TYPE_ARC_3_DEFENSIVE": 0.30935251798561153, "SHOT_TYPE_AT_RIM_OFFENSIVE": 0.28551336146272854, "SHOT_TYPE_AT_RIM_DEFENSIVE": 0.23453237410071942, "SHOT_TYPE_CORNER_3_OFFENSIVE": 0.09423347398030943, "SHOT_TYPE_CORNER_3_DEFENSIVE": 0.1223021582733813, "SHOT_TYPE_LONG_MID_RANGE_OFFENSIVE": 0.08016877637130802, "SHOT_TYPE_LONG_MID_RANGE_DEFENSIVE": 0.11366906474820145, "SHOT_TYPE_SHORT_MID_RANGE_OFFENSIVE": 0.21659634317862167, "SHOT_TYPE_SHORT_MID_RANGE_DEFENSIVE": 0.22014388489208633, "TURNOVER": 0.1282051282051282, "VIOLATION_DEFENSIVE_GOALTENDING": 0.0, "VIOLATION_DEFENSIVE_KICK_BALL": 0.25}