{"ASSIST": 0.05434782608695652, "BLOCK": 0.48, "FG_ARC_3_ATTEMPT": 0.0594059405940594, "FG_ARC_3_BLOCK": 0.0, "FG_ARC_3_MADE": 0.16666666666666666, "FG_ARC_3_MADE_FOUL": 0.0, "FG_AT_RIM_ATTEMPT": 0.1984732824427481, "FG_AT_RIM_BLOCK": 0.03816793893129771, "FG_AT_RIM_MADE": 0.4230769230769231, "FG_AT_RIM_MADE_FOUL": 0.007633587786259542, "FG_CORNER_3_ATTEMPT": 0.04081632653061224, "FG_CORNER_3_BLOCK": 0.0, "FG_CORNER_3_MADE": 0.5, "FG_CORNER_3_MADE_FOUL": 0.0, "FG_LONG_MID_RANGE_ATTEMPT": 0.11363636363636363, "FG_LONG_MID_RANGE_BLOCK": 0.0, "FG_LONG_MID_RANGE_MADE": 0.0, "FG_LONG_MID_RANGE_MADE_FOUL": 0.0, "FG_SHORT_MID_RANGE_ATTEMPT": 0.17333333333333334, "FG_SHORT_MID_RANGE_BLOCK": 0.02666666666666667, "FG_SHORT_MID_RANGE_MADE": 0.23076923076923078, "FG_SHORT_MID_RANGE_MADE_FOUL": 0.0, "FG_XY": {"ARC_3": {"7|265": 0.16666666666666666, "-134|233": 0.16666666666666666, "216|371": 0.16666666666666666, "54|263": 0.16666666666666666, "143|216": 0.16666666666666666, "-199|151": 0.16666666666666666}, "AT_RIM": {"12|7": 0.038461538461538464, "0|0": 0.34615384615384615, "1|6": 0.038461538461538464, "18|-4": 0.038461538461538464, "6|6": 0.038461538461538464, "18|6": 0.038461538461538464, "-15|9": 0.038461538461538464, "25|20": 0.038461538461538464, "-2|6": 0.038461538461538464, "0|14": 0.038461538461538464, "15|18": 0.038461538461538464, "-22|11": 0.038461538461538464, "-5|19": 0.038461538461538464, "-10|20": 0.038461538461538464, "-1|10": 0.038461538461538464, "27|16": 0.038461538461538464, "-20|23": 0.038461538461538464, "16|19": 0.038461538461538464}, "CORNER_3": {"-233|69": 0.5, "234|17": 0.5}, "LONG_MID_RANGE": {"70|202": 0.2, "-130|63": 0.2, "9|157": 0.2, "-130|151": 0.2, "127|155": 0.2}, "SHORT_MID_RANGE": {"-26|55": 0.07692307692307693, "-42|2": 0.07692307692307693, "-11|65": 0.07692307692307693, "87|26": 0.07692307692307693, "13|76": 0.07692307692307693, "45|50": 0.07692307692307693, "21|37": 0.07692307692307693, "-51|39": 0.07692307692307693, "37|16": 0.07692307692307693, "5|85": 0.07692307692307693, "-5|54": 0.07692307692307693, "47|31": 0.07692307692307693, "-47|26": 0.07692307692307693}}, "FOUL_AWAY_FROM_PLAY": 0.0, "FOULED_AWAY_FROM_PLAY": 0.0, "FOUL_CLEAR_PATH": 0.0, "FOULED_CLEAR_PATH": 0.0, "FOUL_COUNT_AS_PERSONAL": 0.3333333333333333, "FOULED_COUNT_AS_PERSONAL": 0.34782608695652173, "FOUL_COUNT_TOWARD_PENALTY": 0.2962962962962963, "FOULED_COUNT_TOWARD_PENALTY": 0.36585365853658536, "FOUL_DEFENSIVE_NON_SHOOTING": 0.28205128205128205, "FOULED_DEFENSIVE_NON_SHOOTING": 0.4, "FOUL_DOUBLE": 0.0, "FOUL_TECHNICAL_DOUBLE": 0.0, "FOUL_FLAGRANT": 0.0, "FOULED_FLAGRANT": 0.0, "FOUL_FLAGRANT_1": 0.0, "FOULED_FLAGRANT_1": 0.0, "FOUL_FLAGRANT_2": 0.0, "FOULED_FLAGRANT_2": 0.0, "FOUL_INBOUND": 0.0, "FOULED_INBOUND": 0.0, "FOUL_LOOSE_BALL": 0.0, "FOULED_LOOSE_BALL": 0.5, "FOUL_OFFENSIVE_CHARGE": 0.0, "FOULED_OFFENSIVE_CHARGE": 0.0, "FOUL_OFFENSIVE_OTHER": 0.0, "FOULED_OFFENSIVE_OTHER": 0.0, "FOUL_OFFENSIVE_TOTAL": 0.8333333333333334, "FOULED_OFFENSIVE_TOTAL": 0.2, "FOUL_PERSONAL": 0.30303030303030304, "FOULED_PERSONAL": 0.41379310344827586, "FOUL_PERSONAL_BLOCK": 0.0, "FOULED_PERSONAL_BLOCK": 0.0, "FOUL_PERSONAL_TAKE": 0.0, "FOULED_PERSONAL_TAKE": 0.25, "FOUL_SHOOTING": 0.30952380952380953, "FOULED_SHOOTING": 0.3404255319148936, "FOUL_SHOOTING_BLOCK": 0.0, "FOULED_SHOOTING_BLOCK": 0.0, "FOUL_TECHNICAL": 0.2, "FT": 0.7567567567567568, "REBOUND_DEFENSIVE": 0.17194570135746606, "REBOUND_OFFENSIVE": 0.096, "STEAL": 0.14285714285714285, "SHOT_TYPE_ARC_3_OFFENSIVE": 0.2525, "SHOT_TYPE_ARC_3_DEFENSIVE": 0.2832512315270936, "SHOT_TYPE_AT_RIM_OFFENSIVE": 0.3275, "SHOT_TYPE_AT_RIM_DEFENSIVE": 0.27586206896551724, "SHOT_TYPE_CORNER_3_OFFENSIVE": 0.1225, "SHOT_TYPE_CORNER_3_DEFENSIVE": 0.08866995073891626, "SHOT_TYPE_LONG_MID_RANGE_OFFENSIVE": 0.11, "SHOT_TYPE_LONG_MID_RANGE_DEFENSIVE": 0.1330049261083744, "SHOT_TYPE_SHORT_MID_RANGE_OFFENSIVE": 0.1875, "SHOT_TYPE_SHORT_MID_RANGE_DEFENSIVE": 0.21921182266009853, "TURNOVER": 0.14864864864864866, "VIOLATION_DEFENSIVE_GOALTENDING": 0.0, "VIOLATION_DEFENSIVE_KICK_BALL": 0.5}