{"ASSIST": 0.13253012048192772, "BLOCK": 0.11538461538461539, "FG_ARC_3_ATTEMPT": 0.07079646017699115, "FG_ARC_3_BLOCK": 0.008849557522123894, "FG_ARC_3_MADE": 0.625, "FG_ARC_3_MADE_FOUL": 0.0, "FG_AT_RIM_ATTEMPT": 0.15841584158415842, "FG_AT_RIM_BLOCK": 0.0297029702970297, "FG_AT_RIM_MADE": 0.375, "FG_AT_RIM_MADE_FOUL": 0.019801980198019802, "FG_CORNER_3_ATTEMPT": 0.16666666666666666, "FG_CORNER_3_BLOCK": 0.0, "FG_CORNER_3_MADE": 0.14285714285714285, "FG_CORNER_3_MADE_FOUL": 0.0, "FG_LONG_MID_RANGE_ATTEMPT": 0.0, "FG_LONG_MID_RANGE_BLOCK": 0.0, "FG_LONG_MID_RANGE_MADE": 0.0, "FG_LONG_MID_RANGE_MADE_FOUL": 0.0, "FG_SHORT_MID_RANGE_ATTEMPT": 0.0847457627118644, "FG_SHORT_MID_RANGE_BLOCK": 0.01694915254237288, "FG_SHORT_MID_RANGE_MADE": 0.4, "FG_SHORT_MID_RANGE_MADE_FOUL": 0.0, "FG_XY": {"ARC_3": {"-105|248": 0.125, "131|207": 0.125, "157|216": 0.125, "-217|126": 0.125, "-140|215": 0.125, "-174|176": 0.125, "83|242": 0.125, "-194|164": 0.125}, "AT_RIM": {"6|10": 0.0625, "4|33": 0.0625, "2|15": 0.0625, "2|16": 0.0625, "-2|31": 0.0625, "-7|1": 0.0625, "-9|15": 0.0625, "-23|6": 0.0625, "1|16": 0.0625, "-7|8": 0.0625, "0|0": 0.0625, "21|26": 0.0625, "-17|31": 0.0625, "-10|5": 0.0625, "-4|5": 0.0625, "-7|11": 0.0625}, "CORNER_3": {"230|33": 0.14285714285714285, "-233|16": 0.14285714285714285, "225|8": 0.14285714285714285, "229|41": 0.14285714285714285, "-229|-1": 0.14285714285714285, "-235|82": 0.14285714285714285, "-229|12": 0.14285714285714285}, "LONG_MID_RANGE": {}, "SHORT_MID_RANGE": {"-25|50": 0.2, "136|23": 0.2, "36|29": 0.2, "-36|30": 0.2, "-29|38": 0.2}}, "FOUL_AWAY_FROM_PLAY": 0.5, "FOULED_AWAY_FROM_PLAY": 0.0, "FOUL_CLEAR_PATH": 0.0, "FOULED_CLEAR_PATH": 0.0, "FOUL_COUNT_AS_PERSONAL": 0.2028985507246377, "FOULED_COUNT_AS_PERSONAL": 0.28378378378378377, "FOUL_COUNT_TOWARD_PENALTY": 0.23333333333333334, "FOULED_COUNT_TOWARD_PENALTY": 0.18333333333333332, "FOUL_DEFENSIVE_NON_SHOOTING": 0.24242424242424243, "FOULED_DEFENSIVE_NON_SHOOTING": 0.14285714285714285, "FOUL_DOUBLE": 0.0, "FOUL_TECHNICAL_DOUBLE": 0.0, "FOUL_FLAGRANT": 0.0, "FOULED_FLAGRANT": 1.0, "FOUL_FLAGRANT_1": 0.0, "FOULED_FLAGRANT_1": 1.0, "FOUL_FLAGRANT_2": 0.0, "FOULED_FLAGRANT_2": 0.0, "FOUL_INBOUND": 0.0, "FOULED_INBOUND": 0.0, "FOUL_LOOSE_BALL": 0.0, "FOULED_LOOSE_BALL": 0.0, "FOUL_OFFENSIVE_CHARGE": 0.0, "FOULED_OFFENSIVE_CHARGE": 0.6666666666666666, "FOUL_OFFENSIVE_OTHER": 0.0, "FOULED_OFFENSIVE_OTHER": 0.0, "FOUL_OFFENSIVE_TOTAL": 0.0, "FOULED_OFFENSIVE_TOTAL": 0.7142857142857143, "FOUL_PERSONAL": 0.25, "FOULED_PERSONAL": 0.16666666666666666, "FOUL_PERSONAL_BLOCK": 0.0, "FOULED_PERSONAL_BLOCK": 0.0, "FOUL_PERSONAL_TAKE": 0.0, "FOULED_PERSONAL_TAKE": 0.0, "FOUL_SHOOTING": 0.2, "FOULED_SHOOTING": 0.21875, "FOUL_SHOOTING_BLOCK": 0.0, "FOULED_SHOOTING_BLOCK": 0.0, "FOUL_TECHNICAL": 0.0, "FT": 0.5, "REBOUND_DEFENSIVE": 0.10497237569060773, "REBOUND_OFFENSIVE": 0.05970149253731343, "STEAL": 0.2222222222222222, "SHOT_TYPE_ARC_3_OFFENSIVE": 0.3434650455927052, "SHOT_TYPE_ARC_3_DEFENSIVE": 0.2996742671009772, "SHOT_TYPE_AT_RIM_OFFENSIVE": 0.3069908814589666, "SHOT_TYPE_AT_RIM_DEFENSIVE": 0.28013029315960913, "SHOT_TYPE_CORNER_3_OFFENSIVE": 0.1276595744680851, "SHOT_TYPE_CORNER_3_DEFENSIVE": 0.11074918566775244, "SHOT_TYPE_LONG_MID_RANGE_OFFENSIVE": 0.0425531914893617, "SHOT_TYPE_LONG_MID_RANGE_DEFENSIVE": 0.11400651465798045, "SHOT_TYPE_SHORT_MID_RANGE_OFFENSIVE": 0.17933130699088146, "SHOT_TYPE_SHORT_MID_RANGE_DEFENSIVE": 0.19543973941368079, "TURNOVER": 0.14285714285714285, "VIOLATION_DEFENSIVE_GOALTENDING": 0.0, "VIOLATION_DEFENSIVE_KICK_BALL": 0.0}