{"ASSIST": 0.14285714285714285, "BLOCK": 0.13333333333333333, "FG_ARC_3_ATTEMPT": 0.11650485436893204, "FG_ARC_3_BLOCK": 0.0, "FG_ARC_3_MADE": 0.16666666666666666, "FG_ARC_3_MADE_FOUL": 0.0, "FG_AT_RIM_ATTEMPT": 0.08045977011494253, "FG_AT_RIM_BLOCK": 0.011494252873563218, "FG_AT_RIM_MADE": 0.7142857142857143, "FG_AT_RIM_MADE_FOUL": 0.011494252873563218, "FG_CORNER_3_ATTEMPT": 0.37037037037037035, "FG_CORNER_3_BLOCK": 0.0, "FG_CORNER_3_MADE": 0.1, "FG_CORNER_3_MADE_FOUL": 0.0, "FG_LONG_MID_RANGE_ATTEMPT": 0.08888888888888889, "FG_LONG_MID_RANGE_BLOCK": 0.0, "FG_LONG_MID_RANGE_MADE": 0.5, "FG_LONG_MID_RANGE_MADE_FOUL": 0.0, "FG_SHORT_MID_RANGE_ATTEMPT": 0.07575757575757576, "FG_SHORT_MID_RANGE_BLOCK": 0.0, "FG_SHORT_MID_RANGE_MADE": 0.6, "FG_SHORT_MID_RANGE_MADE_FOUL": 0.0, "FG_XY": {"ARC_3": {"165|189": 0.08333333333333333, "158|188": 0.08333333333333333, "-151|227": 0.08333333333333333, "-164|203": 0.08333333333333333, "-161|199": 0.08333333333333333, "237|88": 0.08333333333333333, "-126|221": 0.08333333333333333, "154|231": 0.08333333333333333, "161|184": 0.08333333333333333, "-72|243": 0.08333333333333333, "115|235": 0.08333333333333333, "186|183": 0.08333333333333333}, "AT_RIM": {"-18|13": 0.14285714285714285, "-31|7": 0.14285714285714285, "-2|10": 0.14285714285714285, "10|0": 0.14285714285714285, "-15|7": 0.14285714285714285, "-9|6": 0.14285714285714285, "-26|17": 0.14285714285714285}, "CORNER_3": {"232|26": 0.1, "240|57": 0.1, "228|53": 0.1, "-228|10": 0.1, "229|37": 0.1, "-222|-18": 0.1, "232|59": 0.1, "-228|-6": 0.1, "237|15": 0.1, "-232|26": 0.1}, "LONG_MID_RANGE": {"-6|223": 0.25, "-70|173": 0.25, "82|141": 0.25, "36|190": 0.25}, "SHORT_MID_RANGE": {"13|78": 0.2, "15|94": 0.2, "4|84": 0.2, "-37|21": 0.2, "-119|44": 0.2}}, "FOUL_AWAY_FROM_PLAY": 1.0, "FOULED_AWAY_FROM_PLAY": 0.0, "FOUL_CLEAR_PATH": 0.0, "FOULED_CLEAR_PATH": 0.0, "FOUL_COUNT_AS_PERSONAL": 0.19402985074626866, "FOULED_COUNT_AS_PERSONAL": 0.15942028985507245, "FOUL_COUNT_TOWARD_PENALTY": 0.1935483870967742, "FOULED_COUNT_TOWARD_PENALTY": 0.16363636363636364, "FOUL_DEFENSIVE_NON_SHOOTING": 0.17142857142857143, "FOULED_DEFENSIVE_NON_SHOOTING": 0.04, "FOUL_DOUBLE": 0.0, "FOUL_TECHNICAL_DOUBLE": 0.0, "FOUL_FLAGRANT": 0.0, "FOULED_FLAGRANT": 0.0, "FOUL_FLAGRANT_1": 0.0, "FOULED_FLAGRANT_1": 0.0, "FOUL_FLAGRANT_2": 0.0, "FOULED_FLAGRANT_2": 0.0, "FOUL_INBOUND": 0.0, "FOULED_INBOUND": 0.0, "FOUL_LOOSE_BALL": 0.0, "FOULED_LOOSE_BALL": 0.0, "FOUL_OFFENSIVE_CHARGE": 0.0, "FOULED_OFFENSIVE_CHARGE": 0.0, "FOUL_OFFENSIVE_OTHER": 0.0, "FOULED_OFFENSIVE_OTHER": 0.0, "FOUL_OFFENSIVE_TOTAL": 0.2, "FOULED_OFFENSIVE_TOTAL": 0.14285714285714285, "FOUL_PERSONAL": 0.3, "FOULED_PERSONAL": 0.0625, "FOUL_PERSONAL_BLOCK": 0.0, "FOULED_PERSONAL_BLOCK": 0.0, "FOUL_PERSONAL_TAKE": 0.0, "FOULED_PERSONAL_TAKE": 0.0, "FOUL_SHOOTING": 0.19230769230769232, "FOULED_SHOOTING": 0.26666666666666666, "FOUL_SHOOTING_BLOCK": 0.0, "FOULED_SHOOTING_BLOCK": 0.0, "FOUL_TECHNICAL": 0.0, "FT": 0.9411764705882353, "REBOUND_DEFENSIVE": 0.10309278350515463, "REBOUND_OFFENSIVE": 0.016483516483516484, "STEAL": 0.03333333333333333, "SHOT_TYPE_ARC_3_OFFENSIVE": 0.31402439024390244, "SHOT_TYPE_ARC_3_DEFENSIVE": 0.25076452599388377, "SHOT_TYPE_AT_RIM_OFFENSIVE": 0.2652439024390244, "SHOT_TYPE_AT_RIM_DEFENSIVE": 0.3333333333333333, "SHOT_TYPE_CORNER_3_OFFENSIVE": 0.08231707317073171, "SHOT_TYPE_CORNER_3_DEFENSIVE": 0.07033639143730887, "SHOT_TYPE_LONG_MID_RANGE_OFFENSIVE": 0.13719512195121952, "SHOT_TYPE_LONG_MID_RANGE_DEFENSIVE": 0.11314984709480122, "SHOT_TYPE_SHORT_MID_RANGE_OFFENSIVE": 0.20121951219512196, "SHOT_TYPE_SHORT_MID_RANGE_DEFENSIVE": 0.2324159021406728, "TURNOVER": 0.08771929824561403, "VIOLATION_DEFENSIVE_GOALTENDING": 0.0, "VIOLATION_DEFENSIVE_KICK_BALL": 0.0}