{"ASSIST": 0.5191489361702127, "BLOCK": 0.19607843137254902, "FG_ARC_3_ATTEMPT": 0.4472049689440994, "FG_ARC_3_BLOCK": 0.003105590062111801, "FG_ARC_3_MADE": 0.4305555555555556, "FG_ARC_3_MADE_FOUL": 0.0, "FG_AT_RIM_ATTEMPT": 0.46859903381642515, "FG_AT_RIM_BLOCK": 0.01932367149758454, "FG_AT_RIM_MADE": 0.865979381443299, "FG_AT_RIM_MADE_FOUL": 0.00966183574879227, "FG_CORNER_3_ATTEMPT": 0.16981132075471697, "FG_CORNER_3_BLOCK": 0.0, "FG_CORNER_3_MADE": 0.8333333333333334, "FG_CORNER_3_MADE_FOUL": 0.0, "FG_LONG_MID_RANGE_ATTEMPT": 0.49557522123893805, "FG_LONG_MID_RANGE_BLOCK": 0.0, "FG_LONG_MID_RANGE_MADE": 0.39285714285714285, "FG_LONG_MID_RANGE_MADE_FOUL": 0.008849557522123894, "FG_SHORT_MID_RANGE_ATTEMPT": 0.572139303482587, "FG_SHORT_MID_RANGE_BLOCK": 0.024875621890547265, "FG_SHORT_MID_RANGE_MADE": 0.5652173913043478, "FG_SHORT_MID_RANGE_MADE_FOUL": 0.04477611940298507, "FG_XY": {"ARC_3": {"-76|232": 0.006944444444444444, "94|250": 0.006944444444444444, "-154|200": 0.006944444444444444, "62|255": 0.006944444444444444, "31|256": 0.006944444444444444, "-5|261": 0.006944444444444444, "126|221": 0.006944444444444444, "-135|228": 0.006944444444444444, "-11|257": 0.006944444444444444, "-145|206": 0.006944444444444444, "-203|154": 0.006944444444444444, "2|265": 0.006944444444444444, "-15|256": 0.006944444444444444, "-55|263": 0.006944444444444444, "-6|263": 0.006944444444444444, "87|263": 0.006944444444444444, "207|167": 0.006944444444444444, "-172|204": 0.006944444444444444, "-184|216": 0.006944444444444444, "-173|273": 0.006944444444444444, "-126|273": 0.006944444444444444, "25|262": 0.006944444444444444, "23|284": 0.006944444444444444, "70|256": 0.006944444444444444, "-40|278": 0.006944444444444444, "-45|280": 0.006944444444444444, "45|248": 0.006944444444444444, "2|285": 0.006944444444444444, "-2|248": 0.006944444444444444, "-150|210": 0.006944444444444444, "-153|190": 0.006944444444444444, "-102|236": 0.006944444444444444, "223|118": 0.006944444444444444, "-64|259": 0.006944444444444444, "89|233": 0.006944444444444444, "-55|275": 0.006944444444444444, "123|240": 0.006944444444444444, "54|256": 0.006944444444444444, "-116|219": 0.006944444444444444, "-212|148": 0.006944444444444444, "-53|257": 0.006944444444444444, "-48|264": 0.006944444444444444, "223|124": 0.006944444444444444, "-124|225": 0.006944444444444444, "-89|242": 0.006944444444444444, "-112|229": 0.006944444444444444, "9|254": 0.006944444444444444, "-1|265": 0.006944444444444444, "-153|202": 0.006944444444444444, "-213|139": 0.006944444444444444, "-141|225": 0.006944444444444444, "-159|194": 0.006944444444444444, "77|258": 0.006944444444444444, "185|193": 0.006944444444444444, "2|363": 0.006944444444444444, "143|216": 0.006944444444444444, "7|260": 0.006944444444444444, "-168|184": 0.006944444444444444, "-114|241": 0.006944444444444444, "199|152": 0.006944444444444444, "-142|230": 0.006944444444444444, "-143|243": 0.006944444444444444, "-89|240": 0.006944444444444444, "-194|167": 0.006944444444444444, "53|297": 0.006944444444444444, "13|264": 0.006944444444444444, "-142|224": 0.006944444444444444, "-170|208": 0.006944444444444444, "-140|222": 0.013888888888888888, "-62|268": 0.006944444444444444, "20|262": 0.006944444444444444, "-153|221": 0.006944444444444444, "-167|206": 0.006944444444444444, "80|369": 0.006944444444444444, "64|252": 0.006944444444444444, "2|248": 0.006944444444444444, "109|226": 0.006944444444444444, "-89|236": 0.006944444444444444, "-195|145": 0.006944444444444444, "92|252": 0.006944444444444444, "-9|264": 0.006944444444444444, "-169|211": 0.006944444444444444, "115|231": 0.006944444444444444, "-7|320": 0.006944444444444444, "66|249": 0.006944444444444444, "-221|143": 0.006944444444444444, "-92|231": 0.006944444444444444, "-54|245": 0.006944444444444444, "64|256": 0.006944444444444444, "225|112": 0.006944444444444444, "-53|252": 0.006944444444444444, "212|131": 0.006944444444444444, "-121|249": 0.006944444444444444, "-105|236": 0.006944444444444444, "93|239": 0.006944444444444444, "188|171": 0.006944444444444444, "121|221": 0.006944444444444444, "-142|221": 0.006944444444444444, "-142|210": 0.006944444444444444, "80|246": 0.006944444444444444, "-142|211": 0.006944444444444444, "184|182": 0.006944444444444444, "-173|194": 0.006944444444444444, "-75|250": 0.006944444444444444, "-18|284": 0.006944444444444444, "48|278": 0.006944444444444444, "-1|325": 0.006944444444444444, "141|231": 0.006944444444444444, "69|269": 0.006944444444444444, "-5|296": 0.006944444444444444, "-145|236": 0.006944444444444444, "-169|218": 0.006944444444444444, "-113|256": 0.006944444444444444, "163|193": 0.006944444444444444, "-181|232": 0.006944444444444444, "-175|196": 0.006944444444444444, "82|302": 0.006944444444444444, "150|211": 0.006944444444444444, "-178|197": 0.006944444444444444, "-94|234": 0.006944444444444444, "-129|225": 0.006944444444444444, "12|275": 0.006944444444444444, "-150|246": 0.006944444444444444, "-50|267": 0.006944444444444444, "-161|194": 0.006944444444444444, "-22|273": 0.006944444444444444, "94|290": 0.006944444444444444, "-181|193": 0.006944444444444444, "-185|194": 0.006944444444444444, "-195|215": 0.006944444444444444, "39|320": 0.006944444444444444, "-181|213": 0.006944444444444444, "148|207": 0.006944444444444444, "72|251": 0.006944444444444444, "150|207": 0.006944444444444444, "-60|262": 0.006944444444444444, "28|263": 0.006944444444444444, "-205|138": 0.006944444444444444, "87|243": 0.006944444444444444, "130|234": 0.006944444444444444, "138|215": 0.006944444444444444, "-189|178": 0.006944444444444444, "-64|295": 0.006944444444444444}, "AT_RIM": {"17|26": 0.010309278350515464, "28|26": 0.010309278350515464, "0|-1": 0.010309278350515464, "2|-1": 0.010309278350515464, "1|-1": 0.020618556701030927, "12|-8": 0.010309278350515464, "2|-3": 0.010309278350515464, "-6|6": 0.010309278350515464, "0|7": 0.010309278350515464, "1|8": 0.020618556701030927, "37|10": 0.010309278350515464, "-4|15": 0.010309278350515464, "0|0": 0.030927835051546393, "-23|18": 0.010309278350515464, "-12|5": 0.010309278350515464, "18|8": 0.010309278350515464, "6|8": 0.010309278350515464, "-32|11": 0.010309278350515464, "-11|4": 0.010309278350515464, "5|8": 0.010309278350515464, "6|-6": 0.010309278350515464, "9|9": 0.010309278350515464, "-10|6": 0.010309278350515464, "4|3": 0.010309278350515464, "16|6": 0.010309278350515464, "-22|16": 0.010309278350515464, "-13|7": 0.010309278350515464, "-2|18": 0.010309278350515464, "-5|-1": 0.010309278350515464, "-1|2": 0.010309278350515464, "-18|5": 0.010309278350515464, "-2|6": 0.010309278350515464, "-39|5": 0.010309278350515464, "4|9": 0.010309278350515464, "-2|-11": 0.010309278350515464, "5|6": 0.010309278350515464, "-2|16": 0.010309278350515464, "-1|9": 0.010309278350515464, "-16|16": 0.010309278350515464, "16|21": 0.010309278350515464, "16|24": 0.010309278350515464, "11|26": 0.010309278350515464, "-32|3": 0.010309278350515464, "-26|4": 0.010309278350515464, "18|7": 0.010309278350515464, "-4|25": 0.010309278350515464, "5|30": 0.010309278350515464, "13|5": 0.010309278350515464, "-5|11": 0.010309278350515464, "-7|6": 0.010309278350515464, "21|6": 0.010309278350515464, "7|-4": 0.010309278350515464, "9|4": 0.020618556701030927, "16|4": 0.010309278350515464, "-6|7": 0.010309278350515464, "-29|1": 0.010309278350515464, "-7|-2": 0.010309278350515464, "-9|-5": 0.010309278350515464, "0|-5": 0.010309278350515464, "28|3": 0.010309278350515464, "-5|10": 0.020618556701030927, "13|4": 0.010309278350515464, "-7|9": 0.010309278350515464, "2|22": 0.010309278350515464, "20|13": 0.010309278350515464, "0|30": 0.010309278350515464, "20|16": 0.010309278350515464, "-16|32": 0.010309278350515464, "-7|23": 0.010309278350515464, "12|28": 0.010309278350515464, "6|12": 0.010309278350515464, "-37|13": 0.010309278350515464, "-12|20": 0.010309278350515464, "1|16": 0.010309278350515464, "-13|26": 0.010309278350515464, "-9|20": 0.010309278350515464, "21|12": 0.010309278350515464,