{"ASSIST": 0.12142857142857143, "BLOCK": 0.08695652173913043, "FG_ARC_3_ATTEMPT": 0.2642857142857143, "FG_ARC_3_BLOCK": 0.007142857142857143, "FG_ARC_3_MADE": 0.10810810810810811, "FG_ARC_3_MADE_FOUL": 0.0, "FG_AT_RIM_ATTEMPT": 0.16891891891891891, "FG_AT_RIM_BLOCK": 0.02027027027027027, "FG_AT_RIM_MADE": 0.64, "FG_AT_RIM_MADE_FOUL": 0.02027027027027027, "FG_CORNER_3_ATTEMPT": 0.17647058823529413, "FG_CORNER_3_BLOCK": 0.0, "FG_CORNER_3_MADE": 0.16666666666666666, "FG_CORNER_3_MADE_FOUL": 0.0, "FG_LONG_MID_RANGE_ATTEMPT": 0.2112676056338028, "FG_LONG_MID_RANGE_BLOCK": 0.0, "FG_LONG_MID_RANGE_MADE": 0.2, "FG_LONG_MID_RANGE_MADE_FOUL": 0.0, "FG_SHORT_MID_RANGE_ATTEMPT": 0.10714285714285714, "FG_SHORT_MID_RANGE_BLOCK": 0.0, "FG_SHORT_MID_RANGE_MADE": 0.2222222222222222, "FG_SHORT_MID_RANGE_MADE_FOUL": 0.0, "FG_XY": {"ARC_3": {"96|239": 0.02702702702702703, "170|189": 0.02702702702702703, "-130|238": 0.02702702702702703, "1|248": 0.02702702702702703, "-105|237": 0.02702702702702703, "121|223": 0.02702702702702703, "-89|238": 0.02702702702702703, "88|236": 0.02702702702702703, "-89|235": 0.02702702702702703, "-131|216": 0.02702702702702703, "-4|252": 0.02702702702702703, "-214|119": 0.02702702702702703, "-113|224": 0.02702702702702703, "66|237": 0.02702702702702703, "-1|251": 0.02702702702702703, "127|221": 0.02702702702702703, "-75|248": 0.02702702702702703, "50|244": 0.02702702702702703, "-181|419": 0.02702702702702703, "0|252": 0.02702702702702703, "-116|243": 0.02702702702702703, "-125|232": 0.02702702702702703, "-210|140": 0.02702702702702703, "47|247": 0.02702702702702703, "-164|190": 0.02702702702702703, "206|138": 0.02702702702702703, "87|232": 0.02702702702702703, "153|216": 0.02702702702702703, "200|150": 0.02702702702702703, "-174|220": 0.02702702702702703, "43|246": 0.02702702702702703, "9|251": 0.02702702702702703, "-103|242": 0.02702702702702703, "87|237": 0.02702702702702703, "158|229": 0.02702702702702703, "26|252": 0.02702702702702703, "-98|268": 0.02702702702702703}, "AT_RIM": {"-9|32": 0.04, "-6|12": 0.04, "-2|12": 0.04, "1|6": 0.04, "36|4": 0.04, "22|7": 0.08, "7|19": 0.04, "32|13": 0.04, "25|5": 0.04, "-13|6": 0.04, "27|27": 0.04, "-2|31": 0.04, "0|2": 0.04, "-20|26": 0.04, "2|5": 0.04, "2|3": 0.04, "-4|4": 0.04, "0|11": 0.04, "-18|20": 0.04, "9|2": 0.04, "2|2": 0.04, "12|12": 0.04, "-2|10": 0.04, "0|0": 0.04}, "CORNER_3": {"233|19": 0.16666666666666666, "-235|22": 0.16666666666666666, "223|39": 0.16666666666666666, "-230|-15": 0.16666666666666666, "-227|-10": 0.16666666666666666, "237|-7": 0.16666666666666666}, "LONG_MID_RANGE": {"43|179": 0.06666666666666667, "-134|109": 0.06666666666666667, "-146|79": 0.06666666666666667, "-168|99": 0.06666666666666667, "115|165": 0.06666666666666667, "-12|225": 0.06666666666666667, "-66|136": 0.06666666666666667, "72|142": 0.06666666666666667, "157|118": 0.06666666666666667, "72|149": 0.06666666666666667, "-11|158": 0.06666666666666667, "150|151": 0.06666666666666667, "-70|131": 0.06666666666666667, "147|122": 0.06666666666666667, "-98|155": 0.06666666666666667}, "SHORT_MID_RANGE": {"7|62": 0.1111111111111111, "15|38": 0.1111111111111111, "-80|28": 0.1111111111111111, "-42|113": 0.1111111111111111, "2|83": 0.1111111111111111, "-64|121": 0.1111111111111111, "115|38": 0.1111111111111111, "108|57": 0.1111111111111111, "28|36": 0.1111111111111111}}, "FOUL_AWAY_FROM_PLAY": 0.0, "FOULED_AWAY_FROM_PLAY": 0.0, "FOUL_CLEAR_PATH": 0.0, "FOULED_CLEAR_PATH": 0.0, "FOUL_COUNT_AS_PERSONAL": 0.1839080459770115, "FOULED_COUNT_AS_PERSONAL": 0.10309278350515463, "FOUL_COUNT_TOWARD_PENALTY": 0.1643835616438356, "FOULED_COUNT_TOWARD_PENALTY": 0.11904761904761904, "FOUL_DEFENSIVE_NON_SHOOTING": 0.17142857142857143, "FOULED_DEFENSIVE_NON_SHOOTING": 0.10204081632653061, "FOUL_DOUBLE": 0.0, "FOUL_TECHNICAL_DOUBLE": 0.0, "FOUL_FLAGRANT": 0.0, "FOULED_FLAGRANT": 0.0, "FOUL_FLAGRANT_1": 0.0, "FOULED_FLAGRANT_1": 0.0, "FOUL_FLAGRANT_2": 0.0, "FOULED_FLAGRANT_2": 0.0, "FOUL_INBOUND": 0.0, "FOULED_INBOUND": 0.0, "FOUL_LOOSE_BALL": 0.0, "FOULED_LOOSE_BALL": 0.3333333333333333, "FOUL_OFFENSIVE_CHARGE": 0.2, "FOULED_OFFENSIVE_CHARGE": 0.0, "FOUL_OFFENSIVE_OTHER": 0.0, "FOULED_OFFENSIVE_OTHER": 0.0, "FOUL_OFFENSIVE_TOTAL": 0.2857142857142857, "FOULED_OFFENSIVE_TOTAL": 0.0, "FOUL_PERSONAL": 0.21739130434782608, "FOULED_PERSONAL": 0.08333333333333333, "FOUL_PERSONAL_BLOCK": 0.0, "FOULED_PERSONAL_BLOCK": 0.0, "FOUL_PERSONAL_TAKE": 0.125, "FOULED_PERSONAL_TAKE": 0.0, "FOUL_SHOOTING": 0.15789473684210525, "FOULED_SHOOTING": 0.1388888888888889, "FOUL_SHOOTING_BLOCK": 0.0, "FOULED_SHOOTING_BLOCK": 0.0, "FOUL_TECHNICAL": 0.0, "FT": 0.5555555555555556, "REBOUND_DEFENSIVE": 0.17482517482517482, "REBOUND_OFFENSIVE": 0.03571428571428571, "STEAL": 0.23809523809523808, "SHOT_TYPE_ARC_3_OFFENSIVE": 0.29350104821802936, "SHOT_TYPE_ARC_3_DEFENSIVE": 0.2669404517453799, "SHOT_TYPE_AT_RIM_OFFENSIVE": 0.31027253668763105, "SHOT_TYPE_AT_RIM_DEFENSIVE": 0.2915811088295688, "SHOT_TYPE_CORNER_3_OFFENSIVE": 0.07127882599580712, "SHOT_TYPE_CORNER_3_DEFENSIVE": 0.0944558521560575, "SHOT_TYPE_LONG_MID_RANGE_OFFENSIVE": 0.1488469601677149, "SHOT_TYPE_LONG_MID_RANGE_DEFENSIVE": 0.07802874743326489, "SHOT_TYPE_SHORT_MID_RANGE_OFFENSIVE": 0.1761006289308176, "SHOT_TYPE_SHORT_MID_RANGE_DEFENSIVE": 0.26899383983572894, "TURNOVER": 0.12903225806451613, "VIOLATION_DEFENSIVE_GOALTENDING": 0.0, "VIOLATION_DEFENSIVE_KICK_BALL": 0.5}