{"ASSIST": 0.3981042654028436, "BLOCK": 0.11627906976744186, "FG_ARC_3_ATTEMPT": 0.35294117647058826, "FG_ARC_3_BLOCK": 0.003676470588235294, "FG_ARC_3_MADE": 0.4791666666666667, "FG_ARC_3_MADE_FOUL": 0.0, "FG_AT_RIM_ATTEMPT": 0.30303030303030304, "FG_AT_RIM_BLOCK": 0.013468013468013467, "FG_AT_RIM_MADE": 0.7222222222222222, "FG_AT_RIM_MADE_FOUL": 0.013468013468013467, "FG_CORNER_3_ATTEMPT": 0.22058823529411764, "FG_CORNER_3_BLOCK": 0.0, "FG_CORNER_3_MADE": 0.5333333333333333, "FG_CORNER_3_MADE_FOUL": 0.014705882352941176, "FG_LONG_MID_RANGE_ATTEMPT": 0.2909090909090909, "FG_LONG_MID_RANGE_BLOCK": 0.0, "FG_LONG_MID_RANGE_MADE": 0.3125, "FG_LONG_MID_RANGE_MADE_FOUL": 0.0, "FG_SHORT_MID_RANGE_ATTEMPT": 0.24806201550387597, "FG_SHORT_MID_RANGE_BLOCK": 0.05426356589147287, "FG_SHORT_MID_RANGE_MADE": 0.25, "FG_SHORT_MID_RANGE_MADE_FOUL": 0.007751937984496124, "FG_XY": {"ARC_3": {"207|132": 0.010416666666666666, "203|130": 0.010416666666666666, "-113|227": 0.010416666666666666, "-107|225": 0.010416666666666666, "217|109": 0.010416666666666666, "-169|190": 0.010416666666666666, "-82|253": 0.010416666666666666, "165|195": 0.010416666666666666, "167|202": 0.010416666666666666, "136|219": 0.010416666666666666, "-64|241": 0.010416666666666666, "165|211": 0.010416666666666666, "22|256": 0.010416666666666666, "181|179": 0.010416666666666666, "154|199": 0.010416666666666666, "-118|227": 0.010416666666666666, "145|224": 0.010416666666666666, "141|231": 0.010416666666666666, "-194|168": 0.010416666666666666, "113|231": 0.010416666666666666, "-221|106": 0.010416666666666666, "107|222": 0.010416666666666666, "-48|243": 0.010416666666666666, "-118|224": 0.010416666666666666, "32|255": 0.010416666666666666, "44|245": 0.010416666666666666, "-83|229": 0.010416666666666666, "-69|243": 0.010416666666666666, "119|225": 0.010416666666666666, "191|165": 0.010416666666666666, "-125|226": 0.010416666666666666, "-150|211": 0.010416666666666666, "-77|240": 0.010416666666666666, "54|237": 0.010416666666666666, "-173|194": 0.010416666666666666, "21|252": 0.010416666666666666, "0|251": 0.010416666666666666, "-161|214": 0.010416666666666666, "-47|261": 0.010416666666666666, "-132|254": 0.010416666666666666, "127|259": 0.010416666666666666, "-28|268": 0.010416666666666666, "135|222": 0.010416666666666666, "-136|205": 0.010416666666666666, "86|242": 0.010416666666666666, "-180|171": 0.010416666666666666, "141|216": 0.010416666666666666, "26|250": 0.010416666666666666, "-158|192": 0.010416666666666666, "36|243": 0.010416666666666666, "174|179": 0.010416666666666666, "-86|247": 0.010416666666666666, "207|128": 0.010416666666666666, "-156|201": 0.010416666666666666, "192|169": 0.010416666666666666, "43|251": 0.010416666666666666, "-185|178": 0.010416666666666666, "107|227": 0.010416666666666666, "71|249": 0.010416666666666666, "-120|248": 0.010416666666666666, "-213|130": 0.010416666666666666, "-48|251": 0.010416666666666666, "-7|258": 0.010416666666666666, "-125|219": 0.010416666666666666, "-5|255": 0.010416666666666666, "118|240": 0.010416666666666666, "-75|236": 0.010416666666666666, "-67|253": 0.010416666666666666, "-201|176": 0.010416666666666666, "-103|242": 0.010416666666666666, "6|260": 0.010416666666666666, "-98|248": 0.010416666666666666, "98|243": 0.010416666666666666, "-80|258": 0.010416666666666666, "-2|260": 0.010416666666666666, "151|232": 0.010416666666666666, "161|206": 0.010416666666666666, "-110|225": 0.010416666666666666, "-77|259": 0.010416666666666666, "-64|253": 0.010416666666666666, "127|241": 0.010416666666666666, "43|259": 0.010416666666666666, "-190|186": 0.010416666666666666, "-164|191": 0.010416666666666666, "-146|212": 0.010416666666666666, "216|125": 0.010416666666666666, "143|210": 0.010416666666666666, "-23|256": 0.010416666666666666, "145|228": 0.010416666666666666, "-116|216": 0.010416666666666666, "17|289": 0.010416666666666666, "39|260": 0.010416666666666666, "69|242": 0.010416666666666666, "-69|236": 0.010416666666666666, "-132|216": 0.010416666666666666, "-137|209": 0.010416666666666666}, "AT_RIM": {"0|6": 0.011111111111111112, "1|11": 0.03333333333333333, "0|14": 0.022222222222222223, "2|17": 0.011111111111111112, "13|36": 0.011111111111111112, "-6|18": 0.022222222222222223, "10|12": 0.011111111111111112, "21|12": 0.011111111111111112, "-6|24": 0.011111111111111112, "-21|0": 0.011111111111111112, "12|6": 0.011111111111111112, "-17|6": 0.011111111111111112, "-13|11": 0.011111111111111112, "9|23": 0.011111111111111112, "-1|1": 0.011111111111111112, "0|9": 0.022222222222222223, "21|26": 0.011111111111111112, "-1|4": 0.022222222222222223, "-2|5": 0.011111111111111112, "21|9": 0.011111111111111112, "-12|10": 0.011111111111111112, "-1|-5": 0.011111111111111112, "-10|22": 0.011111111111111112, "0|0": 0.011111111111111112, "-4|9": 0.011111111111111112, "-6|5": 0.011111111111111112, "-5|1": 0.022222222222222223, "7|16": 0.011111111111111112, "-10|10": 0.011111111111111112, "1|9": 0.011111111111111112, "-20|9": 0.011111111111111112, "6|16": 0.011111111111111112, "1|5": 0.011111111111111112, "12|5": 0.011111111111111112, "-17|25": 0.011111111111111112, "4|5": 0.011111111111111112, "-17|-16": 0.011111111111111112, "1|6": 0.011111111111111112, "-6|8": 0.011111111111111112, "25|7": 0.011111111111111112, "18|4": 0.011111111111111112, "13|5": 0.011111111111111112, "-18|31": 0.011111111111111112, "0|27": 0.011111111111111112, "7|5": 0.011111111111111112, "-17|8": 0.011111111111111112, "-10|12": 0.011111111111111112, "-7|16": 0.011111111111111112, "-2|13": 0.011111111111111112, "-5|17": 0.011111111111111112, "1|15": 0.011111111111111112, "5|-1": 0.011111111111111112, "10|17": 0.011111111111111112, "2|1": 0.011111111111111112, "-1|3": 0.011111111111111112, "6|10": 0.011111111111111112, "10|13": 0.011111111111111112, "-6|4": 0.011111111111111112, "6|13": 0.011111111111111112, "6|20": 0.011111111111111112, "2|7": 0.011111111111111112, "1|-10": 0.011111111111111112, "-4|-1": 0.011111111111111112, "6|-6": 0.011111111111111112, "-1|6": 0.011111111111111112, "6|-4": 0.011111111111111112, "-11|31": 0.011111111111111112, "13|-1": 0.011111111111111112, "16|27": 0.011111111111111112, "21|10": 0.011111111111111112, "10|14": 0.011111111111111112, "17|11": 0.011111111111111112, "9|-6": 0.011111111111111112, "18|8": 0.011111111111111112, "20|10": 0.011111111111111112, "-2|12": 0.011111111111111112, "10|2": 0.011111111111111112, "-25|22": 0.011111111111111112, "1|7": 0.011111111111111112, "15|20": 0.011111111111111112, "12|17": 0.011111111111111112, "11|10": 0.011111111111111112, "13|9": 0.011111111111111112}, "CORNER_3": {"229|7": 0.06666666666666667, "-224|4": 0.06666666666666667, "230|1": 0.06666666666666667, "227|5": 0.06666666666666667, "-228|28": 0.06666666666666667, "233|15": 0.06666666666666667, "225|5": 0.06666666666666667, "-228|40": 0.06666666666666667, "250|13": 0.06666666666666667, "228|32": 0.06666666666666667, "225|2": 0.06666666666666667, "239|-7": 0.06666666666666667, "234|14": 0.06666666666666667, "-234|25": 0.06666666666666667, "-232|27": 0.06666666666666667}, "LONG_MID_RANGE": {"153|108": 0.0625, "124|145": 0.0625, "-92|148": 0.0625, "172|59": 0.0625, "36|164": 0.0625, "-81|159": 0.0625, "108|96": 0.0625, "207|10": 0.0625, "1|142": 0.0625, "174|21": 0.0625, "92|171": 0.0625, "-40|190": 0.0625, "153|142": 0.0625, "172|77": 0.0625, "4|167": 0.0625, "88|145": 0.0625}, "SHORT_MID_RANGE": {"-2|63": 0.03125, "-42|104": 0.03125, "-45|67": 0.03125, "-34|48": 0.03125, "-55|20": 0.03125, "2|75": 0.03125, "71|38": 0.03125, "71|64": 0.03125, "-11|66": 0.03125, "17|62": 0.03125, "-61|13": 0.03125, "125|36": 0.03125, "40|60": 0.03125, "-82|112": 0.03125, "-55|41": 0.03125, "-9|69": 0.03125, "40|14": 0.03125, "-55|36": 0.03125, "39|21": 0.03125, "83|82": 0.03125, "-4|45": 0.03125, "26|59": 0.03125, "31|25": 0.03125, "-99|38": 0.03125, "104|70": 0.03125, "44|43": 0.03125, "17|108": 0.03125, "-60|46": 0.03125, "75|22": 0.03125, "-22|42": 0.03125, "-74|25": 0.03125,