{"ASSIST": 0.11522633744855967, "BLOCK": 0.38596491228070173, "FG_ARC_3_ATTEMPT": 0.14540059347181009, "FG_ARC_3_BLOCK": 0.0, "FG_ARC_3_MADE": 0.22448979591836735, "FG_ARC_3_MADE_FOUL": 0.0, "FG_AT_RIM_ATTEMPT": 0.21518987341772153, "FG_AT_RIM_BLOCK": 0.04430379746835443, "FG_AT_RIM_MADE": 0.39705882352941174, "FG_AT_RIM_MADE_FOUL": 0.0031645569620253164, "FG_CORNER_3_ATTEMPT": 0.20652173913043478, "FG_CORNER_3_BLOCK": 0.0, "FG_CORNER_3_MADE": 0.15789473684210525, "FG_CORNER_3_MADE_FOUL": 0.0, "FG_LONG_MID_RANGE_ATTEMPT": 0.06779661016949153, "FG_LONG_MID_RANGE_BLOCK": 0.01694915254237288, "FG_LONG_MID_RANGE_MADE": 0.25, "FG_LONG_MID_RANGE_MADE_FOUL": 0.0, "FG_SHORT_MID_RANGE_ATTEMPT": 0.14622641509433962, "FG_SHORT_MID_RANGE_BLOCK": 0.06132075471698113, "FG_SHORT_MID_RANGE_MADE": 0.2903225806451613, "FG_SHORT_MID_RANGE_MADE_FOUL": 0.0, "FG_XY": {"ARC_3": {"180|236": 0.02040816326530612, "-115|221": 0.02040816326530612, "22|262": 0.02040816326530612, "185|172": 0.02040816326530612, "-156|206": 0.02040816326530612, "75|242": 0.02040816326530612, "124|220": 0.02040816326530612, "-152|230": 0.02040816326530612, "-126|225": 0.02040816326530612, "-145|233": 0.02040816326530612, "-61|247": 0.02040816326530612, "-163|195": 0.02040816326530612, "-1|253": 0.02040816326530612, "197|178": 0.02040816326530612, "-6|247": 0.02040816326530612, "-212|121": 0.02040816326530612, "199|137": 0.02040816326530612, "-170|185": 0.02040816326530612, "91|232": 0.02040816326530612, "156|200": 0.02040816326530612, "-98|238": 0.02040816326530612, "-134|226": 0.02040816326530612, "-169|194": 0.02040816326530612, "-145|216": 0.02040816326530612, "154|220": 0.02040816326530612, "-218|136": 0.02040816326530612, "179|200": 0.02040816326530612, "26|258": 0.02040816326530612, "-183|176": 0.02040816326530612, "219|135": 0.02040816326530612, "-199|142": 0.02040816326530612, "-112|227": 0.02040816326530612, "237|92": 0.02040816326530612, "200|152": 0.02040816326530612, "-214|144": 0.02040816326530612, "102|253": 0.02040816326530612, "-172|190": 0.02040816326530612, "-134|236": 0.02040816326530612, "-199|199": 0.02040816326530612, "-230|109": 0.02040816326530612, "-157|221": 0.02040816326530612, "-75|248": 0.02040816326530612, "168|177": 0.02040816326530612, "-61|242": 0.02040816326530612, "-44|251": 0.02040816326530612, "-141|221": 0.02040816326530612, "-78|235": 0.02040816326530612, "-189|171": 0.02040816326530612, "168|173": 0.02040816326530612}, "AT_RIM": {"-21|1": 0.014705882352941176, "-16|10": 0.014705882352941176, "20|12": 0.014705882352941176, "10|17": 0.014705882352941176, "-15|1": 0.014705882352941176, "28|19": 0.014705882352941176, "-2|-2": 0.014705882352941176, "0|0": 0.10294117647058823, "11|-5": 0.014705882352941176, "7|22": 0.014705882352941176, "-20|10": 0.014705882352941176, "2|-5": 0.014705882352941176, "3|19": 0.014705882352941176, "0|26": 0.014705882352941176, "-5|22": 0.014705882352941176, "-4|18": 0.014705882352941176, "-6|16": 0.014705882352941176, "-23|25": 0.014705882352941176, "-25|29": 0.014705882352941176, "-26|29": 0.014705882352941176, "22|15": 0.014705882352941176, "27|18": 0.014705882352941176, "23|8": 0.014705882352941176, "-18|1": 0.014705882352941176, "31|20": 0.014705882352941176, "6|17": 0.014705882352941176, "-27|-4": 0.014705882352941176, "27|1": 0.014705882352941176, "2|25": 0.014705882352941176, "-20|7": 0.014705882352941176, "-2|9": 0.014705882352941176, "20|-11": 0.014705882352941176, "15|15": 0.014705882352941176, "-9|20": 0.014705882352941176, "18|-2": 0.014705882352941176, "-23|-1": 0.014705882352941176, "-1|-8": 0.014705882352941176, "11|5": 0.014705882352941176, "10|18": 0.014705882352941176, "-15|11": 0.014705882352941176, "25|5": 0.014705882352941176, "15|6": 0.014705882352941176, "12|7": 0.014705882352941176, "-6|4": 0.014705882352941176, "-9|16": 0.014705882352941176, "11|24": 0.014705882352941176, "20|15": 0.014705882352941176, "-21|6": 0.014705882352941176, "21|21": 0.014705882352941176, "-27|17": 0.014705882352941176, "27|25": 0.014705882352941176, "-16|22": 0.014705882352941176, "-18|31": 0.014705882352941176, "0|13": 0.014705882352941176, "4|8": 0.014705882352941176, "4|4": 0.014705882352941176, "-9|17": 0.014705882352941176, "5|11": 0.014705882352941176, "-4|10": 0.014705882352941176, "12|16": 0.014705882352941176, "-11|-4": 0.014705882352941176, "-6|28": 0.014705882352941176}, "CORNER_3": {"233|82": 0.05263157894736842, "227|83": 0.05263157894736842, "227|4": 0.05263157894736842, "-228|44": 0.05263157894736842, "230|51": 0.05263157894736842, "-225|-36": 0.05263157894736842, "-229|25": 0.05263157894736842, "234|37": 0.05263157894736842, "-235|73": 0.05263157894736842, "-221|-7": 0.05263157894736842, "-227|9": 0.05263157894736842, "-227|-2": 0.05263157894736842, "234|22": 0.05263157894736842, "233|1": 0.05263157894736842, "234|32": 0.05263157894736842, "-228|5": 0.05263157894736842, "228|54": 0.05263157894736842, "228|-6": 0.05263157894736842, "235|13": 0.05263157894736842}, "LONG_MID_RANGE": {"168|51": 0.25, "-195|74": 0.25, "-110|113": 0.25, "-64|174": 0.25}, "SHORT_MID_RANGE": {"-72|53": 0.03225806451612903, "31|41": 0.03225806451612903, "-1|95": 0.03225806451612903, "-38|-13": 0.03225806451612903, "-40|37": 0.03225806451612903, "-27|46": 0.03225806451612903, "2|44": 0.03225806451612903, "-59|37": 0.03225806451612903, "70|84": 0.03225806451612903, "39|16": 0.03225806451612903, "-56|36": 0.03225806451612903, "-37|18": 0.03225806451612903, "-91|20": 0.03225806451612903, "-2|65": 0.03225806451612903, "-21|47": 0.03225806451612903, "7|49": 0.03225806451612903, "-121|-15": 0.03225806451612903, "-20|46": 0.03225806451612903, "49|16": 0.03225806451612903, "36|22": 0.03225806451612903, "50|-6": 0.03225806451612903, "46|40": 0.03225806451612903, "43|33": 0.03225806451612903, "-36|31": 0.03225806451612903, "44|31": 0.03225806451612903, "4|61": 0.03225806451612903, "28|102": 0.03225806451612903, "43|-10": 0.03225806451612903, "45|6": 0.03225806451612903, "48|8": 0.03225806451612903, "-61|21": 0.03225806451612903}}, "FOUL_AWAY_FROM_PLAY": 0.0, "FOULED_AWAY_FROM_PLAY": 0.0, "FOUL_CLEAR_PATH": 0.0, "FOULED_CLEAR_PATH": 0.0, "FOUL_COUNT_AS_PERSONAL": 0.08791208791208792, "FOULED_COUNT_AS_PERSONAL": 0.17575757575757575, "FOUL_COUNT_TOWARD_PENALTY": 0.08536585365853659, "FOULED_COUNT_TOWARD_PENALTY": 0.1917808219178082, "FOUL_DEFENSIVE_NON_SHOOTING": 0.06756756756756757, "FOULED_DEFENSIVE_NON_SHOOTING": 0.10344827586206896, "FOUL_DOUBLE": 0.0, "FOUL_TECHNICAL_DOUBLE": 0.0, "FOUL_FLAGRANT": 0.0, "FOULED_FLAGRANT": 0.0, "FOUL_FLAGRANT_1": 0.0, "FOULED_FLAGRANT_1": 0.0, "FOUL_FLAGRANT_2": 0.0, "FOULED_FLAGRANT_2": 0.0, "FOUL_INBOUND": 0.0, "FOULED_INBOUND": 0.0, "FOUL_LOOSE_BALL": 0.0, "FOULED_LOOSE_BALL": 0.0, "FOUL_OFFENSIVE_CHARGE": 0.0, "FOULED_OFFENSIVE_CHARGE": 0.0, "FOUL_OFFENSIVE_OTHER": 0.0, "FOULED_OFFENSIVE_OTHER": 0.0, "FOUL_OFFENSIVE_TOTAL": 0.1111111111111111, "FOULED_OFFENSIVE_TOTAL": 0.05263157894736842, "FOUL_PERSONAL": 0.0851063829787234, "FOULED_PERSONAL": 0.08108108108108109, "FOUL_PERSONAL_BLOCK": 0.0, "FOULED_PERSONAL_BLOCK": 0.0, "FOUL_PERSONAL_TAKE": 0.0, "FOULED_PERSONAL_TAKE": 0.17647058823529413, "FOUL_SHOOTING": 0.1, "FOULED_SHOOTING": 0.25, "FOUL_SHOOTING_BLOCK": 0.0, "FOULED_SHOOTING_BLOCK": 0.0, "FOUL_TECHNICAL": 0.0, "FT": 0.5833333333333334, "REBOUND_DEFENSIVE": 0.18592964824120603, "REBOUND_OFFENSIVE": 0.03204047217537943, "STEAL": 0.15584415584415584, "SHOT_TYPE_ARC_3_OFFENSIVE": 0.3316929133858268, "SHOT_TYPE_ARC_3_DEFENSIVE": 0.32285714285714284, "SHOT_TYPE_AT_RIM_OFFENSIVE": 0.3110236220472441, "SHOT_TYPE_AT_RIM_DEFENSIVE": 0.2723809523809524, "SHOT_TYPE_CORNER_3_OFFENSIVE": 0.09055118110236221, "SHOT_TYPE_CORNER_3_DEFENSIVE": 0.10666666666666667, "SHOT_TYPE_LONG_MID_RANGE_OFFENSIVE": 0.058070866141732284, "SHOT_TYPE_LONG_MID_RANGE_DEFENSIVE": 0.10476190476190476, "SHOT_TYPE_SHORT_MID_RANGE_OFFENSIVE": 0.20866141732283464, "SHOT_TYPE_SHORT_MID_RANGE_DEFENSIVE": 0.19333333333333333,