{"ASSIST": 0.10222222222222223, "BLOCK": 0.09302325581395349, "FG_ARC_3_ATTEMPT": 0.19298245614035087, "FG_ARC_3_BLOCK": 0.0043859649122807015, "FG_ARC_3_MADE": 0.13636363636363635, "FG_ARC_3_MADE_FOUL": 0.0, "FG_AT_RIM_ATTEMPT": 0.0875, "FG_AT_RIM_BLOCK": 0.004166666666666667, "FG_AT_RIM_MADE": 0.5714285714285714, "FG_AT_RIM_MADE_FOUL": 0.0, "FG_CORNER_3_ATTEMPT": 0.2840909090909091, "FG_CORNER_3_BLOCK": 0.0, "FG_CORNER_3_MADE": 0.24, "FG_CORNER_3_MADE_FOUL": 0.0, "FG_LONG_MID_RANGE_ATTEMPT": 0.1038961038961039, "FG_LONG_MID_RANGE_BLOCK": 0.0, "FG_LONG_MID_RANGE_MADE": 0.125, "FG_LONG_MID_RANGE_MADE_FOUL": 0.0, "FG_SHORT_MID_RANGE_ATTEMPT": 0.1111111111111111, "FG_SHORT_MID_RANGE_BLOCK": 0.011111111111111112, "FG_SHORT_MID_RANGE_MADE": 0.25, "FG_SHORT_MID_RANGE_MADE_FOUL": 0.005555555555555556, "FG_XY": {"ARC_3": {"-31|260": 0.022727272727272728, "0|272": 0.022727272727272728, "125|221": 0.045454545454545456, "175|188": 0.022727272727272728, "110|224": 0.022727272727272728, "13|262": 0.022727272727272728, "147|208": 0.022727272727272728, "-25|283": 0.022727272727272728, "-87|240": 0.022727272727272728, "-192|169": 0.022727272727272728, "179|185": 0.022727272727272728, "-99|240": 0.022727272727272728, "77|272": 0.022727272727272728, "-146|210": 0.022727272727272728, "-158|201": 0.022727272727272728, "-5|267": 0.022727272727272728, "51|260": 0.022727272727272728, "232|104": 0.022727272727272728, "-167|217": 0.022727272727272728, "-5|277": 0.022727272727272728, "70|263": 0.022727272727272728, "217|179": 0.022727272727272728, "213|155": 0.022727272727272728, "188|200": 0.022727272727272728, "173|181": 0.022727272727272728, "-147|220": 0.022727272727272728, "158|211": 0.022727272727272728, "-130|217": 0.022727272727272728, "94|241": 0.022727272727272728, "211|132": 0.022727272727272728, "189|158": 0.022727272727272728, "9|260": 0.022727272727272728, "184|188": 0.022727272727272728, "154|199": 0.022727272727272728, "138|209": 0.022727272727272728, "186|198": 0.022727272727272728, "5|250": 0.022727272727272728, "147|215": 0.022727272727272728, "-185|190": 0.022727272727272728, "158|200": 0.022727272727272728, "7|260": 0.022727272727272728, "100|232": 0.022727272727272728, "-138|209": 0.022727272727272728}, "AT_RIM": {"-25|11": 0.047619047619047616, "-16|0": 0.047619047619047616, "1|13": 0.047619047619047616, "25|11": 0.047619047619047616, "0|4": 0.047619047619047616, "-10|1": 0.047619047619047616, "0|0": 0.047619047619047616, "2|32": 0.047619047619047616, "0|21": 0.047619047619047616, "-7|19": 0.047619047619047616, "12|28": 0.047619047619047616, "-2|10": 0.047619047619047616, "1|4": 0.047619047619047616, "0|-6": 0.047619047619047616, "-9|19": 0.047619047619047616, "23|29": 0.047619047619047616, "4|4": 0.047619047619047616, "4|29": 0.047619047619047616, "-16|8": 0.047619047619047616, "1|-13": 0.047619047619047616, "2|22": 0.047619047619047616}, "CORNER_3": {"227|55": 0.04, "-234|30": 0.04, "-229|38": 0.04, "232|47": 0.04, "229|4": 0.04, "233|29": 0.04, "228|54": 0.04, "224|7": 0.04, "237|26": 0.04, "229|13": 0.04, "225|-4": 0.04, "-225|1": 0.04, "-233|1": 0.04, "239|42": 0.04, "-243|5": 0.04, "230|31": 0.04, "-239|31": 0.04, "-238|50": 0.04, "-235|19": 0.04, "228|84": 0.04, "-224|78": 0.04, "227|27": 0.04, "-237|17": 0.04, "225|78": 0.04, "239|12": 0.04}, "LONG_MID_RANGE": {"-16|200": 0.125, "27|196": 0.125, "38|143": 0.125, "147|114": 0.125, "42|173": 0.125, "-97|168": 0.125, "207|3": 0.125, "60|183": 0.125}, "SHORT_MID_RANGE": {"-82|78": 0.05, "15|129": 0.05, "27|94": 0.05, "-110|45": 0.05, "-29|31": 0.05, "13|73": 0.05, "31|34": 0.05, "32|37": 0.05, "-71|4": 0.05, "-51|36": 0.05, "32|29": 0.05, "1|47": 0.05, "11|39": 0.05, "-23|117": 0.05, "-7|48": 0.05, "-34|88": 0.05, "-58|116": 0.05, "-31|37": 0.05, "-134|-11": 0.05, "31|67": 0.05}}, "FOUL_AWAY_FROM_PLAY": 0.0, "FOULED_AWAY_FROM_PLAY": 0.0, "FOUL_CLEAR_PATH": 0.0, "FOULED_CLEAR_PATH": 0.0, "FOUL_COUNT_AS_PERSONAL": 0.15555555555555556, "FOULED_COUNT_AS_PERSONAL": 0.1076923076923077, "FOUL_COUNT_TOWARD_PENALTY": 0.1761006289308176, "FOULED_COUNT_TOWARD_PENALTY": 0.10119047619047619, "FOUL_DEFENSIVE_NON_SHOOTING": 0.16049382716049382, "FOULED_DEFENSIVE_NON_SHOOTING": 0.07228915662650602, "FOUL_DOUBLE": 0.0, "FOUL_TECHNICAL_DOUBLE": 0.0, "FOUL_FLAGRANT": 0.0, "FOULED_FLAGRANT": 0.0, "FOUL_FLAGRANT_1": 0.0, "FOULED_FLAGRANT_1": 0.0, "FOUL_FLAGRANT_2": 0.0, "FOULED_FLAGRANT_2": 0.0, "FOUL_INBOUND": 0.0, "FOULED_INBOUND": 0.0, "FOUL_LOOSE_BALL": 0.0, "FOULED_LOOSE_BALL": 0.0, "FOUL_OFFENSIVE_CHARGE": 0.0, "FOULED_OFFENSIVE_CHARGE": 0.3333333333333333, "FOUL_OFFENSIVE_OTHER": 0.0, "FOULED_OFFENSIVE_OTHER": 0.0, "FOUL_OFFENSIVE_TOTAL": 0.0, "FOULED_OFFENSIVE_TOTAL": 0.14814814814814814, "FOUL_PERSONAL": 0.16393442622950818, "FOULED_PERSONAL": 0.1, "FOUL_PERSONAL_BLOCK": 0.0, "FOULED_PERSONAL_BLOCK": 0.0, "FOUL_PERSONAL_TAKE": 0.0, "FOULED_PERSONAL_TAKE": 0.0, "FOUL_SHOOTING": 0.19480519480519481, "FOULED_SHOOTING": 0.12941176470588237, "FOUL_SHOOTING_BLOCK": 0.0, "FOULED_SHOOTING_BLOCK": 0.0, "FOUL_TECHNICAL": 0.0, "FT": 0.7368421052631579, "REBOUND_DEFENSIVE": 0.11728395061728394, "REBOUND_OFFENSIVE": 0.012958963282937365, "STEAL": 0.16091954022988506, "SHOT_TYPE_ARC_3_OFFENSIVE": 0.28044280442804426, "SHOT_TYPE_ARC_3_DEFENSIVE": 0.31227217496962334, "SHOT_TYPE_AT_RIM_OFFENSIVE": 0.2952029520295203, "SHOT_TYPE_AT_RIM_DEFENSIVE": 0.25273390036452004, "SHOT_TYPE_CORNER_3_OFFENSIVE": 0.10824108241082411, "SHOT_TYPE_CORNER_3_DEFENSIVE": 0.07533414337788578, "SHOT_TYPE_LONG_MID_RANGE_OFFENSIVE": 0.09471094710947109, "SHOT_TYPE_LONG_MID_RANGE_DEFENSIVE": 0.12393681652490887, "SHOT_TYPE_SHORT_MID_RANGE_OFFENSIVE": 0.22140221402214022, "SHOT_TYPE_SHORT_MID_RANGE_DEFENSIVE": 0.23572296476306198, "TURNOVER": 0.08633093525179857, "VIOLATION_DEFENSIVE_GOALTENDING": 0.3333333333333333, "VIOLATION_DEFENSIVE_KICK_BALL": 0.0}