{"ASSIST": 0.12030075187969924, "BLOCK": 0.12, "FG_ARC_3_ATTEMPT": 0.16972477064220184, "FG_ARC_3_BLOCK": 0.0, "FG_ARC_3_MADE": 0.16216216216216217, "FG_ARC_3_MADE_FOUL": 0.0, "FG_AT_RIM_ATTEMPT": 0.1951219512195122, "FG_AT_RIM_BLOCK": 0.018292682926829267, "FG_AT_RIM_MADE": 0.5625, "FG_AT_RIM_MADE_FOUL": 0.012195121951219513, "FG_CORNER_3_ATTEMPT": 0.17391304347826086, "FG_CORNER_3_BLOCK": 0.0, "FG_CORNER_3_MADE": 0.125, "FG_CORNER_3_MADE_FOUL": 0.0, "FG_LONG_MID_RANGE_ATTEMPT": 0.14285714285714285, "FG_LONG_MID_RANGE_BLOCK": 0.0, "FG_LONG_MID_RANGE_MADE": 0.3333333333333333, "FG_LONG_MID_RANGE_MADE_FOUL": 0.0, "FG_SHORT_MID_RANGE_ATTEMPT": 0.14814814814814814, "FG_SHORT_MID_RANGE_BLOCK": 0.018518518518518517, "FG_SHORT_MID_RANGE_MADE": 0.375, "FG_SHORT_MID_RANGE_MADE_FOUL": 0.0, "FG_XY": {"ARC_3": {"-131|251": 0.02702702702702703, "-145|210": 0.02702702702702703, "48|243": 0.02702702702702703, "-74|241": 0.02702702702702703, "-163|199": 0.02702702702702703, "168|189": 0.02702702702702703, "20|239": 0.02702702702702703, "109|237": 0.02702702702702703, "-153|217": 0.02702702702702703, "-142|226": 0.02702702702702703, "-202|158": 0.02702702702702703, "108|231": 0.02702702702702703, "165|205": 0.02702702702702703, "105|256": 0.02702702702702703, "-55|239": 0.02702702702702703, "-202|165": 0.02702702702702703, "-170|201": 0.02702702702702703, "-174|184": 0.02702702702702703, "71|240": 0.02702702702702703, "-212|153": 0.02702702702702703, "38|261": 0.02702702702702703, "-103|240": 0.02702702702702703, "114|245": 0.02702702702702703, "158|201": 0.02702702702702703, "123|241": 0.02702702702702703, "-69|271": 0.02702702702702703, "213|162": 0.02702702702702703, "127|240": 0.02702702702702703, "-203|270": 0.02702702702702703, "185|195": 0.02702702702702703, "179|194": 0.02702702702702703, "-191|143": 0.02702702702702703, "-186|166": 0.02702702702702703, "116|226": 0.02702702702702703, "214|126": 0.02702702702702703, "104|245": 0.02702702702702703, "228|136": 0.02702702702702703}, "AT_RIM": {"-20|2": 0.03125, "-17|15": 0.03125, "7|28": 0.03125, "-4|17": 0.03125, "6|10": 0.03125, "1|13": 0.03125, "13|6": 0.03125, "-2|36": 0.03125, "-7|21": 0.03125, "6|-4": 0.03125, "36|10": 0.03125, "12|20": 0.03125, "-9|18": 0.03125, "0|0": 0.0625, "18|11": 0.03125, "1|4": 0.03125, "28|20": 0.03125, "-26|9": 0.03125, "4|13": 0.03125, "10|21": 0.03125, "26|14": 0.03125, "10|34": 0.03125, "-4|22": 0.03125, "17|12": 0.03125, "29|14": 0.03125, "0|6": 0.03125, "4|32": 0.03125, "-5|1": 0.03125, "0|16": 0.03125, "13|13": 0.03125, "0|4": 0.03125}, "CORNER_3": {"-225|13": 0.125, "-224|-6": 0.125, "-232|29": 0.125, "232|-20": 0.125, "225|2": 0.125, "-232|-10": 0.125, "-229|-8": 0.125, "-232|80": 0.125}, "LONG_MID_RANGE": {"-213|75": 0.16666666666666666, "-42|167": 0.16666666666666666, "-146|27": 0.16666666666666666, "130|141": 0.16666666666666666, "107|182": 0.16666666666666666, "-85|128": 0.16666666666666666}, "SHORT_MID_RANGE": {"70|77": 0.0625, "-65|48": 0.0625, "-49|37": 0.0625, "-44|53": 0.0625, "-4|47": 0.0625, "22|47": 0.0625, "-74|66": 0.0625, "-43|88": 0.0625, "-109|15": 0.0625, "134|-4": 0.0625, "51|12": 0.0625, "25|41": 0.0625, "-61|6": 0.0625, "-87|1": 0.0625, "-47|21": 0.0625, "-51|72": 0.0625}}, "FOUL_AWAY_FROM_PLAY": 0.0, "FOULED_AWAY_FROM_PLAY": 0.0, "FOUL_CLEAR_PATH": 0.0, "FOULED_CLEAR_PATH": 0.0, "FOUL_COUNT_AS_PERSONAL": 0.17699115044247787, "FOULED_COUNT_AS_PERSONAL": 0.15384615384615385, "FOUL_COUNT_TOWARD_PENALTY": 0.18181818181818182, "FOULED_COUNT_TOWARD_PENALTY": 0.16806722689075632, "FOUL_DEFENSIVE_NON_SHOOTING": 0.18333333333333332, "FOULED_DEFENSIVE_NON_SHOOTING": 0.14285714285714285, "FOUL_DOUBLE": 0.0, "FOUL_TECHNICAL_DOUBLE": 0.0, "FOUL_FLAGRANT": 0.0, "FOULED_FLAGRANT": 0.0, "FOUL_FLAGRANT_1": 0.0, "FOULED_FLAGRANT_1": 0.0, "FOUL_FLAGRANT_2": 0.0, "FOULED_FLAGRANT_2": 0.0, "FOUL_INBOUND": 0.0, "FOULED_INBOUND": 0.0, "FOUL_LOOSE_BALL": 0.0, "FOULED_LOOSE_BALL": 0.26666666666666666, "FOUL_OFFENSIVE_CHARGE": 0.0, "FOULED_OFFENSIVE_CHARGE": 0.0, "FOUL_OFFENSIVE_OTHER": 0.0, "FOULED_OFFENSIVE_OTHER": 0.0, "FOUL_OFFENSIVE_TOTAL": 0.0, "FOULED_OFFENSIVE_TOTAL": 0.0, "FOUL_PERSONAL": 0.22448979591836735, "FOULED_PERSONAL": 0.11904761904761904, "FOUL_PERSONAL_BLOCK": 0.0, "FOULED_PERSONAL_BLOCK": 0.0, "FOUL_PERSONAL_TAKE": 0.0, "FOULED_PERSONAL_TAKE": 0.0, "FOUL_SHOOTING": 0.18, "FOULED_SHOOTING": 0.2, "FOUL_SHOOTING_BLOCK": 0.0, "FOULED_SHOOTING_BLOCK": 0.0, "FOUL_TECHNICAL": 0.0, "FT": 0.8571428571428571, "REBOUND_DEFENSIVE": 0.15723270440251572, "REBOUND_OFFENSIVE": 0.027624309392265192, "STEAL": 0.20408163265306123, "SHOT_TYPE_ARC_3_OFFENSIVE": 0.3771626297577855, "SHOT_TYPE_ARC_3_DEFENSIVE": 0.3448275862068966, "SHOT_TYPE_AT_RIM_OFFENSIVE": 0.2837370242214533, "SHOT_TYPE_AT_RIM_DEFENSIVE": 0.27413793103448275, "SHOT_TYPE_CORNER_3_OFFENSIVE": 0.07958477508650519, "SHOT_TYPE_CORNER_3_DEFENSIVE": 0.0896551724137931, "SHOT_TYPE_LONG_MID_RANGE_OFFENSIVE": 0.0726643598615917, "SHOT_TYPE_LONG_MID_RANGE_DEFENSIVE": 0.10172413793103448, "SHOT_TYPE_SHORT_MID_RANGE_OFFENSIVE": 0.18685121107266436, "SHOT_TYPE_SHORT_MID_RANGE_DEFENSIVE": 0.1896551724137931, "TURNOVER": 0.125, "VIOLATION_DEFENSIVE_GOALTENDING": 0.0, "VIOLATION_DEFENSIVE_KICK_BALL": 0.0}