{"ASSIST": 0.12962962962962962, "BLOCK": 0.030303030303030304, "FG_ARC_3_ATTEMPT": 0.17525773195876287, "FG_ARC_3_BLOCK": 0.0, "FG_ARC_3_MADE": 0.17647058823529413, "FG_ARC_3_MADE_FOUL": 0.0, "FG_AT_RIM_ATTEMPT": 0.140625, "FG_AT_RIM_BLOCK": 0.026041666666666668, "FG_AT_RIM_MADE": 0.5925925925925926, "FG_AT_RIM_MADE_FOUL": 0.015625, "FG_CORNER_3_ATTEMPT": 0.2857142857142857, "FG_CORNER_3_BLOCK": 0.0, "FG_CORNER_3_MADE": 0.25, "FG_CORNER_3_MADE_FOUL": 0.0, "FG_LONG_MID_RANGE_ATTEMPT": 0.09090909090909091, "FG_LONG_MID_RANGE_BLOCK": 0.0, "FG_LONG_MID_RANGE_MADE": 0.625, "FG_LONG_MID_RANGE_MADE_FOUL": 0.0, "FG_SHORT_MID_RANGE_ATTEMPT": 0.07643312101910828, "FG_SHORT_MID_RANGE_BLOCK": 0.012738853503184714, "FG_SHORT_MID_RANGE_MADE": 0.5, "FG_SHORT_MID_RANGE_MADE_FOUL": 0.006369426751592357, "FG_XY": {"ARC_3": {"213|146": 0.029411764705882353, "200|169": 0.029411764705882353, "65|257": 0.029411764705882353, "163|205": 0.029411764705882353, "-105|265": 0.029411764705882353, "-206|141": 0.029411764705882353, "59|250": 0.029411764705882353, "168|198": 0.029411764705882353, "211|132": 0.029411764705882353, "157|225": 0.029411764705882353, "48|249": 0.029411764705882353, "-196|155": 0.029411764705882353, "-116|254": 0.029411764705882353, "-223|122": 0.029411764705882353, "92|240": 0.029411764705882353, "234|90": 0.029411764705882353, "-102|226": 0.029411764705882353, "75|239": 0.029411764705882353, "-152|209": 0.029411764705882353, "-53|255": 0.029411764705882353, "-74|267": 0.029411764705882353, "-164|190": 0.029411764705882353, "-195|146": 0.029411764705882353, "127|215": 0.029411764705882353, "85|231": 0.029411764705882353, "131|233": 0.029411764705882353, "-169|193": 0.029411764705882353, "-59|252": 0.029411764705882353, "199|168": 0.029411764705882353, "-147|208": 0.029411764705882353, "44|256": 0.029411764705882353, "123|228": 0.029411764705882353, "150|214": 0.029411764705882353, "-223|121": 0.029411764705882353}, "AT_RIM": {"-16|8": 0.037037037037037035, "5|11": 0.037037037037037035, "1|-4": 0.037037037037037035, "2|-3": 0.037037037037037035, "2|14": 0.037037037037037035, "-22|8": 0.037037037037037035, "1|4": 0.037037037037037035, "-25|-1": 0.037037037037037035, "-4|-1": 0.037037037037037035, "15|8": 0.037037037037037035, "-2|10": 0.037037037037037035, "1|-2": 0.037037037037037035, "-4|5": 0.037037037037037035, "-1|16": 0.037037037037037035, "0|25": 0.037037037037037035, "-6|27": 0.037037037037037035, "-21|18": 0.037037037037037035, "18|19": 0.037037037037037035, "0|0": 0.037037037037037035, "-21|-5": 0.037037037037037035, "2|3": 0.037037037037037035, "-18|21": 0.037037037037037035, "4|22": 0.037037037037037035, "10|5": 0.037037037037037035, "5|8": 0.037037037037037035, "39|5": 0.037037037037037035, "13|8": 0.037037037037037035}, "CORNER_3": {"-230|10": 0.0625, "230|28": 0.0625, "-229|22": 0.0625, "-222|32": 0.0625, "225|25": 0.0625, "-224|6": 0.0625, "-219|1": 0.0625, "223|50": 0.0625, "-237|31": 0.0625, "-229|8": 0.0625, "229|8": 0.0625, "233|13": 0.0625, "229|-6": 0.0625, "223|-4": 0.0625, "228|21": 0.0625, "-229|27": 0.0625}, "LONG_MID_RANGE": {"-16|170": 0.125, "-11|178": 0.125, "86|156": 0.125, "-47|138": 0.125, "49|169": 0.125, "39|185": 0.125, "-67|187": 0.125, "-76|124": 0.125}, "SHORT_MID_RANGE": {"-119|10": 0.08333333333333333, "2|58": 0.08333333333333333, "129|-23": 0.08333333333333333, "74|32": 0.08333333333333333, "-53|6": 0.08333333333333333, "54|69": 0.08333333333333333, "4|109": 0.08333333333333333, "-7|130": 0.08333333333333333, "45|36": 0.08333333333333333, "136|-7": 0.08333333333333333, "13|39": 0.08333333333333333, "-121|48": 0.08333333333333333}}, "FOUL_AWAY_FROM_PLAY": 0.0, "FOULED_AWAY_FROM_PLAY": 0.0, "FOUL_CLEAR_PATH": 0.0, "FOULED_CLEAR_PATH": 0.0, "FOUL_COUNT_AS_PERSONAL": 0.18439716312056736, "FOULED_COUNT_AS_PERSONAL": 0.11194029850746269, "FOUL_COUNT_TOWARD_PENALTY": 0.1889763779527559, "FOULED_COUNT_TOWARD_PENALTY": 0.09448818897637795, "FOUL_DEFENSIVE_NON_SHOOTING": 0.1875, "FOULED_DEFENSIVE_NON_SHOOTING": 0.06557377049180328, "FOUL_DOUBLE": 0.0, "FOUL_TECHNICAL_DOUBLE": 0.0, "FOUL_FLAGRANT": 0.0, "FOULED_FLAGRANT": 0.0, "FOUL_FLAGRANT_1": 0.0, "FOULED_FLAGRANT_1": 0.0, "FOUL_FLAGRANT_2": 0.0, "FOULED_FLAGRANT_2": 0.0, "FOUL_INBOUND": 0.0, "FOULED_INBOUND": 0.0, "FOUL_LOOSE_BALL": 0.0, "FOULED_LOOSE_BALL": 0.0, "FOUL_OFFENSIVE_CHARGE": 0.125, "FOULED_OFFENSIVE_CHARGE": 0.0, "FOUL_OFFENSIVE_OTHER": 0.0, "FOULED_OFFENSIVE_OTHER": 0.0, "FOUL_OFFENSIVE_TOTAL": 0.14285714285714285, "FOULED_OFFENSIVE_TOTAL": 0.42857142857142855, "FOUL_PERSONAL": 0.2, "FOULED_PERSONAL": 0.1, "FOUL_PERSONAL_BLOCK": 0.0, "FOULED_PERSONAL_BLOCK": 0.0, "FOUL_PERSONAL_TAKE": 0.5, "FOULED_PERSONAL_TAKE": 0.0, "FOUL_SHOOTING": 0.19047619047619047, "FOULED_SHOOTING": 0.12307692307692308, "FOUL_SHOOTING_BLOCK": 0.0, "FOULED_SHOOTING_BLOCK": 0.0, "FOUL_TECHNICAL": 0.0, "FT": 0.9, "REBOUND_DEFENSIVE": 0.10029498525073746, "REBOUND_OFFENSIVE": 0.030848329048843187, "STEAL": 0.20270270270270271, "SHOT_TYPE_ARC_3_OFFENSIVE": 0.2823871906841339, "SHOT_TYPE_ARC_3_DEFENSIVE": 0.3105095541401274, "SHOT_TYPE_AT_RIM_OFFENSIVE": 0.2794759825327511, "SHOT_TYPE_AT_RIM_DEFENSIVE": 0.28821656050955413, "SHOT_TYPE_CORNER_3_OFFENSIVE": 0.08151382823871907, "SHOT_TYPE_CORNER_3_DEFENSIVE": 0.13535031847133758, "SHOT_TYPE_LONG_MID_RANGE_OFFENSIVE": 0.12809315866084425, "SHOT_TYPE_LONG_MID_RANGE_DEFENSIVE": 0.08121019108280254, "SHOT_TYPE_SHORT_MID_RANGE_OFFENSIVE": 0.22852983988355166, "SHOT_TYPE_SHORT_MID_RANGE_DEFENSIVE": 0.18471337579617833, "TURNOVER": 0.16129032258064516, "VIOLATION_DEFENSIVE_GOALTENDING": 0.0, "VIOLATION_DEFENSIVE_KICK_BALL": 0.0}