{"ASSIST": 0.1527777777777778, "BLOCK": 0.08108108108108109, "FG_ARC_3_ATTEMPT": 0.16927083333333334, "FG_ARC_3_BLOCK": 0.0, "FG_ARC_3_MADE": 0.24615384615384617, "FG_ARC_3_MADE_FOUL": 0.0, "FG_AT_RIM_ATTEMPT": 0.2471264367816092, "FG_AT_RIM_BLOCK": 0.040229885057471264, "FG_AT_RIM_MADE": 0.5465116279069767, "FG_AT_RIM_MADE_FOUL": 0.011494252873563218, "FG_CORNER_3_ATTEMPT": 0.2631578947368421, "FG_CORNER_3_BLOCK": 0.0, "FG_CORNER_3_MADE": 0.23333333333333334, "FG_CORNER_3_MADE_FOUL": 0.0, "FG_LONG_MID_RANGE_ATTEMPT": 0.12307692307692308, "FG_LONG_MID_RANGE_BLOCK": 0.007692307692307693, "FG_LONG_MID_RANGE_MADE": 0.375, "FG_LONG_MID_RANGE_MADE_FOUL": 0.0, "FG_SHORT_MID_RANGE_ATTEMPT": 0.24651162790697675, "FG_SHORT_MID_RANGE_BLOCK": 0.04186046511627907, "FG_SHORT_MID_RANGE_MADE": 0.20754716981132076, "FG_SHORT_MID_RANGE_MADE_FOUL": 0.004651162790697674, "FG_XY": {"ARC_3": {"113|245": 0.015384615384615385, "-97|221": 0.015384615384615385, "-104|220": 0.015384615384615385, "80|236": 0.015384615384615385, "-9|256": 0.015384615384615385, "148|206": 0.03076923076923077, "-78|251": 0.015384615384615385, "-131|253": 0.015384615384615385, "165|189": 0.015384615384615385, "-42|261": 0.015384615384615385, "67|243": 0.015384615384615385, "121|226": 0.015384615384615385, "-163|189": 0.015384615384615385, "-120|231": 0.015384615384615385, "127|223": 0.015384615384615385, "-25|270": 0.015384615384615385, "78|238": 0.015384615384615385, "145|210": 0.015384615384615385, "-225|116": 0.015384615384615385, "-103|226": 0.015384615384615385, "170|178": 0.015384615384615385, "115|231": 0.015384615384615385, "-132|232": 0.015384615384615385, "-49|242": 0.015384615384615385, "61|251": 0.015384615384615385, "194|189": 0.015384615384615385, "-162|195": 0.015384615384615385, "172|184": 0.015384615384615385, "188|179": 0.015384615384615385, "65|270": 0.015384615384615385, "-47|269": 0.015384615384615385, "174|201": 0.015384615384615385, "159|205": 0.015384615384615385, "-36|261": 0.015384615384615385, "143|226": 0.015384615384615385, "176|199": 0.015384615384615385, "217|126": 0.015384615384615385, "-69|237": 0.015384615384615385, "-106|229": 0.015384615384615385, "228|93": 0.015384615384615385, "-186|169": 0.015384615384615385, "158|197": 0.015384615384615385, "82|235": 0.015384615384615385, "132|221": 0.015384615384615385, "-107|236": 0.015384615384615385, "9|248": 0.015384615384615385, "102|242": 0.015384615384615385, "-112|216": 0.015384615384615385, "152|210": 0.015384615384615385, "-26|253": 0.015384615384615385, "-121|233": 0.015384615384615385, "136|209": 0.015384615384615385, "58|248": 0.015384615384615385, "-213|146": 0.015384615384615385, "-13|259": 0.015384615384615385, "227|111": 0.015384615384615385, "224|133": 0.015384615384615385, "-213|135": 0.015384615384615385, "168|190": 0.015384615384615385, "159|196": 0.015384615384615385, "103|239": 0.015384615384615385, "-142|204": 0.015384615384615385, "118|223": 0.015384615384615385, "135|221": 0.015384615384615385}, "AT_RIM": {"-28|-1": 0.011627906976744186, "15|11": 0.011627906976744186, "-1|7": 0.011627906976744186, "-4|12": 0.011627906976744186, "-31|-5": 0.011627906976744186, "7|0": 0.011627906976744186, "-10|5": 0.011627906976744186, "11|5": 0.011627906976744186, "-5|3": 0.011627906976744186, "2|7": 0.011627906976744186, "-12|-5": 0.011627906976744186, "20|18": 0.011627906976744186, "4|9": 0.023255813953488372, "9|9": 0.011627906976744186, "-1|0": 0.011627906976744186, "7|-1": 0.011627906976744186, "-9|-4": 0.011627906976744186, "0|15": 0.023255813953488372, "13|5": 0.011627906976744186, "-18|10": 0.011627906976744186, "-28|6": 0.011627906976744186, "-15|15": 0.011627906976744186, "5|28": 0.011627906976744186, "6|5": 0.011627906976744186, "2|8": 0.011627906976744186, "1|10": 0.011627906976744186, "-9|4": 0.011627906976744186, "-9|25": 0.011627906976744186, "0|0": 0.03488372093023256, "-12|20": 0.011627906976744186, "-20|15": 0.011627906976744186, "-6|28": 0.011627906976744186, "6|12": 0.011627906976744186, "12|5": 0.011627906976744186, "2|23": 0.011627906976744186, "-7|5": 0.023255813953488372, "10|25": 0.011627906976744186, "-1|10": 0.023255813953488372, "-4|13": 0.011627906976744186, "-4|10": 0.011627906976744186, "-26|26": 0.011627906976744186, "4|18": 0.011627906976744186, "-32|0": 0.011627906976744186, "-6|13": 0.011627906976744186, "-17|1": 0.011627906976744186, "-31|15": 0.011627906976744186, "-34|6": 0.011627906976744186, "-27|-1": 0.011627906976744186, "-26|-1": 0.011627906976744186, "-2|3": 0.011627906976744186, "23|20": 0.011627906976744186, "-2|1": 0.023255813953488372, "-2|5": 0.011627906976744186, "-16|15": 0.011627906976744186, "-1|11": 0.011627906976744186, "5|21": 0.011627906976744186, "15|20": 0.011627906976744186, "16|9": 0.011627906976744186, "7|22": 0.011627906976744186, "5|8": 0.011627906976744186, "-21|1": 0.011627906976744186, "-16|13": 0.011627906976744186, "-16|4": 0.011627906976744186, "-1|25": 0.011627906976744186, "4|17": 0.011627906976744186, "-11|12": 0.011627906976744186, "-2|13": 0.011627906976744186, "11|1": 0.011627906976744186, "-17|3": 0.011627906976744186, "10|21": 0.011627906976744186, "-21|4": 0.011627906976744186, "-11|2": 0.011627906976744186, "-11|15": 0.011627906976744186, "-28|16": 0.011627906976744186, "-13|5": 0.011627906976744186, "7|11": 0.011627906976744186, "-15|14": 0.011627906976744186, "0|13": 0.011627906976744186, "-17|22": 0.011627906976744186}, "CORNER_3": {"-234|73": 0.03333333333333333, "-238|5": 0.03333333333333333, "228|-6": 0.03333333333333333, "232|73": 0.03333333333333333, "237|22": 0.03333333333333333, "229|5": 0.03333333333333333, "230|3": 0.03333333333333333, "-233|0": 0.03333333333333333, "-227|43": 0.03333333333333333, "232|8": 0.03333333333333333, "225|10": 0.03333333333333333, "-227|20": 0.03333333333333333, "221|84": 0.03333333333333333, "230|15": 0.03333333333333333, "232|60": 0.03333333333333333, "-240|17": 0.03333333333333333, "223|-8": 0.03333333333333333, "224|4": 0.03333333333333333, "223|-1": 0.03333333333333333, "-235|-9": 0.03333333333333333, "-233|26": 0.03333333333333333, "-238|-1": 0.03333333333333333, "232|13": 0.03333333333333333, "-237|68": 0.03333333333333333, "248|11": 0.03333333333333333, "234|-9": 0.03333333333333333, "224|1": 0.03333333333333333, "-238|12": 0.03333333333333333, "-224|6": 0.03333333333333333, "223|10": 0.03333333333333333}, "LONG_MID_RANGE": {"-87|164": 0.0625, "-146|4": 0.0625, "-72|141": 0.0625, "123|167": 0.0625, "108|95": 0.0625, "159|16": 0.0625, "-88|163": 0.0625, "81|127": 0.0625, "124|126": 0.0625, "-77|197": 0.0625, "-34|153": 0.0625, "119|152": 0.0625, "25|171": 0.0625, "116|201": 0.0625, "0|174": 0.0625, "47|169": 0.0625}, "SHORT_MID_RANGE": {"33|28": 0.018867924528301886, "-33|25": 0.018867924528301886, "-44|36": 0.018867924528301886, "-9|71": 0.018867924528301886, "1|95": 0.018867924528301886, "-45|46": 0.018867924528301886, "23|34": 0.018867924528301886, "-28|73": 0.018867924528301886, "66|78": 0.018867924528301886, "4|64": 0.018867924528301886, "107|-18": 0.018867924528301886, "4|73": 0.018867924528301886, "-47|33": 0.018867924528301886, "-40|121": 0.018867924528301886, "-21|91": 0.018867924528301886, "67|96": 0.018867924528301886, "99|30": 0.018867924528301886, "22|122": 0.018867924528301886, "-20|81": 0.018867924528301886, "5|86": 0.018867924528301886, "-28|34": 0.018867924528301886, "-78|94": 0.018867924528301886, "27|43": 0.018867924528301886, "23|38": 0.018867924528301886, "56|23": 0.018867924528301886, "2|104": 0.018867924528301886, "4|127": 0.018867924528301886, "27|47": 0.018867924528301886, "62|78": 0.018867924528301886, "-80|25": 0.018867924528301886, "-33|41": 0.018867924528301886, "-18|38": 0.018867924528301886, "71|17": 0.018867924528301886, "-42|-2": 0.018867924528301886, "-20|35": 0.018867924528301886, "6|82": 0.018867924528301886, "-2|46": 0.018867924528301886, "-70|17": 0.018867924528301886, "-23|90": 0.018867924528301886, "34|24": 0.018867924528301886,