{"ASSIST": 0.1891891891891892, "BLOCK": 0.4838709677419355, "FG_ARC_3_ATTEMPT": 0.08396946564885496, "FG_ARC_3_BLOCK": 0.0, "FG_ARC_3_MADE": 0.7272727272727273, "FG_ARC_3_MADE_FOUL": 0.0, "FG_AT_RIM_ATTEMPT": 0.23728813559322035, "FG_AT_RIM_BLOCK": 0.01694915254237288, "FG_AT_RIM_MADE": 0.5714285714285714, "FG_AT_RIM_MADE_FOUL": 0.01694915254237288, "FG_CORNER_3_ATTEMPT": 0.06976744186046512, "FG_CORNER_3_BLOCK": 0.0, "FG_CORNER_3_MADE": 0.6666666666666666, "FG_CORNER_3_MADE_FOUL": 0.0, "FG_LONG_MID_RANGE_ATTEMPT": 0.109375, "FG_LONG_MID_RANGE_BLOCK": 0.0, "FG_LONG_MID_RANGE_MADE": 0.5714285714285714, "FG_LONG_MID_RANGE_MADE_FOUL": 0.0, "FG_SHORT_MID_RANGE_ATTEMPT": 0.15723270440251572, "FG_SHORT_MID_RANGE_BLOCK": 0.03773584905660377, "FG_SHORT_MID_RANGE_MADE": 0.32, "FG_SHORT_MID_RANGE_MADE_FOUL": 0.0, "FG_XY": {"ARC_3": {"151|231": 0.09090909090909091, "-203|151": 0.09090909090909091, "-183|186": 0.09090909090909091, "-16|257": 0.09090909090909091, "-168|191": 0.09090909090909091, "-153|214": 0.09090909090909091, "-156|222": 0.09090909090909091, "179|199": 0.09090909090909091, "136|232": 0.09090909090909091, "173|210": 0.09090909090909091, "-5|260": 0.09090909090909091}, "AT_RIM": {"0|0": 0.21428571428571427, "-2|12": 0.03571428571428571, "16|1": 0.03571428571428571, "-2|20": 0.03571428571428571, "1|4": 0.07142857142857142, "11|14": 0.03571428571428571, "13|13": 0.03571428571428571, "11|26": 0.03571428571428571, "-27|9": 0.03571428571428571, "21|15": 0.03571428571428571, "-26|15": 0.03571428571428571, "17|15": 0.03571428571428571, "36|15": 0.03571428571428571, "31|22": 0.03571428571428571, "4|10": 0.03571428571428571, "9|12": 0.03571428571428571, "-4|28": 0.03571428571428571, "4|20": 0.03571428571428571, "1|1": 0.03571428571428571, "2|13": 0.03571428571428571, "1|8": 0.03571428571428571, "-4|29": 0.03571428571428571}, "CORNER_3": {"239|54": 0.3333333333333333, "234|1": 0.3333333333333333, "224|15": 0.3333333333333333}, "LONG_MID_RANGE": {"-1|157": 0.14285714285714285, "27|146": 0.14285714285714285, "-53|190": 0.14285714285714285, "72|186": 0.14285714285714285, "142|29": 0.14285714285714285, "59|159": 0.14285714285714285, "27|180": 0.14285714285714285}, "SHORT_MID_RANGE": {"-43|17": 0.04, "56|52": 0.04, "-6|101": 0.04, "-16|46": 0.04, "20|42": 0.04, "-9|55": 0.04, "-12|99": 0.04, "-39|63": 0.04, "-10|80": 0.04, "-6|57": 0.04, "16|39": 0.04, "-6|46": 0.04, "-33|26": 0.04, "25|50": 0.04, "39|26": 0.04, "34|26": 0.04, "39|10": 0.04, "113|8": 0.04, "1|104": 0.04, "21|67": 0.04, "-104|53": 0.04, "-89|4": 0.04, "-27|57": 0.04, "108|14": 0.04, "37|48": 0.04}}, "FOUL_AWAY_FROM_PLAY": 0.0, "FOULED_AWAY_FROM_PLAY": 0.0, "FOUL_CLEAR_PATH": 0.0, "FOULED_CLEAR_PATH": 0.0, "FOUL_COUNT_AS_PERSONAL": 0.32967032967032966, "FOULED_COUNT_AS_PERSONAL": 0.40540540540540543, "FOUL_COUNT_TOWARD_PENALTY": 0.3026315789473684, "FOULED_COUNT_TOWARD_PENALTY": 0.42574257425742573, "FOUL_DEFENSIVE_NON_SHOOTING": 0.22580645161290322, "FOULED_DEFENSIVE_NON_SHOOTING": 0.48148148148148145, "FOUL_DOUBLE": 0.0, "FOUL_TECHNICAL_DOUBLE": 0.0, "FOUL_FLAGRANT": 0.0, "FOULED_FLAGRANT": 0.0, "FOUL_FLAGRANT_1": 0.0, "FOULED_FLAGRANT_1": 0.0, "FOUL_FLAGRANT_2": 0.0, "FOULED_FLAGRANT_2": 0.0, "FOUL_INBOUND": 0.0, "FOULED_INBOUND": 0.0, "FOUL_LOOSE_BALL": 0.0, "FOULED_LOOSE_BALL": 1.0, "FOUL_OFFENSIVE_CHARGE": 0.0, "FOULED_OFFENSIVE_CHARGE": 0.0, "FOUL_OFFENSIVE_OTHER": 0.0, "FOULED_OFFENSIVE_OTHER": 0.0, "FOUL_OFFENSIVE_TOTAL": 0.4666666666666667, "FOULED_OFFENSIVE_TOTAL": 0.2, "FOUL_PERSONAL": 0.21428571428571427, "FOULED_PERSONAL": 0.5555555555555556, "FOUL_PERSONAL_BLOCK": 0.0, "FOULED_PERSONAL_BLOCK": 0.0, "FOUL_PERSONAL_TAKE": 0.0, "FOULED_PERSONAL_TAKE": 0.0, "FOUL_SHOOTING": 0.35555555555555557, "FOULED_SHOOTING": 0.3617021276595745, "FOUL_SHOOTING_BLOCK": 0.0, "FOULED_SHOOTING_BLOCK": 0.0, "FOUL_TECHNICAL": 1.0, "FT": 0.7894736842105263, "REBOUND_DEFENSIVE": 0.21160409556313994, "REBOUND_OFFENSIVE": 0.08362369337979095, "STEAL": 0.17391304347826086, "SHOT_TYPE_ARC_3_OFFENSIVE": 0.2543689320388349, "SHOT_TYPE_ARC_3_DEFENSIVE": 0.331511839708561, "SHOT_TYPE_AT_RIM_OFFENSIVE": 0.229126213592233, "SHOT_TYPE_AT_RIM_DEFENSIVE": 0.29326047358834245, "SHOT_TYPE_CORNER_3_OFFENSIVE": 0.08349514563106795, "SHOT_TYPE_CORNER_3_DEFENSIVE": 0.07285974499089254, "SHOT_TYPE_LONG_MID_RANGE_OFFENSIVE": 0.12427184466019417, "SHOT_TYPE_LONG_MID_RANGE_DEFENSIVE": 0.08925318761384335, "SHOT_TYPE_SHORT_MID_RANGE_OFFENSIVE": 0.3087378640776699, "SHOT_TYPE_SHORT_MID_RANGE_DEFENSIVE": 0.21311475409836064, "TURNOVER": 0.2948717948717949, "VIOLATION_DEFENSIVE_GOALTENDING": 0.0, "VIOLATION_DEFENSIVE_KICK_BALL": 0.0}