{"ASSIST": 0.10849056603773585, "BLOCK": 0.2391304347826087, "FG_ARC_3_ATTEMPT": 0.12244897959183673, "FG_ARC_3_BLOCK": 0.0, "FG_ARC_3_MADE": 0.26666666666666666, "FG_ARC_3_MADE_FOUL": 0.0, "FG_AT_RIM_ATTEMPT": 0.046153846153846156, "FG_AT_RIM_BLOCK": 0.0, "FG_AT_RIM_MADE": 0.7777777777777778, "FG_AT_RIM_MADE_FOUL": 0.010256410256410256, "FG_CORNER_3_ATTEMPT": 0.26582278481012656, "FG_CORNER_3_BLOCK": 0.0, "FG_CORNER_3_MADE": 0.14285714285714285, "FG_CORNER_3_MADE_FOUL": 0.0, "FG_LONG_MID_RANGE_ATTEMPT": 0.0963855421686747, "FG_LONG_MID_RANGE_BLOCK": 0.0, "FG_LONG_MID_RANGE_MADE": 0.875, "FG_LONG_MID_RANGE_MADE_FOUL": 0.0, "FG_SHORT_MID_RANGE_ATTEMPT": 0.05389221556886228, "FG_SHORT_MID_RANGE_BLOCK": 0.011976047904191617, "FG_SHORT_MID_RANGE_MADE": 0.3333333333333333, "FG_SHORT_MID_RANGE_MADE_FOUL": 0.0, "FG_XY": {"ARC_3": {"-196|165": 0.03333333333333333, "206|147": 0.03333333333333333, "-65|246": 0.03333333333333333, "112|224": 0.03333333333333333, "134|241": 0.03333333333333333, "190|183": 0.03333333333333333, "-49|256": 0.03333333333333333, "55|248": 0.03333333333333333, "43|252": 0.03333333333333333, "-94|237": 0.03333333333333333, "-147|199": 0.03333333333333333, "-208|138": 0.03333333333333333, "-201|172": 0.03333333333333333, "-127|213": 0.03333333333333333, "109|235": 0.03333333333333333, "194|178": 0.03333333333333333, "180|172": 0.03333333333333333, "-173|194": 0.03333333333333333, "-207|132": 0.03333333333333333, "-118|252": 0.03333333333333333, "-146|210": 0.03333333333333333, "-179|209": 0.03333333333333333, "-92|259": 0.03333333333333333, "-192|165": 0.03333333333333333, "186|165": 0.03333333333333333, "32|252": 0.03333333333333333, "99|230": 0.03333333333333333, "-172|211": 0.03333333333333333, "-227|120": 0.03333333333333333, "-172|212": 0.03333333333333333}, "AT_RIM": {"5|6": 0.1111111111111111, "21|13": 0.1111111111111111, "-20|26": 0.1111111111111111, "13|4": 0.1111111111111111, "1|4": 0.1111111111111111, "0|7": 0.1111111111111111, "2|1": 0.1111111111111111, "11|26": 0.1111111111111111, "4|6": 0.1111111111111111}, "CORNER_3": {"-232|4": 0.047619047619047616, "-244|20": 0.047619047619047616, "-233|-8": 0.047619047619047616, "227|38": 0.047619047619047616, "229|36": 0.047619047619047616, "227|23": 0.047619047619047616, "239|21": 0.047619047619047616, "-230|22": 0.047619047619047616, "229|6": 0.047619047619047616, "222|-4": 0.047619047619047616, "225|16": 0.047619047619047616, "-233|28": 0.047619047619047616, "-235|59": 0.047619047619047616, "-234|28": 0.047619047619047616, "228|-6": 0.047619047619047616, "-221|79": 0.047619047619047616, "-229|52": 0.047619047619047616, "229|13": 0.047619047619047616, "232|33": 0.047619047619047616, "225|26": 0.047619047619047616, "224|17": 0.047619047619047616}, "LONG_MID_RANGE": {"17|158": 0.125, "66|141": 0.125, "7|165": 0.125, "-161|75": 0.125, "161|38": 0.125, "125|140": 0.125, "-28|140": 0.125, "-202|94": 0.125}, "SHORT_MID_RANGE": {"1|101": 0.1111111111111111, "56|8": 0.1111111111111111, "39|41": 0.1111111111111111, "40|31": 0.1111111111111111, "-102|-20": 0.1111111111111111, "4|48": 0.1111111111111111, "-29|50": 0.1111111111111111, "33|126": 0.1111111111111111, "-43|99": 0.1111111111111111}}, "FOUL_AWAY_FROM_PLAY": 0.0, "FOULED_AWAY_FROM_PLAY": 0.0, "FOUL_CLEAR_PATH": 0.0, "FOULED_CLEAR_PATH": 0.0, "FOUL_COUNT_AS_PERSONAL": 0.21604938271604937, "FOULED_COUNT_AS_PERSONAL": 0.1437908496732026, "FOUL_COUNT_TOWARD_PENALTY": 0.2323943661971831, "FOULED_COUNT_TOWARD_PENALTY": 0.12142857142857143, "FOUL_DEFENSIVE_NON_SHOOTING": 0.25396825396825395, "FOULED_DEFENSIVE_NON_SHOOTING": 0.12941176470588237, "FOUL_DOUBLE": 0.0, "FOUL_TECHNICAL_DOUBLE": 0.0, "FOUL_FLAGRANT": 0.5, "FOULED_FLAGRANT": 0.3333333333333333, "FOUL_FLAGRANT_1": 0.5, "FOULED_FLAGRANT_1": 0.3333333333333333, "FOUL_FLAGRANT_2": 0.0, "FOULED_FLAGRANT_2": 0.0, "FOUL_INBOUND": 0.0, "FOULED_INBOUND": 0.0, "FOUL_LOOSE_BALL": 0.0, "FOULED_LOOSE_BALL": 0.14285714285714285, "FOUL_OFFENSIVE_CHARGE": 0.0, "FOULED_OFFENSIVE_CHARGE": 0.6, "FOUL_OFFENSIVE_OTHER": 0.0, "FOULED_OFFENSIVE_OTHER": 0.0, "FOUL_OFFENSIVE_TOTAL": 0.1, "FOULED_OFFENSIVE_TOTAL": 0.38461538461538464, "FOUL_PERSONAL": 0.16326530612244897, "FOULED_PERSONAL": 0.13636363636363635, "FOUL_PERSONAL_BLOCK": 0.0, "FOULED_PERSONAL_BLOCK": 0.0, "FOUL_PERSONAL_TAKE": 0.6666666666666666, "FOULED_PERSONAL_TAKE": 0.0, "FOUL_SHOOTING": 0.22077922077922077, "FOULED_SHOOTING": 0.10909090909090909, "FOUL_SHOOTING_BLOCK": 0.0, "FOULED_SHOOTING_BLOCK": 0.0, "FOUL_TECHNICAL": 0.0, "FT": 0.8823529411764706, "REBOUND_DEFENSIVE": 0.13095238095238096, "REBOUND_OFFENSIVE": 0.03278688524590164, "STEAL": 0.07936507936507936, "SHOT_TYPE_ARC_3_OFFENSIVE": 0.31859557867360205, "SHOT_TYPE_ARC_3_DEFENSIVE": 0.3208053691275168, "SHOT_TYPE_AT_RIM_OFFENSIVE": 0.2535760728218466, "SHOT_TYPE_AT_RIM_DEFENSIVE": 0.22281879194630871, "SHOT_TYPE_CORNER_3_OFFENSIVE": 0.10273081924577374, "SHOT_TYPE_CORNER_3_DEFENSIVE": 0.087248322147651, "SHOT_TYPE_LONG_MID_RANGE_OFFENSIVE": 0.10793237971391417, "SHOT_TYPE_LONG_MID_RANGE_DEFENSIVE": 0.12885906040268458, "SHOT_TYPE_SHORT_MID_RANGE_OFFENSIVE": 0.21716514954486346, "SHOT_TYPE_SHORT_MID_RANGE_DEFENSIVE": 0.24026845637583893, "TURNOVER": 0.07317073170731707, "VIOLATION_DEFENSIVE_GOALTENDING": 0.0, "VIOLATION_DEFENSIVE_KICK_BALL": 0.5}