{"ASSIST": 0.12149532710280374, "BLOCK": 0.3333333333333333, "FG_ARC_3_ATTEMPT": 0.23668639053254437, "FG_ARC_3_BLOCK": 0.0, "FG_ARC_3_MADE": 0.15, "FG_ARC_3_MADE_FOUL": 0.0, "FG_AT_RIM_ATTEMPT": 0.15151515151515152, "FG_AT_RIM_BLOCK": 0.030303030303030304, "FG_AT_RIM_MADE": 0.5, "FG_AT_RIM_MADE_FOUL": 0.007575757575757576, "FG_CORNER_3_ATTEMPT": 0.05, "FG_CORNER_3_BLOCK": 0.0, "FG_CORNER_3_MADE": 0.0, "FG_CORNER_3_MADE_FOUL": 0.0, "FG_LONG_MID_RANGE_ATTEMPT": 0.0, "FG_LONG_MID_RANGE_BLOCK": 0.0, "FG_LONG_MID_RANGE_MADE": 0.0, "FG_LONG_MID_RANGE_MADE_FOUL": 0.0, "FG_SHORT_MID_RANGE_ATTEMPT": 0.09375, "FG_SHORT_MID_RANGE_BLOCK": 0.0, "FG_SHORT_MID_RANGE_MADE": 0.6666666666666666, "FG_SHORT_MID_RANGE_MADE_FOUL": 0.0, "FG_XY": {"ARC_3": {"173|190": 0.025, "-99|230": 0.025, "-141|204": 0.025, "-159|185": 0.025, "191|154": 0.025, "-25|277": 0.025, "-161|200": 0.025, "-131|225": 0.025, "77|244": 0.025, "119|241": 0.025, "-169|193": 0.025, "-200|174": 0.025, "34|261": 0.025, "56|236": 0.025, "93|239": 0.025, "-157|226": 0.025, "152|215": 0.025, "-152|241": 0.025, "-117|233": 0.025, "-151|216": 0.025, "59|262": 0.025, "88|235": 0.025, "53|250": 0.025, "116|230": 0.025, "131|229": 0.025, "119|236": 0.025, "213|158": 0.025, "97|245": 0.025, "137|219": 0.025, "75|248": 0.025, "218|116": 0.025, "118|233": 0.025, "88|236": 0.025, "-85|227": 0.025, "-130|216": 0.025, "-202|142": 0.025, "-216|145": 0.025, "135|225": 0.025, "-96|230": 0.025, "-196|164": 0.025}, "AT_RIM": {"0|0": 0.2, "-20|-3": 0.05, "2|15": 0.05, "-6|-4": 0.05, "-9|-4": 0.05, "-9|17": 0.05, "17|2": 0.05, "-22|6": 0.05, "-21|5": 0.05, "-9|21": 0.05, "-5|15": 0.05, "18|19": 0.05, "-22|1": 0.05, "-15|26": 0.05, "16|8": 0.05, "11|11": 0.05, "15|15": 0.05}, "CORNER_3": {"-219|17": 0.5, "-223|6": 0.5}, "LONG_MID_RANGE": {}, "SHORT_MID_RANGE": {"-137|-4": 0.16666666666666666, "47|31": 0.16666666666666666, "-20|38": 0.16666666666666666, "92|37": 0.16666666666666666, "-65|39": 0.16666666666666666, "18|71": 0.16666666666666666}}, "FOUL_AWAY_FROM_PLAY": 0.0, "FOULED_AWAY_FROM_PLAY": 0.0, "FOUL_CLEAR_PATH": 0.0, "FOULED_CLEAR_PATH": 0.0, "FOUL_COUNT_AS_PERSONAL": 0.3564356435643564, "FOULED_COUNT_AS_PERSONAL": 0.3333333333333333, "FOUL_COUNT_TOWARD_PENALTY": 0.32978723404255317, "FOULED_COUNT_TOWARD_PENALTY": 0.2696629213483146, "FOUL_DEFENSIVE_NON_SHOOTING": 0.41509433962264153, "FOULED_DEFENSIVE_NON_SHOOTING": 0.2857142857142857, "FOUL_DOUBLE": 0.0, "FOUL_TECHNICAL_DOUBLE": 1.0, "FOUL_FLAGRANT": 0.0, "FOULED_FLAGRANT": 0.0, "FOUL_FLAGRANT_1": 0.0, "FOULED_FLAGRANT_1": 0.0, "FOUL_FLAGRANT_2": 0.0, "FOULED_FLAGRANT_2": 0.0, "FOUL_INBOUND": 0.0, "FOULED_INBOUND": 0.0, "FOUL_LOOSE_BALL": 0.0, "FOULED_LOOSE_BALL": 0.4444444444444444, "FOUL_OFFENSIVE_CHARGE": 0.5, "FOULED_OFFENSIVE_CHARGE": 0.6666666666666666, "FOUL_OFFENSIVE_OTHER": 0.0, "FOULED_OFFENSIVE_OTHER": 0.0, "FOUL_OFFENSIVE_TOTAL": 0.7142857142857143, "FOULED_OFFENSIVE_TOTAL": 0.6875, "FOUL_PERSONAL": 0.43243243243243246, "FOULED_PERSONAL": 0.28125, "FOUL_PERSONAL_BLOCK": 0.0, "FOULED_PERSONAL_BLOCK": 0.0, "FOUL_PERSONAL_TAKE": 0.25, "FOULED_PERSONAL_TAKE": 0.14285714285714285, "FOUL_SHOOTING": 0.225, "FOULED_SHOOTING": 0.25, "FOUL_SHOOTING_BLOCK": 0.0, "FOULED_SHOOTING_BLOCK": 0.0, "FOUL_TECHNICAL": 0.2, "FT": 0.7241379310344828, "REBOUND_DEFENSIVE": 0.18141592920353983, "REBOUND_OFFENSIVE": 0.0392156862745098, "STEAL": 0.038461538461538464, "SHOT_TYPE_ARC_3_OFFENSIVE": 0.39211136890951276, "SHOT_TYPE_ARC_3_DEFENSIVE": 0.3435897435897436, "SHOT_TYPE_AT_RIM_OFFENSIVE": 0.3062645011600928, "SHOT_TYPE_AT_RIM_DEFENSIVE": 0.258974358974359, "SHOT_TYPE_CORNER_3_OFFENSIVE": 0.09280742459396751, "SHOT_TYPE_CORNER_3_DEFENSIVE": 0.1076923076923077, "SHOT_TYPE_LONG_MID_RANGE_OFFENSIVE": 0.060324825986078884, "SHOT_TYPE_LONG_MID_RANGE_DEFENSIVE": 0.11794871794871795, "SHOT_TYPE_SHORT_MID_RANGE_OFFENSIVE": 0.14849187935034802, "SHOT_TYPE_SHORT_MID_RANGE_DEFENSIVE": 0.1717948717948718, "TURNOVER": 0.234375, "VIOLATION_DEFENSIVE_GOALTENDING": 0.5, "VIOLATION_DEFENSIVE_KICK_BALL": 1.0}