{"ASSIST": 0.06701030927835051, "BLOCK": 0.5416666666666666, "FG_ARC_3_ATTEMPT": 0.015037593984962405, "FG_ARC_3_BLOCK": 0.0, "FG_ARC_3_MADE": 1.0, "FG_ARC_3_MADE_FOUL": 0.0, "FG_AT_RIM_ATTEMPT": 0.16666666666666666, "FG_AT_RIM_BLOCK": 0.021929824561403508, "FG_AT_RIM_MADE": 0.7105263157894737, "FG_AT_RIM_MADE_FOUL": 0.008771929824561403, "FG_CORNER_3_ATTEMPT": 0.012987012987012988, "FG_CORNER_3_BLOCK": 0.0, "FG_CORNER_3_MADE": 1.0, "FG_CORNER_3_MADE_FOUL": 0.0, "FG_LONG_MID_RANGE_ATTEMPT": 0.0, "FG_LONG_MID_RANGE_BLOCK": 0.0, "FG_LONG_MID_RANGE_MADE": 0.0, "FG_LONG_MID_RANGE_MADE_FOUL": 0.0, "FG_SHORT_MID_RANGE_ATTEMPT": 0.007352941176470588, "FG_SHORT_MID_RANGE_BLOCK": 0.0, "FG_SHORT_MID_RANGE_MADE": 0.0, "FG_SHORT_MID_RANGE_MADE_FOUL": 0.0, "FG_XY": {"ARC_3": {"38|246": 0.25, "-83|244": 0.25, "135|215": 0.25, "-125|211": 0.25}, "AT_RIM": {"0|0": 0.34210526315789475, "-2|15": 0.05263157894736842, "-4|4": 0.02631578947368421, "-6|6": 0.05263157894736842, "0|18": 0.02631578947368421, "-27|12": 0.02631578947368421, "2|13": 0.02631578947368421, "7|4": 0.02631578947368421, "13|2": 0.02631578947368421, "2|-1": 0.02631578947368421, "-4|2": 0.02631578947368421, "1|13": 0.02631578947368421, "-1|36": 0.02631578947368421, "-23|23": 0.02631578947368421, "15|23": 0.02631578947368421, "0|6": 0.02631578947368421, "23|28": 0.02631578947368421, "7|1": 0.02631578947368421, "5|4": 0.02631578947368421, "-26|11": 0.02631578947368421, "-23|7": 0.02631578947368421, "11|-8": 0.02631578947368421, "-6|3": 0.02631578947368421, "-9|2": 0.02631578947368421}, "CORNER_3": {"-234|-4": 1.0}, "LONG_MID_RANGE": {}, "SHORT_MID_RANGE": {"31|31": 1.0}}, "FOUL_AWAY_FROM_PLAY": 0.0, "FOULED_AWAY_FROM_PLAY": 0.0, "FOUL_CLEAR_PATH": 0.0, "FOULED_CLEAR_PATH": 0.0, "FOUL_COUNT_AS_PERSONAL": 0.3197278911564626, "FOULED_COUNT_AS_PERSONAL": 0.17365269461077845, "FOUL_COUNT_TOWARD_PENALTY": 0.3111111111111111, "FOULED_COUNT_TOWARD_PENALTY": 0.1870967741935484, "FOUL_DEFENSIVE_NON_SHOOTING": 0.25757575757575757, "FOULED_DEFENSIVE_NON_SHOOTING": 0.12, "FOUL_DOUBLE": 0.0, "FOUL_TECHNICAL_DOUBLE": 0.0, "FOUL_FLAGRANT": 0.5, "FOULED_FLAGRANT": 0.0, "FOUL_FLAGRANT_1": 0.5, "FOULED_FLAGRANT_1": 0.0, "FOUL_FLAGRANT_2": 0.0, "FOULED_FLAGRANT_2": 0.0, "FOUL_INBOUND": 0.0, "FOULED_INBOUND": 0.0, "FOUL_LOOSE_BALL": 0.0, "FOULED_LOOSE_BALL": 0.2857142857142857, "FOUL_OFFENSIVE_CHARGE": 0.0, "FOULED_OFFENSIVE_CHARGE": 0.0, "FOUL_OFFENSIVE_OTHER": 0.0, "FOULED_OFFENSIVE_OTHER": 0.0, "FOUL_OFFENSIVE_TOTAL": 0.4166666666666667, "FOULED_OFFENSIVE_TOTAL": 0.0, "FOUL_PERSONAL": 0.2765957446808511, "FOULED_PERSONAL": 0.07547169811320754, "FOUL_PERSONAL_BLOCK": 0.0, "FOULED_PERSONAL_BLOCK": 0.0, "FOUL_PERSONAL_TAKE": 0.07692307692307693, "FOULED_PERSONAL_TAKE": 0.16666666666666666, "FOUL_SHOOTING": 0.36231884057971014, "FOULED_SHOOTING": 0.25, "FOUL_SHOOTING_BLOCK": 0.0, "FOULED_SHOOTING_BLOCK": 0.0, "FOUL_TECHNICAL": 0.0, "FT": 0.5789473684210527, "REBOUND_DEFENSIVE": 0.18793503480278423, "REBOUND_OFFENSIVE": 0.11304347826086956, "STEAL": 0.11475409836065574, "SHOT_TYPE_ARC_3_OFFENSIVE": 0.33885350318471336, "SHOT_TYPE_ARC_3_DEFENSIVE": 0.3592964824120603, "SHOT_TYPE_AT_RIM_OFFENSIVE": 0.29044585987261146, "SHOT_TYPE_AT_RIM_DEFENSIVE": 0.29773869346733667, "SHOT_TYPE_CORNER_3_OFFENSIVE": 0.0980891719745223, "SHOT_TYPE_CORNER_3_DEFENSIVE": 0.10050251256281408, "SHOT_TYPE_LONG_MID_RANGE_OFFENSIVE": 0.09936305732484077, "SHOT_TYPE_LONG_MID_RANGE_DEFENSIVE": 0.10301507537688442, "SHOT_TYPE_SHORT_MID_RANGE_OFFENSIVE": 0.1732484076433121, "SHOT_TYPE_SHORT_MID_RANGE_DEFENSIVE": 0.13944723618090452, "TURNOVER": 0.08196721311475409, "VIOLATION_DEFENSIVE_GOALTENDING": 0.3333333333333333, "VIOLATION_DEFENSIVE_KICK_BALL": 0.5}