{"ASSIST": 0.03488372093023256, "BLOCK": 0.2857142857142857, "FG_ARC_3_ATTEMPT": 0.14285714285714285, "FG_ARC_3_BLOCK": 0.0, "FG_ARC_3_MADE": 0.0, "FG_ARC_3_MADE_FOUL": 0.0, "FG_AT_RIM_ATTEMPT": 0.03488372093023256, "FG_AT_RIM_BLOCK": 0.0, "FG_AT_RIM_MADE": 1.0, "FG_AT_RIM_MADE_FOUL": 0.0, "FG_CORNER_3_ATTEMPT": 0.3333333333333333, "FG_CORNER_3_BLOCK": 0.0, "FG_CORNER_3_MADE": 0.1, "FG_CORNER_3_MADE_FOUL": 0.0, "FG_LONG_MID_RANGE_ATTEMPT": 0.0, "FG_LONG_MID_RANGE_BLOCK": 0.0, "FG_LONG_MID_RANGE_MADE": 0.0, "FG_LONG_MID_RANGE_MADE_FOUL": 0.0, "FG_SHORT_MID_RANGE_ATTEMPT": 0.0, "FG_SHORT_MID_RANGE_BLOCK": 0.0, "FG_SHORT_MID_RANGE_MADE": 0.0, "FG_SHORT_MID_RANGE_MADE_FOUL": 0.0, "FG_XY": {"ARC_3": {"-94|227": 0.07692307692307693, "-83|248": 0.07692307692307693, "13|258": 0.07692307692307693, "-178|185": 0.07692307692307693, "-110|224": 0.07692307692307693, "148|215": 0.07692307692307693, "25|257": 0.07692307692307693, "-173|232": 0.07692307692307693, "-227|100": 0.07692307692307693, "-110|229": 0.07692307692307693, "-205|158": 0.07692307692307693, "200|138": 0.07692307692307693, "-217|149": 0.07692307692307693}, "AT_RIM": {"-2|-4": 0.3333333333333333, "-1|-1": 0.3333333333333333, "0|0": 0.3333333333333333}, "CORNER_3": {"229|2": 0.1, "-232|-11": 0.1, "-235|2": 0.1, "241|-15": 0.1, "234|-12": 0.1, "229|1": 0.1, "-240|8": 0.1, "-230|2": 0.1, "-228|11": 0.1, "-229|14": 0.1}, "LONG_MID_RANGE": {}, "SHORT_MID_RANGE": {}}, "FOUL_AWAY_FROM_PLAY": 0.0, "FOULED_AWAY_FROM_PLAY": 0.0, "FOUL_CLEAR_PATH": 0.0, "FOULED_CLEAR_PATH": 0.0, "FOUL_COUNT_AS_PERSONAL": 0.3269230769230769, "FOULED_COUNT_AS_PERSONAL": 0.26153846153846155, "FOUL_COUNT_TOWARD_PENALTY": 0.3541666666666667, "FOULED_COUNT_TOWARD_PENALTY": 0.09803921568627451, "FOUL_DEFENSIVE_NON_SHOOTING": 0.375, "FOULED_DEFENSIVE_NON_SHOOTING": 0.043478260869565216, "FOUL_DOUBLE": 0.0, "FOUL_TECHNICAL_DOUBLE": 0.0, "FOUL_FLAGRANT": 0.0, "FOULED_FLAGRANT": 0.0, "FOUL_FLAGRANT_1": 0.0, "FOULED_FLAGRANT_1": 0.0, "FOUL_FLAGRANT_2": 0.0, "FOULED_FLAGRANT_2": 0.0, "FOUL_INBOUND": 0.0, "FOULED_INBOUND": 0.0, "FOUL_LOOSE_BALL": 0.0, "FOULED_LOOSE_BALL": 0.0, "FOUL_OFFENSIVE_CHARGE": 0.0, "FOULED_OFFENSIVE_CHARGE": 1.0, "FOUL_OFFENSIVE_OTHER": 0.0, "FOULED_OFFENSIVE_OTHER": 0.0, "FOUL_OFFENSIVE_TOTAL": 0.0, "FOULED_OFFENSIVE_TOTAL": 0.8571428571428571, "FOUL_PERSONAL": 0.5714285714285714, "FOULED_PERSONAL": 0.0, "FOUL_PERSONAL_BLOCK": 0.0, "FOULED_PERSONAL_BLOCK": 0.0, "FOUL_PERSONAL_TAKE": 0.0, "FOULED_PERSONAL_TAKE": 0.25, "FOUL_SHOOTING": 0.3333333333333333, "FOULED_SHOOTING": 0.14285714285714285, "FOUL_SHOOTING_BLOCK": 0.0, "FOULED_SHOOTING_BLOCK": 0.0, "FOUL_TECHNICAL": 0.0, "FT": 0.7272727272727273, "REBOUND_DEFENSIVE": 0.07692307692307693, "REBOUND_OFFENSIVE": 0.05303030303030303, "STEAL": 0.14285714285714285, "SHOT_TYPE_ARC_3_OFFENSIVE": 0.3654618473895582, "SHOT_TYPE_ARC_3_DEFENSIVE": 0.36904761904761907, "SHOT_TYPE_AT_RIM_OFFENSIVE": 0.3453815261044177, "SHOT_TYPE_AT_RIM_DEFENSIVE": 0.3055555555555556, "SHOT_TYPE_CORNER_3_OFFENSIVE": 0.12048192771084337, "SHOT_TYPE_CORNER_3_DEFENSIVE": 0.08333333333333333, "SHOT_TYPE_LONG_MID_RANGE_OFFENSIVE": 0.0321285140562249, "SHOT_TYPE_LONG_MID_RANGE_DEFENSIVE": 0.0873015873015873, "SHOT_TYPE_SHORT_MID_RANGE_OFFENSIVE": 0.13654618473895583, "SHOT_TYPE_SHORT_MID_RANGE_DEFENSIVE": 0.15476190476190477, "TURNOVER": 0.05, "VIOLATION_DEFENSIVE_GOALTENDING": 0.0, "VIOLATION_DEFENSIVE_KICK_BALL": 0.0}