{"ASSIST": 0.15172413793103448, "BLOCK": 0.3, "FG_ARC_3_ATTEMPT": 0.07633587786259542, "FG_ARC_3_BLOCK": 0.0, "FG_ARC_3_MADE": 0.7, "FG_ARC_3_MADE_FOUL": 0.0, "FG_AT_RIM_ATTEMPT": 0.17218543046357615, "FG_AT_RIM_BLOCK": 0.019867549668874173, "FG_AT_RIM_MADE": 0.6153846153846154, "FG_AT_RIM_MADE_FOUL": 0.0, "FG_CORNER_3_ATTEMPT": 0.12727272727272726, "FG_CORNER_3_BLOCK": 0.0, "FG_CORNER_3_MADE": 0.2857142857142857, "FG_CORNER_3_MADE_FOUL": 0.0, "FG_LONG_MID_RANGE_ATTEMPT": 0.1724137931034483, "FG_LONG_MID_RANGE_BLOCK": 0.0, "FG_LONG_MID_RANGE_MADE": 0.4, "FG_LONG_MID_RANGE_MADE_FOUL": 0.0, "FG_SHORT_MID_RANGE_ATTEMPT": 0.17266187050359713, "FG_SHORT_MID_RANGE_BLOCK": 0.007194244604316547, "FG_SHORT_MID_RANGE_MADE": 0.4583333333333333, "FG_SHORT_MID_RANGE_MADE_FOUL": 0.007194244604316547, "FG_XY": {"ARC_3": {"-91|240": 0.1, "227|103": 0.1, "-136|235": 0.1, "125|227": 0.1, "205|174": 0.1, "38|264": 0.1, "-183|172": 0.1, "-66|258": 0.1, "44|250": 0.1, "-116|215": 0.1}, "AT_RIM": {"0|0": 0.5384615384615384, "11|11": 0.038461538461538464, "-9|11": 0.038461538461538464, "9|20": 0.038461538461538464, "-13|30": 0.038461538461538464, "2|6": 0.038461538461538464, "-16|5": 0.038461538461538464, "-4|20": 0.038461538461538464, "-11|12": 0.038461538461538464, "-1|-3": 0.038461538461538464, "-12|5": 0.038461538461538464, "7|22": 0.038461538461538464, "-7|9": 0.038461538461538464}, "CORNER_3": {"-225|48": 0.14285714285714285, "-233|5": 0.14285714285714285, "229|37": 0.14285714285714285, "-238|16": 0.14285714285714285, "-223|-1": 0.14285714285714285, "228|11": 0.14285714285714285, "228|-3": 0.14285714285714285}, "LONG_MID_RANGE": {"202|4": 0.2, "61|177": 0.2, "-55|130": 0.2, "-123|102": 0.2, "-92|109": 0.2}, "SHORT_MID_RANGE": {"67|27": 0.041666666666666664, "-28|111": 0.041666666666666664, "-5|60": 0.041666666666666664, "-55|113": 0.041666666666666664, "7|83": 0.041666666666666664, "17|68": 0.041666666666666664, "-22|113": 0.041666666666666664, "-33|62": 0.041666666666666664, "25|63": 0.041666666666666664, "-44|44": 0.041666666666666664, "0|63": 0.041666666666666664, "-9|47": 0.041666666666666664, "-11|75": 0.041666666666666664, "92|59": 0.041666666666666664, "1|71": 0.041666666666666664, "-20|59": 0.041666666666666664, "-40|25": 0.041666666666666664, "38|106": 0.041666666666666664, "9|126": 0.041666666666666664, "-75|15": 0.041666666666666664, "69|100": 0.041666666666666664, "21|109": 0.041666666666666664, "-28|34": 0.041666666666666664, "-50|63": 0.041666666666666664}}, "FOUL_AWAY_FROM_PLAY": 0.0, "FOULED_AWAY_FROM_PLAY": 0.0, "FOUL_CLEAR_PATH": 0.0, "FOULED_CLEAR_PATH": 0.0, "FOUL_COUNT_AS_PERSONAL": 0.25925925925925924, "FOULED_COUNT_AS_PERSONAL": 0.1981981981981982, "FOUL_COUNT_TOWARD_PENALTY": 0.2653061224489796, "FOULED_COUNT_TOWARD_PENALTY": 0.19230769230769232, "FOUL_DEFENSIVE_NON_SHOOTING": 0.27906976744186046, "FOULED_DEFENSIVE_NON_SHOOTING": 0.14545454545454545, "FOUL_DOUBLE": 0.0, "FOUL_TECHNICAL_DOUBLE": 0.0, "FOUL_FLAGRANT": 0.0, "FOULED_FLAGRANT": 0.0, "FOUL_FLAGRANT_1": 0.0, "FOULED_FLAGRANT_1": 0.0, "FOUL_FLAGRANT_2": 0.0, "FOULED_FLAGRANT_2": 0.0, "FOUL_INBOUND": 0.0, "FOULED_INBOUND": 0.0, "FOUL_LOOSE_BALL": 0.0, "FOULED_LOOSE_BALL": 0.4, "FOUL_OFFENSIVE_CHARGE": 0.3333333333333333, "FOULED_OFFENSIVE_CHARGE": 0.0, "FOUL_OFFENSIVE_OTHER": 0.0, "FOULED_OFFENSIVE_OTHER": 0.0, "FOUL_OFFENSIVE_TOTAL": 0.2, "FOULED_OFFENSIVE_TOTAL": 0.2857142857142857, "FOUL_PERSONAL": 0.28125, "FOULED_PERSONAL": 0.10810810810810811, "FOUL_PERSONAL_BLOCK": 0.0, "FOULED_PERSONAL_BLOCK": 0.0, "FOUL_PERSONAL_TAKE": 0.14285714285714285, "FOULED_PERSONAL_TAKE": 0.15384615384615385, "FOUL_SHOOTING": 0.2545454545454545, "FOULED_SHOOTING": 0.24489795918367346, "FOUL_SHOOTING_BLOCK": 0.0, "FOULED_SHOOTING_BLOCK": 0.0, "FOUL_TECHNICAL": 0.0, "FT": 0.68, "REBOUND_DEFENSIVE": 0.14760147601476015, "REBOUND_OFFENSIVE": 0.10416666666666667, "STEAL": 0.14634146341463414, "SHOT_TYPE_ARC_3_OFFENSIVE": 0.2594059405940594, "SHOT_TYPE_ARC_3_DEFENSIVE": 0.3340122199592668, "SHOT_TYPE_AT_RIM_OFFENSIVE": 0.299009900990099, "SHOT_TYPE_AT_RIM_DEFENSIVE": 0.329938900203666, "SHOT_TYPE_CORNER_3_OFFENSIVE": 0.10891089108910891, "SHOT_TYPE_CORNER_3_DEFENSIVE": 0.07331975560081466, "SHOT_TYPE_LONG_MID_RANGE_OFFENSIVE": 0.05742574257425743, "SHOT_TYPE_LONG_MID_RANGE_DEFENSIVE": 0.07535641547861507, "SHOT_TYPE_SHORT_MID_RANGE_OFFENSIVE": 0.27524752475247527, "SHOT_TYPE_SHORT_MID_RANGE_DEFENSIVE": 0.18737270875763748, "TURNOVER": 0.09523809523809523, "VIOLATION_DEFENSIVE_GOALTENDING": 0.0, "VIOLATION_DEFENSIVE_KICK_BALL": 0.0}