{"ASSIST": 0.34615384615384615, "BLOCK": 0.3333333333333333, "FG_ARC_3_ATTEMPT": 0.2857142857142857, "FG_ARC_3_BLOCK": 0.0, "FG_ARC_3_MADE": 0.0, "FG_ARC_3_MADE_FOUL": 0.0, "FG_AT_RIM_ATTEMPT": 0.38461538461538464, "FG_AT_RIM_BLOCK": 0.0, "FG_AT_RIM_MADE": 0.6, "FG_AT_RIM_MADE_FOUL": 0.0, "FG_CORNER_3_ATTEMPT": 0.2222222222222222, "FG_CORNER_3_BLOCK": 0.0, "FG_CORNER_3_MADE": 0.5, "FG_CORNER_3_MADE_FOUL": 0.0, "FG_LONG_MID_RANGE_ATTEMPT": 0.25, "FG_LONG_MID_RANGE_BLOCK": 0.0, "FG_LONG_MID_RANGE_MADE": 0.0, "FG_LONG_MID_RANGE_MADE_FOUL": 0.0, "FG_SHORT_MID_RANGE_ATTEMPT": 0.391304347826087, "FG_SHORT_MID_RANGE_BLOCK": 0.08695652173913043, "FG_SHORT_MID_RANGE_MADE": 0.3333333333333333, "FG_SHORT_MID_RANGE_MADE_FOUL": 0.0, "FG_XY": {"ARC_3": {"-80|253": 0.16666666666666666, "-179|198": 0.16666666666666666, "140|219": 0.16666666666666666, "-201|131": 0.16666666666666666, "172|193": 0.16666666666666666, "-45|263": 0.16666666666666666}, "AT_RIM": {"31|12": 0.06666666666666667, "1|25": 0.06666666666666667, "5|13": 0.06666666666666667, "12|16": 0.06666666666666667, "-6|15": 0.13333333333333333, "0|0": 0.06666666666666667, "-4|6": 0.06666666666666667, "-1|10": 0.06666666666666667, "11|12": 0.06666666666666667, "7|11": 0.06666666666666667, "21|27": 0.06666666666666667, "11|32": 0.06666666666666667, "20|5": 0.06666666666666667, "4|12": 0.06666666666666667}, "CORNER_3": {"-230|52": 0.5, "234|66": 0.5}, "LONG_MID_RANGE": {"75|134": 0.5, "-99|136": 0.5}, "SHORT_MID_RANGE": {"42|59": 0.1111111111111111, "11|120": 0.1111111111111111, "28|89": 0.1111111111111111, "-21|58": 0.1111111111111111, "-5|57": 0.1111111111111111, "1|67": 0.1111111111111111, "-9|109": 0.1111111111111111, "-125|42": 0.1111111111111111, "87|53": 0.1111111111111111}}, "FOUL_AWAY_FROM_PLAY": 0.0, "FOULED_AWAY_FROM_PLAY": 0.0, "FOUL_CLEAR_PATH": 0.0, "FOULED_CLEAR_PATH": 0.0, "FOUL_COUNT_AS_PERSONAL": 0.05, "FOULED_COUNT_AS_PERSONAL": 0.06666666666666667, "FOUL_COUNT_TOWARD_PENALTY": 0.0625, "FOULED_COUNT_TOWARD_PENALTY": 0.06666666666666667, "FOUL_DEFENSIVE_NON_SHOOTING": 0.0, "FOULED_DEFENSIVE_NON_SHOOTING": 0.0, "FOUL_DOUBLE": 0.0, "FOUL_TECHNICAL_DOUBLE": 0.0, "FOUL_FLAGRANT": 0.0, "FOULED_FLAGRANT": 0.0, "FOUL_FLAGRANT_1": 0.0, "FOULED_FLAGRANT_1": 0.0, "FOUL_FLAGRANT_2": 0.0, "FOULED_FLAGRANT_2": 0.0, "FOUL_INBOUND": 0.0, "FOULED_INBOUND": 0.0, "FOUL_LOOSE_BALL": 0.0, "FOULED_LOOSE_BALL": 0.0, "FOUL_OFFENSIVE_CHARGE": 0.0, "FOULED_OFFENSIVE_CHARGE": 0.0, "FOUL_OFFENSIVE_OTHER": 0.0, "FOULED_OFFENSIVE_OTHER": 0.0, "FOUL_OFFENSIVE_TOTAL": 0.0, "FOULED_OFFENSIVE_TOTAL": 0.0, "FOUL_PERSONAL": 0.0, "FOULED_PERSONAL": 0.0, "FOUL_PERSONAL_BLOCK": 0.0, "FOULED_PERSONAL_BLOCK": 0.0, "FOUL_PERSONAL_TAKE": 0.0, "FOULED_PERSONAL_TAKE": 0.0, "FOUL_SHOOTING": 0.125, "FOULED_SHOOTING": 0.1, "FOUL_SHOOTING_BLOCK": 0.0, "FOULED_SHOOTING_BLOCK": 0.0, "FOUL_TECHNICAL": 0.0, "FT": 1.0, "REBOUND_DEFENSIVE": 0.1111111111111111, "REBOUND_OFFENSIVE": 0.04838709677419355, "STEAL": 0.25, "SHOT_TYPE_ARC_3_OFFENSIVE": 0.21, "SHOT_TYPE_ARC_3_DEFENSIVE": 0.31313131313131315, "SHOT_TYPE_AT_RIM_OFFENSIVE": 0.39, "SHOT_TYPE_AT_RIM_DEFENSIVE": 0.4444444444444444, "SHOT_TYPE_CORNER_3_OFFENSIVE": 0.09, "SHOT_TYPE_CORNER_3_DEFENSIVE": 0.06060606060606061, "SHOT_TYPE_LONG_MID_RANGE_OFFENSIVE": 0.08, "SHOT_TYPE_LONG_MID_RANGE_DEFENSIVE": 0.04040404040404041, "SHOT_TYPE_SHORT_MID_RANGE_OFFENSIVE": 0.23, "SHOT_TYPE_SHORT_MID_RANGE_DEFENSIVE": 0.1414141414141414, "TURNOVER": 0.05555555555555555, "VIOLATION_DEFENSIVE_GOALTENDING": 0.0, "VIOLATION_DEFENSIVE_KICK_BALL": 0.0}