{"ASSIST": 0.11073825503355705, "BLOCK": 0.1076923076923077, "FG_ARC_3_ATTEMPT": 0.2742382271468144, "FG_ARC_3_BLOCK": 0.0, "FG_ARC_3_MADE": 0.23232323232323232, "FG_ARC_3_MADE_FOUL": 0.0, "FG_AT_RIM_ATTEMPT": 0.0972972972972973, "FG_AT_RIM_BLOCK": 0.010810810810810811, "FG_AT_RIM_MADE": 0.6388888888888888, "FG_AT_RIM_MADE_FOUL": 0.005405405405405406, "FG_CORNER_3_ATTEMPT": 0.17, "FG_CORNER_3_BLOCK": 0.0, "FG_CORNER_3_MADE": 0.23529411764705882, "FG_CORNER_3_MADE_FOUL": 0.0, "FG_LONG_MID_RANGE_ATTEMPT": 0.28421052631578947, "FG_LONG_MID_RANGE_BLOCK": 0.005263157894736842, "FG_LONG_MID_RANGE_MADE": 0.4074074074074074, "FG_LONG_MID_RANGE_MADE_FOUL": 0.0, "FG_SHORT_MID_RANGE_ATTEMPT": 0.18947368421052632, "FG_SHORT_MID_RANGE_BLOCK": 0.010526315789473684, "FG_SHORT_MID_RANGE_MADE": 0.3888888888888889, "FG_SHORT_MID_RANGE_MADE_FOUL": 0.0035087719298245615, "FG_XY": {"ARC_3": {"-195|172": 0.010101010101010102, "-59|251": 0.010101010101010102, "-131|216": 0.010101010101010102, "162|195": 0.010101010101010102, "78|265": 0.010101010101010102, "-174|211": 0.010101010101010102, "-192|200": 0.010101010101010102, "-227|137": 0.010101010101010102, "-67|251": 0.010101010101010102, "-77|253": 0.010101010101010102, "-222|116": 0.010101010101010102, "-72|261": 0.010101010101010102, "-206|129": 0.010101010101010102, "-176|220": 0.010101010101010102, "-65|265": 0.010101010101010102, "-195|326": 0.010101010101010102, "-183|180": 0.010101010101010102, "-135|248": 0.010101010101010102, "-25|258": 0.010101010101010102, "44|263": 0.010101010101010102, "92|226": 0.010101010101010102, "186|166": 0.010101010101010102, "-205|150": 0.010101010101010102, "188|162": 0.010101010101010102, "211|146": 0.010101010101010102, "36|274": 0.010101010101010102, "136|230": 0.010101010101010102, "-32|257": 0.010101010101010102, "-36|247": 0.010101010101010102, "-179|171": 0.010101010101010102, "191|155": 0.010101010101010102, "-172|178": 0.010101010101010102, "125|216": 0.010101010101010102, "151|245": 0.010101010101010102, "-11|261": 0.010101010101010102, "-195|201": 0.010101010101010102, "-110|257": 0.010101010101010102, "156|220": 0.010101010101010102, "-131|212": 0.010101010101010102, "62|253": 0.010101010101010102, "-168|243": 0.010101010101010102, "173|173": 0.010101010101010102, "-18|262": 0.010101010101010102, "-83|259": 0.010101010101010102, "-158|197": 0.010101010101010102, "28|261": 0.010101010101010102, "-188|164": 0.010101010101010102, "-175|190": 0.010101010101010102, "-185|188": 0.010101010101010102, "-39|274": 0.010101010101010102, "-210|148": 0.010101010101010102, "-168|209": 0.010101010101010102, "55|252": 0.010101010101010102, "58|256": 0.010101010101010102, "-96|257": 0.010101010101010102, "162|194": 0.010101010101010102, "-60|268": 0.010101010101010102, "-173|194": 0.010101010101010102, "-146|218": 0.010101010101010102, "142|232": 0.010101010101010102, "-40|267": 0.010101010101010102, "-227|110": 0.010101010101010102, "-36|253": 0.010101010101010102, "181|204": 0.010101010101010102, "-82|253": 0.010101010101010102, "221|120": 0.010101010101010102, "115|230": 0.010101010101010102, "159|241": 0.010101010101010102, "-142|251": 0.010101010101010102, "142|216": 0.010101010101010102, "143|201": 0.010101010101010102, "-65|239": 0.010101010101010102, "134|212": 0.010101010101010102, "-114|230": 0.010101010101010102, "97|241": 0.010101010101010102, "-228|132": 0.010101010101010102, "-208|172": 0.010101010101010102, "-88|248": 0.010101010101010102, "199|160": 0.010101010101010102, "162|200": 0.010101010101010102, "-132|230": 0.010101010101010102, "99|234": 0.010101010101010102, "203|185": 0.010101010101010102, "195|168": 0.010101010101010102, "156|215": 0.010101010101010102, "-195|173": 0.010101010101010102, "89|267": 0.010101010101010102, "-102|239": 0.010101010101010102, "127|230": 0.010101010101010102, "45|247": 0.010101010101010102, "99|232": 0.010101010101010102, "96|229": 0.010101010101010102, "102|232": 0.010101010101010102, "-175|200": 0.010101010101010102, "-109|236": 0.010101010101010102, "158|203": 0.010101010101010102, "-2|260": 0.010101010101010102, "-123|239": 0.010101010101010102, "-15|277": 0.010101010101010102}, "AT_RIM": {"4|28": 0.027777777777777776, "-9|1": 0.027777777777777776, "-11|4": 0.027777777777777776, "5|0": 0.027777777777777776, "-33|8": 0.027777777777777776, "-12|21": 0.027777777777777776, "-1|-2": 0.027777777777777776, "12|11": 0.027777777777777776, "0|26": 0.027777777777777776, "10|33": 0.027777777777777776, "-22|11": 0.027777777777777776, "-38|10": 0.027777777777777776, "-21|5": 0.027777777777777776, "-7|21": 0.027777777777777776, "15|25": 0.027777777777777776, "13|10": 0.027777777777777776, "-10|13": 0.027777777777777776, "2|19": 0.027777777777777776, "4|39": 0.027777777777777776, "-4|7": 0.027777777777777776, "-23|0": 0.027777777777777776, "-5|-5": 0.027777777777777776, "9|5": 0.027777777777777776, "-16|14": 0.027777777777777776, "0|0": 0.08333333333333333, "27|-3": 0.027777777777777776, "-10|2": 0.027777777777777776, "17|5": 0.027777777777777776, "21|-6": 0.027777777777777776, "11|6": 0.027777777777777776, "-26|1": 0.027777777777777776, "-6|11": 0.027777777777777776, "5|-1": 0.027777777777777776, "-1|0": 0.027777777777777776}, "CORNER_3": {"-225|53": 0.058823529411764705, "-237|72": 0.058823529411764705, "-232|34": 0.058823529411764705, "-232|78": 0.058823529411764705, "-239|15": 0.058823529411764705, "235|15": 0.058823529411764705, "-235|49": 0.058823529411764705, "-227|15": 0.11764705882352941, "223|55": 0.058823529411764705, "243|0": 0.058823529411764705, "-230|-3": 0.058823529411764705, "-222|5": 0.058823529411764705, "228|54": 0.058823529411764705, "-228|71": 0.058823529411764705, "-229|9": 0.058823529411764705, "232|3": 0.058823529411764705}, "LONG_MID_RANGE": {"158|-4": 0.018518518518518517, "93|153": 0.018518518518518517, "96|160": 0.018518518518518517, "-103|170": 0.018518518518518517, "15|147": 0.018518518518518517, "-92|158": 0.018518518518518517, "126|105": 0.018518518518518517, "151|136": 0.018518518518518517, "-66|190": 0.018518518518518517, "74|192": 0.018518518518518517, "-136|134": 0.018518518518518517, "-26|164": 0.018518518518518517, "-4|167": 0.018518518518518517, "-153|21": 0.018518518518518517, "-158|85": 0.018518518518518517, "-6|147": 0.018518518518518517, "-199|36": 0.018518518518518517, "-1|205": 0.018518518518518517, "161|14": 0.018518518518518517, "-121|111": 0.018518518518518517, "159|-2": 0.018518518518518517, "138|180": 0.018518518518518517, "-69|162": 0.018518518518518517, "-12|209": 0.018518518518518517, "91|151": 0.018518518518518517, "-2|169": 0.018518518518518517, "-147|148": 0.018518518518518517, "16|209": 0.018518518518518517, "-69|161": 0.018518518518518517, "48|178": 0.018518518518518517, "192|127": 0.018518518518518517, "58|178": 0.018518518518518517, "-134|140": 0.018518518518518517, "31|171": 0.018518518518518517, "23|205": 0.018518518518518517, "-102|120": 0.018518518518518517, "-137|54": 0.018518518518518517, "1|172": 0.018518518518518517, "-118|77": 0.018518518518518517, "157|29": 0.018518518518518517, "-96|118": 0.018518518518518517, "-141|88": 0.018518518518518517, "-51|178": 0.018518518518518517, "-74|142": 0.018518518518518517, "100|167": 0.018518518518518517, "134|84": 0.018518518518518517, "126|118": 0.018518518518518517, "87|115": 0.018518518518518517, "4|173": 0.018518518518518517, "-55|130": 0.018518518518518517, "81|148": 0.018518518518518517, "70|152": 0.018518518518518517, "-98|142": 0.018518518518518517, "-37|157": 0.018518518518518517}, "SHORT_MID_RANGE": {"-1|104": 0.018518518518518517, "-23|112": 0.018518518518518517, "0|55": 0.018518518518518517, "-9|41": 0.018518518518518517, "49|87": 0.018518518518518517, "-34|27": 0.018518518518518517, "-26|44": 0.018518518518518517, "-27|29": 0.018518518518518517, "12|95": 0.018518518518518517, "-40|111": 0.018518518518518517, "29|40": 0.018518518518518517, "-118|-5": 0.018518518518518517, "-40|66": 0.018518518518518517,