{"ASSIST": 0.06829268292682927, "BLOCK": 0.28888888888888886, "FG_ARC_3_ATTEMPT": 0.1291390728476821, "FG_ARC_3_BLOCK": 0.0033112582781456954, "FG_ARC_3_MADE": 0.23076923076923078, "FG_ARC_3_MADE_FOUL": 0.0, "FG_AT_RIM_ATTEMPT": 0.09821428571428571, "FG_AT_RIM_BLOCK": 0.017857142857142856, "FG_AT_RIM_MADE": 0.5, "FG_AT_RIM_MADE_FOUL": 0.004464285714285714, "FG_CORNER_3_ATTEMPT": 0.18309859154929578, "FG_CORNER_3_BLOCK": 0.0, "FG_CORNER_3_MADE": 0.23076923076923078, "FG_CORNER_3_MADE_FOUL": 0.0, "FG_LONG_MID_RANGE_ATTEMPT": 0.10344827586206896, "FG_LONG_MID_RANGE_BLOCK": 0.0, "FG_LONG_MID_RANGE_MADE": 0.4444444444444444, "FG_LONG_MID_RANGE_MADE_FOUL": 0.0, "FG_SHORT_MID_RANGE_ATTEMPT": 0.07377049180327869, "FG_SHORT_MID_RANGE_BLOCK": 0.0, "FG_SHORT_MID_RANGE_MADE": 0.1111111111111111, "FG_SHORT_MID_RANGE_MADE_FOUL": 0.0, "FG_XY": {"ARC_3": {"-190|193": 0.02564102564102564, "-135|223": 0.02564102564102564, "-23|257": 0.02564102564102564, "-170|200": 0.02564102564102564, "116|224": 0.02564102564102564, "-78|253": 0.02564102564102564, "148|217": 0.02564102564102564, "-70|237": 0.02564102564102564, "-142|235": 0.02564102564102564, "-186|221": 0.02564102564102564, "-191|168": 0.02564102564102564, "102|232": 0.02564102564102564, "-164|233": 0.02564102564102564, "-2|257": 0.02564102564102564, "60|251": 0.02564102564102564, "-152|239": 0.02564102564102564, "107|234": 0.02564102564102564, "186|190": 0.02564102564102564, "-201|151": 0.02564102564102564, "-119|226": 0.02564102564102564, "127|230": 0.02564102564102564, "-179|195": 0.02564102564102564, "-131|225": 0.02564102564102564, "-146|220": 0.02564102564102564, "-154|218": 0.02564102564102564, "-49|263": 0.02564102564102564, "-96|253": 0.02564102564102564, "-147|217": 0.02564102564102564, "126|231": 0.02564102564102564, "-207|134": 0.02564102564102564, "-151|210": 0.02564102564102564, "130|214": 0.02564102564102564, "10|281": 0.02564102564102564, "188|301": 0.02564102564102564, "-165|193": 0.02564102564102564, "94|253": 0.02564102564102564, "-107|254": 0.02564102564102564, "-185|195": 0.02564102564102564, "227|124": 0.02564102564102564}, "AT_RIM": {"-38|8": 0.045454545454545456, "17|22": 0.045454545454545456, "-9|-4": 0.045454545454545456, "0|0": 0.13636363636363635, "-6|11": 0.045454545454545456, "-4|10": 0.045454545454545456, "9|6": 0.045454545454545456, "7|11": 0.045454545454545456, "-12|8": 0.045454545454545456, "-38|5": 0.045454545454545456, "7|-3": 0.045454545454545456, "6|14": 0.045454545454545456, "-6|17": 0.045454545454545456, "2|16": 0.045454545454545456, "26|25": 0.045454545454545456, "-2|38": 0.045454545454545456, "-6|2": 0.045454545454545456, "-15|10": 0.045454545454545456, "12|13": 0.045454545454545456, "18|27": 0.045454545454545456}, "CORNER_3": {"229|36": 0.07692307692307693, "233|73": 0.07692307692307693, "-227|34": 0.07692307692307693, "230|71": 0.07692307692307693, "-225|26": 0.07692307692307693, "-235|-10": 0.07692307692307693, "-234|48": 0.07692307692307693, "228|32": 0.07692307692307693, "-224|24": 0.07692307692307693, "228|55": 0.07692307692307693, "-232|13": 0.07692307692307693, "-234|-13": 0.07692307692307693, "-232|58": 0.07692307692307693}, "LONG_MID_RANGE": {"135|95": 0.1111111111111111, "-180|39": 0.1111111111111111, "-123|85": 0.1111111111111111, "-203|16": 0.1111111111111111, "28|193": 0.1111111111111111, "-103|189": 0.1111111111111111, "-45|164": 0.1111111111111111, "26|165": 0.1111111111111111, "-94|169": 0.1111111111111111}, "SHORT_MID_RANGE": {"-47|39": 0.1111111111111111, "-39|8": 0.1111111111111111, "-46|13": 0.1111111111111111, "-6|78": 0.1111111111111111, "36|27": 0.1111111111111111, "-45|44": 0.1111111111111111, "22|48": 0.1111111111111111, "6|55": 0.1111111111111111, "50|38": 0.1111111111111111}}, "FOUL_AWAY_FROM_PLAY": 0.0, "FOULED_AWAY_FROM_PLAY": 0.0, "FOUL_CLEAR_PATH": 0.0, "FOULED_CLEAR_PATH": 0.0, "FOUL_COUNT_AS_PERSONAL": 0.23497267759562843, "FOULED_COUNT_AS_PERSONAL": 0.18128654970760233, "FOUL_COUNT_TOWARD_PENALTY": 0.24691358024691357, "FOULED_COUNT_TOWARD_PENALTY": 0.18471337579617833, "FOUL_DEFENSIVE_NON_SHOOTING": 0.18823529411764706, "FOULED_DEFENSIVE_NON_SHOOTING": 0.1839080459770115, "FOUL_DOUBLE": 0.0, "FOUL_TECHNICAL_DOUBLE": 0.0, "FOUL_FLAGRANT": 0.0, "FOULED_FLAGRANT": 0.0, "FOUL_FLAGRANT_1": 0.0, "FOULED_FLAGRANT_1": 0.0, "FOUL_FLAGRANT_2": 0.0, "FOULED_FLAGRANT_2": 0.0, "FOUL_INBOUND": 0.0, "FOULED_INBOUND": 0.0, "FOUL_LOOSE_BALL": 0.0, "FOULED_LOOSE_BALL": 0.1, "FOUL_OFFENSIVE_CHARGE": 0.4, "FOULED_OFFENSIVE_CHARGE": 0.0, "FOUL_OFFENSIVE_OTHER": 0.0, "FOULED_OFFENSIVE_OTHER": 0.0, "FOUL_OFFENSIVE_TOTAL": 0.14285714285714285, "FOULED_OFFENSIVE_TOTAL": 0.14285714285714285, "FOUL_PERSONAL": 0.21666666666666667, "FOULED_PERSONAL": 0.13793103448275862, "FOUL_PERSONAL_BLOCK": 0.0, "FOULED_PERSONAL_BLOCK": 0.0, "FOUL_PERSONAL_TAKE": 0.07692307692307693, "FOULED_PERSONAL_TAKE": 0.3684210526315789, "FOUL_SHOOTING": 0.3116883116883117, "FOULED_SHOOTING": 0.18571428571428572, "FOUL_SHOOTING_BLOCK": 0.0, "FOULED_SHOOTING_BLOCK": 0.0, "FOUL_TECHNICAL": 0.0, "FT": 0.8275862068965517, "REBOUND_DEFENSIVE": 0.17865429234338748, "REBOUND_OFFENSIVE": 0.06473214285714286, "STEAL": 0.21333333333333335, "SHOT_TYPE_ARC_3_OFFENSIVE": 0.3746898263027295, "SHOT_TYPE_ARC_3_DEFENSIVE": 0.2828282828282828, "SHOT_TYPE_AT_RIM_OFFENSIVE": 0.27791563275434245, "SHOT_TYPE_AT_RIM_DEFENSIVE": 0.34974747474747475, "SHOT_TYPE_CORNER_3_OFFENSIVE": 0.0880893300248139, "SHOT_TYPE_CORNER_3_DEFENSIVE": 0.125, "SHOT_TYPE_LONG_MID_RANGE_OFFENSIVE": 0.10794044665012408, "SHOT_TYPE_LONG_MID_RANGE_DEFENSIVE": 0.09343434343434344, "SHOT_TYPE_SHORT_MID_RANGE_OFFENSIVE": 0.1513647642679901, "SHOT_TYPE_SHORT_MID_RANGE_DEFENSIVE": 0.14898989898989898, "TURNOVER": 0.1366906474820144, "VIOLATION_DEFENSIVE_GOALTENDING": 0.0, "VIOLATION_DEFENSIVE_KICK_BALL": 0.16666666666666666}