{"ASSIST": 0.11764705882352941, "BLOCK": 0.0, "FG_ARC_3_ATTEMPT": 0.2608695652173913, "FG_ARC_3_BLOCK": 0.0, "FG_ARC_3_MADE": 0.3333333333333333, "FG_ARC_3_MADE_FOUL": 0.0, "FG_AT_RIM_ATTEMPT": 0.17391304347826086, "FG_AT_RIM_BLOCK": 0.0, "FG_AT_RIM_MADE": 0.5, "FG_AT_RIM_MADE_FOUL": 0.0, "FG_CORNER_3_ATTEMPT": 0.3333333333333333, "FG_CORNER_3_BLOCK": 0.0, "FG_CORNER_3_MADE": 0.0, "FG_CORNER_3_MADE_FOUL": 0.0, "FG_LONG_MID_RANGE_ATTEMPT": 0.0, "FG_LONG_MID_RANGE_BLOCK": 0.0, "FG_LONG_MID_RANGE_MADE": 0.0, "FG_LONG_MID_RANGE_MADE_FOUL": 0.0, "FG_SHORT_MID_RANGE_ATTEMPT": 0.08333333333333333, "FG_SHORT_MID_RANGE_BLOCK": 0.0, "FG_SHORT_MID_RANGE_MADE": 0.0, "FG_SHORT_MID_RANGE_MADE_FOUL": 0.0, "FG_XY": {"ARC_3": {"192|180": 0.16666666666666666, "-170|189": 0.16666666666666666, "-202|153": 0.16666666666666666, "-116|221": 0.16666666666666666, "-165|216": 0.16666666666666666, "-110|241": 0.16666666666666666}, "AT_RIM": {"-2|31": 0.25, "-9|18": 0.25, "11|8": 0.25, "0|0": 0.25}, "CORNER_3": {"-229|-17": 0.3333333333333333, "-239|-20": 0.3333333333333333, "-232|12": 0.3333333333333333}, "LONG_MID_RANGE": {}, "SHORT_MID_RANGE": {"49|35": 0.5, "-20|100": 0.5}}, "FOUL_AWAY_FROM_PLAY": 0.0, "FOULED_AWAY_FROM_PLAY": 0.0, "FOUL_CLEAR_PATH": 0.0, "FOULED_CLEAR_PATH": 0.0, "FOUL_COUNT_AS_PERSONAL": 0.25, "FOULED_COUNT_AS_PERSONAL": 0.09523809523809523, "FOUL_COUNT_TOWARD_PENALTY": 0.2857142857142857, "FOULED_COUNT_TOWARD_PENALTY": 0.1111111111111111, "FOUL_DEFENSIVE_NON_SHOOTING": 0.16666666666666666, "FOULED_DEFENSIVE_NON_SHOOTING": 0.08333333333333333, "FOUL_DOUBLE": 0.0, "FOUL_TECHNICAL_DOUBLE": 0.0, "FOUL_FLAGRANT": 0.0, "FOULED_FLAGRANT": 0.0, "FOUL_FLAGRANT_1": 0.0, "FOULED_FLAGRANT_1": 0.0, "FOUL_FLAGRANT_2": 0.0, "FOULED_FLAGRANT_2": 0.0, "FOUL_INBOUND": 0.0, "FOULED_INBOUND": 0.0, "FOUL_LOOSE_BALL": 0.0, "FOULED_LOOSE_BALL": 0.0, "FOUL_OFFENSIVE_CHARGE": 0.0, "FOULED_OFFENSIVE_CHARGE": 0.0, "FOUL_OFFENSIVE_OTHER": 0.0, "FOULED_OFFENSIVE_OTHER": 0.0, "FOUL_OFFENSIVE_TOTAL": 0.0, "FOULED_OFFENSIVE_TOTAL": 0.0, "FOUL_PERSONAL": 0.16666666666666666, "FOULED_PERSONAL": 0.08333333333333333, "FOUL_PERSONAL_BLOCK": 0.0, "FOULED_PERSONAL_BLOCK": 0.0, "FOUL_PERSONAL_TAKE": 0.0, "FOULED_PERSONAL_TAKE": 0.0, "FOUL_SHOOTING": 0.375, "FOULED_SHOOTING": 0.16666666666666666, "FOUL_SHOOTING_BLOCK": 0.0, "FOULED_SHOOTING_BLOCK": 0.0, "FOUL_TECHNICAL": 1.0, "FT": 1.0, "REBOUND_DEFENSIVE": 0.1590909090909091, "REBOUND_OFFENSIVE": 0.07407407407407407, "STEAL": 0.1111111111111111, "SHOT_TYPE_ARC_3_OFFENSIVE": 0.2839506172839506, "SHOT_TYPE_ARC_3_DEFENSIVE": 0.44594594594594594, "SHOT_TYPE_AT_RIM_OFFENSIVE": 0.2839506172839506, "SHOT_TYPE_AT_RIM_DEFENSIVE": 0.21621621621621623, "SHOT_TYPE_CORNER_3_OFFENSIVE": 0.1111111111111111, "SHOT_TYPE_CORNER_3_DEFENSIVE": 0.16216216216216217, "SHOT_TYPE_LONG_MID_RANGE_OFFENSIVE": 0.024691358024691357, "SHOT_TYPE_LONG_MID_RANGE_DEFENSIVE": 0.05405405405405406, "SHOT_TYPE_SHORT_MID_RANGE_OFFENSIVE": 0.2962962962962963, "SHOT_TYPE_SHORT_MID_RANGE_DEFENSIVE": 0.12162162162162163, "TURNOVER": 0.0, "VIOLATION_DEFENSIVE_GOALTENDING": 0.0, "VIOLATION_DEFENSIVE_KICK_BALL": 0.0}