{"ASSIST": 0.06735751295336788, "BLOCK": 0.21212121212121213, "FG_ARC_3_ATTEMPT": 0.06666666666666667, "FG_ARC_3_BLOCK": 0.0, "FG_ARC_3_MADE": 0.25, "FG_ARC_3_MADE_FOUL": 0.0, "FG_AT_RIM_ATTEMPT": 0.145748987854251, "FG_AT_RIM_BLOCK": 0.008097165991902834, "FG_AT_RIM_MADE": 0.4444444444444444, "FG_AT_RIM_MADE_FOUL": 0.004048582995951417, "FG_CORNER_3_ATTEMPT": 0.15384615384615385, "FG_CORNER_3_BLOCK": 0.0, "FG_CORNER_3_MADE": 0.4, "FG_CORNER_3_MADE_FOUL": 0.0, "FG_LONG_MID_RANGE_ATTEMPT": 0.0, "FG_LONG_MID_RANGE_BLOCK": 0.0, "FG_LONG_MID_RANGE_MADE": 0.0, "FG_LONG_MID_RANGE_MADE_FOUL": 0.0, "FG_SHORT_MID_RANGE_ATTEMPT": 0.08571428571428572, "FG_SHORT_MID_RANGE_BLOCK": 0.007142857142857143, "FG_SHORT_MID_RANGE_MADE": 0.16666666666666666, "FG_SHORT_MID_RANGE_MADE_FOUL": 0.0, "FG_XY": {"ARC_3": {"-158|203": 0.08333333333333333, "-147|201": 0.08333333333333333, "-228|119": 0.08333333333333333, "125|232": 0.08333333333333333, "-121|231": 0.08333333333333333, "137|226": 0.08333333333333333, "-134|205": 0.08333333333333333, "-179|201": 0.08333333333333333, "164|224": 0.08333333333333333, "159|221": 0.08333333333333333, "71|300": 0.08333333333333333, "51|240": 0.08333333333333333}, "AT_RIM": {"-6|6": 0.027777777777777776, "0|0": 0.3333333333333333, "16|6": 0.027777777777777776, "15|4": 0.05555555555555555, "10|8": 0.027777777777777776, "6|4": 0.027777777777777776, "2|15": 0.027777777777777776, "7|-7": 0.027777777777777776, "11|5": 0.027777777777777776, "33|11": 0.027777777777777776, "-7|5": 0.027777777777777776, "9|-7": 0.027777777777777776, "-2|17": 0.027777777777777776, "10|16": 0.027777777777777776, "-12|20": 0.027777777777777776, "-18|6": 0.027777777777777776, "-17|20": 0.027777777777777776, "0|19": 0.027777777777777776, "2|32": 0.027777777777777776, "9|28": 0.027777777777777776, "-12|16": 0.027777777777777776, "0|15": 0.027777777777777776, "36|1": 0.027777777777777776, "-18|27": 0.027777777777777776}, "CORNER_3": {"-225|6": 0.1, "227|6": 0.1, "223|34": 0.1, "235|-14": 0.1, "-239|-16": 0.1, "-237|0": 0.1, "228|6": 0.1, "-232|18": 0.1, "235|-4": 0.1, "238|74": 0.1}, "LONG_MID_RANGE": {}, "SHORT_MID_RANGE": {"-10|43": 0.08333333333333333, "7|73": 0.08333333333333333, "-29|75": 0.08333333333333333, "-4|40": 0.08333333333333333, "6|101": 0.08333333333333333, "1|97": 0.08333333333333333, "-2|71": 0.08333333333333333, "-39|106": 0.08333333333333333, "2|74": 0.08333333333333333, "6|45": 0.08333333333333333, "-67|104": 0.08333333333333333, "-15|55": 0.08333333333333333}}, "FOUL_AWAY_FROM_PLAY": 1.0, "FOULED_AWAY_FROM_PLAY": 0.0, "FOUL_CLEAR_PATH": 0.0, "FOULED_CLEAR_PATH": 0.0, "FOUL_COUNT_AS_PERSONAL": 0.25149700598802394, "FOULED_COUNT_AS_PERSONAL": 0.1510791366906475, "FOUL_COUNT_TOWARD_PENALTY": 0.24342105263157895, "FOULED_COUNT_TOWARD_PENALTY": 0.11811023622047244, "FOUL_DEFENSIVE_NON_SHOOTING": 0.22077922077922077, "FOULED_DEFENSIVE_NON_SHOOTING": 0.08, "FOUL_DOUBLE": 0.0, "FOUL_TECHNICAL_DOUBLE": 0.0, "FOUL_FLAGRANT": 0.0, "FOULED_FLAGRANT": 0.0, "FOUL_FLAGRANT_1": 0.0, "FOULED_FLAGRANT_1": 0.0, "FOUL_FLAGRANT_2": 0.0, "FOULED_FLAGRANT_2": 0.0, "FOUL_INBOUND": 0.0, "FOULED_INBOUND": 0.0, "FOUL_LOOSE_BALL": 0.0, "FOULED_LOOSE_BALL": 0.2857142857142857, "FOUL_OFFENSIVE_CHARGE": 0.3, "FOULED_OFFENSIVE_CHARGE": 0.5, "FOUL_OFFENSIVE_OTHER": 0.0, "FOULED_OFFENSIVE_OTHER": 0.0, "FOUL_OFFENSIVE_TOTAL": 0.3333333333333333, "FOULED_OFFENSIVE_TOTAL": 0.5, "FOUL_PERSONAL": 0.25, "FOULED_PERSONAL": 0.02857142857142857, "FOUL_PERSONAL_BLOCK": 0.0, "FOULED_PERSONAL_BLOCK": 0.0, "FOUL_PERSONAL_TAKE": 0.07692307692307693, "FOULED_PERSONAL_TAKE": 0.14285714285714285, "FOUL_SHOOTING": 0.25675675675675674, "FOULED_SHOOTING": 0.14285714285714285, "FOUL_SHOOTING_BLOCK": 0.0, "FOULED_SHOOTING_BLOCK": 0.0, "FOUL_TECHNICAL": 0.0, "FT": 0.75, "REBOUND_DEFENSIVE": 0.14427860696517414, "REBOUND_OFFENSIVE": 0.072992700729927, "STEAL": 0.2222222222222222, "SHOT_TYPE_ARC_3_OFFENSIVE": 0.24193548387096775, "SHOT_TYPE_ARC_3_DEFENSIVE": 0.30694444444444446, "SHOT_TYPE_AT_RIM_OFFENSIVE": 0.33198924731182794, "SHOT_TYPE_AT_RIM_DEFENSIVE": 0.3194444444444444, "SHOT_TYPE_CORNER_3_OFFENSIVE": 0.08736559139784947, "SHOT_TYPE_CORNER_3_DEFENSIVE": 0.1, "SHOT_TYPE_LONG_MID_RANGE_OFFENSIVE": 0.15053763440860216, "SHOT_TYPE_LONG_MID_RANGE_DEFENSIVE": 0.1111111111111111, "SHOT_TYPE_SHORT_MID_RANGE_OFFENSIVE": 0.1881720430107527, "SHOT_TYPE_SHORT_MID_RANGE_DEFENSIVE": 0.1625, "TURNOVER": 0.13114754098360656, "VIOLATION_DEFENSIVE_GOALTENDING": 0.0, "VIOLATION_DEFENSIVE_KICK_BALL": 0.0}