{"ASSIST": 0.115625, "BLOCK": 0.06451612903225806, "FG_ARC_3_ATTEMPT": 0.15789473684210525, "FG_ARC_3_BLOCK": 0.0, "FG_ARC_3_MADE": 0.358974358974359, "FG_ARC_3_MADE_FOUL": 0.0, "FG_AT_RIM_ATTEMPT": 0.18811881188118812, "FG_AT_RIM_BLOCK": 0.0429042904290429, "FG_AT_RIM_MADE": 0.47368421052631576, "FG_AT_RIM_MADE_FOUL": 0.0, "FG_CORNER_3_ATTEMPT": 0.13095238095238096, "FG_CORNER_3_BLOCK": 0.0, "FG_CORNER_3_MADE": 0.45454545454545453, "FG_CORNER_3_MADE_FOUL": 0.0, "FG_LONG_MID_RANGE_ATTEMPT": 0.16, "FG_LONG_MID_RANGE_BLOCK": 0.016, "FG_LONG_MID_RANGE_MADE": 0.35, "FG_LONG_MID_RANGE_MADE_FOUL": 0.0, "FG_SHORT_MID_RANGE_ATTEMPT": 0.20178041543026706, "FG_SHORT_MID_RANGE_BLOCK": 0.03560830860534125, "FG_SHORT_MID_RANGE_MADE": 0.2647058823529412, "FG_SHORT_MID_RANGE_MADE_FOUL": 0.0, "FG_XY": {"ARC_3": {"181|182": 0.02564102564102564, "-116|236": 0.02564102564102564, "130|216": 0.02564102564102564, "-127|217": 0.02564102564102564, "82|244": 0.02564102564102564, "141|214": 0.02564102564102564, "-170|192": 0.02564102564102564, "169|285": 0.02564102564102564, "53|251": 0.02564102564102564, "210|155": 0.02564102564102564, "207|163": 0.02564102564102564, "-127|220": 0.02564102564102564, "143|220": 0.02564102564102564, "-54|260": 0.02564102564102564, "114|246": 0.02564102564102564, "93|245": 0.02564102564102564, "-192|171": 0.02564102564102564, "186|178": 0.02564102564102564, "-2|263": 0.02564102564102564, "-67|254": 0.02564102564102564, "-146|211": 0.02564102564102564, "53|260": 0.02564102564102564, "119|238": 0.02564102564102564, "-188|180": 0.02564102564102564, "161|195": 0.02564102564102564, "56|252": 0.02564102564102564, "-147|227": 0.02564102564102564, "-150|227": 0.02564102564102564, "-228|130": 0.02564102564102564, "156|186": 0.02564102564102564, "140|212": 0.02564102564102564, "82|251": 0.02564102564102564, "-118|239": 0.02564102564102564, "-110|269": 0.02564102564102564, "118|227": 0.02564102564102564, "214|126": 0.02564102564102564, "-189|177": 0.02564102564102564, "194|194": 0.02564102564102564, "184|190": 0.02564102564102564}, "AT_RIM": {"-20|6": 0.017543859649122806, "-23|7": 0.017543859649122806, "9|2": 0.017543859649122806, "0|0": 0.07017543859649122, "-38|6": 0.017543859649122806, "5|24": 0.017543859649122806, "-5|21": 0.017543859649122806, "-36|5": 0.017543859649122806, "-26|26": 0.017543859649122806, "9|16": 0.017543859649122806, "-23|15": 0.017543859649122806, "7|5": 0.017543859649122806, "-26|29": 0.017543859649122806, "-15|20": 0.03508771929824561, "-20|32": 0.017543859649122806, "26|21": 0.017543859649122806, "-11|25": 0.017543859649122806, "-22|21": 0.017543859649122806, "-1|32": 0.017543859649122806, "-16|4": 0.017543859649122806, "27|24": 0.017543859649122806, "-6|14": 0.017543859649122806, "-20|11": 0.017543859649122806, "-22|3": 0.017543859649122806, "-21|21": 0.017543859649122806, "-2|23": 0.017543859649122806, "-5|20": 0.017543859649122806, "12|26": 0.017543859649122806, "16|-4": 0.017543859649122806, "-26|24": 0.017543859649122806, "-20|22": 0.017543859649122806, "-12|11": 0.017543859649122806, "0|27": 0.017543859649122806, "22|11": 0.017543859649122806, "-21|19": 0.017543859649122806, "37|6": 0.017543859649122806, "-21|23": 0.017543859649122806, "-2|9": 0.017543859649122806, "-1|38": 0.017543859649122806, "12|11": 0.017543859649122806, "-4|3": 0.03508771929824561, "2|5": 0.017543859649122806, "-6|22": 0.017543859649122806, "4|16": 0.017543859649122806, "5|30": 0.017543859649122806, "11|8": 0.017543859649122806, "21|23": 0.017543859649122806, "17|3": 0.017543859649122806, "16|15": 0.017543859649122806, "-21|24": 0.017543859649122806, "16|6": 0.017543859649122806, "-16|16": 0.017543859649122806}, "CORNER_3": {"232|14": 0.09090909090909091, "-230|-1": 0.09090909090909091, "-232|59": 0.09090909090909091, "230|12": 0.09090909090909091, "-234|13": 0.09090909090909091, "-233|55": 0.09090909090909091, "-228|7": 0.09090909090909091, "-223|55": 0.09090909090909091, "-228|1": 0.09090909090909091, "-238|4": 0.09090909090909091, "233|46": 0.09090909090909091}, "LONG_MID_RANGE": {"-134|97": 0.05, "5|172": 0.05, "83|125": 0.05, "-176|42": 0.05, "-4|141": 0.05, "-119|92": 0.05, "113|116": 0.05, "1|151": 0.05, "167|17": 0.05, "28|146": 0.05, "-17|160": 0.05, "75|138": 0.05, "10|176": 0.05, "-17|209": 0.05, "4|157": 0.05, "85|159": 0.05, "9|237": 0.05, "82|216": 0.05, "110|121": 0.05, "72|181": 0.05}, "SHORT_MID_RANGE": {"-44|59": 0.014705882352941176, "-4|63": 0.014705882352941176, "-2|71": 0.014705882352941176, "33|32": 0.014705882352941176, "108|51": 0.014705882352941176, "1|139": 0.014705882352941176, "39|42": 0.014705882352941176, "15|80": 0.014705882352941176, "83|110": 0.014705882352941176, "-5|76": 0.014705882352941176, "-18|37": 0.014705882352941176, "2|60": 0.014705882352941176, "39|19": 0.014705882352941176, "-38|15": 0.014705882352941176, "-88|31": 0.014705882352941176, "66|41": 0.014705882352941176, "-47|5": 0.014705882352941176, "-5|88": 0.014705882352941176, "5|55": 0.014705882352941176, "-44|17": 0.014705882352941176, "-43|46": 0.014705882352941176, "33|25": 0.014705882352941176, "61|30": 0.014705882352941176, "-60|101": 0.014705882352941176, "11|38": 0.014705882352941176, "82|102": 0.014705882352941176, "25|31": 0.014705882352941176, "-44|4": 0.014705882352941176, "-38|24": 0.014705882352941176, "-48|55": 0.014705882352941176, "-94|95": 0.014705882352941176, "6|107": 0.014705882352941176, "-2|91": 0.014705882352941176, "34|21": 0.014705882352941176, "81|27": 0.014705882352941176, "-33|27": 0.014705882352941176, "36|25": 0.014705882352941176, "-40|32": 0.014705882352941176, "-45|16": 0.014705882352941176, "51|42": 0.014705882352941176, "16|67": 0.014705882352941176, "69|34": 0.014705882352941176, "-53|63": 0.014705882352941176, "-13|50": 0.014705882352941176, "20|50": 0.014705882352941176, "-4|67": 0.014705882352941176, "6|43": 0.014705882352941176, "-36|31": 0.014705882352941176, "-47|120": 0.014705882352941176, "13|92": 0.014705882352941176, "80|109": 0.014705882352941176, "20|55": 0.014705882352941176, "48|106": 0.014705882352941176, "-65|27": 0.014705882352941176, "11|75": 0.014705882352941176, "-54|96": 0.014705882352941176, "-114|39": 0.014705882352941176, "32|121": 0.014705882352941176, "-34|22": 0.014705882352941176, "-17|50": 0.014705882352941176, "-25|73": 0.014705882352941176, "-43|24": 0.014705882352941176, "-118|-20": 0.014705882352941176, "-85|31": 0.014705882352941176, "-43|109": 0.014705882352941176, "83|-8": 0.014705882352941176, "-64|-15": 0.014705882352941176, "7|58": 0.014705882352941176}}, "FOUL_AWAY_FROM_PLAY": 0.0, "FOULED_AWAY_FROM_PLAY": 0.0, "FOUL_CLEAR_PATH": 0.0, "FOULED_CLEAR_PATH": 0.0, "FOUL_COUNT_AS_PERSONAL": 0.14432989690721648, "FOULED_COUNT_AS_PERSONAL": 0.23414634146341465, "FOUL_COUNT_TOWARD_PENALTY": 0.14204545454545456, "FOULED_COUNT_TOWARD_PENALTY": 0.24157303370786518, "FOUL_DEFENSIVE_NON_SHOOTING": 0.1511627906976744, "FOULED_DEFENSIVE_NON_SHOOTING": 0.13402061855670103, "FOUL_DOUBLE": 0.0, "FOUL_TECHNICAL_DOUBLE": 0.0, "FOUL_FLAGRANT": 0.0, "FOULED_FLAGRANT": 0.0, "FOUL_FLAGRANT_1": 0.0, "FOULED_FLAGRANT_1": 0.0, "FOUL_FLAGRANT_2": 0.0, "FOULED_FLAGRANT_2": 0.0, "FOUL_INBOUND": 0.0, "FOULED_INBOUND": 0.0, "FOUL_LOOSE_BALL": 0.0, "FOULED_LOOSE_BALL": 0.14285714285714285, "FOUL_OFFENSIVE_CHARGE": 0.4, "FOULED_OFFENSIVE_CHARGE": 0.07692307692307693, "FOUL_OFFENSIVE_OTHER": 0.0, "FOULED_OFFENSIVE_OTHER": 0.0, "FOUL_OFFENSIVE_TOTAL": 0.16666666666666666, "FOULED_OFFENSIVE_TOTAL": 0.18518518518518517, "FOUL_PERSONAL": 0.1875, "FOULED_PERSONAL": 0.14754098360655737, "FOUL_PERSONAL_BLOCK": 0.0, "FOULED_PERSONAL_BLOCK": 0.0, "FOUL_PERSONAL_TAKE": 0.09090909090909091, "FOULED_PERSONAL_TAKE": 0.09523809523809523, "FOUL_SHOOTING": 0.13333333333333333, "FOULED_SHOOTING": 0.37037037037037035, "FOUL_SHOOTING_BLOCK": 0.0, "FOULED_SHOOTING_BLOCK": 0.0, "FOUL_TECHNICAL": 0.0, "FT": 0.65, "REBOUND_DEFENSIVE": 0.16666666666666666, "REBOUND_OFFENSIVE": 0.03241491085899514, "STEAL": 0.18269230769230768,