{"ASSIST": 0.16981132075471697, "BLOCK": 0.21818181818181817, "FG_ARC_3_ATTEMPT": 0.2543103448275862, "FG_ARC_3_BLOCK": 0.004310344827586207, "FG_ARC_3_MADE": 0.2033898305084746, "FG_ARC_3_MADE_FOUL": 0.0, "FG_AT_RIM_ATTEMPT": 0.1322314049586777, "FG_AT_RIM_BLOCK": 0.008264462809917356, "FG_AT_RIM_MADE": 0.5625, "FG_AT_RIM_MADE_FOUL": 0.008264462809917356, "FG_CORNER_3_ATTEMPT": 0.16049382716049382, "FG_CORNER_3_BLOCK": 0.0, "FG_CORNER_3_MADE": 0.6153846153846154, "FG_CORNER_3_MADE_FOUL": 0.0, "FG_LONG_MID_RANGE_ATTEMPT": 0.32727272727272727, "FG_LONG_MID_RANGE_BLOCK": 0.0, "FG_LONG_MID_RANGE_MADE": 0.4444444444444444, "FG_LONG_MID_RANGE_MADE_FOUL": 0.0, "FG_SHORT_MID_RANGE_ATTEMPT": 0.13592233009708737, "FG_SHORT_MID_RANGE_BLOCK": 0.014563106796116505, "FG_SHORT_MID_RANGE_MADE": 0.39285714285714285, "FG_SHORT_MID_RANGE_MADE_FOUL": 0.0, "FG_XY": {"ARC_3": {"87|237": 0.01694915254237288, "93|231": 0.01694915254237288, "93|238": 0.01694915254237288, "105|239": 0.01694915254237288, "-153|202": 0.01694915254237288, "-94|234": 0.01694915254237288, "-148|206": 0.01694915254237288, "-194|226": 0.01694915254237288, "184|191": 0.01694915254237288, "110|231": 0.01694915254237288, "-1|263": 0.01694915254237288, "-91|294": 0.01694915254237288, "-164|214": 0.01694915254237288, "-9|264": 0.01694915254237288, "-136|235": 0.01694915254237288, "89|251": 0.01694915254237288, "9|255": 0.01694915254237288, "-230|103": 0.01694915254237288, "143|210": 0.01694915254237288, "-36|289": 0.01694915254237288, "-153|232": 0.01694915254237288, "-172|194": 0.01694915254237288, "-197|147": 0.01694915254237288, "23|279": 0.01694915254237288, "-103|267": 0.01694915254237288, "18|345": 0.01694915254237288, "-138|216": 0.01694915254237288, "4|278": 0.01694915254237288, "165|202": 0.01694915254237288, "141|216": 0.01694915254237288, "-110|248": 0.01694915254237288, "37|261": 0.01694915254237288, "92|243": 0.01694915254237288, "-212|165": 0.01694915254237288, "229|117": 0.01694915254237288, "-132|245": 0.01694915254237288, "-49|261": 0.01694915254237288, "107|258": 0.01694915254237288, "61|253": 0.01694915254237288, "-89|224": 0.01694915254237288, "-186|170": 0.01694915254237288, "33|268": 0.01694915254237288, "56|252": 0.01694915254237288, "-110|225": 0.01694915254237288, "7|272": 0.01694915254237288, "206|141": 0.01694915254237288, "-76|242": 0.01694915254237288, "-175|190": 0.01694915254237288, "75|241": 0.01694915254237288, "206|159": 0.01694915254237288, "-147|209": 0.01694915254237288, "-119|213": 0.01694915254237288, "170|201": 0.01694915254237288, "120|218": 0.01694915254237288, "-12|259": 0.01694915254237288, "103|235": 0.01694915254237288, "-93|235": 0.01694915254237288, "-26|267": 0.01694915254237288, "0|260": 0.01694915254237288}, "AT_RIM": {"-2|38": 0.03125, "-16|18": 0.03125, "-4|1": 0.03125, "0|0": 0.09375, "21|11": 0.03125, "2|12": 0.03125, "-5|15": 0.03125, "-11|2": 0.03125, "1|20": 0.03125, "15|36": 0.03125, "-21|25": 0.03125, "-9|8": 0.03125, "5|4": 0.03125, "-1|4": 0.03125, "-11|6": 0.03125, "-5|5": 0.03125, "-38|1": 0.03125, "-21|21": 0.03125, "12|6": 0.03125, "6|32": 0.03125, "11|13": 0.03125, "-26|18": 0.03125, "0|-1": 0.03125, "5|6": 0.0625, "6|5": 0.03125, "-18|13": 0.03125, "-2|3": 0.03125, "4|14": 0.03125, "1|4": 0.03125}, "CORNER_3": {"238|1": 0.07692307692307693, "221|12": 0.07692307692307693, "-230|27": 0.07692307692307693, "225|68": 0.07692307692307693, "229|83": 0.07692307692307693, "-225|6": 0.07692307692307693, "233|5": 0.07692307692307693, "230|-10": 0.07692307692307693, "229|36": 0.07692307692307693, "228|45": 0.07692307692307693, "225|46": 0.07692307692307693, "-234|-4": 0.07692307692307693, "-228|22": 0.07692307692307693}, "LONG_MID_RANGE": {"-185|124": 0.05555555555555555, "15|194": 0.05555555555555555, "-105|209": 0.05555555555555555, "-185|20": 0.05555555555555555, "94|116": 0.05555555555555555, "-2|216": 0.05555555555555555, "-196|35": 0.05555555555555555, "-29|235": 0.05555555555555555, "45|148": 0.05555555555555555, "196|27": 0.05555555555555555, "-17|147": 0.05555555555555555, "-36|152": 0.05555555555555555, "-11|166": 0.05555555555555555, "-74|226": 0.05555555555555555, "74|125": 0.05555555555555555, "-93|141": 0.05555555555555555, "42|199": 0.05555555555555555, "-69|204": 0.05555555555555555}, "SHORT_MID_RANGE": {"-18|122": 0.03571428571428571, "-48|73": 0.03571428571428571, "-28|33": 0.03571428571428571, "70|37": 0.03571428571428571, "-39|34": 0.03571428571428571, "-77|68": 0.03571428571428571, "-45|111": 0.03571428571428571, "42|57": 0.03571428571428571, "-50|93": 0.03571428571428571, "7|68": 0.03571428571428571, "61|36": 0.03571428571428571, "-32|112": 0.03571428571428571, "16|70": 0.03571428571428571, "-37|44": 0.03571428571428571, "40|43": 0.03571428571428571, "17|53": 0.03571428571428571, "29|74": 0.03571428571428571, "42|6": 0.03571428571428571, "22|53": 0.03571428571428571, "-28|38": 0.03571428571428571, "-9|92": 0.03571428571428571, "-78|21": 0.03571428571428571, "38|36": 0.03571428571428571, "59|111": 0.03571428571428571, "9|57": 0.03571428571428571, "-5|43": 0.03571428571428571, "-27|73": 0.03571428571428571, "18|82": 0.03571428571428571}}, "FOUL_AWAY_FROM_PLAY": 0.0, "FOULED_AWAY_FROM_PLAY": 0.0, "FOUL_CLEAR_PATH": 0.0, "FOULED_CLEAR_PATH": 0.0, "FOUL_COUNT_AS_PERSONAL": 0.17791411042944785, "FOULED_COUNT_AS_PERSONAL": 0.10884353741496598, "FOUL_COUNT_TOWARD_PENALTY": 0.18493150684931506, "FOULED_COUNT_TOWARD_PENALTY": 0.09285714285714286, "FOUL_DEFENSIVE_NON_SHOOTING": 0.17567567567567569, "FOULED_DEFENSIVE_NON_SHOOTING": 0.10975609756097561, "FOUL_DOUBLE": 0.0, "FOUL_TECHNICAL_DOUBLE": 0.0, "FOUL_FLAGRANT": 0.0, "FOULED_FLAGRANT": 0.0, "FOUL_FLAGRANT_1": 0.0, "FOULED_FLAGRANT_1": 0.0, "FOUL_FLAGRANT_2": 0.0, "FOULED_FLAGRANT_2": 0.0, "FOUL_INBOUND": 0.0, "FOULED_INBOUND": 0.0, "FOUL_LOOSE_BALL": 0.0, "FOULED_LOOSE_BALL": 0.0, "FOUL_OFFENSIVE_CHARGE": 0.0, "FOULED_OFFENSIVE_CHARGE": 0.0, "FOUL_OFFENSIVE_OTHER": 0.0, "FOULED_OFFENSIVE_OTHER": 0.0, "FOUL_OFFENSIVE_TOTAL": 0.11764705882352941, "FOULED_OFFENSIVE_TOTAL": 0.42857142857142855, "FOUL_PERSONAL": 0.23255813953488372, "FOULED_PERSONAL": 0.1, "FOUL_PERSONAL_BLOCK": 0.0, "FOULED_PERSONAL_BLOCK": 0.0, "FOUL_PERSONAL_TAKE": 0.05555555555555555, "FOULED_PERSONAL_TAKE": 0.18181818181818182, "FOUL_SHOOTING": 0.19444444444444445, "FOULED_SHOOTING": 0.06896551724137931, "FOUL_SHOOTING_BLOCK": 0.0, "FOULED_SHOOTING_BLOCK": 0.0, "FOUL_TECHNICAL": 0.0, "FT": 0.8, "REBOUND_DEFENSIVE": 0.11778846153846154, "REBOUND_OFFENSIVE": 0.024282560706401765, "STEAL": 0.2988505747126437, "SHOT_TYPE_ARC_3_OFFENSIVE": 0.28431372549019607, "SHOT_TYPE_ARC_3_DEFENSIVE": 0.3151750972762646, "SHOT_TYPE_AT_RIM_OFFENSIVE": 0.2965686274509804, "SHOT_TYPE_AT_RIM_DEFENSIVE": 0.29701686121919585, "SHOT_TYPE_CORNER_3_OFFENSIVE": 0.09926470588235294, "SHOT_TYPE_CORNER_3_DEFENSIVE": 0.07263294422827497, "SHOT_TYPE_LONG_MID_RANGE_OFFENSIVE": 0.06740196078431372, "SHOT_TYPE_LONG_MID_RANGE_DEFENSIVE": 0.09857328145265888, "SHOT_TYPE_SHORT_MID_RANGE_OFFENSIVE": 0.25245098039215685, "SHOT_TYPE_SHORT_MID_RANGE_DEFENSIVE": 0.21660181582360571, "TURNOVER": 0.1984126984126984, "VIOLATION_DEFENSIVE_GOALTENDING": 0.0, "VIOLATION_DEFENSIVE_KICK_BALL": 0.0}