{"ASSIST": 0.07203389830508475, "BLOCK": 0.4, "FG_ARC_3_ATTEMPT": 0.055248618784530384, "FG_ARC_3_BLOCK": 0.0, "FG_ARC_3_MADE": 0.6, "FG_ARC_3_MADE_FOUL": 0.0, "FG_AT_RIM_ATTEMPT": 0.1807909604519774, "FG_AT_RIM_BLOCK": 0.02824858757062147, "FG_AT_RIM_MADE": 0.46875, "FG_AT_RIM_MADE_FOUL": 0.0, "FG_CORNER_3_ATTEMPT": 0.058823529411764705, "FG_CORNER_3_BLOCK": 0.0, "FG_CORNER_3_MADE": 1.0, "FG_CORNER_3_MADE_FOUL": 0.0, "FG_LONG_MID_RANGE_ATTEMPT": 0.07801418439716312, "FG_LONG_MID_RANGE_BLOCK": 0.0, "FG_LONG_MID_RANGE_MADE": 0.5454545454545454, "FG_LONG_MID_RANGE_MADE_FOUL": 0.0, "FG_SHORT_MID_RANGE_ATTEMPT": 0.1712962962962963, "FG_SHORT_MID_RANGE_BLOCK": 0.013888888888888888, "FG_SHORT_MID_RANGE_MADE": 0.1891891891891892, "FG_SHORT_MID_RANGE_MADE_FOUL": 0.0, "FG_XY": {"ARC_3": {"72|243": 0.1, "-21|280": 0.1, "216|109": 0.1, "-135|211": 0.1, "126|207": 0.1, "206|165": 0.1, "-12|258": 0.1, "-165|199": 0.1, "51|250": 0.1, "153|222": 0.1}, "AT_RIM": {"0|0": 0.375, "-9|-2": 0.03125, "20|12": 0.03125, "20|1": 0.03125, "20|26": 0.03125, "9|16": 0.03125, "-5|37": 0.03125, "-11|7": 0.03125, "7|33": 0.03125, "-16|34": 0.03125, "4|4": 0.03125, "6|0": 0.03125, "2|8": 0.03125, "6|26": 0.03125, "-2|20": 0.03125, "-7|13": 0.03125, "-34|1": 0.03125, "-26|22": 0.03125, "11|2": 0.03125, "5|5": 0.03125, "7|15": 0.03125}, "CORNER_3": {"238|14": 0.25, "232|44": 0.25, "-237|36": 0.25, "230|25": 0.25}, "LONG_MID_RANGE": {"159|29": 0.09090909090909091, "-97|150": 0.09090909090909091, "40|191": 0.09090909090909091, "-45|137": 0.09090909090909091, "45|182": 0.09090909090909091, "115|143": 0.09090909090909091, "-105|167": 0.09090909090909091, "-43|193": 0.09090909090909091, "156|49": 0.09090909090909091, "158|110": 0.09090909090909091, "-121|130": 0.09090909090909091}, "SHORT_MID_RANGE": {"-7|104": 0.02702702702702703, "-4|107": 0.02702702702702703, "-10|104": 0.02702702702702703, "32|31": 0.02702702702702703, "-26|37": 0.02702702702702703, "-5|47": 0.02702702702702703, "-65|85": 0.02702702702702703, "-62|110": 0.02702702702702703, "-6|65": 0.02702702702702703, "38|43": 0.02702702702702703, "37|50": 0.02702702702702703, "-47|83": 0.02702702702702703, "-4|71": 0.02702702702702703, "-48|74": 0.02702702702702703, "15|46": 0.02702702702702703, "-94|-10": 0.02702702702702703, "2|51": 0.02702702702702703, "-125|8": 0.02702702702702703, "54|37": 0.02702702702702703, "-26|68": 0.02702702702702703, "-70|25": 0.02702702702702703, "-4|55": 0.02702702702702703, "-134|7": 0.02702702702702703, "-123|11": 0.02702702702702703, "31|83": 0.02702702702702703, "102|73": 0.02702702702702703, "-29|75": 0.02702702702702703, "2|104": 0.02702702702702703, "20|106": 0.02702702702702703, "29|51": 0.02702702702702703, "9|57": 0.02702702702702703, "-48|39": 0.02702702702702703, "28|38": 0.02702702702702703, "60|121": 0.02702702702702703, "-13|137": 0.02702702702702703, "-13|91": 0.02702702702702703, "64|105": 0.02702702702702703}}, "FOUL_AWAY_FROM_PLAY": 1.0, "FOULED_AWAY_FROM_PLAY": 0.0, "FOUL_CLEAR_PATH": 0.0, "FOULED_CLEAR_PATH": 0.0, "FOUL_COUNT_AS_PERSONAL": 0.2468354430379747, "FOULED_COUNT_AS_PERSONAL": 0.15789473684210525, "FOUL_COUNT_TOWARD_PENALTY": 0.22602739726027396, "FOULED_COUNT_TOWARD_PENALTY": 0.17647058823529413, "FOUL_DEFENSIVE_NON_SHOOTING": 0.1, "FOULED_DEFENSIVE_NON_SHOOTING": 0.13157894736842105, "FOUL_DOUBLE": 0.0, "FOUL_TECHNICAL_DOUBLE": 0.5, "FOUL_FLAGRANT": 0.0, "FOULED_FLAGRANT": 0.0, "FOUL_FLAGRANT_1": 0.0, "FOULED_FLAGRANT_1": 0.0, "FOUL_FLAGRANT_2": 0.0, "FOULED_FLAGRANT_2": 0.0, "FOUL_INBOUND": 0.0, "FOULED_INBOUND": 0.0, "FOUL_LOOSE_BALL": 0.0, "FOULED_LOOSE_BALL": 0.0, "FOUL_OFFENSIVE_CHARGE": 0.25, "FOULED_OFFENSIVE_CHARGE": 0.0, "FOUL_OFFENSIVE_OTHER": 0.0, "FOULED_OFFENSIVE_OTHER": 0.0, "FOUL_OFFENSIVE_TOTAL": 0.5, "FOULED_OFFENSIVE_TOTAL": 0.0, "FOUL_PERSONAL": 0.08163265306122448, "FOULED_PERSONAL": 0.13636363636363635, "FOUL_PERSONAL_BLOCK": 0.0, "FOULED_PERSONAL_BLOCK": 0.0, "FOUL_PERSONAL_TAKE": 0.0, "FOULED_PERSONAL_TAKE": 0.14285714285714285, "FOUL_SHOOTING": 0.3058823529411765, "FOULED_SHOOTING": 0.23333333333333334, "FOUL_SHOOTING_BLOCK": 0.0, "FOULED_SHOOTING_BLOCK": 0.0, "FOUL_TECHNICAL": 0.14285714285714285, "FT": 0.6, "REBOUND_DEFENSIVE": 0.2662192393736018, "REBOUND_OFFENSIVE": 0.10218978102189781, "STEAL": 0.1643835616438356, "SHOT_TYPE_ARC_3_OFFENSIVE": 0.23116219667943805, "SHOT_TYPE_ARC_3_DEFENSIVE": 0.3143939393939394, "SHOT_TYPE_AT_RIM_OFFENSIVE": 0.2260536398467433, "SHOT_TYPE_AT_RIM_DEFENSIVE": 0.2537878787878788, "SHOT_TYPE_CORNER_3_OFFENSIVE": 0.08684546615581099, "SHOT_TYPE_CORNER_3_DEFENSIVE": 0.07828282828282829, "SHOT_TYPE_LONG_MID_RANGE_OFFENSIVE": 0.18007662835249041, "SHOT_TYPE_LONG_MID_RANGE_DEFENSIVE": 0.13762626262626262, "SHOT_TYPE_SHORT_MID_RANGE_OFFENSIVE": 0.27586206896551724, "SHOT_TYPE_SHORT_MID_RANGE_DEFENSIVE": 0.2159090909090909, "TURNOVER": 0.24489795918367346, "VIOLATION_DEFENSIVE_GOALTENDING": 0.0, "VIOLATION_DEFENSIVE_KICK_BALL": 0.0}