{"ASSIST": 0.14655172413793102, "BLOCK": 0.18181818181818182, "FG_ARC_3_ATTEMPT": 0.21830985915492956, "FG_ARC_3_BLOCK": 0.0, "FG_ARC_3_MADE": 0.22580645161290322, "FG_ARC_3_MADE_FOUL": 0.0, "FG_AT_RIM_ATTEMPT": 0.16279069767441862, "FG_AT_RIM_BLOCK": 0.03875968992248062, "FG_AT_RIM_MADE": 0.42857142857142855, "FG_AT_RIM_MADE_FOUL": 0.015503875968992248, "FG_CORNER_3_ATTEMPT": 0.2, "FG_CORNER_3_BLOCK": 0.0, "FG_CORNER_3_MADE": 0.2857142857142857, "FG_CORNER_3_MADE_FOUL": 0.0, "FG_LONG_MID_RANGE_ATTEMPT": 0.28, "FG_LONG_MID_RANGE_BLOCK": 0.0, "FG_LONG_MID_RANGE_MADE": 0.42857142857142855, "FG_LONG_MID_RANGE_MADE_FOUL": 0.0, "FG_SHORT_MID_RANGE_ATTEMPT": 0.13333333333333333, "FG_SHORT_MID_RANGE_BLOCK": 0.011111111111111112, "FG_SHORT_MID_RANGE_MADE": 0.25, "FG_SHORT_MID_RANGE_MADE_FOUL": 0.0, "FG_XY": {"ARC_3": {"-208|141": 0.03225806451612903, "-190|157": 0.03225806451612903, "-228|100": 0.03225806451612903, "199|159": 0.03225806451612903, "168|180": 0.03225806451612903, "229|99": 0.03225806451612903, "64|249": 0.03225806451612903, "-75|259": 0.03225806451612903, "-15|247": 0.03225806451612903, "-189|159": 0.03225806451612903, "-115|219": 0.03225806451612903, "47|253": 0.03225806451612903, "-142|223": 0.03225806451612903, "-2|425": 0.03225806451612903, "-201|145": 0.03225806451612903, "109|251": 0.03225806451612903, "-201|165": 0.03225806451612903, "16|258": 0.03225806451612903, "-140|211": 0.03225806451612903, "-210|174": 0.03225806451612903, "181|163": 0.03225806451612903, "-153|207": 0.03225806451612903, "124|228": 0.03225806451612903, "-175|189": 0.03225806451612903, "-217|133": 0.03225806451612903, "-66|272": 0.03225806451612903, "130|221": 0.03225806451612903, "-103|236": 0.03225806451612903, "-210|115": 0.03225806451612903, "-208|143": 0.03225806451612903, "6|267": 0.03225806451612903}, "AT_RIM": {"27|21": 0.047619047619047616, "-21|13": 0.047619047619047616, "-26|2": 0.047619047619047616, "12|17": 0.047619047619047616, "25|26": 0.047619047619047616, "0|0": 0.09523809523809523, "1|19": 0.047619047619047616, "-25|5": 0.047619047619047616, "-25|15": 0.047619047619047616, "-7|32": 0.047619047619047616, "4|4": 0.047619047619047616, "-11|6": 0.047619047619047616, "-17|35": 0.047619047619047616, "-7|6": 0.047619047619047616, "-15|23": 0.047619047619047616, "18|16": 0.047619047619047616, "21|16": 0.047619047619047616, "-10|16": 0.047619047619047616, "-2|-4": 0.047619047619047616, "-15|18": 0.047619047619047616}, "CORNER_3": {"-230|48": 0.14285714285714285, "227|9": 0.14285714285714285, "-228|42": 0.14285714285714285, "224|13": 0.14285714285714285, "-241|7": 0.14285714285714285, "-223|25": 0.14285714285714285, "229|16": 0.14285714285714285}, "LONG_MID_RANGE": {"147|126": 0.07142857142857142, "-108|94": 0.07142857142857142, "-123|188": 0.07142857142857142, "62|152": 0.07142857142857142, "-103|104": 0.07142857142857142, "-23|155": 0.07142857142857142, "-154|56": 0.07142857142857142, "-146|146": 0.07142857142857142, "-142|150": 0.07142857142857142, "110|151": 0.07142857142857142, "-99|136": 0.07142857142857142, "-130|84": 0.07142857142857142, "-94|159": 0.07142857142857142, "-126|65": 0.07142857142857142}, "SHORT_MID_RANGE": {"2|44": 0.08333333333333333, "4|49": 0.08333333333333333, "-2|59": 0.08333333333333333, "47|111": 0.08333333333333333, "-62|106": 0.08333333333333333, "37|40": 0.08333333333333333, "-62|46": 0.08333333333333333, "11|55": 0.08333333333333333, "-115|32": 0.08333333333333333, "66|44": 0.08333333333333333, "25|48": 0.08333333333333333, "-36|84": 0.08333333333333333}}, "FOUL_AWAY_FROM_PLAY": 0.0, "FOULED_AWAY_FROM_PLAY": 0.0, "FOUL_CLEAR_PATH": 0.0, "FOULED_CLEAR_PATH": 0.0, "FOUL_COUNT_AS_PERSONAL": 0.18811881188118812, "FOULED_COUNT_AS_PERSONAL": 0.06172839506172839, "FOUL_COUNT_TOWARD_PENALTY": 0.20212765957446807, "FOULED_COUNT_TOWARD_PENALTY": 0.0684931506849315, "FOUL_DEFENSIVE_NON_SHOOTING": 0.2, "FOULED_DEFENSIVE_NON_SHOOTING": 0.02631578947368421, "FOUL_DOUBLE": 0.0, "FOUL_TECHNICAL_DOUBLE": 0.0, "FOUL_FLAGRANT": 0.0, "FOULED_FLAGRANT": 0.0, "FOUL_FLAGRANT_1": 0.0, "FOULED_FLAGRANT_1": 0.0, "FOUL_FLAGRANT_2": 0.0, "FOULED_FLAGRANT_2": 0.0, "FOUL_INBOUND": 0.0, "FOULED_INBOUND": 0.0, "FOUL_LOOSE_BALL": 0.0, "FOULED_LOOSE_BALL": 0.0, "FOUL_OFFENSIVE_CHARGE": 0.0, "FOULED_OFFENSIVE_CHARGE": 0.0, "FOUL_OFFENSIVE_OTHER": 0.0, "FOULED_OFFENSIVE_OTHER": 0.0, "FOUL_OFFENSIVE_TOTAL": 0.0, "FOULED_OFFENSIVE_TOTAL": 0.0, "FOUL_PERSONAL": 0.21428571428571427, "FOULED_PERSONAL": 0.03571428571428571, "FOUL_PERSONAL_BLOCK": 0.0, "FOULED_PERSONAL_BLOCK": 0.0, "FOUL_PERSONAL_TAKE": 0.3333333333333333, "FOULED_PERSONAL_TAKE": 0.0, "FOUL_SHOOTING": 0.20408163265306123, "FOULED_SHOOTING": 0.11428571428571428, "FOUL_SHOOTING_BLOCK": 0.0, "FOULED_SHOOTING_BLOCK": 0.0, "FOUL_TECHNICAL": 0.16666666666666666, "FT": 0.7142857142857143, "REBOUND_DEFENSIVE": 0.08016877637130802, "REBOUND_OFFENSIVE": 0.036734693877551024, "STEAL": 0.24242424242424243, "SHOT_TYPE_ARC_3_OFFENSIVE": 0.3183856502242152, "SHOT_TYPE_ARC_3_DEFENSIVE": 0.2635294117647059, "SHOT_TYPE_AT_RIM_OFFENSIVE": 0.289237668161435, "SHOT_TYPE_AT_RIM_DEFENSIVE": 0.3035294117647059, "SHOT_TYPE_CORNER_3_OFFENSIVE": 0.07847533632286996, "SHOT_TYPE_CORNER_3_DEFENSIVE": 0.07529411764705882, "SHOT_TYPE_LONG_MID_RANGE_OFFENSIVE": 0.11210762331838565, "SHOT_TYPE_LONG_MID_RANGE_DEFENSIVE": 0.11764705882352941, "SHOT_TYPE_SHORT_MID_RANGE_OFFENSIVE": 0.20179372197309417, "SHOT_TYPE_SHORT_MID_RANGE_DEFENSIVE": 0.24, "TURNOVER": 0.09230769230769231, "VIOLATION_DEFENSIVE_GOALTENDING": 0.0, "VIOLATION_DEFENSIVE_KICK_BALL": 0.0}