{"ASSIST": 0.38484848484848483, "BLOCK": 0.020833333333333332, "FG_ARC_3_ATTEMPT": 0.3649425287356322, "FG_ARC_3_BLOCK": 0.0, "FG_ARC_3_MADE": 0.3858267716535433, "FG_ARC_3_MADE_FOUL": 0.0, "FG_AT_RIM_ATTEMPT": 0.3220338983050847, "FG_AT_RIM_BLOCK": 0.00847457627118644, "FG_AT_RIM_MADE": 0.8070175438596491, "FG_AT_RIM_MADE_FOUL": 0.02824858757062147, "FG_CORNER_3_ATTEMPT": 0.20754716981132076, "FG_CORNER_3_BLOCK": 0.009433962264150943, "FG_CORNER_3_MADE": 0.6818181818181818, "FG_CORNER_3_MADE_FOUL": 0.0, "FG_LONG_MID_RANGE_ATTEMPT": 0.35, "FG_LONG_MID_RANGE_BLOCK": 0.0125, "FG_LONG_MID_RANGE_MADE": 0.5, "FG_LONG_MID_RANGE_MADE_FOUL": 0.0, "FG_SHORT_MID_RANGE_ATTEMPT": 0.28703703703703703, "FG_SHORT_MID_RANGE_BLOCK": 0.009259259259259259, "FG_SHORT_MID_RANGE_MADE": 0.4838709677419355, "FG_SHORT_MID_RANGE_MADE_FOUL": 0.004629629629629629, "FG_XY": {"ARC_3": {"189|168": 0.007874015748031496, "135|220": 0.007874015748031496, "-40|264": 0.007874015748031496, "-104|232": 0.007874015748031496, "129|261": 0.007874015748031496, "98|247": 0.007874015748031496, "-23|258": 0.007874015748031496, "65|261": 0.007874015748031496, "12|251": 0.007874015748031496, "-69|241": 0.007874015748031496, "76|234": 0.007874015748031496, "120|240": 0.007874015748031496, "-140|218": 0.007874015748031496, "108|250": 0.007874015748031496, "-2|268": 0.007874015748031496, "66|264": 0.007874015748031496, "48|265": 0.007874015748031496, "-112|242": 0.007874015748031496, "-159|209": 0.007874015748031496, "179|174": 0.007874015748031496, "28|260": 0.007874015748031496, "-136|214": 0.007874015748031496, "-36|275": 0.007874015748031496, "-22|272": 0.007874015748031496, "-97|235": 0.007874015748031496, "-137|222": 0.007874015748031496, "115|273": 0.007874015748031496, "-36|250": 0.007874015748031496, "-50|263": 0.007874015748031496, "-197|176": 0.007874015748031496, "-27|257": 0.007874015748031496, "145|215": 0.007874015748031496, "72|243": 0.007874015748031496, "0|303": 0.007874015748031496, "-192|167": 0.007874015748031496, "-170|216": 0.007874015748031496, "-136|211": 0.007874015748031496, "-2|302": 0.007874015748031496, "188|178": 0.007874015748031496, "200|170": 0.007874015748031496, "94|241": 0.015748031496062992, "-181|277": 0.007874015748031496, "143|205": 0.007874015748031496, "18|248": 0.007874015748031496, "67|239": 0.007874015748031496, "58|245": 0.007874015748031496, "-136|232": 0.015748031496062992, "94|231": 0.007874015748031496, "-58|242": 0.007874015748031496, "107|231": 0.007874015748031496, "-67|256": 0.007874015748031496, "-13|293": 0.007874015748031496, "76|235": 0.007874015748031496, "178|199": 0.007874015748031496, "-105|215": 0.007874015748031496, "-9|255": 0.007874015748031496, "-158|678": 0.007874015748031496, "66|338": 0.007874015748031496, "-94|301": 0.007874015748031496, "38|315": 0.007874015748031496, "-203|176": 0.007874015748031496, "146|220": 0.007874015748031496, "-197|169": 0.007874015748031496, "130|231": 0.007874015748031496, "-121|213": 0.007874015748031496, "-121|214": 0.007874015748031496, "-69|240": 0.007874015748031496, "156|261": 0.007874015748031496, "211|225": 0.007874015748031496, "-203|135": 0.007874015748031496, "51|299": 0.007874015748031496, "-140|220": 0.007874015748031496, "120|222": 0.007874015748031496, "147|233": 0.007874015748031496, "-9|251": 0.007874015748031496, "99|256": 0.007874015748031496, "-146|271": 0.007874015748031496, "-120|226": 0.007874015748031496, "42|270": 0.007874015748031496, "129|304": 0.007874015748031496, "138|238": 0.007874015748031496, "121|231": 0.007874015748031496, "47|267": 0.007874015748031496, "-183|189": 0.007874015748031496, "-223|156": 0.007874015748031496, "123|222": 0.007874015748031496, "123|226": 0.007874015748031496, "-96|246": 0.007874015748031496, "-18|273": 0.007874015748031496, "188|176": 0.007874015748031496, "-159|215": 0.007874015748031496, "157|226": 0.007874015748031496, "12|272": 0.007874015748031496, "-217|146": 0.007874015748031496, "-161|296": 0.007874015748031496, "-140|227": 0.007874015748031496, "69|259": 0.007874015748031496, "140|255": 0.007874015748031496, "168|221": 0.007874015748031496, "-5|246": 0.007874015748031496, "-183|162": 0.007874015748031496, "164|201": 0.007874015748031496, "17|309": 0.007874015748031496, "-222|154": 0.007874015748031496, "208|143": 0.007874015748031496, "164|226": 0.007874015748031496, "159|227": 0.007874015748031496, "-150|213": 0.007874015748031496, "-192|146": 0.007874015748031496, "140|272": 0.007874015748031496, "-205|143": 0.007874015748031496, "120|230": 0.007874015748031496, "-170|184": 0.007874015748031496, "194|358": 0.007874015748031496, "-233|100": 0.007874015748031496, "-96|243": 0.007874015748031496, "225|95": 0.007874015748031496, "112|228": 0.007874015748031496, "224|139": 0.007874015748031496, "191|279": 0.007874015748031496, "216|146": 0.007874015748031496, "-189|191": 0.007874015748031496, "-159|222": 0.007874015748031496, "39|272": 0.007874015748031496, "211|141": 0.007874015748031496}, "AT_RIM": {"1|-1": 0.008771929824561403, "4|10": 0.017543859649122806, "-6|8": 0.017543859649122806, "4|16": 0.008771929824561403, "2|10": 0.008771929824561403, "-7|14": 0.008771929824561403, "-9|14": 0.008771929824561403, "-2|38": 0.008771929824561403, "23|16": 0.008771929824561403, "22|15": 0.008771929824561403, "5|7": 0.008771929824561403, "-6|20": 0.008771929824561403, "-4|22": 0.008771929824561403, "21|10": 0.008771929824561403, "-12|13": 0.008771929824561403, "-6|25": 0.008771929824561403, "0|26": 0.008771929824561403, "-10|21": 0.008771929824561403, "-9|28": 0.008771929824561403, "-22|6": 0.008771929824561403, "4|22": 0.008771929824561403, "0|13": 0.008771929824561403, "-4|7": 0.008771929824561403, "5|11": 0.008771929824561403, "33|14": 0.008771929824561403, "-17|9": 0.008771929824561403, "-10|31": 0.008771929824561403, "18|8": 0.008771929824561403, "21|21": 0.008771929824561403, "28|15": 0.008771929824561403, "1|4": 0.008771929824561403, "-1|8": 0.017543859649122806, "-9|26": 0.008771929824561403, "1|11": 0.017543859649122806, "1|10": 0.008771929824561403, "-4|6": 0.008771929824561403, "2|25": 0.008771929824561403, "1|12": 0.008771929824561403, "10|17": 0.008771929824561403, "6|16": 0.008771929824561403, "-15|34": 0.008771929824561403, "-9|22": 0.008771929824561403, "4|4": 0.008771929824561403, "-4|0": 0.008771929824561403, "12|13": 0.008771929824561403, "-10|12": 0.008771929824561403, "17|17": 0.008771929824561403, "16|6": 0.008771929824561403, "-2|5": 0.008771929824561403, "-21|6": 0.008771929824561403, "5|6": 0.008771929824561403, "-13|21": 0.008771929824561403, "-18|32": 0.008771929824561403, "-15|32": 0.008771929824561403, "6|23": 0.008771929824561403, "4|8": 0.008771929824561403, "4|-4": 0.008771929824561403, "2|7": 0.008771929824561403, "-18|27": 0.008771929824561403, "-6|-5": 0.008771929824561403, "12|4": 0.008771929824561403, "-1|5": 0.008771929824561403, "2|-7": 0.008771929824561403, "0|6": 0.008771929824561403, "0|5": 0.008771929824561403, "2|6": 0.008771929824561403, "-15|6": 0.008771929824561403, "0|-2": 0.008771929824561403, "-5|6": 0.008771929824561403, "9|2": 0.008771929824561403, "-15|-1": 0.008771929824561403, "-20|3": 0.008771929824561403, "-6|0": 0.008771929824561403, "6|12": 0.008771929824561403, "0|0": 0.017543859649122806, "22|17": 0.008771929824561403, "-15|20": 0.008771929824561403, "-15|18": 0.008771929824561403, "17|15": 0.008771929824561403, "5|15": 0.008771929824561403, "-6|-4": 0.008771929824561403, "1|-12": 0.008771929824561403, "7|0": 0.008771929824561403, "9|5": 0.008771929824561403, "12|5": 0.008771929824561403, "-5|1": 0.008771929824561403, "-11|19": 0.008771929824561403, "-6|5": 0.008771929824561403, "13|27": 0.008771929824561403, "2|9": 0.008771929824561403, "1|25": 0.008771929824561403, "-25|27": 0.008771929824561403, "-2|10": 0.017543859649122806, "1|-6": 0.008771929824561403, "-2|1": 0.008771929824561403, "1|1": 0.008771929824561403, "0|22": 0.008771929824561403, "6|5": 0.008771929824561403,