{"ASSIST": 0.16129032258064516, "BLOCK": 0.16666666666666666, "FG_ARC_3_ATTEMPT": 0.1796875, "FG_ARC_3_BLOCK": 0.0, "FG_ARC_3_MADE": 0.21739130434782608, "FG_ARC_3_MADE_FOUL": 0.0, "FG_AT_RIM_ATTEMPT": 0.24324324324324326, "FG_AT_RIM_BLOCK": 0.013513513513513514, "FG_AT_RIM_MADE": 0.5277777777777778, "FG_AT_RIM_MADE_FOUL": 0.006756756756756757, "FG_CORNER_3_ATTEMPT": 0.24242424242424243, "FG_CORNER_3_BLOCK": 0.0, "FG_CORNER_3_MADE": 0.625, "FG_CORNER_3_MADE_FOUL": 0.0, "FG_LONG_MID_RANGE_ATTEMPT": 0.15384615384615385, "FG_LONG_MID_RANGE_BLOCK": 0.0, "FG_LONG_MID_RANGE_MADE": 0.5, "FG_LONG_MID_RANGE_MADE_FOUL": 0.0, "FG_SHORT_MID_RANGE_ATTEMPT": 0.2698412698412698, "FG_SHORT_MID_RANGE_BLOCK": 0.047619047619047616, "FG_SHORT_MID_RANGE_MADE": 0.11764705882352941, "FG_SHORT_MID_RANGE_MADE_FOUL": 0.0, "FG_XY": {"ARC_3": {"-140|206": 0.043478260869565216, "175|199": 0.043478260869565216, "238|95": 0.043478260869565216, "168|220": 0.043478260869565216, "140|226": 0.043478260869565216, "42|259": 0.043478260869565216, "-161|205": 0.043478260869565216, "-37|277": 0.043478260869565216, "-233|117": 0.043478260869565216, "-116|247": 0.043478260869565216, "75|256": 0.043478260869565216, "183|193": 0.043478260869565216, "-157|203": 0.043478260869565216, "212|136": 0.043478260869565216, "-162|189": 0.043478260869565216, "-162|221": 0.043478260869565216, "-169|214": 0.043478260869565216, "-157|200": 0.043478260869565216, "206|141": 0.043478260869565216, "-175|190": 0.043478260869565216, "-153|216": 0.043478260869565216, "184|235": 0.043478260869565216, "157|210": 0.043478260869565216}, "AT_RIM": {"-2|16": 0.027777777777777776, "-9|34": 0.027777777777777776, "-2|25": 0.027777777777777776, "1|29": 0.027777777777777776, "-4|16": 0.027777777777777776, "-7|31": 0.027777777777777776, "1|32": 0.027777777777777776, "-21|25": 0.027777777777777776, "-11|13": 0.027777777777777776, "-5|14": 0.027777777777777776, "2|7": 0.027777777777777776, "1|1": 0.027777777777777776, "0|0": 0.05555555555555555, "-12|20": 0.027777777777777776, "4|29": 0.027777777777777776, "-2|17": 0.027777777777777776, "-6|31": 0.027777777777777776, "9|14": 0.027777777777777776, "-4|10": 0.027777777777777776, "20|6": 0.027777777777777776, "16|11": 0.027777777777777776, "29|9": 0.027777777777777776, "-23|13": 0.027777777777777776, "-15|24": 0.027777777777777776, "9|27": 0.027777777777777776, "-7|9": 0.027777777777777776, "-2|11": 0.027777777777777776, "16|-1": 0.027777777777777776, "-32|-5": 0.027777777777777776, "20|15": 0.027777777777777776, "27|20": 0.027777777777777776, "9|26": 0.027777777777777776, "1|21": 0.027777777777777776, "-6|28": 0.027777777777777776, "-6|23": 0.027777777777777776}, "CORNER_3": {"-228|22": 0.125, "235|75": 0.125, "-235|-2": 0.125, "232|1": 0.125, "-228|-13": 0.125, "-219|11": 0.125, "-229|2": 0.125, "225|38": 0.125}, "LONG_MID_RANGE": {"165|73": 0.1, "-132|153": 0.1, "1|157": 0.1, "98|121": 0.1, "-175|60": 0.1, "-61|172": 0.1, "124|153": 0.1, "-141|19": 0.1, "148|126": 0.1, "185|78": 0.1}, "SHORT_MID_RANGE": {"-130|-6": 0.058823529411764705, "-56|88": 0.058823529411764705, "-39|91": 0.058823529411764705, "37|37": 0.058823529411764705, "-13|113": 0.058823529411764705, "-37|35": 0.058823529411764705, "45|55": 0.058823529411764705, "-12|41": 0.058823529411764705, "82|63": 0.058823529411764705, "-72|73": 0.058823529411764705, "89|56": 0.058823529411764705, "36|120": 0.058823529411764705, "65|15": 0.058823529411764705, "82|110": 0.058823529411764705, "26|60": 0.058823529411764705, "-74|34": 0.058823529411764705, "23|43": 0.058823529411764705}}, "FOUL_AWAY_FROM_PLAY": 0.0, "FOULED_AWAY_FROM_PLAY": 0.0, "FOUL_CLEAR_PATH": 0.0, "FOULED_CLEAR_PATH": 0.0, "FOUL_COUNT_AS_PERSONAL": 0.25806451612903225, "FOULED_COUNT_AS_PERSONAL": 0.14736842105263157, "FOUL_COUNT_TOWARD_PENALTY": 0.27710843373493976, "FOULED_COUNT_TOWARD_PENALTY": 0.11494252873563218, "FOUL_DEFENSIVE_NON_SHOOTING": 0.23684210526315788, "FOULED_DEFENSIVE_NON_SHOOTING": 0.07692307692307693, "FOUL_DOUBLE": 0.0, "FOUL_TECHNICAL_DOUBLE": 0.0, "FOUL_FLAGRANT": 0.0, "FOULED_FLAGRANT": 0.0, "FOUL_FLAGRANT_1": 0.0, "FOULED_FLAGRANT_1": 0.0, "FOUL_FLAGRANT_2": 0.0, "FOULED_FLAGRANT_2": 0.0, "FOUL_INBOUND": 0.0, "FOULED_INBOUND": 0.0, "FOUL_LOOSE_BALL": 0.0, "FOULED_LOOSE_BALL": 0.0, "FOUL_OFFENSIVE_CHARGE": 0.3333333333333333, "FOULED_OFFENSIVE_CHARGE": 0.3333333333333333, "FOUL_OFFENSIVE_OTHER": 0.0, "FOULED_OFFENSIVE_OTHER": 0.0, "FOUL_OFFENSIVE_TOTAL": 0.1, "FOULED_OFFENSIVE_TOTAL": 0.5, "FOUL_PERSONAL": 0.2962962962962963, "FOULED_PERSONAL": 0.06451612903225806, "FOUL_PERSONAL_BLOCK": 0.0, "FOULED_PERSONAL_BLOCK": 0.0, "FOUL_PERSONAL_TAKE": 0.25, "FOULED_PERSONAL_TAKE": 0.14285714285714285, "FOUL_SHOOTING": 0.3111111111111111, "FOULED_SHOOTING": 0.14583333333333334, "FOUL_SHOOTING_BLOCK": 0.0, "FOULED_SHOOTING_BLOCK": 0.0, "FOUL_TECHNICAL": 0.0, "FT": 1.0, "REBOUND_DEFENSIVE": 0.1377952755905512, "REBOUND_OFFENSIVE": 0.024691358024691357, "STEAL": 0.22857142857142856, "SHOT_TYPE_ARC_3_OFFENSIVE": 0.2929061784897025, "SHOT_TYPE_ARC_3_DEFENSIVE": 0.3399122807017544, "SHOT_TYPE_AT_RIM_OFFENSIVE": 0.33867276887871856, "SHOT_TYPE_AT_RIM_DEFENSIVE": 0.26535087719298245, "SHOT_TYPE_CORNER_3_OFFENSIVE": 0.07551487414187644, "SHOT_TYPE_CORNER_3_DEFENSIVE": 0.08552631578947369, "SHOT_TYPE_LONG_MID_RANGE_OFFENSIVE": 0.14874141876430205, "SHOT_TYPE_LONG_MID_RANGE_DEFENSIVE": 0.12719298245614036, "SHOT_TYPE_SHORT_MID_RANGE_OFFENSIVE": 0.14416475972540047, "SHOT_TYPE_SHORT_MID_RANGE_DEFENSIVE": 0.18201754385964913, "TURNOVER": 0.17391304347826086, "VIOLATION_DEFENSIVE_GOALTENDING": 0.0, "VIOLATION_DEFENSIVE_KICK_BALL": 0.0}