{"ASSIST": 0.1484375, "BLOCK": 0.17391304347826086, "FG_ARC_3_ATTEMPT": 0.08163265306122448, "FG_ARC_3_BLOCK": 0.0, "FG_ARC_3_MADE": 0.3333333333333333, "FG_ARC_3_MADE_FOUL": 0.0, "FG_AT_RIM_ATTEMPT": 0.1417910447761194, "FG_AT_RIM_BLOCK": 0.014925373134328358, "FG_AT_RIM_MADE": 0.5789473684210527, "FG_AT_RIM_MADE_FOUL": 0.0, "FG_CORNER_3_ATTEMPT": 0.18, "FG_CORNER_3_BLOCK": 0.0, "FG_CORNER_3_MADE": 0.4444444444444444, "FG_CORNER_3_MADE_FOUL": 0.0, "FG_LONG_MID_RANGE_ATTEMPT": 0.14814814814814814, "FG_LONG_MID_RANGE_BLOCK": 0.0, "FG_LONG_MID_RANGE_MADE": 0.25, "FG_LONG_MID_RANGE_MADE_FOUL": 0.0, "FG_SHORT_MID_RANGE_ATTEMPT": 0.05217391304347826, "FG_SHORT_MID_RANGE_BLOCK": 0.0, "FG_SHORT_MID_RANGE_MADE": 0.6666666666666666, "FG_SHORT_MID_RANGE_MADE_FOUL": 0.0, "FG_XY": {"ARC_3": {"-109|225": 0.08333333333333333, "147|217": 0.08333333333333333, "-217|137": 0.08333333333333333, "-224|106": 0.08333333333333333, "134|220": 0.08333333333333333, "-71|249": 0.08333333333333333, "165|206": 0.08333333333333333, "210|136": 0.08333333333333333, "66|256": 0.08333333333333333, "-162|196": 0.08333333333333333, "-21|264": 0.08333333333333333, "-222|93": 0.08333333333333333}, "AT_RIM": {"-9|2": 0.05263157894736842, "-11|-4": 0.05263157894736842, "-1|8": 0.05263157894736842, "0|0": 0.2631578947368421, "4|11": 0.05263157894736842, "-16|11": 0.05263157894736842, "-12|12": 0.05263157894736842, "-10|5": 0.05263157894736842, "5|-1": 0.05263157894736842, "1|-1": 0.05263157894736842, "0|5": 0.05263157894736842, "22|11": 0.05263157894736842, "-2|29": 0.05263157894736842, "6|12": 0.05263157894736842, "2|-1": 0.05263157894736842}, "CORNER_3": {"-233|-6": 0.1111111111111111, "234|67": 0.1111111111111111, "-234|13": 0.1111111111111111, "-227|4": 0.1111111111111111, "232|27": 0.1111111111111111, "-233|10": 0.1111111111111111, "225|70": 0.1111111111111111, "-237|28": 0.1111111111111111, "224|7": 0.1111111111111111}, "LONG_MID_RANGE": {"88|151": 0.25, "158|121": 0.25, "29|195": 0.25, "-180|139": 0.25}, "SHORT_MID_RANGE": {"21|63": 0.16666666666666666, "-21|88": 0.16666666666666666, "-7|112": 0.16666666666666666, "119|36": 0.16666666666666666, "44|102": 0.16666666666666666, "-36|86": 0.16666666666666666}}, "FOUL_AWAY_FROM_PLAY": 0.0, "FOULED_AWAY_FROM_PLAY": 0.0, "FOUL_CLEAR_PATH": 0.0, "FOULED_CLEAR_PATH": 0.0, "FOUL_COUNT_AS_PERSONAL": 0.25301204819277107, "FOULED_COUNT_AS_PERSONAL": 0.08641975308641975, "FOUL_COUNT_TOWARD_PENALTY": 0.26582278481012656, "FOULED_COUNT_TOWARD_PENALTY": 0.08974358974358974, "FOUL_DEFENSIVE_NON_SHOOTING": 0.3, "FOULED_DEFENSIVE_NON_SHOOTING": 0.11428571428571428, "FOUL_DOUBLE": 0.0, "FOUL_TECHNICAL_DOUBLE": 0.0, "FOUL_FLAGRANT": 0.0, "FOULED_FLAGRANT": 0.0, "FOUL_FLAGRANT_1": 0.0, "FOULED_FLAGRANT_1": 0.0, "FOUL_FLAGRANT_2": 0.0, "FOULED_FLAGRANT_2": 0.0, "FOUL_INBOUND": 0.0, "FOULED_INBOUND": 0.0, "FOUL_LOOSE_BALL": 0.0, "FOULED_LOOSE_BALL": 0.2857142857142857, "FOUL_OFFENSIVE_CHARGE": 0.0, "FOULED_OFFENSIVE_CHARGE": 0.0, "FOUL_OFFENSIVE_OTHER": 0.0, "FOULED_OFFENSIVE_OTHER": 0.0, "FOUL_OFFENSIVE_TOTAL": 0.0, "FOULED_OFFENSIVE_TOTAL": 0.0, "FOUL_PERSONAL": 0.32, "FOULED_PERSONAL": 0.04, "FOUL_PERSONAL_BLOCK": 0.0, "FOULED_PERSONAL_BLOCK": 0.0, "FOUL_PERSONAL_TAKE": 0.0, "FOULED_PERSONAL_TAKE": 0.5, "FOUL_SHOOTING": 0.24489795918367346, "FOULED_SHOOTING": 0.06976744186046512, "FOUL_SHOOTING_BLOCK": 0.0, "FOULED_SHOOTING_BLOCK": 0.0, "FOUL_TECHNICAL": 0.0, "FT": 0.375, "REBOUND_DEFENSIVE": 0.16806722689075632, "REBOUND_OFFENSIVE": 0.05673758865248227, "STEAL": 0.21739130434782608, "SHOT_TYPE_ARC_3_OFFENSIVE": 0.3107822410147992, "SHOT_TYPE_ARC_3_DEFENSIVE": 0.3436123348017621, "SHOT_TYPE_AT_RIM_OFFENSIVE": 0.2832980972515856, "SHOT_TYPE_AT_RIM_DEFENSIVE": 0.31938325991189426, "SHOT_TYPE_CORNER_3_OFFENSIVE": 0.10570824524312897, "SHOT_TYPE_CORNER_3_DEFENSIVE": 0.06387665198237885, "SHOT_TYPE_LONG_MID_RANGE_OFFENSIVE": 0.05708245243128964, "SHOT_TYPE_LONG_MID_RANGE_DEFENSIVE": 0.07268722466960352, "SHOT_TYPE_SHORT_MID_RANGE_OFFENSIVE": 0.24312896405919662, "SHOT_TYPE_SHORT_MID_RANGE_DEFENSIVE": 0.20044052863436124, "TURNOVER": 0.14705882352941177, "VIOLATION_DEFENSIVE_GOALTENDING": 0.0, "VIOLATION_DEFENSIVE_KICK_BALL": 0.0}