{"ASSIST": 0.16483516483516483, "BLOCK": 0.06451612903225806, "FG_ARC_3_ATTEMPT": 0.23115577889447236, "FG_ARC_3_BLOCK": 0.005025125628140704, "FG_ARC_3_MADE": 0.2391304347826087, "FG_ARC_3_MADE_FOUL": 0.0, "FG_AT_RIM_ATTEMPT": 0.12021857923497267, "FG_AT_RIM_BLOCK": 0.0273224043715847, "FG_AT_RIM_MADE": 0.6818181818181818, "FG_AT_RIM_MADE_FOUL": 0.00546448087431694, "FG_CORNER_3_ATTEMPT": 0.2835820895522388, "FG_CORNER_3_BLOCK": 0.0, "FG_CORNER_3_MADE": 0.15789473684210525, "FG_CORNER_3_MADE_FOUL": 0.0, "FG_LONG_MID_RANGE_ATTEMPT": 0.17857142857142858, "FG_LONG_MID_RANGE_BLOCK": 0.0, "FG_LONG_MID_RANGE_MADE": 0.2, "FG_LONG_MID_RANGE_MADE_FOUL": 0.0, "FG_SHORT_MID_RANGE_ATTEMPT": 0.06153846153846154, "FG_SHORT_MID_RANGE_BLOCK": 0.007692307692307693, "FG_SHORT_MID_RANGE_MADE": 0.625, "FG_SHORT_MID_RANGE_MADE_FOUL": 0.015384615384615385, "FG_XY": {"ARC_3": {"18|285": 0.021739130434782608, "42|267": 0.021739130434782608, "202|143": 0.021739130434782608, "-21|255": 0.021739130434782608, "-146|207": 0.021739130434782608, "206|133": 0.021739130434782608, "154|213": 0.021739130434782608, "-175|179": 0.021739130434782608, "221|100": 0.021739130434782608, "43|285": 0.021739130434782608, "176|189": 0.021739130434782608, "-212|143": 0.021739130434782608, "143|230": 0.021739130434782608, "216|169": 0.021739130434782608, "148|211": 0.021739130434782608, "-62|257": 0.021739130434782608, "-71|250": 0.021739130434782608, "104|232": 0.021739130434782608, "199|168": 0.021739130434782608, "134|234": 0.021739130434782608, "-32|260": 0.021739130434782608, "70|243": 0.021739130434782608, "114|231": 0.021739130434782608, "-92|257": 0.021739130434782608, "163|214": 0.021739130434782608, "49|264": 0.021739130434782608, "-150|209": 0.021739130434782608, "-150|218": 0.021739130434782608, "-146|216": 0.021739130434782608, "-97|243": 0.021739130434782608, "188|169": 0.021739130434782608, "186|180": 0.021739130434782608, "71|253": 0.021739130434782608, "180|204": 0.021739130434782608, "71|258": 0.021739130434782608, "-4|263": 0.021739130434782608, "168|211": 0.021739130434782608, "211|139": 0.021739130434782608, "-94|253": 0.021739130434782608, "-49|253": 0.021739130434782608, "131|257": 0.021739130434782608, "-22|281": 0.021739130434782608, "-145|212": 0.021739130434782608, "103|233": 0.021739130434782608, "192|170": 0.021739130434782608, "-175|180": 0.021739130434782608}, "AT_RIM": {"17|4": 0.045454545454545456, "-4|5": 0.045454545454545456, "-2|2": 0.045454545454545456, "4|1": 0.045454545454545456, "5|9": 0.045454545454545456, "-7|9": 0.045454545454545456, "-6|7": 0.045454545454545456, "-5|8": 0.045454545454545456, "20|18": 0.045454545454545456, "-13|5": 0.045454545454545456, "6|7": 0.045454545454545456, "9|4": 0.045454545454545456, "27|23": 0.045454545454545456, "-28|19": 0.045454545454545456, "-5|32": 0.045454545454545456, "-22|-1": 0.045454545454545456, "-21|12": 0.045454545454545456, "0|15": 0.045454545454545456, "-16|9": 0.045454545454545456, "-12|6": 0.045454545454545456, "-2|4": 0.045454545454545456, "1|8": 0.045454545454545456}, "CORNER_3": {"228|37": 0.05263157894736842, "228|0": 0.05263157894736842, "233|-4": 0.05263157894736842, "-230|9": 0.05263157894736842, "237|22": 0.05263157894736842, "238|42": 0.05263157894736842, "-239|39": 0.05263157894736842, "-234|38": 0.05263157894736842, "232|17": 0.05263157894736842, "233|42": 0.05263157894736842, "-224|59": 0.05263157894736842, "233|13": 0.05263157894736842, "223|17": 0.05263157894736842, "229|68": 0.05263157894736842, "229|52": 0.05263157894736842, "223|44": 0.05263157894736842, "-229|7": 0.05263157894736842, "232|62": 0.05263157894736842, "-227|63": 0.05263157894736842}, "LONG_MID_RANGE": {"-2|149": 0.1, "-111|144": 0.1, "-72|129": 0.1, "82|136": 0.1, "-124|83": 0.1, "-105|169": 0.1, "-124|152": 0.1, "-38|137": 0.1, "131|186": 0.1, "16|159": 0.1}, "SHORT_MID_RANGE": {"100|43": 0.125, "45|59": 0.125, "18|58": 0.125, "1|70": 0.125, "-1|57": 0.125, "-21|55": 0.125, "-75|58": 0.125, "104|23": 0.125}}, "FOUL_AWAY_FROM_PLAY": 0.0, "FOULED_AWAY_FROM_PLAY": 0.0, "FOUL_CLEAR_PATH": 0.0, "FOULED_CLEAR_PATH": 0.0, "FOUL_COUNT_AS_PERSONAL": 0.11971830985915492, "FOULED_COUNT_AS_PERSONAL": 0.09210526315789473, "FOUL_COUNT_TOWARD_PENALTY": 0.128, "FOULED_COUNT_TOWARD_PENALTY": 0.08270676691729323, "FOUL_DEFENSIVE_NON_SHOOTING": 0.1746031746031746, "FOULED_DEFENSIVE_NON_SHOOTING": 0.04477611940298507, "FOUL_DOUBLE": 0.0, "FOUL_TECHNICAL_DOUBLE": 0.0, "FOUL_FLAGRANT": 0.0, "FOULED_FLAGRANT": 0.0, "FOUL_FLAGRANT_1": 0.0, "FOULED_FLAGRANT_1": 0.0, "FOUL_FLAGRANT_2": 0.0, "FOULED_FLAGRANT_2": 0.0, "FOUL_INBOUND": 0.0, "FOULED_INBOUND": 0.0, "FOUL_LOOSE_BALL": 0.0, "FOULED_LOOSE_BALL": 0.25, "FOUL_OFFENSIVE_CHARGE": 0.0, "FOULED_OFFENSIVE_CHARGE": 0.0, "FOUL_OFFENSIVE_OTHER": 0.0, "FOULED_OFFENSIVE_OTHER": 0.0, "FOUL_OFFENSIVE_TOTAL": 0.058823529411764705, "FOULED_OFFENSIVE_TOTAL": 0.15789473684210525, "FOUL_PERSONAL": 0.19148936170212766, "FOULED_PERSONAL": 0.017857142857142856, "FOUL_PERSONAL_BLOCK": 0.0, "FOULED_PERSONAL_BLOCK": 0.0, "FOUL_PERSONAL_TAKE": 0.3333333333333333, "FOULED_PERSONAL_TAKE": 0.16666666666666666, "FOUL_SHOOTING": 0.08196721311475409, "FOULED_SHOOTING": 0.12121212121212122, "FOUL_SHOOTING_BLOCK": 0.0, "FOULED_SHOOTING_BLOCK": 0.0, "FOUL_TECHNICAL": 0.0, "FT": 0.8181818181818182, "REBOUND_DEFENSIVE": 0.1105121293800539, "REBOUND_OFFENSIVE": 0.013927576601671309, "STEAL": 0.1, "SHOT_TYPE_ARC_3_OFFENSIVE": 0.31338582677165355, "SHOT_TYPE_ARC_3_DEFENSIVE": 0.31993817619783615, "SHOT_TYPE_AT_RIM_OFFENSIVE": 0.28818897637795277, "SHOT_TYPE_AT_RIM_DEFENSIVE": 0.24574961360123648, "SHOT_TYPE_CORNER_3_OFFENSIVE": 0.10551181102362205, "SHOT_TYPE_CORNER_3_DEFENSIVE": 0.080370942812983, "SHOT_TYPE_LONG_MID_RANGE_OFFENSIVE": 0.08818897637795275, "SHOT_TYPE_LONG_MID_RANGE_DEFENSIVE": 0.1267387944358578, "SHOT_TYPE_SHORT_MID_RANGE_OFFENSIVE": 0.2047244094488189, "SHOT_TYPE_SHORT_MID_RANGE_DEFENSIVE": 0.22720247295208656, "TURNOVER": 0.08571428571428572, "VIOLATION_DEFENSIVE_GOALTENDING": 0.0, "VIOLATION_DEFENSIVE_KICK_BALL": 0.0}