{"ASSIST": 0.09693877551020408, "BLOCK": 0.5102040816326531, "FG_ARC_3_ATTEMPT": 0.02252252252252252, "FG_ARC_3_BLOCK": 0.0, "FG_ARC_3_MADE": 1.0, "FG_ARC_3_MADE_FOUL": 0.0, "FG_AT_RIM_ATTEMPT": 0.15841584158415842, "FG_AT_RIM_BLOCK": 0.01485148514851485, "FG_AT_RIM_MADE": 0.59375, "FG_AT_RIM_MADE_FOUL": 0.0, "FG_CORNER_3_ATTEMPT": 0.04878048780487805, "FG_CORNER_3_BLOCK": 0.0, "FG_CORNER_3_MADE": 1.0, "FG_CORNER_3_MADE_FOUL": 0.0, "FG_LONG_MID_RANGE_ATTEMPT": 0.05102040816326531, "FG_LONG_MID_RANGE_BLOCK": 0.0, "FG_LONG_MID_RANGE_MADE": 0.8, "FG_LONG_MID_RANGE_MADE_FOUL": 0.0, "FG_SHORT_MID_RANGE_ATTEMPT": 0.03977272727272727, "FG_SHORT_MID_RANGE_BLOCK": 0.0, "FG_SHORT_MID_RANGE_MADE": 0.0, "FG_SHORT_MID_RANGE_MADE_FOUL": 0.0, "FG_XY": {"ARC_3": {"-190|167": 0.2, "15|272": 0.2, "-100|235": 0.2, "-223|148": 0.2, "223|135": 0.2}, "AT_RIM": {"-2|26": 0.03125, "22|25": 0.03125, "11|8": 0.03125, "13|0": 0.03125, "-7|26": 0.03125, "-6|12": 0.03125, "0|0": 0.40625, "0|20": 0.03125, "22|8": 0.03125, "16|12": 0.03125, "11|7": 0.03125, "-22|22": 0.03125, "18|21": 0.03125, "-1|17": 0.03125, "-12|15": 0.03125, "-4|29": 0.03125, "32|21": 0.03125, "1|6": 0.03125, "-2|20": 0.03125, "-17|10": 0.03125}, "CORNER_3": {"235|13": 0.25, "-235|-21": 0.25, "233|21": 0.25, "230|24": 0.25}, "LONG_MID_RANGE": {"173|82": 0.2, "-143|53": 0.2, "-69|172": 0.2, "-113|106": 0.2, "-2|189": 0.2}, "SHORT_MID_RANGE": {"-39|13": 0.14285714285714285, "-59|30": 0.14285714285714285, "2|68": 0.14285714285714285, "-16|38": 0.14285714285714285, "16|66": 0.14285714285714285, "62|12": 0.14285714285714285, "-23|45": 0.14285714285714285}}, "FOUL_AWAY_FROM_PLAY": 0.0, "FOULED_AWAY_FROM_PLAY": 0.0, "FOUL_CLEAR_PATH": 0.0, "FOULED_CLEAR_PATH": 0.0, "FOUL_COUNT_AS_PERSONAL": 0.1388888888888889, "FOULED_COUNT_AS_PERSONAL": 0.10493827160493827, "FOUL_COUNT_TOWARD_PENALTY": 0.14173228346456693, "FOULED_COUNT_TOWARD_PENALTY": 0.11805555555555555, "FOUL_DEFENSIVE_NON_SHOOTING": 0.1, "FOULED_DEFENSIVE_NON_SHOOTING": 0.07692307692307693, "FOUL_DOUBLE": 0.0, "FOUL_TECHNICAL_DOUBLE": 0.0, "FOUL_FLAGRANT": 0.0, "FOULED_FLAGRANT": 0.0, "FOUL_FLAGRANT_1": 0.0, "FOULED_FLAGRANT_1": 0.0, "FOUL_FLAGRANT_2": 0.0, "FOULED_FLAGRANT_2": 0.0, "FOUL_INBOUND": 0.0, "FOULED_INBOUND": 0.0, "FOUL_LOOSE_BALL": 0.0, "FOULED_LOOSE_BALL": 0.125, "FOUL_OFFENSIVE_CHARGE": 0.0, "FOULED_OFFENSIVE_CHARGE": 0.0, "FOUL_OFFENSIVE_OTHER": 0.0, "FOULED_OFFENSIVE_OTHER": 0.0, "FOUL_OFFENSIVE_TOTAL": 0.11764705882352941, "FOULED_OFFENSIVE_TOTAL": 0.0, "FOUL_PERSONAL": 0.06, "FOULED_PERSONAL": 0.0847457627118644, "FOUL_PERSONAL_BLOCK": 0.0, "FOULED_PERSONAL_BLOCK": 0.0, "FOUL_PERSONAL_TAKE": 0.2, "FOULED_PERSONAL_TAKE": 0.0, "FOUL_SHOOTING": 0.1791044776119403, "FOULED_SHOOTING": 0.16923076923076924, "FOUL_SHOOTING_BLOCK": 0.0, "FOULED_SHOOTING_BLOCK": 0.0, "FOUL_TECHNICAL": 0.0, "FT": 0.6086956521739131, "REBOUND_DEFENSIVE": 0.18372093023255814, "REBOUND_OFFENSIVE": 0.13053613053613053, "STEAL": 0.18840579710144928, "SHOT_TYPE_ARC_3_OFFENSIVE": 0.2846153846153846, "SHOT_TYPE_ARC_3_DEFENSIVE": 0.3527027027027027, "SHOT_TYPE_AT_RIM_OFFENSIVE": 0.258974358974359, "SHOT_TYPE_AT_RIM_DEFENSIVE": 0.23783783783783785, "SHOT_TYPE_CORNER_3_OFFENSIVE": 0.10512820512820513, "SHOT_TYPE_CORNER_3_DEFENSIVE": 0.10405405405405406, "SHOT_TYPE_LONG_MID_RANGE_OFFENSIVE": 0.12564102564102564, "SHOT_TYPE_LONG_MID_RANGE_DEFENSIVE": 0.0945945945945946, "SHOT_TYPE_SHORT_MID_RANGE_OFFENSIVE": 0.22564102564102564, "SHOT_TYPE_SHORT_MID_RANGE_DEFENSIVE": 0.21081081081081082, "TURNOVER": 0.13008130081300814, "VIOLATION_DEFENSIVE_GOALTENDING": 0.5, "VIOLATION_DEFENSIVE_KICK_BALL": 0.3333333333333333}