{"ASSIST": 0.26900584795321636, "BLOCK": 0.11538461538461539, "FG_ARC_3_ATTEMPT": 0.22564102564102564, "FG_ARC_3_BLOCK": 0.0, "FG_ARC_3_MADE": 0.38636363636363635, "FG_ARC_3_MADE_FOUL": 0.0, "FG_AT_RIM_ATTEMPT": 0.21666666666666667, "FG_AT_RIM_BLOCK": 0.011111111111111112, "FG_AT_RIM_MADE": 0.717948717948718, "FG_AT_RIM_MADE_FOUL": 0.022222222222222223, "FG_CORNER_3_ATTEMPT": 0.14666666666666667, "FG_CORNER_3_BLOCK": 0.013333333333333334, "FG_CORNER_3_MADE": 0.5454545454545454, "FG_CORNER_3_MADE_FOUL": 0.0, "FG_LONG_MID_RANGE_ATTEMPT": 0.2923076923076923, "FG_LONG_MID_RANGE_BLOCK": 0.015384615384615385, "FG_LONG_MID_RANGE_MADE": 0.3684210526315789, "FG_LONG_MID_RANGE_MADE_FOUL": 0.0, "FG_SHORT_MID_RANGE_ATTEMPT": 0.2903225806451613, "FG_SHORT_MID_RANGE_BLOCK": 0.021505376344086023, "FG_SHORT_MID_RANGE_MADE": 0.48148148148148145, "FG_SHORT_MID_RANGE_MADE_FOUL": 0.021505376344086023, "FG_XY": {"ARC_3": {"-205|175": 0.022727272727272728, "-96|258": 0.022727272727272728, "-108|277": 0.022727272727272728, "-147|242": 0.022727272727272728, "-150|211": 0.022727272727272728, "-93|251": 0.022727272727272728, "120|219": 0.022727272727272728, "-102|242": 0.022727272727272728, "-98|257": 0.022727272727272728, "-207|157": 0.022727272727272728, "85|261": 0.022727272727272728, "69|261": 0.022727272727272728, "-153|231": 0.022727272727272728, "151|216": 0.022727272727272728, "-116|229": 0.022727272727272728, "67|261": 0.022727272727272728, "-176|197": 0.022727272727272728, "93|247": 0.022727272727272728, "-227|92": 0.022727272727272728, "156|209": 0.022727272727272728, "165|207": 0.022727272727272728, "70|252": 0.022727272727272728, "-176|209": 0.022727272727272728, "1|272": 0.022727272727272728, "-203|164": 0.022727272727272728, "-240|114": 0.022727272727272728, "-127|241": 0.022727272727272728, "142|215": 0.022727272727272728, "-165|206": 0.022727272727272728, "167|201": 0.022727272727272728, "85|231": 0.022727272727272728, "-194|148": 0.022727272727272728, "-102|236": 0.022727272727272728, "119|238": 0.022727272727272728, "161|195": 0.022727272727272728, "-7|512": 0.022727272727272728, "200|141": 0.022727272727272728, "-142|219": 0.022727272727272728, "218|120": 0.022727272727272728, "-223|106": 0.022727272727272728, "-100|236": 0.022727272727272728, "115|260": 0.022727272727272728, "-138|361": 0.022727272727272728, "-174|206": 0.022727272727272728}, "AT_RIM": {"13|-1": 0.02564102564102564, "-12|15": 0.02564102564102564, "-6|20": 0.02564102564102564, "1|-1": 0.02564102564102564, "-7|4": 0.02564102564102564, "-11|-2": 0.02564102564102564, "-11|6": 0.02564102564102564, "-31|22": 0.02564102564102564, "-6|25": 0.02564102564102564, "13|31": 0.02564102564102564, "-27|6": 0.05128205128205128, "31|22": 0.02564102564102564, "2|5": 0.02564102564102564, "7|4": 0.02564102564102564, "0|4": 0.02564102564102564, "5|3": 0.02564102564102564, "-13|-1": 0.02564102564102564, "13|25": 0.02564102564102564, "-9|6": 0.02564102564102564, "-31|11": 0.02564102564102564, "-4|-1": 0.02564102564102564, "-21|4": 0.02564102564102564, "-23|2": 0.02564102564102564, "-31|6": 0.02564102564102564, "-27|7": 0.02564102564102564, "-20|12": 0.02564102564102564, "-13|-3": 0.02564102564102564, "-18|-1": 0.02564102564102564, "0|0": 0.02564102564102564, "11|13": 0.02564102564102564, "-25|12": 0.02564102564102564, "-36|8": 0.02564102564102564, "-29|5": 0.02564102564102564, "5|33": 0.02564102564102564, "-28|16": 0.02564102564102564, "0|9": 0.02564102564102564, "5|1": 0.02564102564102564, "-33|20": 0.02564102564102564}, "CORNER_3": {"-239|51": 0.09090909090909091, "237|17": 0.09090909090909091, "219|-15": 0.09090909090909091, "224|31": 0.09090909090909091, "223|58": 0.09090909090909091, "-238|27": 0.09090909090909091, "233|40": 0.09090909090909091, "233|20": 0.09090909090909091, "225|57": 0.09090909090909091, "-230|67": 0.09090909090909091, "-227|16": 0.09090909090909091}, "LONG_MID_RANGE": {"-7|149": 0.05263157894736842, "145|-21": 0.05263157894736842, "-138|106": 0.05263157894736842, "36|151": 0.05263157894736842, "64|126": 0.05263157894736842, "-39|158": 0.05263157894736842, "65|197": 0.05263157894736842, "-85|153": 0.05263157894736842, "39|178": 0.05263157894736842, "170|71": 0.05263157894736842, "104|142": 0.05263157894736842, "27|153": 0.05263157894736842, "91|159": 0.05263157894736842, "16|157": 0.05263157894736842, "-151|42": 0.05263157894736842, "-16|147": 0.05263157894736842, "92|121": 0.05263157894736842, "141|77": 0.05263157894736842, "-1|145": 0.05263157894736842}, "SHORT_MID_RANGE": {"-67|73": 0.018518518518518517, "-74|14": 0.018518518518518517, "-24|48": 0.018518518518518517, "48|10": 0.018518518518518517, "21|53": 0.018518518518518517, "89|96": 0.018518518518518517, "-37|95": 0.018518518518518517, "16|49": 0.018518518518518517, "-15|109": 0.018518518518518517, "-55|44": 0.018518518518518517, "-64|26": 0.018518518518518517, "-116|31": 0.018518518518518517, "-27|79": 0.018518518518518517, "96|74": 0.018518518518518517, "-45|42": 0.018518518518518517, "-6|104": 0.018518518518518517, "-32|47": 0.018518518518518517, "-39|57": 0.018518518518518517, "76|48": 0.018518518518518517, "107|-7": 0.018518518518518517, "-82|9": 0.018518518518518517, "-2|61": 0.018518518518518517, "-43|74": 0.018518518518518517, "-2|62": 0.018518518518518517, "-32|69": 0.018518518518518517, "-81|87": 0.018518518518518517, "22|66": 0.018518518518518517, "-6|62": 0.018518518518518517, "-94|17": 0.018518518518518517, "-102|89": 0.018518518518518517, "47|72": 0.018518518518518517, "11|80": 0.018518518518518517, "-58|22": 0.018518518518518517, "-69|112": 0.018518518518518517, "40|27": 0.018518518518518517, "-56|28": 0.018518518518518517, "-28|32": 0.018518518518518517, "7|85": 0.018518518518518517, "-50|36": 0.018518518518518517, "-27|60": 0.018518518518518517, "-47|7": 0.018518518518518517, "6|111": 0.018518518518518517, "39|99": 0.018518518518518517, "-9|137": 0.018518518518518517, "-65|31": 0.018518518518518517, "-5|99": 0.018518518518518517, "-64|73": 0.018518518518518517, "1|126": 0.018518518518518517, "13|60": 0.018518518518518517, "-42|78": 0.018518518518518517, "59|64": 0.018518518518518517, "-38|16": 0.018518518518518517, "54|67": 0.018518518518518517, "-58|49": 0.018518518518518517}}, "FOUL_AWAY_FROM_PLAY": 0.0, "FOULED_AWAY_FROM_PLAY": 0.0, "FOUL_CLEAR_PATH": 0.0, "FOULED_CLEAR_PATH": 0.0, "FOUL_COUNT_AS_PERSONAL": 0.18181818181818182, "FOULED_COUNT_AS_PERSONAL": 0.2158273381294964, "FOUL_COUNT_TOWARD_PENALTY": 0.18791946308724833, "FOULED_COUNT_TOWARD_PENALTY": 0.2248062015503876, "FOUL_DEFENSIVE_NON_SHOOTING": 0.1794871794871795, "FOULED_DEFENSIVE_NON_SHOOTING": 0.21212121212121213, "FOUL_DOUBLE": 0.0, "FOUL_TECHNICAL_DOUBLE": 0.0, "FOUL_FLAGRANT": 0.0, "FOULED_FLAGRANT": 0.0, "FOUL_FLAGRANT_1": 0.0, "FOULED_FLAGRANT_1": 0.0, "FOUL_FLAGRANT_2": 0.0, "FOULED_FLAGRANT_2": 0.0, "FOUL_INBOUND": 0.0, "FOULED_INBOUND": 0.0, "FOUL_LOOSE_BALL": 0.0, "FOULED_LOOSE_BALL": 0.0, "FOUL_OFFENSIVE_CHARGE": 0.25, "FOULED_OFFENSIVE_CHARGE": 0.3333333333333333, "FOUL_OFFENSIVE_OTHER": 0.0, "FOULED_OFFENSIVE_OTHER": 0.0, "FOUL_OFFENSIVE_TOTAL": 0.125, "FOULED_OFFENSIVE_TOTAL": 0.1, "FOUL_PERSONAL": 0.2033898305084746, "FOULED_PERSONAL": 0.2727272727272727, "FOUL_PERSONAL_BLOCK": 0.0, "FOULED_PERSONAL_BLOCK": 0.0, "FOUL_PERSONAL_TAKE": 0.125, "FOULED_PERSONAL_TAKE": 0.25, "FOUL_SHOOTING": 0.19718309859154928, "FOULED_SHOOTING": 0.23809523809523808, "FOUL_SHOOTING_BLOCK": 0.0, "FOULED_SHOOTING_BLOCK": 0.0, "FOUL_TECHNICAL": 0.0, "FT": 0.9, "REBOUND_DEFENSIVE": 0.0948905109489051, "REBOUND_OFFENSIVE": 0.024630541871921183, "STEAL": 0.13333333333333333, "SHOT_TYPE_ARC_3_OFFENSIVE": 0.2781740370898716, "SHOT_TYPE_ARC_3_DEFENSIVE": 0.32016925246826516, "SHOT_TYPE_AT_RIM_OFFENSIVE": 0.25677603423680456, "SHOT_TYPE_AT_RIM_DEFENSIVE": 0.2778561354019746, "SHOT_TYPE_CORNER_3_OFFENSIVE": 0.10699001426533523, "SHOT_TYPE_CORNER_3_DEFENSIVE": 0.08744710860366714, "SHOT_TYPE_LONG_MID_RANGE_OFFENSIVE": 0.09272467902995721,