{"ASSIST": 0.18604651162790697, "BLOCK": 0.15384615384615385, "FG_ARC_3_ATTEMPT": 0.13392857142857142, "FG_ARC_3_BLOCK": 0.0, "FG_ARC_3_MADE": 0.4, "FG_ARC_3_MADE_FOUL": 0.0, "FG_AT_RIM_ATTEMPT": 0.12162162162162163, "FG_AT_RIM_BLOCK": 0.02702702702702703, "FG_AT_RIM_MADE": 0.4444444444444444, "FG_AT_RIM_MADE_FOUL": 0.0, "FG_CORNER_3_ATTEMPT": 0.25, "FG_CORNER_3_BLOCK": 0.03125, "FG_CORNER_3_MADE": 0.375, "FG_CORNER_3_MADE_FOUL": 0.0, "FG_LONG_MID_RANGE_ATTEMPT": 0.08333333333333333, "FG_LONG_MID_RANGE_BLOCK": 0.0, "FG_LONG_MID_RANGE_MADE": 1.0, "FG_LONG_MID_RANGE_MADE_FOUL": 0.0, "FG_SHORT_MID_RANGE_ATTEMPT": 0.07317073170731707, "FG_SHORT_MID_RANGE_BLOCK": 0.0, "FG_SHORT_MID_RANGE_MADE": 1.0, "FG_SHORT_MID_RANGE_MADE_FOUL": 0.0, "FG_XY": {"ARC_3": {"-82|259": 0.06666666666666667, "-99|248": 0.06666666666666667, "150|213": 0.06666666666666667, "212|151": 0.06666666666666667, "-235|94": 0.06666666666666667, "-169|196": 0.06666666666666667, "110|220": 0.06666666666666667, "208|158": 0.06666666666666667, "195|164": 0.06666666666666667, "-60|268": 0.06666666666666667, "165|195": 0.06666666666666667, "-223|142": 0.06666666666666667, "-161|212": 0.06666666666666667, "-224|132": 0.06666666666666667, "13|268": 0.06666666666666667}, "AT_RIM": {"27|21": 0.1111111111111111, "0|0": 0.1111111111111111, "-2|37": 0.1111111111111111, "4|5": 0.1111111111111111, "-11|-13": 0.1111111111111111, "6|4": 0.1111111111111111, "12|21": 0.1111111111111111, "0|13": 0.1111111111111111, "-1|21": 0.1111111111111111}, "CORNER_3": {"224|-8": 0.125, "-237|71": 0.125, "240|1": 0.125, "228|17": 0.125, "229|15": 0.125, "-221|-3": 0.125, "-235|42": 0.125, "-228|17": 0.125}, "LONG_MID_RANGE": {"56|176": 0.5, "-47|146": 0.5}, "SHORT_MID_RANGE": {"-66|46": 0.3333333333333333, "107|0": 0.3333333333333333, "-94|97": 0.3333333333333333}}, "FOUL_AWAY_FROM_PLAY": 0.0, "FOULED_AWAY_FROM_PLAY": 0.0, "FOUL_CLEAR_PATH": 0.0, "FOULED_CLEAR_PATH": 0.0, "FOUL_COUNT_AS_PERSONAL": 0.2698412698412698, "FOULED_COUNT_AS_PERSONAL": 0.05084745762711865, "FOUL_COUNT_TOWARD_PENALTY": 0.2833333333333333, "FOULED_COUNT_TOWARD_PENALTY": 0.057692307692307696, "FOUL_DEFENSIVE_NON_SHOOTING": 0.1935483870967742, "FOULED_DEFENSIVE_NON_SHOOTING": 0.03333333333333333, "FOUL_DOUBLE": 0.0, "FOUL_TECHNICAL_DOUBLE": 0.0, "FOUL_FLAGRANT": 0.0, "FOULED_FLAGRANT": 0.0, "FOUL_FLAGRANT_1": 0.0, "FOULED_FLAGRANT_1": 0.0, "FOUL_FLAGRANT_2": 0.0, "FOULED_FLAGRANT_2": 0.0, "FOUL_INBOUND": 0.0, "FOULED_INBOUND": 0.0, "FOUL_LOOSE_BALL": 0.0, "FOULED_LOOSE_BALL": 0.0, "FOUL_OFFENSIVE_CHARGE": 0.0, "FOULED_OFFENSIVE_CHARGE": 0.0, "FOUL_OFFENSIVE_OTHER": 0.0, "FOULED_OFFENSIVE_OTHER": 0.0, "FOUL_OFFENSIVE_TOTAL": 0.0, "FOULED_OFFENSIVE_TOTAL": 0.0, "FOUL_PERSONAL": 0.2727272727272727, "FOULED_PERSONAL": 0.037037037037037035, "FOUL_PERSONAL_BLOCK": 0.0, "FOULED_PERSONAL_BLOCK": 0.0, "FOUL_PERSONAL_TAKE": 0.0, "FOULED_PERSONAL_TAKE": 0.0, "FOUL_SHOOTING": 0.3793103448275862, "FOULED_SHOOTING": 0.09090909090909091, "FOUL_SHOOTING_BLOCK": 0.0, "FOULED_SHOOTING_BLOCK": 0.0, "FOUL_TECHNICAL": 0.0, "FT": 0.75, "REBOUND_DEFENSIVE": 0.13291139240506328, "REBOUND_OFFENSIVE": 0.043209876543209874, "STEAL": 0.13043478260869565, "SHOT_TYPE_ARC_3_OFFENSIVE": 0.3957597173144876, "SHOT_TYPE_ARC_3_DEFENSIVE": 0.29411764705882354, "SHOT_TYPE_AT_RIM_OFFENSIVE": 0.26148409893992935, "SHOT_TYPE_AT_RIM_DEFENSIVE": 0.3044982698961938, "SHOT_TYPE_CORNER_3_OFFENSIVE": 0.11307420494699646, "SHOT_TYPE_CORNER_3_DEFENSIVE": 0.04498269896193772, "SHOT_TYPE_LONG_MID_RANGE_OFFENSIVE": 0.08480565371024736, "SHOT_TYPE_LONG_MID_RANGE_DEFENSIVE": 0.10380622837370242, "SHOT_TYPE_SHORT_MID_RANGE_OFFENSIVE": 0.14487632508833923, "SHOT_TYPE_SHORT_MID_RANGE_DEFENSIVE": 0.25259515570934254, "TURNOVER": 0.13114754098360656, "VIOLATION_DEFENSIVE_GOALTENDING": 0.0, "VIOLATION_DEFENSIVE_KICK_BALL": 0.0}