{"ASSIST": 0.1282051282051282, "BLOCK": 0.0, "FG_ARC_3_ATTEMPT": 0.16666666666666666, "FG_ARC_3_BLOCK": 0.0, "FG_ARC_3_MADE": 0.3, "FG_ARC_3_MADE_FOUL": 0.0, "FG_AT_RIM_ATTEMPT": 0.14893617021276595, "FG_AT_RIM_BLOCK": 0.02127659574468085, "FG_AT_RIM_MADE": 0.5714285714285714, "FG_AT_RIM_MADE_FOUL": 0.0, "FG_CORNER_3_ATTEMPT": 0.4, "FG_CORNER_3_BLOCK": 0.0, "FG_CORNER_3_MADE": 0.25, "FG_CORNER_3_MADE_FOUL": 0.0, "FG_LONG_MID_RANGE_ATTEMPT": 0.0, "FG_LONG_MID_RANGE_BLOCK": 0.0, "FG_LONG_MID_RANGE_MADE": 0.0, "FG_LONG_MID_RANGE_MADE_FOUL": 0.0, "FG_SHORT_MID_RANGE_ATTEMPT": 0.14285714285714285, "FG_SHORT_MID_RANGE_BLOCK": 0.03571428571428571, "FG_SHORT_MID_RANGE_MADE": 0.0, "FG_SHORT_MID_RANGE_MADE_FOUL": 0.0, "FG_XY": {"ARC_3": {"-92|243": 0.1, "16|264": 0.1, "-233|111": 0.1, "120|255": 0.1, "-148|212": 0.1, "70|269": 0.1, "-123|253": 0.1, "207|162": 0.1, "154|212": 0.1, "196|156": 0.1}, "AT_RIM": {"-22|-4": 0.14285714285714285, "1|26": 0.14285714285714285, "-11|25": 0.14285714285714285, "17|4": 0.14285714285714285, "-22|28": 0.14285714285714285, "-20|17": 0.14285714285714285, "-4|18": 0.14285714285714285}, "CORNER_3": {"-239|21": 0.125, "-227|-5": 0.125, "227|48": 0.125, "-223|56": 0.125, "225|-1": 0.125, "-225|-4": 0.125, "225|-14": 0.125, "-237|-1": 0.125}, "LONG_MID_RANGE": {}, "SHORT_MID_RANGE": {"53|6": 0.25, "28|34": 0.25, "120|1": 0.25, "47|106": 0.25}}, "FOUL_AWAY_FROM_PLAY": 0.0, "FOULED_AWAY_FROM_PLAY": 0.0, "FOUL_CLEAR_PATH": 0.0, "FOULED_CLEAR_PATH": 0.0, "FOUL_COUNT_AS_PERSONAL": 0.24390243902439024, "FOULED_COUNT_AS_PERSONAL": 0.10256410256410256, "FOUL_COUNT_TOWARD_PENALTY": 0.2631578947368421, "FOULED_COUNT_TOWARD_PENALTY": 0.0967741935483871, "FOUL_DEFENSIVE_NON_SHOOTING": 0.08, "FOULED_DEFENSIVE_NON_SHOOTING": 0.15, "FOUL_DOUBLE": 0.0, "FOUL_TECHNICAL_DOUBLE": 0.0, "FOUL_FLAGRANT": 0.0, "FOULED_FLAGRANT": 0.0, "FOUL_FLAGRANT_1": 0.0, "FOULED_FLAGRANT_1": 0.0, "FOUL_FLAGRANT_2": 0.0, "FOULED_FLAGRANT_2": 0.0, "FOUL_INBOUND": 0.0, "FOULED_INBOUND": 0.0, "FOUL_LOOSE_BALL": 0.0, "FOULED_LOOSE_BALL": 0.0, "FOUL_OFFENSIVE_CHARGE": 0.0, "FOULED_OFFENSIVE_CHARGE": 0.0, "FOUL_OFFENSIVE_OTHER": 0.0, "FOULED_OFFENSIVE_OTHER": 0.0, "FOUL_OFFENSIVE_TOTAL": 0.0, "FOULED_OFFENSIVE_TOTAL": 0.125, "FOUL_PERSONAL": 0.07142857142857142, "FOULED_PERSONAL": 0.125, "FOUL_PERSONAL_BLOCK": 0.0, "FOULED_PERSONAL_BLOCK": 0.0, "FOUL_PERSONAL_TAKE": 0.16666666666666666, "FOULED_PERSONAL_TAKE": 1.0, "FOUL_SHOOTING": 0.6153846153846154, "FOULED_SHOOTING": 0.0, "FOUL_SHOOTING_BLOCK": 0.0, "FOULED_SHOOTING_BLOCK": 0.0, "FOUL_TECHNICAL": 0.0, "FT": 0.5, "REBOUND_DEFENSIVE": 0.1348314606741573, "REBOUND_OFFENSIVE": 0.05319148936170213, "STEAL": 0.2222222222222222, "SHOT_TYPE_ARC_3_OFFENSIVE": 0.37267080745341613, "SHOT_TYPE_ARC_3_DEFENSIVE": 0.3248407643312102, "SHOT_TYPE_AT_RIM_OFFENSIVE": 0.2919254658385093, "SHOT_TYPE_AT_RIM_DEFENSIVE": 0.29936305732484075, "SHOT_TYPE_CORNER_3_OFFENSIVE": 0.12422360248447205, "SHOT_TYPE_CORNER_3_DEFENSIVE": 0.05732484076433121, "SHOT_TYPE_LONG_MID_RANGE_OFFENSIVE": 0.037267080745341616, "SHOT_TYPE_LONG_MID_RANGE_DEFENSIVE": 0.12738853503184713, "SHOT_TYPE_SHORT_MID_RANGE_OFFENSIVE": 0.17391304347826086, "SHOT_TYPE_SHORT_MID_RANGE_DEFENSIVE": 0.1910828025477707, "TURNOVER": 0.11538461538461539, "VIOLATION_DEFENSIVE_GOALTENDING": 0.0, "VIOLATION_DEFENSIVE_KICK_BALL": 0.0}