{"ASSIST": 0.12162162162162163, "BLOCK": 0.047619047619047616, "FG_ARC_3_ATTEMPT": 0.32653061224489793, "FG_ARC_3_BLOCK": 0.01020408163265306, "FG_ARC_3_MADE": 0.0625, "FG_ARC_3_MADE_FOUL": 0.0, "FG_AT_RIM_ATTEMPT": 0.15853658536585366, "FG_AT_RIM_BLOCK": 0.024390243902439025, "FG_AT_RIM_MADE": 0.6153846153846154, "FG_AT_RIM_MADE_FOUL": 0.012195121951219513, "FG_CORNER_3_ATTEMPT": 0.3448275862068966, "FG_CORNER_3_BLOCK": 0.0, "FG_CORNER_3_MADE": 0.2, "FG_CORNER_3_MADE_FOUL": 0.0, "FG_LONG_MID_RANGE_ATTEMPT": 0.11428571428571428, "FG_LONG_MID_RANGE_BLOCK": 0.0, "FG_LONG_MID_RANGE_MADE": 0.0, "FG_LONG_MID_RANGE_MADE_FOUL": 0.0, "FG_SHORT_MID_RANGE_ATTEMPT": 0.18181818181818182, "FG_SHORT_MID_RANGE_BLOCK": 0.012987012987012988, "FG_SHORT_MID_RANGE_MADE": 0.5, "FG_SHORT_MID_RANGE_MADE_FOUL": 0.012987012987012988, "FG_XY": {"ARC_3": {"134|218": 0.03125, "12|257": 0.03125, "158|197": 0.03125, "-200|195": 0.03125, "103|241": 0.03125, "-186|191": 0.03125, "-70|254": 0.03125, "-169|184": 0.03125, "-195|161": 0.03125, "-75|242": 0.03125, "-88|232": 0.03125, "203|153": 0.03125, "-153|226": 0.03125, "-176|183": 0.03125, "74|245": 0.03125, "141|223": 0.03125, "-140|225": 0.0625, "-49|248": 0.03125, "-119|216": 0.03125, "-192|151": 0.03125, "-31|262": 0.03125, "229|102": 0.03125, "-233|115": 0.03125, "216|125": 0.03125, "76|252": 0.03125, "145|224": 0.03125, "-94|247": 0.03125, "2|271": 0.03125, "-158|200": 0.03125, "152|219": 0.03125, "-102|230": 0.03125}, "AT_RIM": {"-12|9": 0.07692307692307693, "31|10": 0.07692307692307693, "-18|29": 0.07692307692307693, "-10|24": 0.07692307692307693, "-20|1": 0.07692307692307693, "12|6": 0.07692307692307693, "36|4": 0.07692307692307693, "-26|27": 0.07692307692307693, "11|11": 0.07692307692307693, "-4|18": 0.07692307692307693, "0|0": 0.07692307692307693, "25|27": 0.07692307692307693, "-9|4": 0.07692307692307693}, "CORNER_3": {"-234|19": 0.1, "233|7": 0.1, "-235|13": 0.1, "-228|60": 0.1, "-223|32": 0.1, "-225|-16": 0.1, "234|46": 0.1, "232|-13": 0.1, "227|20": 0.1, "229|20": 0.1}, "LONG_MID_RANGE": {"-130|119": 0.25, "93|110": 0.25, "104|126": 0.25, "33|214": 0.25}, "SHORT_MID_RANGE": {"74|11": 0.07142857142857142, "38|57": 0.07142857142857142, "-72|85": 0.07142857142857142, "-49|65": 0.07142857142857142, "-16|102": 0.07142857142857142, "-98|14": 0.07142857142857142, "-21|75": 0.07142857142857142, "-40|38": 0.07142857142857142, "44|111": 0.07142857142857142, "-23|54": 0.07142857142857142, "-6|41": 0.07142857142857142, "-48|4": 0.07142857142857142, "28|38": 0.07142857142857142, "49|126": 0.07142857142857142}}, "FOUL_AWAY_FROM_PLAY": 0.0, "FOULED_AWAY_FROM_PLAY": 0.0, "FOUL_CLEAR_PATH": 0.0, "FOULED_CLEAR_PATH": 0.0, "FOUL_COUNT_AS_PERSONAL": 0.3150684931506849, "FOULED_COUNT_AS_PERSONAL": 0.08620689655172414, "FOUL_COUNT_TOWARD_PENALTY": 0.3382352941176471, "FOULED_COUNT_TOWARD_PENALTY": 0.08771929824561403, "FOUL_DEFENSIVE_NON_SHOOTING": 0.41935483870967744, "FOULED_DEFENSIVE_NON_SHOOTING": 0.08695652173913043, "FOUL_DOUBLE": 0.0, "FOUL_TECHNICAL_DOUBLE": 0.0, "FOUL_FLAGRANT": 0.0, "FOULED_FLAGRANT": 0.0, "FOUL_FLAGRANT_1": 0.0, "FOULED_FLAGRANT_1": 0.0, "FOUL_FLAGRANT_2": 0.0, "FOULED_FLAGRANT_2": 0.0, "FOUL_INBOUND": 0.0, "FOULED_INBOUND": 0.0, "FOUL_LOOSE_BALL": 0.0, "FOULED_LOOSE_BALL": 0.0, "FOUL_OFFENSIVE_CHARGE": 0.0, "FOULED_OFFENSIVE_CHARGE": 0.0, "FOUL_OFFENSIVE_OTHER": 0.0, "FOULED_OFFENSIVE_OTHER": 0.0, "FOUL_OFFENSIVE_TOTAL": 0.0, "FOULED_OFFENSIVE_TOTAL": 0.0, "FOUL_PERSONAL": 0.4444444444444444, "FOULED_PERSONAL": 0.09090909090909091, "FOUL_PERSONAL_BLOCK": 0.0, "FOULED_PERSONAL_BLOCK": 0.0, "FOUL_PERSONAL_TAKE": 0.0, "FOULED_PERSONAL_TAKE": 0.25, "FOUL_SHOOTING": 0.2702702702702703, "FOULED_SHOOTING": 0.09090909090909091, "FOUL_SHOOTING_BLOCK": 0.0, "FOULED_SHOOTING_BLOCK": 0.0, "FOUL_TECHNICAL": 0.0, "FT": 0.6666666666666666, "REBOUND_DEFENSIVE": 0.09473684210526316, "REBOUND_OFFENSIVE": 0.016853932584269662, "STEAL": 0.3333333333333333, "SHOT_TYPE_ARC_3_OFFENSIVE": 0.3052959501557632, "SHOT_TYPE_ARC_3_DEFENSIVE": 0.2808641975308642, "SHOT_TYPE_AT_RIM_OFFENSIVE": 0.2554517133956386, "SHOT_TYPE_AT_RIM_DEFENSIVE": 0.31790123456790126, "SHOT_TYPE_CORNER_3_OFFENSIVE": 0.09034267912772585, "SHOT_TYPE_CORNER_3_DEFENSIVE": 0.04938271604938271, "SHOT_TYPE_LONG_MID_RANGE_OFFENSIVE": 0.10903426791277258, "SHOT_TYPE_LONG_MID_RANGE_DEFENSIVE": 0.10185185185185185, "SHOT_TYPE_SHORT_MID_RANGE_OFFENSIVE": 0.2398753894080997, "SHOT_TYPE_SHORT_MID_RANGE_DEFENSIVE": 0.25, "TURNOVER": 0.14583333333333334, "VIOLATION_DEFENSIVE_GOALTENDING": 0.0, "VIOLATION_DEFENSIVE_KICK_BALL": 0.0}