{"ASSIST": 0.27350427350427353, "BLOCK": 0.0, "FG_ARC_3_ATTEMPT": 0.25833333333333336, "FG_ARC_3_BLOCK": 0.0, "FG_ARC_3_MADE": 0.3548387096774194, "FG_ARC_3_MADE_FOUL": 0.0, "FG_AT_RIM_ATTEMPT": 0.205607476635514, "FG_AT_RIM_BLOCK": 0.0, "FG_AT_RIM_MADE": 0.6818181818181818, "FG_AT_RIM_MADE_FOUL": 0.0, "FG_CORNER_3_ATTEMPT": 0.2982456140350877, "FG_CORNER_3_BLOCK": 0.0, "FG_CORNER_3_MADE": 0.47058823529411764, "FG_CORNER_3_MADE_FOUL": 0.0, "FG_LONG_MID_RANGE_ATTEMPT": 0.18181818181818182, "FG_LONG_MID_RANGE_BLOCK": 0.0, "FG_LONG_MID_RANGE_MADE": 0.375, "FG_LONG_MID_RANGE_MADE_FOUL": 0.0, "FG_SHORT_MID_RANGE_ATTEMPT": 0.10714285714285714, "FG_SHORT_MID_RANGE_BLOCK": 0.011904761904761904, "FG_SHORT_MID_RANGE_MADE": 0.6666666666666666, "FG_SHORT_MID_RANGE_MADE_FOUL": 0.011904761904761904, "FG_XY": {"ARC_3": {"-12|267": 0.03225806451612903, "-201|148": 0.03225806451612903, "-91|256": 0.03225806451612903, "-119|221": 0.03225806451612903, "-146|218": 0.03225806451612903, "138|202": 0.03225806451612903, "33|251": 0.03225806451612903, "146|205": 0.03225806451612903, "-123|227": 0.03225806451612903, "-197|159": 0.03225806451612903, "-126|219": 0.03225806451612903, "-163|186": 0.03225806451612903, "-164|194": 0.03225806451612903, "-65|256": 0.03225806451612903, "-201|153": 0.03225806451612903, "-214|145": 0.03225806451612903, "99|237": 0.03225806451612903, "-33|248": 0.03225806451612903, "-163|212": 0.03225806451612903, "125|253": 0.03225806451612903, "-129|235": 0.03225806451612903, "-174|206": 0.03225806451612903, "85|236": 0.03225806451612903, "64|243": 0.03225806451612903, "-100|237": 0.03225806451612903, "235|93": 0.03225806451612903, "-140|212": 0.03225806451612903, "-143|507": 0.03225806451612903, "119|230": 0.03225806451612903, "-39|243": 0.03225806451612903, "-156|206": 0.03225806451612903}, "AT_RIM": {"20|16": 0.045454545454545456, "-5|1": 0.09090909090909091, "-11|6": 0.09090909090909091, "0|-1": 0.045454545454545456, "23|8": 0.045454545454545456, "6|11": 0.045454545454545456, "-25|26": 0.045454545454545456, "-10|15": 0.045454545454545456, "-18|-7": 0.045454545454545456, "-13|7": 0.045454545454545456, "0|0": 0.045454545454545456, "-23|5": 0.045454545454545456, "-21|10": 0.045454545454545456, "11|14": 0.045454545454545456, "-23|11": 0.045454545454545456, "-6|13": 0.045454545454545456, "2|-5": 0.045454545454545456, "20|15": 0.045454545454545456, "13|-3": 0.045454545454545456, "4|13": 0.045454545454545456}, "CORNER_3": {"237|45": 0.058823529411764705, "230|16": 0.058823529411764705, "233|53": 0.058823529411764705, "-229|37": 0.058823529411764705, "-241|21": 0.058823529411764705, "-228|39": 0.058823529411764705, "-232|64": 0.058823529411764705, "-233|36": 0.058823529411764705, "228|31": 0.058823529411764705, "227|37": 0.058823529411764705, "-243|-13": 0.058823529411764705, "-239|15": 0.058823529411764705, "228|10": 0.058823529411764705, "-232|2": 0.058823529411764705, "221|64": 0.058823529411764705, "234|0": 0.058823529411764705, "-238|58": 0.058823529411764705}, "LONG_MID_RANGE": {"178|105": 0.125, "4|156": 0.125, "-103|125": 0.125, "58|180": 0.125, "-116|135": 0.125, "17|142": 0.125, "-168|-10": 0.125, "-112|128": 0.125}, "SHORT_MID_RANGE": {"-121|27": 0.1111111111111111, "-34|38": 0.1111111111111111, "-70|86": 0.1111111111111111, "37|28": 0.1111111111111111, "21|38": 0.1111111111111111, "-76|66": 0.1111111111111111, "16|69": 0.1111111111111111, "-4|130": 0.1111111111111111, "47|95": 0.1111111111111111}}, "FOUL_AWAY_FROM_PLAY": 0.0, "FOULED_AWAY_FROM_PLAY": 0.0, "FOUL_CLEAR_PATH": 0.0, "FOULED_CLEAR_PATH": 0.0, "FOUL_COUNT_AS_PERSONAL": 0.3106796116504854, "FOULED_COUNT_AS_PERSONAL": 0.21, "FOUL_COUNT_TOWARD_PENALTY": 0.3, "FOULED_COUNT_TOWARD_PENALTY": 0.1875, "FOUL_DEFENSIVE_NON_SHOOTING": 0.32142857142857145, "FOULED_DEFENSIVE_NON_SHOOTING": 0.2972972972972973, "FOUL_DOUBLE": 0.0, "FOUL_TECHNICAL_DOUBLE": 0.0, "FOUL_FLAGRANT": 0.0, "FOULED_FLAGRANT": 0.0, "FOUL_FLAGRANT_1": 0.0, "FOULED_FLAGRANT_1": 0.0, "FOUL_FLAGRANT_2": 0.0, "FOULED_FLAGRANT_2": 0.0, "FOUL_INBOUND": 0.0, "FOULED_INBOUND": 0.0, "FOUL_LOOSE_BALL": 0.0, "FOULED_LOOSE_BALL": 0.6666666666666666, "FOUL_OFFENSIVE_CHARGE": 0.6666666666666666, "FOULED_OFFENSIVE_CHARGE": 0.14285714285714285, "FOUL_OFFENSIVE_OTHER": 0.0, "FOULED_OFFENSIVE_OTHER": 0.0, "FOUL_OFFENSIVE_TOTAL": 0.38461538461538464, "FOULED_OFFENSIVE_TOTAL": 0.3, "FOUL_PERSONAL": 0.3181818181818182, "FOULED_PERSONAL": 0.23333333333333334, "FOUL_PERSONAL_BLOCK": 0.0, "FOULED_PERSONAL_BLOCK": 0.0, "FOUL_PERSONAL_TAKE": 0.3333333333333333, "FOULED_PERSONAL_TAKE": 0.5, "FOUL_SHOOTING": 0.2647058823529412, "FOULED_SHOOTING": 0.09302325581395349, "FOUL_SHOOTING_BLOCK": 0.0, "FOULED_SHOOTING_BLOCK": 0.0, "FOUL_TECHNICAL": 0.0, "FT": 0.8333333333333334, "REBOUND_DEFENSIVE": 0.06299212598425197, "REBOUND_OFFENSIVE": 0.03982300884955752, "STEAL": 0.23684210526315788, "SHOT_TYPE_ARC_3_OFFENSIVE": 0.2912621359223301, "SHOT_TYPE_ARC_3_DEFENSIVE": 0.3660287081339713, "SHOT_TYPE_AT_RIM_OFFENSIVE": 0.25970873786407767, "SHOT_TYPE_AT_RIM_DEFENSIVE": 0.25598086124401914, "SHOT_TYPE_CORNER_3_OFFENSIVE": 0.1383495145631068, "SHOT_TYPE_CORNER_3_DEFENSIVE": 0.14354066985645933, "SHOT_TYPE_LONG_MID_RANGE_OFFENSIVE": 0.10679611650485436, "SHOT_TYPE_LONG_MID_RANGE_DEFENSIVE": 0.06698564593301436, "SHOT_TYPE_SHORT_MID_RANGE_OFFENSIVE": 0.20388349514563106, "SHOT_TYPE_SHORT_MID_RANGE_DEFENSIVE": 0.1674641148325359, "TURNOVER": 0.16666666666666666, "VIOLATION_DEFENSIVE_GOALTENDING": 0.0, "VIOLATION_DEFENSIVE_KICK_BALL": 0.0}