{"ASSIST": 0.0958904109589041, "BLOCK": 0.21428571428571427, "FG_ARC_3_ATTEMPT": 0.34444444444444444, "FG_ARC_3_BLOCK": 0.007407407407407408, "FG_ARC_3_MADE": 0.08602150537634409, "FG_ARC_3_MADE_FOUL": 0.0, "FG_AT_RIM_ATTEMPT": 0.058365758754863814, "FG_AT_RIM_BLOCK": 0.01556420233463035, "FG_AT_RIM_MADE": 0.5333333333333333, "FG_AT_RIM_MADE_FOUL": 0.007782101167315175, "FG_CORNER_3_ATTEMPT": 0.2702702702702703, "FG_CORNER_3_BLOCK": 0.013513513513513514, "FG_CORNER_3_MADE": 0.1, "FG_CORNER_3_MADE_FOUL": 0.0, "FG_LONG_MID_RANGE_ATTEMPT": 0.02564102564102564, "FG_LONG_MID_RANGE_BLOCK": 0.0, "FG_LONG_MID_RANGE_MADE": 0.6666666666666666, "FG_LONG_MID_RANGE_MADE_FOUL": 0.0, "FG_SHORT_MID_RANGE_ATTEMPT": 0.06722689075630252, "FG_SHORT_MID_RANGE_BLOCK": 0.004201680672268907, "FG_SHORT_MID_RANGE_MADE": 0.6875, "FG_SHORT_MID_RANGE_MADE_FOUL": 0.0, "FG_XY": {"ARC_3": {"76|238": 0.010752688172043012, "-124|245": 0.010752688172043012, "188|199": 0.010752688172043012, "-2|255": 0.010752688172043012, "159|216": 0.010752688172043012, "234|89": 0.010752688172043012, "183|171": 0.010752688172043012, "-130|236": 0.010752688172043012, "-71|256": 0.010752688172043012, "-113|249": 0.010752688172043012, "-61|269": 0.010752688172043012, "-217|143": 0.010752688172043012, "129|213": 0.010752688172043012, "125|222": 0.010752688172043012, "-161|195": 0.010752688172043012, "180|193": 0.010752688172043012, "-213|145": 0.010752688172043012, "189|167": 0.010752688172043012, "210|139": 0.010752688172043012, "-12|269": 0.010752688172043012, "-180|200": 0.010752688172043012, "-45|263": 0.010752688172043012, "-131|279": 0.010752688172043012, "-224|92": 0.010752688172043012, "134|226": 0.010752688172043012, "2|253": 0.010752688172043012, "125|241": 0.010752688172043012, "-183|179": 0.010752688172043012, "-195|210": 0.010752688172043012, "238|89": 0.010752688172043012, "-238|126": 0.010752688172043012, "-75|281": 0.010752688172043012, "222|127": 0.010752688172043012, "115|234": 0.010752688172043012, "-135|216": 0.010752688172043012, "-114|242": 0.010752688172043012, "-107|237": 0.010752688172043012, "-49|248": 0.010752688172043012, "-125|237": 0.010752688172043012, "-115|274": 0.010752688172043012, "147|210": 0.010752688172043012, "-186|174": 0.010752688172043012, "-184|201": 0.010752688172043012, "116|247": 0.010752688172043012, "102|237": 0.010752688172043012, "108|250": 0.010752688172043012, "-45|260": 0.010752688172043012, "96|241": 0.010752688172043012, "-116|234": 0.010752688172043012, "-158|229": 0.010752688172043012, "188|153": 0.010752688172043012, "-4|271": 0.010752688172043012, "58|247": 0.010752688172043012, "227|92": 0.010752688172043012, "134|236": 0.010752688172043012, "216|199": 0.010752688172043012, "-7|281": 0.010752688172043012, "169|256": 0.010752688172043012, "-159|201": 0.010752688172043012, "94|243": 0.010752688172043012, "-184|194": 0.010752688172043012, "201|162": 0.010752688172043012, "216|129": 0.010752688172043012, "222|143": 0.010752688172043012, "-92|245": 0.010752688172043012, "-13|277": 0.010752688172043012, "180|187": 0.010752688172043012, "-183|182": 0.010752688172043012, "162|210": 0.010752688172043012, "-93|238": 0.010752688172043012, "123|236": 0.010752688172043012, "-70|261": 0.010752688172043012, "99|247": 0.010752688172043012, "-186|175": 0.010752688172043012, "-219|113": 0.010752688172043012, "207|168": 0.010752688172043012, "-4|278": 0.010752688172043012, "-18|256": 0.010752688172043012, "-81|239": 0.010752688172043012, "-217|134": 0.010752688172043012, "-157|189": 0.010752688172043012, "16|251": 0.010752688172043012, "170|185": 0.010752688172043012, "189|177": 0.010752688172043012, "-123|215": 0.010752688172043012, "212|127": 0.010752688172043012, "-118|237": 0.010752688172043012, "131|227": 0.010752688172043012, "225|113": 0.010752688172043012, "-92|254": 0.010752688172043012, "6|262": 0.010752688172043012, "78|236": 0.010752688172043012, "186|168": 0.010752688172043012}, "AT_RIM": {"-21|16": 0.06666666666666667, "29|8": 0.06666666666666667, "-21|15": 0.06666666666666667, "-1|13": 0.06666666666666667, "-1|22": 0.06666666666666667, "-9|36": 0.06666666666666667, "-10|26": 0.06666666666666667, "-27|11": 0.06666666666666667, "-4|28": 0.06666666666666667, "0|6": 0.06666666666666667, "-11|10": 0.06666666666666667, "-15|1": 0.06666666666666667, "-17|7": 0.06666666666666667, "-11|20": 0.13333333333333333}, "CORNER_3": {"-238|60": 0.025, "-223|75": 0.025, "230|14": 0.025, "-234|44": 0.025, "-237|0": 0.025, "234|4": 0.05, "-225|59": 0.025, "227|-8": 0.025, "-228|31": 0.025, "-237|-10": 0.025, "-238|25": 0.025, "232|69": 0.025, "228|53": 0.025, "224|13": 0.025, "-232|69": 0.025, "-230|5": 0.025, "-227|32": 0.025, "-222|5": 0.025, "230|4": 0.025, "-232|-13": 0.025, "228|6": 0.025, "-235|-5": 0.025, "232|-1": 0.025, "-230|-20": 0.025, "233|2": 0.025, "-227|5": 0.025, "-228|-16": 0.025, "224|79": 0.025, "235|13": 0.025, "239|59": 0.025, "232|60": 0.025, "-232|30": 0.025, "232|71": 0.025, "-233|58": 0.025, "224|37": 0.025, "-232|27": 0.025, "-224|24": 0.025, "-224|-15": 0.025, "237|4": 0.025}, "LONG_MID_RANGE": {"-45|175": 0.3333333333333333, "125|182": 0.3333333333333333, "86|154": 0.3333333333333333}, "SHORT_MID_RANGE": {"49|6": 0.0625, "34|37": 0.0625, "44|28": 0.0625, "127|8": 0.0625, "94|4": 0.0625, "-50|43": 0.0625, "-108|6": 0.0625, "-1|58": 0.0625, "-4|87": 0.0625, "23|43": 0.0625, "48|23": 0.0625, "-27|39": 0.0625, "36|34": 0.0625, "71|-3": 0.0625, "-61|5": 0.0625, "-51|26": 0.0625}}, "FOUL_AWAY_FROM_PLAY": 0.0, "FOULED_AWAY_FROM_PLAY": 0.0, "FOUL_CLEAR_PATH": 0.0, "FOULED_CLEAR_PATH": 0.0, "FOUL_COUNT_AS_PERSONAL": 0.25806451612903225, "FOULED_COUNT_AS_PERSONAL": 0.059322033898305086, "FOUL_COUNT_TOWARD_PENALTY": 0.2897196261682243, "FOULED_COUNT_TOWARD_PENALTY": 0.04854368932038835, "FOUL_DEFENSIVE_NON_SHOOTING": 0.34513274336283184, "FOULED_DEFENSIVE_NON_SHOOTING": 0.07777777777777778, "FOUL_DOUBLE": 0.0, "FOUL_TECHNICAL_DOUBLE": 0.0, "FOUL_FLAGRANT": 0.0, "FOULED_FLAGRANT": 0.0, "FOUL_FLAGRANT_1": 0.0, "FOULED_FLAGRANT_1": 0.0, "FOUL_FLAGRANT_2": 0.0, "FOULED_FLAGRANT_2": 0.0, "FOUL_INBOUND": 0.0, "FOULED_INBOUND": 0.0, "FOUL_LOOSE_BALL": 0.0, "FOULED_LOOSE_BALL": 0.0, "FOUL_OFFENSIVE_CHARGE": 0.0, "FOULED_OFFENSIVE_CHARGE": 0.14285714285714285, "FOUL_OFFENSIVE_OTHER": 0.0, "FOULED_OFFENSIVE_OTHER": 0.0, "FOUL_OFFENSIVE_TOTAL": 0.058823529411764705, "FOULED_OFFENSIVE_TOTAL": 0.13333333333333333, "FOUL_PERSONAL": 0.35714285714285715, "FOULED_PERSONAL": 0.1206896551724138, "FOUL_PERSONAL_BLOCK": 0.0, "FOULED_PERSONAL_BLOCK": 0.0, "FOUL_PERSONAL_TAKE": 0.4444444444444444, "FOULED_PERSONAL_TAKE": 0.0, "FOUL_SHOOTING": 0.23, "FOULED_SHOOTING": 0.02608695652173913, "FOUL_SHOOTING_BLOCK": 0.0, "FOULED_SHOOTING_BLOCK": 0.0, "FOUL_TECHNICAL": 0.0, "FT": 0.625, "REBOUND_DEFENSIVE": 0.11876075731497418, "REBOUND_OFFENSIVE": 0.0137221269296741, "STEAL": 0.17346938775510204, "SHOT_TYPE_ARC_3_OFFENSIVE": 0.2621359223300971, "SHOT_TYPE_ARC_3_DEFENSIVE": 0.34291377601585726, "SHOT_TYPE_AT_RIM_OFFENSIVE": 0.24951456310679612, "SHOT_TYPE_AT_RIM_DEFENSIVE": 0.2566897918731417, "SHOT_TYPE_CORNER_3_OFFENSIVE": 0.1436893203883495, "SHOT_TYPE_CORNER_3_DEFENSIVE": 0.1337958374628345, "SHOT_TYPE_LONG_MID_RANGE_OFFENSIVE": 0.11359223300970873, "SHOT_TYPE_LONG_MID_RANGE_DEFENSIVE": 0.08721506442021804, "SHOT_TYPE_SHORT_MID_RANGE_OFFENSIVE": 0.23106796116504855, "SHOT_TYPE_SHORT_MID_RANGE_DEFENSIVE": 0.17938553022794845, "TURNOVER": 0.10119047619047619, "VIOLATION_DEFENSIVE_GOALTENDING": 0.5, "VIOLATION_DEFENSIVE_KICK_BALL": 0.0}