{"ASSIST": 0.14556962025316456, "BLOCK": 0.0, "FG_ARC_3_ATTEMPT": 0.2602739726027397, "FG_ARC_3_BLOCK": 0.0, "FG_ARC_3_MADE": 0.23684210526315788, "FG_ARC_3_MADE_FOUL": 0.0, "FG_AT_RIM_ATTEMPT": 0.23036649214659685, "FG_AT_RIM_BLOCK": 0.02617801047120419, "FG_AT_RIM_MADE": 0.6590909090909091, "FG_AT_RIM_MADE_FOUL": 0.005235602094240838, "FG_CORNER_3_ATTEMPT": 0.23076923076923078, "FG_CORNER_3_BLOCK": 0.0, "FG_CORNER_3_MADE": 0.4444444444444444, "FG_CORNER_3_MADE_FOUL": 0.0, "FG_LONG_MID_RANGE_ATTEMPT": 0.24489795918367346, "FG_LONG_MID_RANGE_BLOCK": 0.0, "FG_LONG_MID_RANGE_MADE": 0.3333333333333333, "FG_LONG_MID_RANGE_MADE_FOUL": 0.0, "FG_SHORT_MID_RANGE_ATTEMPT": 0.296875, "FG_SHORT_MID_RANGE_BLOCK": 0.0859375, "FG_SHORT_MID_RANGE_MADE": 0.3157894736842105, "FG_SHORT_MID_RANGE_MADE_FOUL": 0.015625, "FG_XY": {"ARC_3": {"-129|331": 0.02631578947368421, "119|231": 0.02631578947368421, "98|235": 0.02631578947368421, "-115|230": 0.02631578947368421, "-165|215": 0.02631578947368421, "134|221": 0.02631578947368421, "-104|236": 0.02631578947368421, "-6|242": 0.02631578947368421, "32|243": 0.02631578947368421, "-28|270": 0.02631578947368421, "-119|251": 0.02631578947368421, "-186|171": 0.02631578947368421, "-186|172": 0.02631578947368421, "184|184": 0.02631578947368421, "-120|251": 0.02631578947368421, "141|216": 0.02631578947368421, "-105|246": 0.02631578947368421, "148|209": 0.02631578947368421, "-77|257": 0.02631578947368421, "48|252": 0.02631578947368421, "6|271": 0.02631578947368421, "33|255": 0.02631578947368421, "-15|258": 0.02631578947368421, "22|283": 0.02631578947368421, "189|189": 0.02631578947368421, "-89|253": 0.02631578947368421, "190|185": 0.02631578947368421, "173|186": 0.02631578947368421, "241|99": 0.02631578947368421, "-218|127": 0.02631578947368421, "92|246": 0.02631578947368421, "-135|220": 0.02631578947368421, "94|245": 0.02631578947368421, "-188|162": 0.02631578947368421, "140|216": 0.02631578947368421, "-141|201": 0.02631578947368421, "-214|129": 0.02631578947368421, "142|211": 0.02631578947368421}, "AT_RIM": {"5|6": 0.022727272727272728, "0|0": 0.09090909090909091, "-1|17": 0.022727272727272728, "-2|-11": 0.022727272727272728, "-6|4": 0.022727272727272728, "12|1": 0.022727272727272728, "-13|0": 0.022727272727272728, "0|6": 0.022727272727272728, "2|17": 0.022727272727272728, "0|5": 0.022727272727272728, "2|10": 0.022727272727272728, "6|1": 0.022727272727272728, "2|3": 0.022727272727272728, "26|27": 0.022727272727272728, "-23|16": 0.022727272727272728, "-38|9": 0.022727272727272728, "-27|2": 0.022727272727272728, "-9|28": 0.022727272727272728, "5|15": 0.022727272727272728, "-10|17": 0.022727272727272728, "25|21": 0.022727272727272728, "-26|13": 0.022727272727272728, "6|8": 0.022727272727272728, "-25|1": 0.022727272727272728, "25|2": 0.022727272727272728, "21|15": 0.022727272727272728, "-20|11": 0.022727272727272728, "5|11": 0.022727272727272728, "17|7": 0.022727272727272728, "22|13": 0.022727272727272728, "-18|15": 0.022727272727272728, "4|16": 0.022727272727272728, "15|10": 0.022727272727272728, "-2|25": 0.022727272727272728, "2|35": 0.022727272727272728, "11|15": 0.022727272727272728, "13|27": 0.022727272727272728, "23|1": 0.022727272727272728, "-10|6": 0.022727272727272728, "1|0": 0.022727272727272728, "2|-7": 0.022727272727272728}, "CORNER_3": {"-232|26": 0.1111111111111111, "-230|5": 0.1111111111111111, "232|22": 0.1111111111111111, "-232|27": 0.1111111111111111, "233|22": 0.1111111111111111, "-250|4": 0.1111111111111111, "-235|32": 0.1111111111111111, "-225|17": 0.1111111111111111, "233|-1": 0.1111111111111111}, "LONG_MID_RANGE": {"129|148": 0.08333333333333333, "70|167": 0.08333333333333333, "74|165": 0.08333333333333333, "1|190": 0.08333333333333333, "9|162": 0.08333333333333333, "-65|210": 0.08333333333333333, "11|177": 0.08333333333333333, "-131|129": 0.08333333333333333, "-161|16": 0.08333333333333333, "-147|5": 0.08333333333333333, "6|162": 0.08333333333333333, "70|151": 0.08333333333333333}, "SHORT_MID_RANGE": {"-110|60": 0.02631578947368421, "1|85": 0.02631578947368421, "-53|40": 0.02631578947368421, "-47|1": 0.02631578947368421, "-10|52": 0.02631578947368421, "136|0": 0.02631578947368421, "-31|102": 0.02631578947368421, "-10|80": 0.02631578947368421, "-12|80": 0.02631578947368421, "67|18": 0.02631578947368421, "-71|13": 0.02631578947368421, "-5|71": 0.02631578947368421, "18|43": 0.02631578947368421, "-123|38": 0.02631578947368421, "28|109": 0.02631578947368421, "-5|58": 0.02631578947368421, "-34|35": 0.02631578947368421, "-7|58": 0.02631578947368421, "-11|48": 0.02631578947368421, "1|66": 0.02631578947368421, "-4|46": 0.02631578947368421, "31|59": 0.02631578947368421, "74|12": 0.02631578947368421, "71|31": 0.02631578947368421, "9|67": 0.02631578947368421, "33|65": 0.02631578947368421, "-118|43": 0.02631578947368421, "-88|3": 0.02631578947368421, "-31|64": 0.02631578947368421, "-90|-17": 0.02631578947368421, "34|101": 0.02631578947368421, "47|80": 0.02631578947368421, "17|64": 0.02631578947368421, "2|77": 0.02631578947368421, "2|96": 0.02631578947368421, "-49|17": 0.02631578947368421, "15|51": 0.02631578947368421, "0|76": 0.02631578947368421}}, "FOUL_AWAY_FROM_PLAY": 0.0, "FOULED_AWAY_FROM_PLAY": 0.0, "FOUL_CLEAR_PATH": 1.0, "FOULED_CLEAR_PATH": 0.0, "FOUL_COUNT_AS_PERSONAL": 0.25252525252525254, "FOULED_COUNT_AS_PERSONAL": 0.3524590163934426, "FOUL_COUNT_TOWARD_PENALTY": 0.23655913978494625, "FOULED_COUNT_TOWARD_PENALTY": 0.36036036036036034, "FOUL_DEFENSIVE_NON_SHOOTING": 0.3137254901960784, "FOULED_DEFENSIVE_NON_SHOOTING": 0.37037037037037035, "FOUL_DOUBLE": 0.0, "FOUL_TECHNICAL_DOUBLE": 0.0, "FOUL_FLAGRANT": 0.0, "FOULED_FLAGRANT": 0.0, "FOUL_FLAGRANT_1": 0.0, "FOULED_FLAGRANT_1": 0.0, "FOUL_FLAGRANT_2": 0.0, "FOULED_FLAGRANT_2": 0.0, "FOUL_INBOUND": 0.0, "FOULED_INBOUND": 0.0, "FOUL_LOOSE_BALL": 0.0, "FOULED_LOOSE_BALL": 0.0, "FOUL_OFFENSIVE_CHARGE": 1.0, "FOULED_OFFENSIVE_CHARGE": 0.0, "FOUL_OFFENSIVE_OTHER": 0.0, "FOULED_OFFENSIVE_OTHER": 0.0, "FOUL_OFFENSIVE_TOTAL": 0.5, "FOULED_OFFENSIVE_TOTAL": 0.2727272727272727, "FOUL_PERSONAL": 0.3684210526315789, "FOULED_PERSONAL": 0.41025641025641024, "FOUL_PERSONAL_BLOCK": 0.0, "FOULED_PERSONAL_BLOCK": 0.0, "FOUL_PERSONAL_TAKE": 0.16666666666666666, "FOULED_PERSONAL_TAKE": 0.5714285714285714, "FOUL_SHOOTING": 0.14285714285714285, "FOULED_SHOOTING": 0.3508771929824561, "FOUL_SHOOTING_BLOCK": 0.0, "FOULED_SHOOTING_BLOCK": 0.0, "FOUL_TECHNICAL": 0.0, "FT": 0.7435897435897436, "REBOUND_DEFENSIVE": 0.06666666666666667, "REBOUND_OFFENSIVE": 0.041401273885350316, "STEAL": 0.20833333333333334, "SHOT_TYPE_ARC_3_OFFENSIVE": 0.2640144665461121, "SHOT_TYPE_ARC_3_DEFENSIVE": 0.2581699346405229, "SHOT_TYPE_AT_RIM_OFFENSIVE": 0.3453887884267631, "SHOT_TYPE_AT_RIM_DEFENSIVE": 0.3300653594771242, "SHOT_TYPE_CORNER_3_OFFENSIVE": 0.0705244122965642, "SHOT_TYPE_CORNER_3_DEFENSIVE": 0.1111111111111111, "SHOT_TYPE_LONG_MID_RANGE_OFFENSIVE": 0.08860759493670886, "SHOT_TYPE_LONG_MID_RANGE_DEFENSIVE": 0.12418300653594772, "SHOT_TYPE_SHORT_MID_RANGE_OFFENSIVE": 0.2314647377938517, "SHOT_TYPE_SHORT_MID_RANGE_DEFENSIVE": 0.17647058823529413, "TURNOVER": 0.25, "VIOLATION_DEFENSIVE_GOALTENDING": 0.0, "VIOLATION_DEFENSIVE_KICK_BALL": 0.0}