{"ASSIST": 0.13178294573643412, "BLOCK": 0.07272727272727272, "FG_ARC_3_ATTEMPT": 0.25, "FG_ARC_3_BLOCK": 0.002717391304347826, "FG_ARC_3_MADE": 0.13043478260869565, "FG_ARC_3_MADE_FOUL": 0.0, "FG_AT_RIM_ATTEMPT": 0.2028169014084507, "FG_AT_RIM_BLOCK": 0.016901408450704224, "FG_AT_RIM_MADE": 0.5416666666666666, "FG_AT_RIM_MADE_FOUL": 0.011267605633802818, "FG_CORNER_3_ATTEMPT": 0.16161616161616163, "FG_CORNER_3_BLOCK": 0.0, "FG_CORNER_3_MADE": 0.4375, "FG_CORNER_3_MADE_FOUL": 0.0, "FG_LONG_MID_RANGE_ATTEMPT": 0.13846153846153847, "FG_LONG_MID_RANGE_BLOCK": 0.0, "FG_LONG_MID_RANGE_MADE": 0.2222222222222222, "FG_LONG_MID_RANGE_MADE_FOUL": 0.0, "FG_SHORT_MID_RANGE_ATTEMPT": 0.11607142857142858, "FG_SHORT_MID_RANGE_BLOCK": 0.026785714285714284, "FG_SHORT_MID_RANGE_MADE": 0.5, "FG_SHORT_MID_RANGE_MADE_FOUL": 0.0, "FG_XY": {"ARC_3": {"232|109": 0.010869565217391304, "-205|142": 0.010869565217391304, "-195|177": 0.010869565217391304, "203|178": 0.010869565217391304, "159|201": 0.010869565217391304, "196|161": 0.010869565217391304, "-147|212": 0.010869565217391304, "184|185": 0.010869565217391304, "206|147": 0.010869565217391304, "-216|134": 0.010869565217391304, "189|164": 0.010869565217391304, "212|131": 0.010869565217391304, "-129|248": 0.010869565217391304, "191|160": 0.010869565217391304, "146|225": 0.021739130434782608, "-27|251": 0.010869565217391304, "-158|200": 0.010869565217391304, "184|180": 0.010869565217391304, "232|106": 0.010869565217391304, "-142|199": 0.010869565217391304, "62|236": 0.010869565217391304, "-165|200": 0.010869565217391304, "216|162": 0.010869565217391304, "134|221": 0.010869565217391304, "-148|221": 0.010869565217391304, "-183|164": 0.010869565217391304, "116|223": 0.010869565217391304, "-118|248": 0.010869565217391304, "96|237": 0.010869565217391304, "-131|230": 0.010869565217391304, "174|262": 0.010869565217391304, "-118|231": 0.010869565217391304, "-105|248": 0.010869565217391304, "-21|267": 0.010869565217391304, "210|131": 0.010869565217391304, "-92|298": 0.010869565217391304, "27|251": 0.010869565217391304, "191|158": 0.010869565217391304, "-151|201": 0.010869565217391304, "203|152": 0.010869565217391304, "-181|185": 0.010869565217391304, "142|221": 0.010869565217391304, "-211|117": 0.010869565217391304, "150|213": 0.010869565217391304, "114|226": 0.010869565217391304, "225|106": 0.010869565217391304, "-152|227": 0.010869565217391304, "-152|204": 0.010869565217391304, "-191|156": 0.010869565217391304, "158|205": 0.010869565217391304, "75|245": 0.010869565217391304, "113|229": 0.010869565217391304, "125|219": 0.010869565217391304, "150|212": 0.010869565217391304, "-183|221": 0.010869565217391304, "185|176": 0.010869565217391304, "-222|120": 0.010869565217391304, "157|197": 0.010869565217391304, "65|251": 0.010869565217391304, "-162|204": 0.010869565217391304, "-201|159": 0.010869565217391304, "163|196": 0.010869565217391304, "114|235": 0.010869565217391304, "210|151": 0.010869565217391304, "157|234": 0.010869565217391304, "221|148": 0.010869565217391304, "200|200": 0.010869565217391304, "-174|188": 0.010869565217391304, "163|230": 0.010869565217391304, "-195|155": 0.010869565217391304, "-173|220": 0.010869565217391304, "150|239": 0.010869565217391304, "-217|143": 0.010869565217391304, "6|253": 0.010869565217391304, "137|199": 0.010869565217391304, "142|216": 0.010869565217391304, "86|238": 0.010869565217391304, "-186|183": 0.010869565217391304, "53|269": 0.010869565217391304, "-173|192": 0.010869565217391304, "-148|198": 0.010869565217391304, "13|251": 0.010869565217391304, "173|199": 0.010869565217391304, "134|227": 0.010869565217391304, "96|240": 0.010869565217391304, "-146|209": 0.010869565217391304, "-191|158": 0.010869565217391304, "142|222": 0.010869565217391304, "123|258": 0.010869565217391304, "165|201": 0.010869565217391304, "-130|218": 0.010869565217391304}, "AT_RIM": {"27|18": 0.013888888888888888, "25|22": 0.013888888888888888, "13|13": 0.013888888888888888, "28|26": 0.013888888888888888, "0|22": 0.013888888888888888, "17|15": 0.013888888888888888, "-5|27": 0.013888888888888888, "7|12": 0.013888888888888888, "-17|21": 0.013888888888888888, "5|32": 0.013888888888888888, "-32|15": 0.013888888888888888, "0|10": 0.013888888888888888, "1|11": 0.013888888888888888, "32|11": 0.013888888888888888, "-23|25": 0.013888888888888888, "0|0": 0.06944444444444445, "-13|3": 0.013888888888888888, "-16|6": 0.013888888888888888, "4|13": 0.013888888888888888, "6|5": 0.013888888888888888, "2|-7": 0.013888888888888888, "1|7": 0.013888888888888888, "28|12": 0.013888888888888888, "-12|-1": 0.013888888888888888, "22|5": 0.013888888888888888, "7|18": 0.013888888888888888, "-7|31": 0.013888888888888888, "18|34": 0.013888888888888888, "17|3": 0.013888888888888888, "-18|3": 0.013888888888888888, "-17|14": 0.013888888888888888, "26|16": 0.013888888888888888, "12|10": 0.013888888888888888, "1|0": 0.013888888888888888, "12|4": 0.013888888888888888, "11|-5": 0.013888888888888888, "6|15": 0.013888888888888888, "7|-4": 0.013888888888888888, "4|-7": 0.013888888888888888, "-31|-4": 0.013888888888888888, "0|33": 0.013888888888888888, "10|10": 0.013888888888888888, "-7|12": 0.013888888888888888, "5|10": 0.013888888888888888, "12|-4": 0.013888888888888888, "16|5": 0.013888888888888888, "9|10": 0.013888888888888888, "11|5": 0.013888888888888888, "11|20": 0.013888888888888888, "9|18": 0.013888888888888888, "10|15": 0.013888888888888888, "1|17": 0.013888888888888888, "16|10": 0.013888888888888888, "9|27": 0.013888888888888888, "9|8": 0.013888888888888888, "-4|1": 0.013888888888888888, "-6|3": 0.013888888888888888, "1|14": 0.013888888888888888, "-7|10": 0.013888888888888888, "2|12": 0.013888888888888888, "29|25": 0.013888888888888888, "10|-8": 0.013888888888888888, "17|10": 0.013888888888888888, "37|11": 0.013888888888888888, "13|-7": 0.013888888888888888, "-18|6": 0.013888888888888888, "-4|15": 0.013888888888888888, "9|13": 0.013888888888888888}, "CORNER_3": {"-234|52": 0.0625, "-225|85": 0.0625, "-224|-18": 0.0625, "-221|51": 0.0625, "-227|29": 0.0625, "-224|25": 0.0625, "224|8": 0.0625, "229|16": 0.0625, "229|42": 0.0625, "230|68": 0.0625, "240|48": 0.0625, "224|21": 0.0625, "-225|39": 0.0625, "-233|57": 0.0625, "235|0": 0.0625, "234|19": 0.0625}, "LONG_MID_RANGE": {"137|159": 0.1111111111111111, "143|11": 0.1111111111111111, "-9|189": 0.1111111111111111, "-27|188": 0.1111111111111111, "82|158": 0.1111111111111111, "4|167": 0.1111111111111111, "72|157": 0.1111111111111111, "-66|125": 0.1111111111111111, "48|152": 0.1111111111111111}, "SHORT_MID_RANGE": {"1|45": 0.038461538461538464, "-119|-13": 0.038461538461538464, "-17|102": 0.038461538461538464, "98|17": 0.038461538461538464, "72|111": 0.038461538461538464, "-72|117": 0.038461538461538464, "-9|57": 0.038461538461538464, "22|95": 0.038461538461538464, "-17|38": 0.038461538461538464, "28|43": 0.038461538461538464, "47|27": 0.038461538461538464, "-33|39": 0.038461538461538464, "-27|29": 0.038461538461538464, "-7|64": 0.038461538461538464, "-89|-17": 0.038461538461538464, "80|27": 0.038461538461538464, "50|26": 0.038461538461538464, "87|22": 0.038461538461538464, "27|29": 0.038461538461538464, "-51|30": 0.038461538461538464, "100|95": 0.038461538461538464, "-25|53": 0.038461538461538464, "48|73": 0.038461538461538464, "5|42": 0.038461538461538464, "6|139": 0.038461538461538464, "-58|54": 0.038461538461538464}}, "FOUL_AWAY_FROM_PLAY": 0.0, "FOULED_AWAY_FROM_PLAY": 0.0, "FOUL_CLEAR_PATH": 0.0, "FOULED_CLEAR_PATH": 0.0, "FOUL_COUNT_AS_PERSONAL": 0.26262626262626265, "FOULED_COUNT_AS_PERSONAL": 0.2706422018348624, "FOUL_COUNT_TOWARD_PENALTY": 0.2611111111111111, "FOULED_COUNT_TOWARD_PENALTY": 0.2328042328042328, "FOUL_DEFENSIVE_NON_SHOOTING": 0.27710843373493976, "FOULED_DEFENSIVE_NON_SHOOTING": 0.2361111111111111, "FOUL_DOUBLE": 0.0, "FOUL_TECHNICAL_DOUBLE": 0.0, "FOUL_FLAGRANT": 0.0, "FOULED_FLAGRANT": 0.0, "FOUL_FLAGRANT_1": 0.0, "FOULED_FLAGRANT_1": 0.0, "FOUL_FLAGRANT_2": 0.0,