{"ASSIST": 0.17484662576687116, "BLOCK": 0.18518518518518517, "FG_ARC_3_ATTEMPT": 0.26512968299711814, "FG_ARC_3_BLOCK": 0.008645533141210375, "FG_ARC_3_MADE": 0.17391304347826086, "FG_ARC_3_MADE_FOUL": 0.0, "FG_AT_RIM_ATTEMPT": 0.23098591549295774, "FG_AT_RIM_BLOCK": 0.022535211267605635, "FG_AT_RIM_MADE": 0.5853658536585366, "FG_AT_RIM_MADE_FOUL": 0.005633802816901409, "FG_CORNER_3_ATTEMPT": 0.34951456310679613, "FG_CORNER_3_BLOCK": 0.0, "FG_CORNER_3_MADE": 0.16666666666666666, "FG_CORNER_3_MADE_FOUL": 0.0, "FG_LONG_MID_RANGE_ATTEMPT": 0.19424460431654678, "FG_LONG_MID_RANGE_BLOCK": 0.007194244604316547, "FG_LONG_MID_RANGE_MADE": 0.25925925925925924, "FG_LONG_MID_RANGE_MADE_FOUL": 0.0, "FG_SHORT_MID_RANGE_ATTEMPT": 0.2099236641221374, "FG_SHORT_MID_RANGE_BLOCK": 0.011450381679389313, "FG_SHORT_MID_RANGE_MADE": 0.34545454545454546, "FG_SHORT_MID_RANGE_MADE_FOUL": 0.007633587786259542, "FG_XY": {"ARC_3": {"-176|168": 0.010869565217391304, "184|197": 0.010869565217391304, "-211|131": 0.010869565217391304, "145|200": 0.010869565217391304, "-142|233": 0.010869565217391304, "1|265": 0.010869565217391304, "26|244": 0.010869565217391304, "92|246": 0.010869565217391304, "-161|204": 0.010869565217391304, "-125|227": 0.010869565217391304, "25|239": 0.010869565217391304, "211|155": 0.010869565217391304, "92|244": 0.010869565217391304, "-126|260": 0.010869565217391304, "131|212": 0.010869565217391304, "119|221": 0.010869565217391304, "2|409": 0.010869565217391304, "116|225": 0.010869565217391304, "-92|230": 0.010869565217391304, "-159|207": 0.010869565217391304, "172|188": 0.010869565217391304, "195|149": 0.010869565217391304, "89|228": 0.010869565217391304, "-148|235": 0.010869565217391304, "-126|228": 0.010869565217391304, "-169|177": 0.010869565217391304, "-188|169": 0.010869565217391304, "138|209": 0.010869565217391304, "181|172": 0.010869565217391304, "58|257": 0.010869565217391304, "130|217": 0.010869565217391304, "-62|249": 0.010869565217391304, "143|217": 0.010869565217391304, "26|251": 0.010869565217391304, "-185|164": 0.010869565217391304, "7|256": 0.010869565217391304, "141|216": 0.010869565217391304, "-157|208": 0.010869565217391304, "-135|229": 0.010869565217391304, "205|171": 0.010869565217391304, "-100|242": 0.010869565217391304, "-113|222": 0.010869565217391304, "-38|251": 0.010869565217391304, "102|232": 0.010869565217391304, "140|235": 0.010869565217391304, "10|258": 0.010869565217391304, "-161|215": 0.010869565217391304, "-129|217": 0.010869565217391304, "-138|218": 0.010869565217391304, "-1|259": 0.010869565217391304, "82|242": 0.010869565217391304, "86|240": 0.010869565217391304, "-190|153": 0.010869565217391304, "-130|210": 0.010869565217391304, "75|245": 0.010869565217391304, "-112|236": 0.010869565217391304, "-74|265": 0.010869565217391304, "190|180": 0.010869565217391304, "163|199": 0.010869565217391304, "104|232": 0.010869565217391304, "157|213": 0.010869565217391304, "156|229": 0.010869565217391304, "94|239": 0.010869565217391304, "-185|184": 0.010869565217391304, "146|218": 0.010869565217391304, "-121|231": 0.010869565217391304, "195|194": 0.010869565217391304, "2|270": 0.010869565217391304, "-70|260": 0.010869565217391304, "-168|209": 0.010869565217391304, "232|110": 0.010869565217391304, "214|125": 0.010869565217391304, "-219|163": 0.010869565217391304, "-163|198": 0.010869565217391304, "-66|242": 0.010869565217391304, "92|236": 0.010869565217391304, "-170|185": 0.010869565217391304, "-22|258": 0.010869565217391304, "-165|200": 0.010869565217391304, "-104|233": 0.010869565217391304, "-161|197": 0.010869565217391304, "195|158": 0.010869565217391304, "228|108": 0.010869565217391304, "232|104": 0.010869565217391304, "-173|191": 0.010869565217391304, "-158|209": 0.010869565217391304, "140|197": 0.010869565217391304, "-116|215": 0.010869565217391304, "216|492": 0.010869565217391304, "138|216": 0.010869565217391304, "219|125": 0.010869565217391304, "-112|222": 0.010869565217391304}, "AT_RIM": {"-21|-1": 0.012195121951219513, "21|-5": 0.012195121951219513, "-25|2": 0.012195121951219513, "0|0": 0.036585365853658534, "-7|29": 0.012195121951219513, "11|6": 0.012195121951219513, "-16|26": 0.012195121951219513, "7|1": 0.012195121951219513, "7|11": 0.012195121951219513, "2|29": 0.012195121951219513, "4|21": 0.012195121951219513, "-10|6": 0.012195121951219513, "-5|4": 0.012195121951219513, "18|14": 0.012195121951219513, "17|20": 0.012195121951219513, "17|15": 0.012195121951219513, "0|11": 0.012195121951219513, "20|0": 0.012195121951219513, "-1|4": 0.012195121951219513, "18|30": 0.012195121951219513, "-4|13": 0.012195121951219513, "-20|1": 0.012195121951219513, "22|5": 0.012195121951219513, "16|26": 0.012195121951219513, "17|-1": 0.012195121951219513, "-6|23": 0.012195121951219513, "-27|20": 0.012195121951219513, "-39|2": 0.012195121951219513, "37|12": 0.012195121951219513, "-23|30": 0.012195121951219513, "-22|11": 0.012195121951219513, "4|28": 0.012195121951219513, "-4|25": 0.012195121951219513, "18|19": 0.012195121951219513, "36|15": 0.012195121951219513, "20|5": 0.012195121951219513, "22|7": 0.012195121951219513, "0|16": 0.012195121951219513, "15|15": 0.012195121951219513, "15|7": 0.012195121951219513, "-15|17": 0.012195121951219513, "-7|7": 0.012195121951219513, "7|6": 0.012195121951219513, "4|-5": 0.012195121951219513, "16|1": 0.012195121951219513, "1|6": 0.012195121951219513, "7|5": 0.012195121951219513, "4|2": 0.012195121951219513, "21|26": 0.012195121951219513, "10|21": 0.012195121951219513, "13|-8": 0.012195121951219513, "-29|-8": 0.012195121951219513, "-34|9": 0.012195121951219513, "15|0": 0.012195121951219513, "-29|26": 0.012195121951219513, "31|11": 0.012195121951219513, "20|27": 0.012195121951219513, "-5|15": 0.012195121951219513, "-15|16": 0.012195121951219513, "20|2": 0.012195121951219513, "15|6": 0.012195121951219513, "-18|1": 0.012195121951219513, "-17|-1": 0.012195121951219513, "16|-6": 0.012195121951219513, "25|-10": 0.012195121951219513, "20|7": 0.012195121951219513, "-16|13": 0.012195121951219513, "-23|6": 0.012195121951219513, "-15|8": 0.012195121951219513, "-13|22": 0.012195121951219513, "18|15": 0.012195121951219513, "-12|2": 0.012195121951219513, "-17|12": 0.012195121951219513, "7|4": 0.012195121951219513, "15|3": 0.012195121951219513, "-27|6": 0.012195121951219513, "20|1": 0.012195121951219513, "26|1": 0.012195121951219513, "-6|20": 0.012195121951219513, "17|25": 0.012195121951219513}, "CORNER_3": {"-233|29": 0.027777777777777776, "-237|-20": 0.027777777777777776, "-229|48": 0.027777777777777776, "-229|-21": 0.027777777777777776, "-219|81": 0.027777777777777776, "-225|6": 0.027777777777777776, "225|83": 0.027777777777777776, "227|4": 0.027777777777777776, "-235|-10": 0.027777777777777776, "223|-10": 0.027777777777777776, "225|10": 0.027777777777777776, "228|43": 0.027777777777777776, "230|26": 0.027777777777777776, "-235|71": 0.027777777777777776, "225|31": 0.027777777777777776, "-235|11": 0.027777777777777776, "234|25": 0.027777777777777776, "-230|-4": 0.027777777777777776, "230|-8": 0.027777777777777776, "-238|85": 0.027777777777777776, "-235|0": 0.027777777777777776, "-230|39": 0.027777777777777776, "-234|-21": 0.027777777777777776, "235|-4": 0.027777777777777776, "-230|15": 0.027777777777777776, "-232|28": 0.027777777777777776, "-232|-18": 0.027777777777777776, "-240|5": 0.027777777777777776, "-233|33": 0.027777777777777776, "228|27": 0.027777777777777776, "237|-20": 0.027777777777777776, "227|-11": 0.027777777777777776, "235|-12": 0.027777777777777776, "234|7": 0.027777777777777776, "-232|-15": 0.027777777777777776, "-230|-34": 0.027777777777777776}, "LONG_MID_RANGE": {"-102|105": 0.037037037037037035, "66|178": 0.037037037037037035, "-72|172": 0.037037037037037035, "-109|165": 0.037037037037037035, "-66|132": 0.037037037037037035, "134|147": 0.037037037037037035, "-96|109": 0.037037037037037035, "186|23": 0.037037037037037035, "124|96": 0.037037037037037035, "141|78": 0.037037037037037035,