{"ASSIST": 0.41975308641975306, "BLOCK": 0.0, "FG_ARC_3_ATTEMPT": 0.21739130434782608, "FG_ARC_3_BLOCK": 0.0, "FG_ARC_3_MADE": 0.6, "FG_ARC_3_MADE_FOUL": 0.0, "FG_AT_RIM_ATTEMPT": 0.16666666666666666, "FG_AT_RIM_BLOCK": 0.020833333333333332, "FG_AT_RIM_MADE": 0.8125, "FG_AT_RIM_MADE_FOUL": 0.010416666666666666, "FG_CORNER_3_ATTEMPT": 0.28205128205128205, "FG_CORNER_3_BLOCK": 0.0, "FG_CORNER_3_MADE": 0.6363636363636364, "FG_CORNER_3_MADE_FOUL": 0.0, "FG_LONG_MID_RANGE_ATTEMPT": 0.10526315789473684, "FG_LONG_MID_RANGE_BLOCK": 0.05263157894736842, "FG_LONG_MID_RANGE_MADE": 0.5, "FG_LONG_MID_RANGE_MADE_FOUL": 0.0, "FG_SHORT_MID_RANGE_ATTEMPT": 0.2765957446808511, "FG_SHORT_MID_RANGE_BLOCK": 0.02127659574468085, "FG_SHORT_MID_RANGE_MADE": 0.46153846153846156, "FG_SHORT_MID_RANGE_MADE_FOUL": 0.02127659574468085, "FG_XY": {"ARC_3": {"-210|120": 0.04, "-112|229": 0.04, "20|254": 0.04, "-197|145": 0.04, "143|231": 0.04, "-114|227": 0.04, "-1|248": 0.04, "-12|255": 0.04, "-18|248": 0.04, "50|245": 0.04, "18|427": 0.04, "-216|122": 0.04, "-188|172": 0.04, "92|232": 0.04, "17|257": 0.04, "230|103": 0.04, "-197|166": 0.04, "16|244": 0.04, "-103|232": 0.04, "67|239": 0.04, "-212|152": 0.04, "-131|507": 0.04, "-179|159": 0.04, "189|179": 0.04, "-185|171": 0.04}, "AT_RIM": {"0|1": 0.0625, "-1|16": 0.0625, "18|15": 0.125, "-4|9": 0.0625, "11|16": 0.0625, "22|12": 0.0625, "-5|22": 0.125, "-11|3": 0.0625, "15|11": 0.0625, "-26|13": 0.0625, "2|16": 0.0625, "12|11": 0.0625, "-18|27": 0.0625, "17|17": 0.0625}, "CORNER_3": {"230|-12": 0.09090909090909091, "229|-34": 0.09090909090909091, "-228|49": 0.09090909090909091, "222|24": 0.09090909090909091, "-228|-2": 0.09090909090909091, "227|-16": 0.09090909090909091, "-225|-1": 0.09090909090909091, "-227|6": 0.09090909090909091, "233|19": 0.09090909090909091, "237|73": 0.09090909090909091, "233|17": 0.09090909090909091}, "LONG_MID_RANGE": {"-60|131": 0.5, "-93|168": 0.5}, "SHORT_MID_RANGE": {"36|42": 0.07692307692307693, "-38|36": 0.07692307692307693, "61|22": 0.07692307692307693, "-37|37": 0.07692307692307693, "10|75": 0.07692307692307693, "5|95": 0.07692307692307693, "75|36": 0.07692307692307693, "-26|35": 0.07692307692307693, "-124|50": 0.07692307692307693, "54|107": 0.07692307692307693, "-75|42": 0.07692307692307693, "-7|59": 0.07692307692307693, "1|65": 0.07692307692307693}}, "FOUL_AWAY_FROM_PLAY": 0.0, "FOULED_AWAY_FROM_PLAY": 0.0, "FOUL_CLEAR_PATH": 0.0, "FOULED_CLEAR_PATH": 0.0, "FOUL_COUNT_AS_PERSONAL": 0.07228915662650602, "FOULED_COUNT_AS_PERSONAL": 0.140625, "FOUL_COUNT_TOWARD_PENALTY": 0.08333333333333333, "FOULED_COUNT_TOWARD_PENALTY": 0.12962962962962962, "FOUL_DEFENSIVE_NON_SHOOTING": 0.10810810810810811, "FOULED_DEFENSIVE_NON_SHOOTING": 0.18518518518518517, "FOUL_DOUBLE": 0.0, "FOUL_TECHNICAL_DOUBLE": 0.0, "FOUL_FLAGRANT": 0.0, "FOULED_FLAGRANT": 0.0, "FOUL_FLAGRANT_1": 0.0, "FOULED_FLAGRANT_1": 0.0, "FOUL_FLAGRANT_2": 0.0, "FOULED_FLAGRANT_2": 0.0, "FOUL_INBOUND": 0.0, "FOULED_INBOUND": 0.0, "FOUL_LOOSE_BALL": 0.0, "FOULED_LOOSE_BALL": 0.16666666666666666, "FOUL_OFFENSIVE_CHARGE": 0.0, "FOULED_OFFENSIVE_CHARGE": 0.0, "FOUL_OFFENSIVE_OTHER": 0.0, "FOULED_OFFENSIVE_OTHER": 0.0, "FOUL_OFFENSIVE_TOTAL": 0.0, "FOULED_OFFENSIVE_TOTAL": 0.2, "FOUL_PERSONAL": 0.0967741935483871, "FOULED_PERSONAL": 0.1111111111111111, "FOUL_PERSONAL_BLOCK": 0.0, "FOULED_PERSONAL_BLOCK": 0.0, "FOUL_PERSONAL_TAKE": 0.0, "FOULED_PERSONAL_TAKE": 0.6666666666666666, "FOUL_SHOOTING": 0.05555555555555555, "FOULED_SHOOTING": 0.07407407407407407, "FOUL_SHOOTING_BLOCK": 0.0, "FOULED_SHOOTING_BLOCK": 0.0, "FOUL_TECHNICAL": 0.0, "FT": 0.7142857142857143, "REBOUND_DEFENSIVE": 0.07142857142857142, "REBOUND_OFFENSIVE": 0.01015228426395939, "STEAL": 0.2571428571428571, "SHOT_TYPE_ARC_3_OFFENSIVE": 0.3639240506329114, "SHOT_TYPE_ARC_3_DEFENSIVE": 0.3217993079584775, "SHOT_TYPE_AT_RIM_OFFENSIVE": 0.3037974683544304, "SHOT_TYPE_AT_RIM_DEFENSIVE": 0.34256055363321797, "SHOT_TYPE_CORNER_3_OFFENSIVE": 0.12341772151898735, "SHOT_TYPE_CORNER_3_DEFENSIVE": 0.10726643598615918, "SHOT_TYPE_LONG_MID_RANGE_OFFENSIVE": 0.060126582278481014, "SHOT_TYPE_LONG_MID_RANGE_DEFENSIVE": 0.0657439446366782, "SHOT_TYPE_SHORT_MID_RANGE_OFFENSIVE": 0.14873417721518986, "SHOT_TYPE_SHORT_MID_RANGE_DEFENSIVE": 0.16262975778546712, "TURNOVER": 0.19642857142857142, "VIOLATION_DEFENSIVE_GOALTENDING": 0.0, "VIOLATION_DEFENSIVE_KICK_BALL": 0.0}