{"ASSIST": 0.10112359550561797, "BLOCK": 0.2608695652173913, "FG_ARC_3_ATTEMPT": 0.20353982300884957, "FG_ARC_3_BLOCK": 0.0, "FG_ARC_3_MADE": 0.043478260869565216, "FG_ARC_3_MADE_FOUL": 0.0, "FG_AT_RIM_ATTEMPT": 0.11666666666666667, "FG_AT_RIM_BLOCK": 0.03333333333333333, "FG_AT_RIM_MADE": 0.42857142857142855, "FG_AT_RIM_MADE_FOUL": 0.0, "FG_CORNER_3_ATTEMPT": 0.2903225806451613, "FG_CORNER_3_BLOCK": 0.0, "FG_CORNER_3_MADE": 0.2222222222222222, "FG_CORNER_3_MADE_FOUL": 0.0, "FG_LONG_MID_RANGE_ATTEMPT": 0.05555555555555555, "FG_LONG_MID_RANGE_BLOCK": 0.0, "FG_LONG_MID_RANGE_MADE": 0.0, "FG_LONG_MID_RANGE_MADE_FOUL": 0.0, "FG_SHORT_MID_RANGE_ATTEMPT": 0.0975609756097561, "FG_SHORT_MID_RANGE_BLOCK": 0.024390243902439025, "FG_SHORT_MID_RANGE_MADE": 0.25, "FG_SHORT_MID_RANGE_MADE_FOUL": 0.0, "FG_XY": {"ARC_3": {"137|222": 0.043478260869565216, "-170|206": 0.043478260869565216, "-98|237": 0.043478260869565216, "-167|195": 0.043478260869565216, "34|256": 0.043478260869565216, "214|132": 0.043478260869565216, "-31|253": 0.043478260869565216, "206|144": 0.043478260869565216, "218|134": 0.043478260869565216, "89|237": 0.043478260869565216, "-173|180": 0.043478260869565216, "-191|174": 0.043478260869565216, "-151|226": 0.043478260869565216, "-153|196": 0.043478260869565216, "-124|216": 0.043478260869565216, "-169|177": 0.043478260869565216, "192|163": 0.043478260869565216, "-167|177": 0.043478260869565216, "184|174": 0.043478260869565216, "135|214": 0.043478260869565216, "-125|215": 0.043478260869565216, "-150|231": 0.043478260869565216, "-163|209": 0.043478260869565216}, "AT_RIM": {"-10|25": 0.07142857142857142, "10|32": 0.07142857142857142, "2|16": 0.07142857142857142, "17|32": 0.07142857142857142, "-9|11": 0.07142857142857142, "-7|11": 0.07142857142857142, "5|-1": 0.07142857142857142, "18|34": 0.07142857142857142, "11|26": 0.07142857142857142, "0|0": 0.07142857142857142, "9|36": 0.07142857142857142, "-6|31": 0.07142857142857142, "-12|5": 0.07142857142857142, "13|6": 0.07142857142857142}, "CORNER_3": {"-235|29": 0.1111111111111111, "223|5": 0.1111111111111111, "227|71": 0.1111111111111111, "-235|10": 0.1111111111111111, "-232|13": 0.1111111111111111, "-232|21": 0.1111111111111111, "228|25": 0.1111111111111111, "-229|3": 0.1111111111111111, "225|16": 0.1111111111111111}, "LONG_MID_RANGE": {"-165|40": 0.5, "-153|-6": 0.5}, "SHORT_MID_RANGE": {"9|45": 0.125, "-42|55": 0.125, "98|25": 0.125, "-77|95": 0.125, "-25|134": 0.125, "-102|34": 0.125, "70|93": 0.125, "-17|43": 0.125}}, "FOUL_AWAY_FROM_PLAY": 0.0, "FOULED_AWAY_FROM_PLAY": 0.0, "FOUL_CLEAR_PATH": 0.0, "FOULED_CLEAR_PATH": 0.0, "FOUL_COUNT_AS_PERSONAL": 0.18055555555555555, "FOULED_COUNT_AS_PERSONAL": 0.11764705882352941, "FOUL_COUNT_TOWARD_PENALTY": 0.1875, "FOULED_COUNT_TOWARD_PENALTY": 0.09523809523809523, "FOUL_DEFENSIVE_NON_SHOOTING": 0.23684210526315788, "FOULED_DEFENSIVE_NON_SHOOTING": 0.041666666666666664, "FOUL_DOUBLE": 0.0, "FOUL_TECHNICAL_DOUBLE": 0.0, "FOUL_FLAGRANT": 0.0, "FOULED_FLAGRANT": 0.0, "FOUL_FLAGRANT_1": 0.0, "FOULED_FLAGRANT_1": 0.0, "FOUL_FLAGRANT_2": 0.0, "FOULED_FLAGRANT_2": 0.0, "FOUL_INBOUND": 0.0, "FOULED_INBOUND": 0.0, "FOUL_LOOSE_BALL": 0.0, "FOULED_LOOSE_BALL": 0.0, "FOUL_OFFENSIVE_CHARGE": 0.2, "FOULED_OFFENSIVE_CHARGE": 0.0, "FOUL_OFFENSIVE_OTHER": 0.0, "FOULED_OFFENSIVE_OTHER": 0.0, "FOUL_OFFENSIVE_TOTAL": 0.125, "FOULED_OFFENSIVE_TOTAL": 0.4, "FOUL_PERSONAL": 0.2222222222222222, "FOULED_PERSONAL": 0.08333333333333333, "FOUL_PERSONAL_BLOCK": 0.0, "FOULED_PERSONAL_BLOCK": 0.0, "FOUL_PERSONAL_TAKE": 0.0, "FOULED_PERSONAL_TAKE": 0.0, "FOUL_SHOOTING": 0.11538461538461539, "FOULED_SHOOTING": 0.1282051282051282, "FOUL_SHOOTING_BLOCK": 0.0, "FOULED_SHOOTING_BLOCK": 0.0, "FOUL_TECHNICAL": 0.0, "FT": 0.6666666666666666, "REBOUND_DEFENSIVE": 0.2552083333333333, "REBOUND_OFFENSIVE": 0.02830188679245283, "STEAL": 0.18421052631578946, "SHOT_TYPE_ARC_3_OFFENSIVE": 0.29581151832460734, "SHOT_TYPE_ARC_3_DEFENSIVE": 0.34710743801652894, "SHOT_TYPE_AT_RIM_OFFENSIVE": 0.31413612565445026, "SHOT_TYPE_AT_RIM_DEFENSIVE": 0.30303030303030304, "SHOT_TYPE_CORNER_3_OFFENSIVE": 0.08115183246073299, "SHOT_TYPE_CORNER_3_DEFENSIVE": 0.05785123966942149, "SHOT_TYPE_LONG_MID_RANGE_OFFENSIVE": 0.09424083769633508, "SHOT_TYPE_LONG_MID_RANGE_DEFENSIVE": 0.1046831955922865, "SHOT_TYPE_SHORT_MID_RANGE_OFFENSIVE": 0.21465968586387435, "SHOT_TYPE_SHORT_MID_RANGE_DEFENSIVE": 0.18732782369146006, "TURNOVER": 0.2, "VIOLATION_DEFENSIVE_GOALTENDING": 1.0, "VIOLATION_DEFENSIVE_KICK_BALL": 0.25}