{"ASSIST": 0.13821138211382114, "BLOCK": 0.38461538461538464, "FG_ARC_3_ATTEMPT": 0.2066115702479339, "FG_ARC_3_BLOCK": 0.0, "FG_ARC_3_MADE": 0.36, "FG_ARC_3_MADE_FOUL": 0.0, "FG_AT_RIM_ATTEMPT": 0.14193548387096774, "FG_AT_RIM_BLOCK": 0.03870967741935484, "FG_AT_RIM_MADE": 0.36363636363636365, "FG_AT_RIM_MADE_FOUL": 0.0, "FG_CORNER_3_ATTEMPT": 0.13157894736842105, "FG_CORNER_3_BLOCK": 0.0, "FG_CORNER_3_MADE": 0.6, "FG_CORNER_3_MADE_FOUL": 0.0, "FG_LONG_MID_RANGE_ATTEMPT": 0.030303030303030304, "FG_LONG_MID_RANGE_BLOCK": 0.0, "FG_LONG_MID_RANGE_MADE": 1.0, "FG_LONG_MID_RANGE_MADE_FOUL": 0.0, "FG_SHORT_MID_RANGE_ATTEMPT": 0.08333333333333333, "FG_SHORT_MID_RANGE_BLOCK": 0.027777777777777776, "FG_SHORT_MID_RANGE_MADE": 0.16666666666666666, "FG_SHORT_MID_RANGE_MADE_FOUL": 0.0, "FG_XY": {"ARC_3": {"-22|264": 0.04, "-88|248": 0.04, "118|236": 0.04, "66|294": 0.04, "31|300": 0.04, "-165|187": 0.04, "-145|231": 0.04, "-42|247": 0.04, "112|219": 0.04, "158|201": 0.04, "-176|180": 0.04, "-72|245": 0.04, "-25|252": 0.04, "18|260": 0.04, "-169|200": 0.04, "108|247": 0.04, "-135|212": 0.04, "75|244": 0.04, "-17|257": 0.04, "-87|242": 0.04, "-194|159": 0.04, "140|215": 0.04, "-120|236": 0.04, "-143|223": 0.04, "-25|254": 0.04}, "AT_RIM": {"12|15": 0.045454545454545456, "5|17": 0.045454545454545456, "21|2": 0.045454545454545456, "-1|-11": 0.045454545454545456, "-3|36": 0.045454545454545456, "0|0": 0.13636363636363635, "9|12": 0.045454545454545456, "23|23": 0.045454545454545456, "1|22": 0.09090909090909091, "-11|9": 0.045454545454545456, "2|8": 0.045454545454545456, "23|12": 0.045454545454545456, "16|36": 0.045454545454545456, "0|26": 0.045454545454545456, "11|30": 0.045454545454545456, "-4|9": 0.045454545454545456, "22|10": 0.045454545454545456, "5|21": 0.045454545454545456, "0|12": 0.045454545454545456}, "CORNER_3": {"229|-1": 0.2, "224|-11": 0.2, "232|54": 0.2, "-224|8": 0.2, "229|8": 0.2}, "LONG_MID_RANGE": {"69|139": 1.0}, "SHORT_MID_RANGE": {"10|53": 0.16666666666666666, "-43|42": 0.16666666666666666, "50|16": 0.16666666666666666, "-53|65": 0.16666666666666666, "-29|88": 0.16666666666666666, "97|46": 0.16666666666666666}}, "FOUL_AWAY_FROM_PLAY": 0.0, "FOULED_AWAY_FROM_PLAY": 0.0, "FOUL_CLEAR_PATH": 0.0, "FOULED_CLEAR_PATH": 0.0, "FOUL_COUNT_AS_PERSONAL": 0.18072289156626506, "FOULED_COUNT_AS_PERSONAL": 0.12941176470588237, "FOUL_COUNT_TOWARD_PENALTY": 0.2, "FOULED_COUNT_TOWARD_PENALTY": 0.14864864864864866, "FOUL_DEFENSIVE_NON_SHOOTING": 0.16666666666666666, "FOULED_DEFENSIVE_NON_SHOOTING": 0.13333333333333333, "FOUL_DOUBLE": 0.0, "FOUL_TECHNICAL_DOUBLE": 0.0, "FOUL_FLAGRANT": 0.0, "FOULED_FLAGRANT": 0.0, "FOUL_FLAGRANT_1": 0.0, "FOULED_FLAGRANT_1": 0.0, "FOUL_FLAGRANT_2": 0.0, "FOULED_FLAGRANT_2": 0.0, "FOUL_INBOUND": 0.0, "FOULED_INBOUND": 0.0, "FOUL_LOOSE_BALL": 0.0, "FOULED_LOOSE_BALL": 0.3333333333333333, "FOUL_OFFENSIVE_CHARGE": 0.0, "FOULED_OFFENSIVE_CHARGE": 0.0, "FOUL_OFFENSIVE_OTHER": 0.0, "FOULED_OFFENSIVE_OTHER": 0.0, "FOUL_OFFENSIVE_TOTAL": 0.0, "FOULED_OFFENSIVE_TOTAL": 0.0, "FOUL_PERSONAL": 0.1935483870967742, "FOULED_PERSONAL": 0.05555555555555555, "FOUL_PERSONAL_BLOCK": 0.0, "FOULED_PERSONAL_BLOCK": 0.0, "FOUL_PERSONAL_TAKE": 0.0, "FOULED_PERSONAL_TAKE": 0.0, "FOUL_SHOOTING": 0.23076923076923078, "FOULED_SHOOTING": 0.1590909090909091, "FOUL_SHOOTING_BLOCK": 0.0, "FOULED_SHOOTING_BLOCK": 0.0, "FOUL_TECHNICAL": 0.0, "FT": 0.7857142857142857, "REBOUND_DEFENSIVE": 0.15048543689320387, "REBOUND_OFFENSIVE": 0.05194805194805195, "STEAL": 0.21212121212121213, "SHOT_TYPE_ARC_3_OFFENSIVE": 0.28878281622911695, "SHOT_TYPE_ARC_3_DEFENSIVE": 0.314070351758794, "SHOT_TYPE_AT_RIM_OFFENSIVE": 0.36992840095465396, "SHOT_TYPE_AT_RIM_DEFENSIVE": 0.32663316582914576, "SHOT_TYPE_CORNER_3_OFFENSIVE": 0.09069212410501193, "SHOT_TYPE_CORNER_3_DEFENSIVE": 0.09045226130653267, "SHOT_TYPE_LONG_MID_RANGE_OFFENSIVE": 0.07875894988066826, "SHOT_TYPE_LONG_MID_RANGE_DEFENSIVE": 0.08040201005025126, "SHOT_TYPE_SHORT_MID_RANGE_OFFENSIVE": 0.1718377088305489, "SHOT_TYPE_SHORT_MID_RANGE_DEFENSIVE": 0.1884422110552764, "TURNOVER": 0.2545454545454545, "VIOLATION_DEFENSIVE_GOALTENDING": 1.0, "VIOLATION_DEFENSIVE_KICK_BALL": 0.6666666666666666}