{"ASSIST": 0.12962962962962962, "BLOCK": 0.05263157894736842, "FG_ARC_3_ATTEMPT": 0.14761904761904762, "FG_ARC_3_BLOCK": 0.0, "FG_ARC_3_MADE": 0.2903225806451613, "FG_ARC_3_MADE_FOUL": 0.0, "FG_AT_RIM_ATTEMPT": 0.09239130434782608, "FG_AT_RIM_BLOCK": 0.0, "FG_AT_RIM_MADE": 0.7058823529411765, "FG_AT_RIM_MADE_FOUL": 0.005434782608695652, "FG_CORNER_3_ATTEMPT": 0.19444444444444445, "FG_CORNER_3_BLOCK": 0.0, "FG_CORNER_3_MADE": 0.21428571428571427, "FG_CORNER_3_MADE_FOUL": 0.0, "FG_LONG_MID_RANGE_ATTEMPT": 0.058823529411764705, "FG_LONG_MID_RANGE_BLOCK": 0.0, "FG_LONG_MID_RANGE_MADE": 1.0, "FG_LONG_MID_RANGE_MADE_FOUL": 0.0, "FG_SHORT_MID_RANGE_ATTEMPT": 0.05263157894736842, "FG_SHORT_MID_RANGE_BLOCK": 0.0, "FG_SHORT_MID_RANGE_MADE": 0.16666666666666666, "FG_SHORT_MID_RANGE_MADE_FOUL": 0.0, "FG_XY": {"ARC_3": {"-69|283": 0.03225806451612903, "147|219": 0.03225806451612903, "162|200": 0.03225806451612903, "148|207": 0.03225806451612903, "-131|233": 0.03225806451612903, "-173|215": 0.03225806451612903, "109|234": 0.03225806451612903, "185|171": 0.03225806451612903, "197|141": 0.03225806451612903, "96|230": 0.03225806451612903, "140|219": 0.03225806451612903, "-112|215": 0.03225806451612903, "-167|188": 0.03225806451612903, "-138|217": 0.03225806451612903, "-212|167": 0.03225806451612903, "-99|222": 0.03225806451612903, "91|242": 0.03225806451612903, "-194|148": 0.03225806451612903, "137|209": 0.03225806451612903, "-217|119": 0.03225806451612903, "127|231": 0.03225806451612903, "98|262": 0.03225806451612903, "5|279": 0.03225806451612903, "-189|216": 0.03225806451612903, "162|197": 0.03225806451612903, "-185|155": 0.03225806451612903, "143|206": 0.03225806451612903, "143|210": 0.03225806451612903, "200|175": 0.03225806451612903, "201|163": 0.03225806451612903, "-153|188": 0.03225806451612903}, "AT_RIM": {"32|12": 0.058823529411764705, "0|0": 0.17647058823529413, "22|11": 0.058823529411764705, "5|26": 0.058823529411764705, "1|-9": 0.058823529411764705, "11|5": 0.058823529411764705, "-1|17": 0.058823529411764705, "6|6": 0.058823529411764705, "0|8": 0.058823529411764705, "12|11": 0.058823529411764705, "0|5": 0.058823529411764705, "-1|26": 0.058823529411764705, "-11|7": 0.058823529411764705, "4|11": 0.058823529411764705, "-7|5": 0.058823529411764705}, "CORNER_3": {"-228|59": 0.07142857142857142, "-230|34": 0.07142857142857142, "-243|-16": 0.07142857142857142, "230|61": 0.07142857142857142, "223|16": 0.07142857142857142, "230|11": 0.07142857142857142, "-230|21": 0.07142857142857142, "-233|-7": 0.07142857142857142, "228|0": 0.07142857142857142, "-230|-20": 0.07142857142857142, "-222|-26": 0.07142857142857142, "-225|55": 0.07142857142857142, "-224|30": 0.07142857142857142, "234|15": 0.07142857142857142}, "LONG_MID_RANGE": {"-77|146": 0.3333333333333333, "-4|142": 0.3333333333333333, "-15|206": 0.3333333333333333}, "SHORT_MID_RANGE": {"50|113": 0.16666666666666666, "-131|12": 0.16666666666666666, "0|67": 0.16666666666666666, "-15|41": 0.16666666666666666, "-131|8": 0.16666666666666666, "-123|32": 0.16666666666666666}}, "FOUL_AWAY_FROM_PLAY": 0.0, "FOULED_AWAY_FROM_PLAY": 0.0, "FOUL_CLEAR_PATH": 0.0, "FOULED_CLEAR_PATH": 0.0, "FOUL_COUNT_AS_PERSONAL": 0.2831858407079646, "FOULED_COUNT_AS_PERSONAL": 0.07086614173228346, "FOUL_COUNT_TOWARD_PENALTY": 0.3106796116504854, "FOULED_COUNT_TOWARD_PENALTY": 0.059322033898305086, "FOUL_DEFENSIVE_NON_SHOOTING": 0.34615384615384615, "FOULED_DEFENSIVE_NON_SHOOTING": 0.1, "FOUL_DOUBLE": 0.0, "FOUL_TECHNICAL_DOUBLE": 0.0, "FOUL_FLAGRANT": 0.0, "FOULED_FLAGRANT": 0.0, "FOUL_FLAGRANT_1": 0.0, "FOULED_FLAGRANT_1": 0.0, "FOUL_FLAGRANT_2": 0.0, "FOULED_FLAGRANT_2": 0.0, "FOUL_INBOUND": 0.0, "FOULED_INBOUND": 0.0, "FOUL_LOOSE_BALL": 0.0, "FOULED_LOOSE_BALL": 0.2222222222222222, "FOUL_OFFENSIVE_CHARGE": 0.0, "FOULED_OFFENSIVE_CHARGE": 0.0, "FOUL_OFFENSIVE_OTHER": 0.0, "FOULED_OFFENSIVE_OTHER": 0.0, "FOUL_OFFENSIVE_TOTAL": 0.0, "FOULED_OFFENSIVE_TOTAL": 0.2222222222222222, "FOUL_PERSONAL": 0.325, "FOULED_PERSONAL": 0.06818181818181818, "FOUL_PERSONAL_BLOCK": 0.0, "FOULED_PERSONAL_BLOCK": 0.0, "FOUL_PERSONAL_TAKE": 0.4, "FOULED_PERSONAL_TAKE": 0.14285714285714285, "FOUL_SHOOTING": 0.27450980392156865, "FOULED_SHOOTING": 0.017241379310344827, "FOUL_SHOOTING_BLOCK": 0.0, "FOULED_SHOOTING_BLOCK": 0.0, "FOUL_TECHNICAL": 0.0, "FT": 0.8333333333333334, "REBOUND_DEFENSIVE": 0.11363636363636363, "REBOUND_OFFENSIVE": 0.03314917127071823, "STEAL": 0.1746031746031746, "SHOT_TYPE_ARC_3_OFFENSIVE": 0.3328050713153724, "SHOT_TYPE_ARC_3_DEFENSIVE": 0.2647527910685805, "SHOT_TYPE_AT_RIM_OFFENSIVE": 0.29160063391442154, "SHOT_TYPE_AT_RIM_DEFENSIVE": 0.3014354066985646, "SHOT_TYPE_CORNER_3_OFFENSIVE": 0.11410459587955626, "SHOT_TYPE_CORNER_3_DEFENSIVE": 0.11802232854864433, "SHOT_TYPE_LONG_MID_RANGE_OFFENSIVE": 0.08082408874801902, "SHOT_TYPE_LONG_MID_RANGE_DEFENSIVE": 0.11483253588516747, "SHOT_TYPE_SHORT_MID_RANGE_OFFENSIVE": 0.18066561014263074, "SHOT_TYPE_SHORT_MID_RANGE_DEFENSIVE": 0.20095693779904306, "TURNOVER": 0.04032258064516129, "VIOLATION_DEFENSIVE_GOALTENDING": 0.0, "VIOLATION_DEFENSIVE_KICK_BALL": 0.6666666666666666}