{"ASSIST": 0.07462686567164178, "BLOCK": 0.0625, "FG_ARC_3_ATTEMPT": 0.3137254901960784, "FG_ARC_3_BLOCK": 0.0, "FG_ARC_3_MADE": 0.09375, "FG_ARC_3_MADE_FOUL": 0.0, "FG_AT_RIM_ATTEMPT": 0.05, "FG_AT_RIM_BLOCK": 0.02, "FG_AT_RIM_MADE": 0.6, "FG_AT_RIM_MADE_FOUL": 0.0, "FG_CORNER_3_ATTEMPT": 0.18518518518518517, "FG_CORNER_3_BLOCK": 0.0, "FG_CORNER_3_MADE": 0.2, "FG_CORNER_3_MADE_FOUL": 0.0, "FG_LONG_MID_RANGE_ATTEMPT": 0.14285714285714285, "FG_LONG_MID_RANGE_BLOCK": 0.0, "FG_LONG_MID_RANGE_MADE": 0.5, "FG_LONG_MID_RANGE_MADE_FOUL": 0.0, "FG_SHORT_MID_RANGE_ATTEMPT": 0.08571428571428572, "FG_SHORT_MID_RANGE_BLOCK": 0.0, "FG_SHORT_MID_RANGE_MADE": 0.3333333333333333, "FG_SHORT_MID_RANGE_MADE_FOUL": 0.0, "FG_XY": {"ARC_3": {"-170|179": 0.03125, "31|282": 0.03125, "-134|252": 0.03125, "-13|264": 0.03125, "-150|231": 0.03125, "130|231": 0.03125, "-191|199": 0.03125, "-167|192": 0.03125, "219|141": 0.03125, "93|248": 0.03125, "-165|202": 0.03125, "-147|223": 0.03125, "80|270": 0.03125, "-13|246": 0.03125, "-91|254": 0.03125, "-80|258": 0.03125, "-105|227": 0.03125, "-134|254": 0.03125, "132|226": 0.03125, "55|258": 0.03125, "37|252": 0.03125, "-176|268": 0.03125, "-205|179": 0.03125, "143|222": 0.03125, "156|239": 0.03125, "-136|215": 0.03125, "157|251": 0.03125, "-201|179": 0.03125, "-129|230": 0.03125, "196|476": 0.03125, "-23|266": 0.03125, "-31|253": 0.03125}, "AT_RIM": {"-16|16": 0.2, "-9|12": 0.2, "-21|8": 0.2, "7|13": 0.2, "-34|16": 0.2}, "CORNER_3": {"-228|70": 0.2, "-225|46": 0.2, "-225|13": 0.2, "232|51": 0.2, "224|-15": 0.2}, "LONG_MID_RANGE": {"203|8": 0.5, "-88|143": 0.5}, "SHORT_MID_RANGE": {"51|99": 0.3333333333333333, "-61|10": 0.3333333333333333, "42|17": 0.3333333333333333}}, "FOUL_AWAY_FROM_PLAY": 0.0, "FOULED_AWAY_FROM_PLAY": 0.0, "FOUL_CLEAR_PATH": 0.0, "FOULED_CLEAR_PATH": 0.0, "FOUL_COUNT_AS_PERSONAL": 0.25, "FOULED_COUNT_AS_PERSONAL": 0.08928571428571429, "FOUL_COUNT_TOWARD_PENALTY": 0.2631578947368421, "FOULED_COUNT_TOWARD_PENALTY": 0.08333333333333333, "FOUL_DEFENSIVE_NON_SHOOTING": 0.3448275862068966, "FOULED_DEFENSIVE_NON_SHOOTING": 0.09090909090909091, "FOUL_DOUBLE": 0.0, "FOUL_TECHNICAL_DOUBLE": 0.0, "FOUL_FLAGRANT": 0.0, "FOULED_FLAGRANT": 0.0, "FOUL_FLAGRANT_1": 0.0, "FOULED_FLAGRANT_1": 0.0, "FOUL_FLAGRANT_2": 0.0, "FOULED_FLAGRANT_2": 0.0, "FOUL_INBOUND": 0.0, "FOULED_INBOUND": 0.0, "FOUL_LOOSE_BALL": 0.0, "FOULED_LOOSE_BALL": 0.25, "FOUL_OFFENSIVE_CHARGE": 0.0, "FOULED_OFFENSIVE_CHARGE": 0.0, "FOUL_OFFENSIVE_OTHER": 0.0, "FOULED_OFFENSIVE_OTHER": 0.0, "FOUL_OFFENSIVE_TOTAL": 0.0, "FOULED_OFFENSIVE_TOTAL": 0.125, "FOUL_PERSONAL": 0.4117647058823529, "FOULED_PERSONAL": 0.0, "FOUL_PERSONAL_BLOCK": 0.0, "FOULED_PERSONAL_BLOCK": 0.0, "FOUL_PERSONAL_TAKE": 0.4, "FOULED_PERSONAL_TAKE": 0.16666666666666666, "FOUL_SHOOTING": 0.17857142857142858, "FOULED_SHOOTING": 0.07692307692307693, "FOUL_SHOOTING_BLOCK": 0.0, "FOULED_SHOOTING_BLOCK": 0.0, "FOUL_TECHNICAL": 0.0, "FT": 0.8571428571428571, "REBOUND_DEFENSIVE": 0.08917197452229299, "REBOUND_OFFENSIVE": 0.018633540372670808, "STEAL": 0.22580645161290322, "SHOT_TYPE_ARC_3_OFFENSIVE": 0.3669064748201439, "SHOT_TYPE_ARC_3_DEFENSIVE": 0.31679389312977096, "SHOT_TYPE_AT_RIM_OFFENSIVE": 0.3597122302158273, "SHOT_TYPE_AT_RIM_DEFENSIVE": 0.2786259541984733, "SHOT_TYPE_CORNER_3_OFFENSIVE": 0.09712230215827339, "SHOT_TYPE_CORNER_3_DEFENSIVE": 0.1297709923664122, "SHOT_TYPE_LONG_MID_RANGE_OFFENSIVE": 0.050359712230215826, "SHOT_TYPE_LONG_MID_RANGE_DEFENSIVE": 0.11068702290076336, "SHOT_TYPE_SHORT_MID_RANGE_OFFENSIVE": 0.12589928057553956, "SHOT_TYPE_SHORT_MID_RANGE_DEFENSIVE": 0.16412213740458015, "TURNOVER": 0.07894736842105263, "VIOLATION_DEFENSIVE_GOALTENDING": 0.0, "VIOLATION_DEFENSIVE_KICK_BALL": 0.0}