{"ASSIST": 0.1282051282051282, "BLOCK": 0.11764705882352941, "FG_ARC_3_ATTEMPT": 0.13513513513513514, "FG_ARC_3_BLOCK": 0.0, "FG_ARC_3_MADE": 0.4, "FG_ARC_3_MADE_FOUL": 0.0, "FG_AT_RIM_ATTEMPT": 0.10714285714285714, "FG_AT_RIM_BLOCK": 0.005952380952380952, "FG_AT_RIM_MADE": 0.8888888888888888, "FG_AT_RIM_MADE_FOUL": 0.011904761904761904, "FG_CORNER_3_ATTEMPT": 0.19148936170212766, "FG_CORNER_3_BLOCK": 0.0, "FG_CORNER_3_MADE": 0.1111111111111111, "FG_CORNER_3_MADE_FOUL": 0.0, "FG_LONG_MID_RANGE_ATTEMPT": 0.024390243902439025, "FG_LONG_MID_RANGE_BLOCK": 0.0, "FG_LONG_MID_RANGE_MADE": 1.0, "FG_LONG_MID_RANGE_MADE_FOUL": 0.0, "FG_SHORT_MID_RANGE_ATTEMPT": 0.09259259259259259, "FG_SHORT_MID_RANGE_BLOCK": 0.0, "FG_SHORT_MID_RANGE_MADE": 0.2, "FG_SHORT_MID_RANGE_MADE_FOUL": 0.0, "FG_XY": {"ARC_3": {"5|254": 0.05, "-107|237": 0.05, "77|259": 0.05, "212|136": 0.05, "-176|174": 0.05, "-102|235": 0.05, "221|101": 0.05, "-200|193": 0.05, "165|197": 0.05, "43|254": 0.05, "-119|236": 0.05, "-141|216": 0.05, "-135|222": 0.05, "-140|223": 0.05, "196|172": 0.05, "-225|95": 0.05, "70|245": 0.05, "-165|200": 0.05, "-189|171": 0.05, "142|214": 0.05}, "AT_RIM": {"4|12": 0.05555555555555555, "12|11": 0.05555555555555555, "-23|21": 0.05555555555555555, "6|25": 0.05555555555555555, "17|10": 0.05555555555555555, "-18|13": 0.05555555555555555, "-7|26": 0.05555555555555555, "-7|4": 0.05555555555555555, "-34|6": 0.05555555555555555, "9|10": 0.05555555555555555, "2|-4": 0.05555555555555555, "0|22": 0.05555555555555555, "12|22": 0.05555555555555555, "4|25": 0.05555555555555555, "-1|10": 0.05555555555555555, "-5|22": 0.05555555555555555, "16|11": 0.05555555555555555, "1|13": 0.05555555555555555}, "CORNER_3": {"232|7": 0.1111111111111111, "229|63": 0.1111111111111111, "-232|22": 0.1111111111111111, "-233|-12": 0.1111111111111111, "-237|-7": 0.1111111111111111, "-228|29": 0.1111111111111111, "-234|5": 0.1111111111111111, "229|2": 0.1111111111111111, "-230|-1": 0.1111111111111111}, "LONG_MID_RANGE": {"134|131": 1.0}, "SHORT_MID_RANGE": {"-110|0": 0.1, "75|74": 0.1, "-23|71": 0.1, "118|15": 0.1, "-112|33": 0.1, "-23|68": 0.1, "-42|71": 0.1, "12|109": 0.1, "53|50": 0.1, "-16|58": 0.1}}, "FOUL_AWAY_FROM_PLAY": 0.0, "FOULED_AWAY_FROM_PLAY": 0.0, "FOUL_CLEAR_PATH": 0.0, "FOULED_CLEAR_PATH": 0.0, "FOUL_COUNT_AS_PERSONAL": 0.2711864406779661, "FOULED_COUNT_AS_PERSONAL": 0.1652892561983471, "FOUL_COUNT_TOWARD_PENALTY": 0.2857142857142857, "FOULED_COUNT_TOWARD_PENALTY": 0.17272727272727273, "FOUL_DEFENSIVE_NON_SHOOTING": 0.2982456140350877, "FOULED_DEFENSIVE_NON_SHOOTING": 0.17307692307692307, "FOUL_DOUBLE": 0.0, "FOUL_TECHNICAL_DOUBLE": 0.0, "FOUL_FLAGRANT": 1.0, "FOULED_FLAGRANT": 0.0, "FOUL_FLAGRANT_1": 1.0, "FOULED_FLAGRANT_1": 0.0, "FOUL_FLAGRANT_2": 0.0, "FOULED_FLAGRANT_2": 0.0, "FOUL_INBOUND": 0.0, "FOULED_INBOUND": 0.0, "FOUL_LOOSE_BALL": 0.0, "FOULED_LOOSE_BALL": 0.1, "FOUL_OFFENSIVE_CHARGE": 0.5, "FOULED_OFFENSIVE_CHARGE": 0.0, "FOUL_OFFENSIVE_OTHER": 0.0, "FOULED_OFFENSIVE_OTHER": 0.0, "FOUL_OFFENSIVE_TOTAL": 0.15384615384615385, "FOULED_OFFENSIVE_TOTAL": 0.09090909090909091, "FOUL_PERSONAL": 0.3076923076923077, "FOULED_PERSONAL": 0.22857142857142856, "FOUL_PERSONAL_BLOCK": 0.0, "FOULED_PERSONAL_BLOCK": 0.0, "FOUL_PERSONAL_TAKE": 0.16666666666666666, "FOULED_PERSONAL_TAKE": 0.0, "FOUL_SHOOTING": 0.2708333333333333, "FOULED_SHOOTING": 0.1724137931034483, "FOUL_SHOOTING_BLOCK": 0.0, "FOULED_SHOOTING_BLOCK": 0.0, "FOUL_TECHNICAL": 0.0, "FT": 0.6086956521739131, "REBOUND_DEFENSIVE": 0.17114093959731544, "REBOUND_OFFENSIVE": 0.045774647887323945, "STEAL": 0.1346153846153846, "SHOT_TYPE_ARC_3_OFFENSIVE": 0.2890625, "SHOT_TYPE_ARC_3_DEFENSIVE": 0.36363636363636365, "SHOT_TYPE_AT_RIM_OFFENSIVE": 0.328125, "SHOT_TYPE_AT_RIM_DEFENSIVE": 0.29980657640232106, "SHOT_TYPE_CORNER_3_OFFENSIVE": 0.091796875, "SHOT_TYPE_CORNER_3_DEFENSIVE": 0.1276595744680851, "SHOT_TYPE_LONG_MID_RANGE_OFFENSIVE": 0.080078125, "SHOT_TYPE_LONG_MID_RANGE_DEFENSIVE": 0.0735009671179884, "SHOT_TYPE_SHORT_MID_RANGE_OFFENSIVE": 0.2109375, "SHOT_TYPE_SHORT_MID_RANGE_DEFENSIVE": 0.13539651837524178, "TURNOVER": 0.1518987341772152, "VIOLATION_DEFENSIVE_GOALTENDING": 0.0, "VIOLATION_DEFENSIVE_KICK_BALL": 0.0}