{"ASSIST": 0.09178743961352658, "BLOCK": 0.10810810810810811, "FG_ARC_3_ATTEMPT": 0.2109375, "FG_ARC_3_BLOCK": 0.0, "FG_ARC_3_MADE": 0.24074074074074073, "FG_ARC_3_MADE_FOUL": 0.0, "FG_AT_RIM_ATTEMPT": 0.17256637168141592, "FG_AT_RIM_BLOCK": 0.02654867256637168, "FG_AT_RIM_MADE": 0.4358974358974359, "FG_AT_RIM_MADE_FOUL": 0.008849557522123894, "FG_CORNER_3_ATTEMPT": 0.2, "FG_CORNER_3_BLOCK": 0.014285714285714285, "FG_CORNER_3_MADE": 0.0, "FG_CORNER_3_MADE_FOUL": 0.0, "FG_LONG_MID_RANGE_ATTEMPT": 0.1794871794871795, "FG_LONG_MID_RANGE_BLOCK": 0.008547008547008548, "FG_LONG_MID_RANGE_MADE": 0.23809523809523808, "FG_LONG_MID_RANGE_MADE_FOUL": 0.0, "FG_SHORT_MID_RANGE_ATTEMPT": 0.1761904761904762, "FG_SHORT_MID_RANGE_BLOCK": 0.02857142857142857, "FG_SHORT_MID_RANGE_MADE": 0.32432432432432434, "FG_SHORT_MID_RANGE_MADE_FOUL": 0.009523809523809525, "FG_XY": {"ARC_3": {"137|229": 0.018518518518518517, "-202|176": 0.018518518518518517, "-176|189": 0.018518518518518517, "-44|251": 0.018518518518518517, "-126|228": 0.018518518518518517, "-80|281": 0.018518518518518517, "183|190": 0.018518518518518517, "-167|176": 0.018518518518518517, "-208|140": 0.018518518518518517, "23|285": 0.018518518518518517, "154|211": 0.018518518518518517, "38|263": 0.018518518518518517, "88|257": 0.018518518518518517, "-190|185": 0.018518518518518517, "99|255": 0.018518518518518517, "-154|190": 0.018518518518518517, "124|219": 0.018518518518518517, "-99|236": 0.018518518518518517, "-131|215": 0.018518518518518517, "108|235": 0.018518518518518517, "121|216": 0.018518518518518517, "-62|247": 0.018518518518518517, "-176|192": 0.018518518518518517, "-65|249": 0.018518518518518517, "-163|217": 0.018518518518518517, "178|245": 0.018518518518518517, "164|240": 0.018518518518518517, "-147|232": 0.018518518518518517, "78|243": 0.018518518518518517, "-99|240": 0.018518518518518517, "77|242": 0.018518518518518517, "69|254": 0.018518518518518517, "-216|137": 0.018518518518518517, "176|175": 0.018518518518518517, "-203|135": 0.018518518518518517, "-145|200": 0.018518518518518517, "185|159": 0.018518518518518517, "112|215": 0.018518518518518517, "151|194": 0.018518518518518517, "49|247": 0.018518518518518517, "-102|226": 0.018518518518518517, "100|231": 0.018518518518518517, "-205|149": 0.018518518518518517, "-162|193": 0.018518518518518517, "-12|252": 0.018518518518518517, "195|162": 0.018518518518518517, "-112|239": 0.018518518518518517, "6|256": 0.018518518518518517, "-168|227": 0.018518518518518517, "87|259": 0.018518518518518517, "114|233": 0.018518518518518517, "60|269": 0.018518518518518517, "-36|253": 0.018518518518518517, "105|235": 0.018518518518518517}, "AT_RIM": {"-6|-2": 0.02564102564102564, "0|0": 0.05128205128205128, "5|22": 0.02564102564102564, "-4|20": 0.02564102564102564, "15|7": 0.02564102564102564, "-5|0": 0.02564102564102564, "-1|17": 0.02564102564102564, "0|26": 0.02564102564102564, "-23|31": 0.02564102564102564, "-6|6": 0.02564102564102564, "-20|5": 0.02564102564102564, "20|23": 0.02564102564102564, "-1|13": 0.02564102564102564, "23|-1": 0.02564102564102564, "-2|-16": 0.02564102564102564, "13|20": 0.02564102564102564, "-4|6": 0.02564102564102564, "2|5": 0.02564102564102564, "12|1": 0.02564102564102564, "-17|35": 0.02564102564102564, "-20|10": 0.02564102564102564, "17|28": 0.02564102564102564, "-1|-5": 0.02564102564102564, "9|10": 0.02564102564102564, "17|-2": 0.02564102564102564, "-18|-8": 0.02564102564102564, "-9|-6": 0.02564102564102564, "-6|10": 0.02564102564102564, "0|4": 0.02564102564102564, "-6|8": 0.02564102564102564, "-6|7": 0.02564102564102564, "20|16": 0.02564102564102564, "10|9": 0.02564102564102564, "6|15": 0.02564102564102564, "0|12": 0.02564102564102564, "0|8": 0.02564102564102564, "5|8": 0.02564102564102564, "-5|16": 0.02564102564102564}, "CORNER_3": {"-230|10": 0.07142857142857142, "234|-25": 0.07142857142857142, "-239|29": 0.07142857142857142, "225|55": 0.07142857142857142, "227|57": 0.07142857142857142, "228|58": 0.07142857142857142, "229|58": 0.07142857142857142, "223|45": 0.07142857142857142, "230|83": 0.07142857142857142, "-240|56": 0.07142857142857142, "240|13": 0.07142857142857142, "228|-29": 0.07142857142857142, "-232|61": 0.07142857142857142, "228|0": 0.07142857142857142}, "LONG_MID_RANGE": {"-192|68": 0.047619047619047616, "191|74": 0.047619047619047616, "-161|58": 0.047619047619047616, "94|197": 0.047619047619047616, "127|132": 0.047619047619047616, "-143|8": 0.047619047619047616, "-18|163": 0.047619047619047616, "-159|-2": 0.047619047619047616, "-97|185": 0.047619047619047616, "-113|89": 0.047619047619047616, "5|200": 0.047619047619047616, "167|93": 0.047619047619047616, "64|200": 0.047619047619047616, "-6|164": 0.047619047619047616, "15|147": 0.047619047619047616, "-81|157": 0.047619047619047616, "-100|143": 0.047619047619047616, "97|146": 0.047619047619047616, "43|172": 0.047619047619047616, "-145|144": 0.047619047619047616, "-9|181": 0.047619047619047616}, "SHORT_MID_RANGE": {"-42|52": 0.02702702702702703, "-44|-4": 0.02702702702702703, "7|69": 0.02702702702702703, "116|10": 0.02702702702702703, "45|119": 0.02702702702702703, "-42|105": 0.02702702702702703, "-50|9": 0.02702702702702703, "115|-15": 0.02702702702702703, "-29|133": 0.02702702702702703, "9|104": 0.02702702702702703, "-2|131": 0.02702702702702703, "47|45": 0.02702702702702703, "94|-8": 0.02702702702702703, "50|27": 0.02702702702702703, "-47|55": 0.02702702702702703, "-85|84": 0.02702702702702703, "135|-4": 0.02702702702702703, "-39|23": 0.02702702702702703, "26|72": 0.02702702702702703, "-125|34": 0.02702702702702703, "27|51": 0.02702702702702703, "-54|95": 0.02702702702702703, "-37|15": 0.02702702702702703, "21|47": 0.02702702702702703, "-34|62": 0.02702702702702703, "88|96": 0.02702702702702703, "-114|-7": 0.02702702702702703, "-2|126": 0.02702702702702703, "69|41": 0.02702702702702703, "42|102": 0.02702702702702703, "-4|58": 0.02702702702702703, "-82|108": 0.02702702702702703, "2|115": 0.02702702702702703, "-40|47": 0.02702702702702703, "-26|130": 0.02702702702702703, "20|117": 0.02702702702702703, "16|102": 0.02702702702702703}}, "FOUL_AWAY_FROM_PLAY": 0.0, "FOULED_AWAY_FROM_PLAY": 0.0, "FOUL_CLEAR_PATH": 0.0, "FOULED_CLEAR_PATH": 0.0, "FOUL_COUNT_AS_PERSONAL": 0.17045454545454544, "FOULED_COUNT_AS_PERSONAL": 0.19597989949748743, "FOUL_COUNT_TOWARD_PENALTY": 0.16265060240963855, "FOULED_COUNT_TOWARD_PENALTY": 0.1956521739130435, "FOUL_DEFENSIVE_NON_SHOOTING": 0.15730337078651685, "FOULED_DEFENSIVE_NON_SHOOTING": 0.1282051282051282, "FOUL_DOUBLE": 0.0, "FOUL_TECHNICAL_DOUBLE": 0.0, "FOUL_FLAGRANT": 0.0, "FOULED_FLAGRANT": 0.0, "FOUL_FLAGRANT_1": 0.0, "FOULED_FLAGRANT_1": 0.0, "FOUL_FLAGRANT_2": 0.0, "FOULED_FLAGRANT_2": 0.0, "FOUL_INBOUND": 0.0, "FOULED_INBOUND": 0.0, "FOUL_LOOSE_BALL": 0.0, "FOULED_LOOSE_BALL": 0.2857142857142857, "FOUL_OFFENSIVE_CHARGE": 0.6666666666666666, "FOULED_OFFENSIVE_CHARGE": 0.1111111111111111, "FOUL_OFFENSIVE_OTHER": 0.0, "FOULED_OFFENSIVE_OTHER": 0.0, "FOUL_OFFENSIVE_TOTAL": 0.3, "FOULED_OFFENSIVE_TOTAL": 0.2, "FOUL_PERSONAL": 0.2222222222222222, "FOULED_PERSONAL": 0.10227272727272728, "FOUL_PERSONAL_BLOCK": 0.0, "FOULED_PERSONAL_BLOCK": 0.0, "FOUL_PERSONAL_TAKE": 0.09090909090909091, "FOULED_PERSONAL_TAKE": 0.13333333333333333, "FOUL_SHOOTING": 0.16883116883116883, "FOULED_SHOOTING": 0.31343283582089554, "FOUL_SHOOTING_BLOCK": 0.0, "FOULED_SHOOTING_BLOCK": 0.0, "FOUL_TECHNICAL": 0.0, "FT": 0.8913043478260869, "REBOUND_DEFENSIVE": 0.08151093439363817, "REBOUND_OFFENSIVE": 0.03461538461538462, "STEAL": 0.32857142857142857, "SHOT_TYPE_ARC_3_OFFENSIVE": 0.2912400455062571, "SHOT_TYPE_ARC_3_DEFENSIVE": 0.33483652762119503, "SHOT_TYPE_AT_RIM_OFFENSIVE": 0.2571103526734926, "SHOT_TYPE_AT_RIM_DEFENSIVE": 0.28861330326944756, "SHOT_TYPE_CORNER_3_OFFENSIVE": 0.07963594994311718, "SHOT_TYPE_CORNER_3_DEFENSIVE": 0.10033821871476889, "SHOT_TYPE_LONG_MID_RANGE_OFFENSIVE": 0.13310580204778158, "SHOT_TYPE_LONG_MID_RANGE_DEFENSIVE": 0.08906426155580609,