{"ASSIST": 0.07547169811320754, "BLOCK": 0.14285714285714285, "FG_ARC_3_ATTEMPT": 0.12903225806451613, "FG_ARC_3_BLOCK": 0.0, "FG_ARC_3_MADE": 0.25, "FG_ARC_3_MADE_FOUL": 0.0, "FG_AT_RIM_ATTEMPT": 0.17142857142857143, "FG_AT_RIM_BLOCK": 0.014285714285714285, "FG_AT_RIM_MADE": 0.25, "FG_AT_RIM_MADE_FOUL": 0.0, "FG_CORNER_3_ATTEMPT": 0.28, "FG_CORNER_3_BLOCK": 0.0, "FG_CORNER_3_MADE": 0.14285714285714285, "FG_CORNER_3_MADE_FOUL": 0.0, "FG_LONG_MID_RANGE_ATTEMPT": 0.0, "FG_LONG_MID_RANGE_BLOCK": 0.0, "FG_LONG_MID_RANGE_MADE": 0.0, "FG_LONG_MID_RANGE_MADE_FOUL": 0.0, "FG_SHORT_MID_RANGE_ATTEMPT": 0.024390243902439025, "FG_SHORT_MID_RANGE_BLOCK": 0.0, "FG_SHORT_MID_RANGE_MADE": 0.0, "FG_SHORT_MID_RANGE_MADE_FOUL": 0.0, "FG_XY": {"ARC_3": {"213|138": 0.125, "201|152": 0.125, "192|145": 0.125, "-178|169": 0.125, "25|255": 0.125, "169|530": 0.125, "-130|221": 0.125, "113|239": 0.125}, "AT_RIM": {"17|20": 0.08333333333333333, "-4|13": 0.08333333333333333, "-17|8": 0.08333333333333333, "10|10": 0.08333333333333333, "2|6": 0.08333333333333333, "-5|28": 0.08333333333333333, "-25|7": 0.08333333333333333, "-21|5": 0.08333333333333333, "-25|27": 0.08333333333333333, "-23|4": 0.08333333333333333, "-1|20": 0.08333333333333333, "0|14": 0.08333333333333333}, "CORNER_3": {"224|46": 0.14285714285714285, "225|53": 0.14285714285714285, "224|67": 0.14285714285714285, "-225|29": 0.14285714285714285, "228|47": 0.14285714285714285, "-222|17": 0.14285714285714285, "221|37": 0.14285714285714285}, "LONG_MID_RANGE": {}, "SHORT_MID_RANGE": {"-13|55": 1.0}}, "FOUL_AWAY_FROM_PLAY": 0.0, "FOULED_AWAY_FROM_PLAY": 0.0, "FOUL_CLEAR_PATH": 0.0, "FOULED_CLEAR_PATH": 0.0, "FOUL_COUNT_AS_PERSONAL": 0.18518518518518517, "FOULED_COUNT_AS_PERSONAL": 0.08, "FOUL_COUNT_TOWARD_PENALTY": 0.16666666666666666, "FOULED_COUNT_TOWARD_PENALTY": 0.046511627906976744, "FOUL_DEFENSIVE_NON_SHOOTING": 0.21052631578947367, "FOULED_DEFENSIVE_NON_SHOOTING": 0.0, "FOUL_DOUBLE": 0.0, "FOUL_TECHNICAL_DOUBLE": 0.0, "FOUL_FLAGRANT": 0.0, "FOULED_FLAGRANT": 0.0, "FOUL_FLAGRANT_1": 0.0, "FOULED_FLAGRANT_1": 0.0, "FOUL_FLAGRANT_2": 0.0, "FOULED_FLAGRANT_2": 0.0, "FOUL_INBOUND": 0.0, "FOULED_INBOUND": 0.0, "FOUL_LOOSE_BALL": 0.0, "FOULED_LOOSE_BALL": 0.0, "FOUL_OFFENSIVE_CHARGE": 0.6666666666666666, "FOULED_OFFENSIVE_CHARGE": 0.0, "FOUL_OFFENSIVE_OTHER": 0.0, "FOULED_OFFENSIVE_OTHER": 0.0, "FOUL_OFFENSIVE_TOTAL": 0.3333333333333333, "FOULED_OFFENSIVE_TOTAL": 0.2857142857142857, "FOUL_PERSONAL": 0.2, "FOULED_PERSONAL": 0.0, "FOUL_PERSONAL_BLOCK": 0.0, "FOULED_PERSONAL_BLOCK": 0.0, "FOUL_PERSONAL_TAKE": 0.25, "FOULED_PERSONAL_TAKE": 0.0, "FOUL_SHOOTING": 0.13793103448275862, "FOULED_SHOOTING": 0.10526315789473684, "FOUL_SHOOTING_BLOCK": 0.0, "FOULED_SHOOTING_BLOCK": 0.0, "FOUL_TECHNICAL": 0.0, "FT": 0.2, "REBOUND_DEFENSIVE": 0.15748031496062992, "REBOUND_OFFENSIVE": 0.03007518796992481, "STEAL": 0.1111111111111111, "SHOT_TYPE_ARC_3_OFFENSIVE": 0.2767857142857143, "SHOT_TYPE_ARC_3_DEFENSIVE": 0.2857142857142857, "SHOT_TYPE_AT_RIM_OFFENSIVE": 0.3125, "SHOT_TYPE_AT_RIM_DEFENSIVE": 0.2987012987012987, "SHOT_TYPE_CORNER_3_OFFENSIVE": 0.11160714285714286, "SHOT_TYPE_CORNER_3_DEFENSIVE": 0.09090909090909091, "SHOT_TYPE_LONG_MID_RANGE_OFFENSIVE": 0.11607142857142858, "SHOT_TYPE_LONG_MID_RANGE_DEFENSIVE": 0.09090909090909091, "SHOT_TYPE_SHORT_MID_RANGE_OFFENSIVE": 0.18303571428571427, "SHOT_TYPE_SHORT_MID_RANGE_DEFENSIVE": 0.23376623376623376, "TURNOVER": 0.17391304347826086, "VIOLATION_DEFENSIVE_GOALTENDING": 0.0, "VIOLATION_DEFENSIVE_KICK_BALL": 0.0}