{"ASSIST": 0.07142857142857142, "BLOCK": 0.16666666666666666, "FG_ARC_3_ATTEMPT": 0.2, "FG_ARC_3_BLOCK": 0.0, "FG_ARC_3_MADE": 0.07407407407407407, "FG_ARC_3_MADE_FOUL": 0.0, "FG_AT_RIM_ATTEMPT": 0.08620689655172414, "FG_AT_RIM_BLOCK": 0.017241379310344827, "FG_AT_RIM_MADE": 0.5, "FG_AT_RIM_MADE_FOUL": 0.008620689655172414, "FG_CORNER_3_ATTEMPT": 0.2553191489361702, "FG_CORNER_3_BLOCK": 0.02127659574468085, "FG_CORNER_3_MADE": 0.08333333333333333, "FG_CORNER_3_MADE_FOUL": 0.0, "FG_LONG_MID_RANGE_ATTEMPT": 0.02040816326530612, "FG_LONG_MID_RANGE_BLOCK": 0.0, "FG_LONG_MID_RANGE_MADE": 1.0, "FG_LONG_MID_RANGE_MADE_FOUL": 0.0, "FG_SHORT_MID_RANGE_ATTEMPT": 0.06837606837606838, "FG_SHORT_MID_RANGE_BLOCK": 0.017094017094017096, "FG_SHORT_MID_RANGE_MADE": 0.375, "FG_SHORT_MID_RANGE_MADE_FOUL": 0.0, "FG_XY": {"ARC_3": {"120|231": 0.037037037037037035, "191|180": 0.037037037037037035, "146|227": 0.037037037037037035, "107|231": 0.037037037037037035, "15|288": 0.037037037037037035, "-115|227": 0.037037037037037035, "-174|203": 0.037037037037037035, "219|113": 0.037037037037037035, "157|197": 0.037037037037037035, "174|184": 0.037037037037037035, "186|188": 0.037037037037037035, "-216|149": 0.037037037037037035, "-80|277": 0.037037037037037035, "-194|168": 0.037037037037037035, "222|115": 0.037037037037037035, "207|179": 0.037037037037037035, "169|199": 0.037037037037037035, "-184|185": 0.037037037037037035, "150|230": 0.037037037037037035, "-23|260": 0.037037037037037035, "113|245": 0.037037037037037035, "71|694": 0.037037037037037035, "-20|260": 0.037037037037037035, "-136|239": 0.037037037037037035, "217|122": 0.037037037037037035, "-157|201": 0.037037037037037035, "218|163": 0.037037037037037035}, "AT_RIM": {"0|0": 0.1, "13|13": 0.1, "-5|17": 0.1, "5|21": 0.1, "-6|13": 0.1, "-16|3": 0.1, "18|16": 0.1, "18|11": 0.1, "-18|22": 0.1, "4|4": 0.1}, "CORNER_3": {"239|2": 0.08333333333333333, "-227|78": 0.08333333333333333, "-233|-8": 0.08333333333333333, "235|80": 0.08333333333333333, "-234|7": 0.08333333333333333, "225|26": 0.08333333333333333, "237|57": 0.08333333333333333, "-243|-9": 0.08333333333333333, "-239|-5": 0.08333333333333333, "-232|44": 0.08333333333333333, "227|14": 0.08333333333333333, "-230|9": 0.08333333333333333}, "LONG_MID_RANGE": {"1|163": 1.0}, "SHORT_MID_RANGE": {"20|60": 0.125, "27|29": 0.125, "-47|49": 0.125, "-7|79": 0.125, "-31|127": 0.125, "96|2": 0.125, "-42|8": 0.125, "-100|75": 0.125}}, "FOUL_AWAY_FROM_PLAY": 0.0, "FOULED_AWAY_FROM_PLAY": 0.0, "FOUL_CLEAR_PATH": 0.0, "FOULED_CLEAR_PATH": 0.0, "FOUL_COUNT_AS_PERSONAL": 0.14678899082568808, "FOULED_COUNT_AS_PERSONAL": 0.13131313131313133, "FOUL_COUNT_TOWARD_PENALTY": 0.1702127659574468, "FOULED_COUNT_TOWARD_PENALTY": 0.07692307692307693, "FOUL_DEFENSIVE_NON_SHOOTING": 0.11320754716981132, "FOULED_DEFENSIVE_NON_SHOOTING": 0.05555555555555555, "FOUL_DOUBLE": 0.0, "FOUL_TECHNICAL_DOUBLE": 0.0, "FOUL_FLAGRANT": 0.0, "FOULED_FLAGRANT": 0.0, "FOUL_FLAGRANT_1": 0.0, "FOULED_FLAGRANT_1": 0.0, "FOUL_FLAGRANT_2": 0.0, "FOULED_FLAGRANT_2": 0.0, "FOUL_INBOUND": 0.0, "FOULED_INBOUND": 0.0, "FOUL_LOOSE_BALL": 0.0, "FOULED_LOOSE_BALL": 0.0, "FOUL_OFFENSIVE_CHARGE": 0.0, "FOULED_OFFENSIVE_CHARGE": 0.38461538461538464, "FOUL_OFFENSIVE_OTHER": 0.0, "FOULED_OFFENSIVE_OTHER": 0.0, "FOUL_OFFENSIVE_TOTAL": 0.0, "FOULED_OFFENSIVE_TOTAL": 0.3333333333333333, "FOUL_PERSONAL": 0.11627906976744186, "FOULED_PERSONAL": 0.0625, "FOUL_PERSONAL_BLOCK": 0.0, "FOULED_PERSONAL_BLOCK": 0.0, "FOUL_PERSONAL_TAKE": 0.5, "FOULED_PERSONAL_TAKE": 0.0, "FOUL_SHOOTING": 0.24390243902439024, "FOULED_SHOOTING": 0.09523809523809523, "FOUL_SHOOTING_BLOCK": 0.0, "FOULED_SHOOTING_BLOCK": 0.0, "FOUL_TECHNICAL": 0.0, "FT": 0.5833333333333334, "REBOUND_DEFENSIVE": 0.15693430656934307, "REBOUND_OFFENSIVE": 0.0125, "STEAL": 0.15, "SHOT_TYPE_ARC_3_OFFENSIVE": 0.29094827586206895, "SHOT_TYPE_ARC_3_DEFENSIVE": 0.3540772532188841, "SHOT_TYPE_AT_RIM_OFFENSIVE": 0.25, "SHOT_TYPE_AT_RIM_DEFENSIVE": 0.2532188841201717, "SHOT_TYPE_CORNER_3_OFFENSIVE": 0.10129310344827586, "SHOT_TYPE_CORNER_3_DEFENSIVE": 0.14377682403433475, "SHOT_TYPE_LONG_MID_RANGE_OFFENSIVE": 0.10560344827586207, "SHOT_TYPE_LONG_MID_RANGE_DEFENSIVE": 0.07725321888412018, "SHOT_TYPE_SHORT_MID_RANGE_OFFENSIVE": 0.2521551724137931, "SHOT_TYPE_SHORT_MID_RANGE_DEFENSIVE": 0.17167381974248927, "TURNOVER": 0.07865168539325842, "VIOLATION_DEFENSIVE_GOALTENDING": 0.0, "VIOLATION_DEFENSIVE_KICK_BALL": 0.0}