{"ASSIST": 0.061224489795918366, "BLOCK": 0.5294117647058824, "FG_ARC_3_ATTEMPT": 0.2054794520547945, "FG_ARC_3_BLOCK": 0.0, "FG_ARC_3_MADE": 0.0, "FG_ARC_3_MADE_FOUL": 0.0, "FG_AT_RIM_ATTEMPT": 0.25757575757575757, "FG_AT_RIM_BLOCK": 0.045454545454545456, "FG_AT_RIM_MADE": 0.5294117647058824, "FG_AT_RIM_MADE_FOUL": 0.030303030303030304, "FG_CORNER_3_ATTEMPT": 0.2, "FG_CORNER_3_BLOCK": 0.0, "FG_CORNER_3_MADE": 0.0, "FG_CORNER_3_MADE_FOUL": 0.0, "FG_LONG_MID_RANGE_ATTEMPT": 0.04, "FG_LONG_MID_RANGE_BLOCK": 0.0, "FG_LONG_MID_RANGE_MADE": 0.0, "FG_LONG_MID_RANGE_MADE_FOUL": 0.0, "FG_SHORT_MID_RANGE_ATTEMPT": 0.08771929824561403, "FG_SHORT_MID_RANGE_BLOCK": 0.03508771929824561, "FG_SHORT_MID_RANGE_MADE": 0.0, "FG_SHORT_MID_RANGE_MADE_FOUL": 0.0, "FG_XY": {"ARC_3": {"-76|251": 0.06666666666666667, "146|210": 0.06666666666666667, "88|239": 0.06666666666666667, "102|243": 0.06666666666666667, "159|200": 0.06666666666666667, "135|225": 0.06666666666666667, "-119|211": 0.06666666666666667, "105|241": 0.06666666666666667, "83|235": 0.06666666666666667, "103|248": 0.06666666666666667, "47|241": 0.06666666666666667, "-21|248": 0.06666666666666667, "165|200": 0.06666666666666667, "9|263": 0.06666666666666667, "113|239": 0.06666666666666667}, "AT_RIM": {"0|0": 0.23529411764705882, "-13|21": 0.058823529411764705, "-27|21": 0.058823529411764705, "21|12": 0.058823529411764705, "-23|5": 0.058823529411764705, "5|2": 0.058823529411764705, "6|36": 0.058823529411764705, "-22|14": 0.058823529411764705, "1|21": 0.058823529411764705, "-12|19": 0.058823529411764705, "17|14": 0.058823529411764705, "4|0": 0.058823529411764705, "18|14": 0.058823529411764705, "-5|4": 0.058823529411764705}, "CORNER_3": {"227|13": 0.25, "237|52": 0.25, "-232|17": 0.25, "-235|2": 0.25}, "LONG_MID_RANGE": {"-74|188": 1.0}, "SHORT_MID_RANGE": {"-48|11": 0.2, "-38|68": 0.2, "-21|51": 0.2, "-50|22": 0.2, "28|95": 0.2}}, "FOUL_AWAY_FROM_PLAY": 0.0, "FOULED_AWAY_FROM_PLAY": 0.0, "FOUL_CLEAR_PATH": 0.0, "FOULED_CLEAR_PATH": 0.0, "FOUL_COUNT_AS_PERSONAL": 0.4807692307692308, "FOULED_COUNT_AS_PERSONAL": 0.20754716981132076, "FOUL_COUNT_TOWARD_PENALTY": 0.4897959183673469, "FOULED_COUNT_TOWARD_PENALTY": 0.22916666666666666, "FOUL_DEFENSIVE_NON_SHOOTING": 0.48148148148148145, "FOULED_DEFENSIVE_NON_SHOOTING": 0.09090909090909091, "FOUL_DOUBLE": 0.0, "FOUL_TECHNICAL_DOUBLE": 1.0, "FOUL_FLAGRANT": 0.0, "FOULED_FLAGRANT": 0.0, "FOUL_FLAGRANT_1": 0.0, "FOULED_FLAGRANT_1": 0.0, "FOUL_FLAGRANT_2": 0.0, "FOULED_FLAGRANT_2": 0.0, "FOUL_INBOUND": 0.0, "FOULED_INBOUND": 0.0, "FOUL_LOOSE_BALL": 0.0, "FOULED_LOOSE_BALL": 0.0, "FOUL_OFFENSIVE_CHARGE": 0.0, "FOULED_OFFENSIVE_CHARGE": 0.0, "FOUL_OFFENSIVE_OTHER": 0.0, "FOULED_OFFENSIVE_OTHER": 0.0, "FOUL_OFFENSIVE_TOTAL": 0.3333333333333333, "FOULED_OFFENSIVE_TOTAL": 0.0, "FOUL_PERSONAL": 0.5, "FOULED_PERSONAL": 0.13333333333333333, "FOUL_PERSONAL_BLOCK": 0.0, "FOULED_PERSONAL_BLOCK": 0.0, "FOUL_PERSONAL_TAKE": 0.5, "FOULED_PERSONAL_TAKE": 0.0, "FOUL_SHOOTING": 0.5, "FOULED_SHOOTING": 0.34615384615384615, "FOUL_SHOOTING_BLOCK": 0.0, "FOULED_SHOOTING_BLOCK": 0.0, "FOUL_TECHNICAL": 0.0, "FT": 0.6666666666666666, "REBOUND_DEFENSIVE": 0.15384615384615385, "REBOUND_OFFENSIVE": 0.1103448275862069, "STEAL": 0.375, "SHOT_TYPE_ARC_3_OFFENSIVE": 0.3029045643153527, "SHOT_TYPE_ARC_3_DEFENSIVE": 0.28054298642533937, "SHOT_TYPE_AT_RIM_OFFENSIVE": 0.27385892116182575, "SHOT_TYPE_AT_RIM_DEFENSIVE": 0.33031674208144796, "SHOT_TYPE_CORNER_3_OFFENSIVE": 0.08298755186721991, "SHOT_TYPE_CORNER_3_DEFENSIVE": 0.13122171945701358, "SHOT_TYPE_LONG_MID_RANGE_OFFENSIVE": 0.1037344398340249, "SHOT_TYPE_LONG_MID_RANGE_DEFENSIVE": 0.08144796380090498, "SHOT_TYPE_SHORT_MID_RANGE_OFFENSIVE": 0.23651452282157676, "SHOT_TYPE_SHORT_MID_RANGE_DEFENSIVE": 0.17647058823529413, "TURNOVER": 0.1388888888888889, "VIOLATION_DEFENSIVE_GOALTENDING": 0.0, "VIOLATION_DEFENSIVE_KICK_BALL": 1.0}