{"ASSIST": 0.06060606060606061, "BLOCK": 0.5833333333333334, "FG_ARC_3_ATTEMPT": 0.07317073170731707, "FG_ARC_3_BLOCK": 0.0, "FG_ARC_3_MADE": 0.3333333333333333, "FG_ARC_3_MADE_FOUL": 0.0, "FG_AT_RIM_ATTEMPT": 0.2647058823529412, "FG_AT_RIM_BLOCK": 0.029411764705882353, "FG_AT_RIM_MADE": 0.6666666666666666, "FG_AT_RIM_MADE_FOUL": 0.0, "FG_CORNER_3_ATTEMPT": 0.058823529411764705, "FG_CORNER_3_BLOCK": 0.0, "FG_CORNER_3_MADE": 0.0, "FG_CORNER_3_MADE_FOUL": 0.0, "FG_LONG_MID_RANGE_ATTEMPT": 0.0, "FG_LONG_MID_RANGE_BLOCK": 0.0, "FG_LONG_MID_RANGE_MADE": 0.0, "FG_LONG_MID_RANGE_MADE_FOUL": 0.0, "FG_SHORT_MID_RANGE_ATTEMPT": 0.0, "FG_SHORT_MID_RANGE_BLOCK": 0.0, "FG_SHORT_MID_RANGE_MADE": 0.0, "FG_SHORT_MID_RANGE_MADE_FOUL": 0.0, "FG_XY": {"ARC_3": {"81|232": 0.3333333333333333, "-114|231": 0.3333333333333333, "-98|244": 0.3333333333333333}, "AT_RIM": {"-27|11": 0.1111111111111111, "-26|15": 0.1111111111111111, "-22|18": 0.1111111111111111, "0|0": 0.5555555555555556, "25|9": 0.1111111111111111}, "CORNER_3": {"222|5": 1.0}, "LONG_MID_RANGE": {}, "SHORT_MID_RANGE": {}}, "FOUL_AWAY_FROM_PLAY": 0.0, "FOULED_AWAY_FROM_PLAY": 0.0, "FOUL_CLEAR_PATH": 0.0, "FOULED_CLEAR_PATH": 0.0, "FOUL_COUNT_AS_PERSONAL": 0.36666666666666664, "FOULED_COUNT_AS_PERSONAL": 0.30434782608695654, "FOUL_COUNT_TOWARD_PENALTY": 0.3793103448275862, "FOULED_COUNT_TOWARD_PENALTY": 0.3333333333333333, "FOUL_DEFENSIVE_NON_SHOOTING": 0.17647058823529413, "FOULED_DEFENSIVE_NON_SHOOTING": 0.2727272727272727, "FOUL_DOUBLE": 0.0, "FOUL_TECHNICAL_DOUBLE": 0.0, "FOUL_FLAGRANT": 0.0, "FOULED_FLAGRANT": 0.0, "FOUL_FLAGRANT_1": 0.0, "FOULED_FLAGRANT_1": 0.0, "FOUL_FLAGRANT_2": 0.0, "FOULED_FLAGRANT_2": 0.0, "FOUL_INBOUND": 0.0, "FOULED_INBOUND": 0.0, "FOUL_LOOSE_BALL": 0.0, "FOULED_LOOSE_BALL": 0.6666666666666666, "FOUL_OFFENSIVE_CHARGE": 0.0, "FOULED_OFFENSIVE_CHARGE": 0.0, "FOUL_OFFENSIVE_OTHER": 0.0, "FOULED_OFFENSIVE_OTHER": 0.0, "FOUL_OFFENSIVE_TOTAL": 0.0, "FOULED_OFFENSIVE_TOTAL": 0.0, "FOUL_PERSONAL": 0.23076923076923078, "FOULED_PERSONAL": 0.16666666666666666, "FOUL_PERSONAL_BLOCK": 0.0, "FOULED_PERSONAL_BLOCK": 0.0, "FOUL_PERSONAL_TAKE": 0.0, "FOULED_PERSONAL_TAKE": 0.0, "FOUL_SHOOTING": 0.6666666666666666, "FOULED_SHOOTING": 0.4, "FOUL_SHOOTING_BLOCK": 0.0, "FOULED_SHOOTING_BLOCK": 0.0, "FOUL_TECHNICAL": 0.0, "FT": 0.7142857142857143, "REBOUND_DEFENSIVE": 0.2289156626506024, "REBOUND_OFFENSIVE": 0.125, "STEAL": 0.08333333333333333, "SHOT_TYPE_ARC_3_OFFENSIVE": 0.2867132867132867, "SHOT_TYPE_ARC_3_DEFENSIVE": 0.34507042253521125, "SHOT_TYPE_AT_RIM_OFFENSIVE": 0.23776223776223776, "SHOT_TYPE_AT_RIM_DEFENSIVE": 0.2323943661971831, "SHOT_TYPE_CORNER_3_OFFENSIVE": 0.11888111888111888, "SHOT_TYPE_CORNER_3_DEFENSIVE": 0.09154929577464789, "SHOT_TYPE_LONG_MID_RANGE_OFFENSIVE": 0.06293706293706294, "SHOT_TYPE_LONG_MID_RANGE_DEFENSIVE": 0.09154929577464789, "SHOT_TYPE_SHORT_MID_RANGE_OFFENSIVE": 0.2937062937062937, "SHOT_TYPE_SHORT_MID_RANGE_DEFENSIVE": 0.23943661971830985, "TURNOVER": 0.12, "VIOLATION_DEFENSIVE_GOALTENDING": 0.0, "VIOLATION_DEFENSIVE_KICK_BALL": 0.0}