{"ASSIST": 0.12, "BLOCK": 0.25, "FG_ARC_3_ATTEMPT": 0.12121212121212122, "FG_ARC_3_BLOCK": 0.0, "FG_ARC_3_MADE": 0.25, "FG_ARC_3_MADE_FOUL": 0.0, "FG_AT_RIM_ATTEMPT": 0.18181818181818182, "FG_AT_RIM_BLOCK": 0.03636363636363636, "FG_AT_RIM_MADE": 0.4, "FG_AT_RIM_MADE_FOUL": 0.0, "FG_CORNER_3_ATTEMPT": 0.0, "FG_CORNER_3_BLOCK": 0.0, "FG_CORNER_3_MADE": 0.0, "FG_CORNER_3_MADE_FOUL": 0.0, "FG_LONG_MID_RANGE_ATTEMPT": 0.15384615384615385, "FG_LONG_MID_RANGE_BLOCK": 0.0, "FG_LONG_MID_RANGE_MADE": 1.0, "FG_LONG_MID_RANGE_MADE_FOUL": 0.0, "FG_SHORT_MID_RANGE_ATTEMPT": 0.3333333333333333, "FG_SHORT_MID_RANGE_BLOCK": 0.1111111111111111, "FG_SHORT_MID_RANGE_MADE": 0.1111111111111111, "FG_SHORT_MID_RANGE_MADE_FOUL": 0.0, "FG_XY": {"ARC_3": {"-7|278": 0.125, "1|259": 0.125, "11|262": 0.125, "105|232": 0.125, "99|226": 0.125, "4|257": 0.125, "23|246": 0.125, "-169|180": 0.125}, "AT_RIM": {"-7|25": 0.1, "-10|13": 0.1, "9|37": 0.1, "9|8": 0.1, "-1|27": 0.1, "22|24": 0.1, "0|0": 0.3, "-2|16": 0.1}, "CORNER_3": {}, "LONG_MID_RANGE": {"208|-10": 0.5, "-75|139": 0.5}, "SHORT_MID_RANGE": {"1|60": 0.1111111111111111, "0|93": 0.1111111111111111, "-4|59": 0.1111111111111111, "-5|48": 0.1111111111111111, "-82|8": 0.1111111111111111, "37|26": 0.1111111111111111, "-31|43": 0.1111111111111111, "11|54": 0.1111111111111111, "-132|22": 0.1111111111111111}}, "FOUL_AWAY_FROM_PLAY": 0.0, "FOULED_AWAY_FROM_PLAY": 0.0, "FOUL_CLEAR_PATH": 0.0, "FOULED_CLEAR_PATH": 0.0, "FOUL_COUNT_AS_PERSONAL": 0.2972972972972973, "FOULED_COUNT_AS_PERSONAL": 0.22857142857142856, "FOUL_COUNT_TOWARD_PENALTY": 0.29411764705882354, "FOULED_COUNT_TOWARD_PENALTY": 0.25806451612903225, "FOUL_DEFENSIVE_NON_SHOOTING": 0.2, "FOULED_DEFENSIVE_NON_SHOOTING": 0.3333333333333333, "FOUL_DOUBLE": 0.0, "FOUL_TECHNICAL_DOUBLE": 0.0, "FOUL_FLAGRANT": 0.0, "FOULED_FLAGRANT": 0.0, "FOUL_FLAGRANT_1": 0.0, "FOULED_FLAGRANT_1": 0.0, "FOUL_FLAGRANT_2": 0.0, "FOULED_FLAGRANT_2": 0.0, "FOUL_INBOUND": 0.0, "FOULED_INBOUND": 0.0, "FOUL_LOOSE_BALL": 0.0, "FOULED_LOOSE_BALL": 1.0, "FOUL_OFFENSIVE_CHARGE": 0.0, "FOULED_OFFENSIVE_CHARGE": 0.0, "FOUL_OFFENSIVE_OTHER": 0.0, "FOULED_OFFENSIVE_OTHER": 0.0, "FOUL_OFFENSIVE_TOTAL": 0.3333333333333333, "FOULED_OFFENSIVE_TOTAL": 0.0, "FOUL_PERSONAL": 0.25, "FOULED_PERSONAL": 0.2727272727272727, "FOUL_PERSONAL_BLOCK": 0.0, "FOULED_PERSONAL_BLOCK": 0.0, "FOUL_PERSONAL_TAKE": 0.0, "FOULED_PERSONAL_TAKE": 0.0, "FOUL_SHOOTING": 0.3684210526315789, "FOULED_SHOOTING": 0.1875, "FOUL_SHOOTING_BLOCK": 0.0, "FOULED_SHOOTING_BLOCK": 0.0, "FOUL_TECHNICAL": 0.0, "FT": 1.0, "REBOUND_DEFENSIVE": 0.13333333333333333, "REBOUND_OFFENSIVE": 0.09615384615384616, "STEAL": 0.07142857142857142, "SHOT_TYPE_ARC_3_OFFENSIVE": 0.3687150837988827, "SHOT_TYPE_ARC_3_DEFENSIVE": 0.31901840490797545, "SHOT_TYPE_AT_RIM_OFFENSIVE": 0.30726256983240224, "SHOT_TYPE_AT_RIM_DEFENSIVE": 0.26993865030674846, "SHOT_TYPE_CORNER_3_OFFENSIVE": 0.1005586592178771, "SHOT_TYPE_CORNER_3_DEFENSIVE": 0.12269938650306748, "SHOT_TYPE_LONG_MID_RANGE_OFFENSIVE": 0.07262569832402235, "SHOT_TYPE_LONG_MID_RANGE_DEFENSIVE": 0.11042944785276074, "SHOT_TYPE_SHORT_MID_RANGE_OFFENSIVE": 0.15083798882681565, "SHOT_TYPE_SHORT_MID_RANGE_DEFENSIVE": 0.17791411042944785, "TURNOVER": 0.14285714285714285, "VIOLATION_DEFENSIVE_GOALTENDING": 0.0, "VIOLATION_DEFENSIVE_KICK_BALL": 0.0}