{"ASSIST": 0.11219512195121951, "BLOCK": 0.2727272727272727, "FG_ARC_3_ATTEMPT": 0.043333333333333335, "FG_ARC_3_BLOCK": 0.0, "FG_ARC_3_MADE": 0.9230769230769231, "FG_ARC_3_MADE_FOUL": 0.0, "FG_AT_RIM_ATTEMPT": 0.17307692307692307, "FG_AT_RIM_BLOCK": 0.046153846153846156, "FG_AT_RIM_MADE": 0.4444444444444444, "FG_AT_RIM_MADE_FOUL": 0.007692307692307693, "FG_CORNER_3_ATTEMPT": 0.07692307692307693, "FG_CORNER_3_BLOCK": 0.0, "FG_CORNER_3_MADE": 0.16666666666666666, "FG_CORNER_3_MADE_FOUL": 0.0, "FG_LONG_MID_RANGE_ATTEMPT": 0.016129032258064516, "FG_LONG_MID_RANGE_BLOCK": 0.0, "FG_LONG_MID_RANGE_MADE": 0.0, "FG_LONG_MID_RANGE_MADE_FOUL": 0.0, "FG_SHORT_MID_RANGE_ATTEMPT": 0.08955223880597014, "FG_SHORT_MID_RANGE_BLOCK": 0.029850746268656716, "FG_SHORT_MID_RANGE_MADE": 0.25, "FG_SHORT_MID_RANGE_MADE_FOUL": 0.007462686567164179, "FG_XY": {"ARC_3": {"-156|235": 0.07692307692307693, "-237|95": 0.07692307692307693, "184|199": 0.07692307692307693, "115|226": 0.07692307692307693, "-132|216": 0.07692307692307693, "-164|199": 0.07692307692307693, "102|226": 0.07692307692307693, "-184|163": 0.07692307692307693, "0|275": 0.07692307692307693, "-112|236": 0.07692307692307693, "207|141": 0.07692307692307693, "-167|204": 0.07692307692307693, "-11|251": 0.07692307692307693}, "AT_RIM": {"7|8": 0.022222222222222223, "-22|2": 0.022222222222222223, "9|5": 0.022222222222222223, "6|6": 0.022222222222222223, "18|7": 0.022222222222222223, "0|0": 0.3333333333333333, "11|13": 0.022222222222222223, "-11|24": 0.022222222222222223, "-7|25": 0.044444444444444446, "-5|1": 0.022222222222222223, "18|11": 0.022222222222222223, "20|13": 0.022222222222222223, "-20|4": 0.022222222222222223, "25|21": 0.022222222222222223, "22|8": 0.022222222222222223, "18|22": 0.022222222222222223, "-13|-3": 0.022222222222222223, "34|16": 0.022222222222222223, "17|12": 0.022222222222222223, "20|8": 0.022222222222222223, "10|11": 0.022222222222222223, "0|11": 0.022222222222222223, "5|20": 0.022222222222222223, "12|15": 0.022222222222222223, "20|21": 0.022222222222222223, "25|6": 0.022222222222222223, "27|11": 0.022222222222222223, "17|25": 0.022222222222222223, "1|22": 0.022222222222222223, "0|34": 0.022222222222222223}, "CORNER_3": {"-228|16": 0.16666666666666666, "-229|19": 0.16666666666666666, "234|22": 0.16666666666666666, "-230|-10": 0.16666666666666666, "223|32": 0.16666666666666666, "228|20": 0.16666666666666666}, "LONG_MID_RANGE": {"165|5": 1.0}, "SHORT_MID_RANGE": {"-72|74": 0.08333333333333333, "20|70": 0.08333333333333333, "-4|65": 0.08333333333333333, "20|83": 0.08333333333333333, "4|59": 0.08333333333333333, "20|36": 0.08333333333333333, "-25|109": 0.08333333333333333, "-34|37": 0.08333333333333333, "2|74": 0.08333333333333333, "-1|43": 0.08333333333333333, "-27|30": 0.08333333333333333, "-34|100": 0.08333333333333333}}, "FOUL_AWAY_FROM_PLAY": 0.0, "FOULED_AWAY_FROM_PLAY": 1.0, "FOUL_CLEAR_PATH": 0.0, "FOULED_CLEAR_PATH": 0.0, "FOUL_COUNT_AS_PERSONAL": 0.2785388127853881, "FOULED_COUNT_AS_PERSONAL": 0.1783783783783784, "FOUL_COUNT_TOWARD_PENALTY": 0.28717948717948716, "FOULED_COUNT_TOWARD_PENALTY": 0.18787878787878787, "FOUL_DEFENSIVE_NON_SHOOTING": 0.2912621359223301, "FOULED_DEFENSIVE_NON_SHOOTING": 0.17777777777777778, "FOUL_DOUBLE": 0.0, "FOUL_TECHNICAL_DOUBLE": 0.0, "FOUL_FLAGRANT": 0.0, "FOULED_FLAGRANT": 0.0, "FOUL_FLAGRANT_1": 0.0, "FOULED_FLAGRANT_1": 0.0, "FOUL_FLAGRANT_2": 0.0, "FOULED_FLAGRANT_2": 0.0, "FOUL_INBOUND": 0.0, "FOULED_INBOUND": 0.0, "FOUL_LOOSE_BALL": 0.0, "FOULED_LOOSE_BALL": 0.5416666666666666, "FOUL_OFFENSIVE_CHARGE": 0.2, "FOULED_OFFENSIVE_CHARGE": 0.0, "FOUL_OFFENSIVE_OTHER": 0.0, "FOULED_OFFENSIVE_OTHER": 0.0, "FOUL_OFFENSIVE_TOTAL": 0.21739130434782608, "FOULED_OFFENSIVE_TOTAL": 0.1, "FOUL_PERSONAL": 0.3013698630136986, "FOULED_PERSONAL": 0.031746031746031744, "FOUL_PERSONAL_BLOCK": 0.0, "FOULED_PERSONAL_BLOCK": 0.0, "FOUL_PERSONAL_TAKE": 0.0, "FOULED_PERSONAL_TAKE": 0.3333333333333333, "FOUL_SHOOTING": 0.27956989247311825, "FOULED_SHOOTING": 0.1891891891891892, "FOUL_SHOOTING_BLOCK": 0.0, "FOULED_SHOOTING_BLOCK": 0.0, "FOUL_TECHNICAL": 0.0, "FT": 0.8275862068965517, "REBOUND_DEFENSIVE": 0.21300448430493274, "REBOUND_OFFENSIVE": 0.12215320910973085, "STEAL": 0.3218390804597701, "SHOT_TYPE_ARC_3_OFFENSIVE": 0.3597122302158273, "SHOT_TYPE_ARC_3_DEFENSIVE": 0.2923898531375167, "SHOT_TYPE_AT_RIM_OFFENSIVE": 0.3117505995203837, "SHOT_TYPE_AT_RIM_DEFENSIVE": 0.30574098798397864, "SHOT_TYPE_CORNER_3_OFFENSIVE": 0.09352517985611511, "SHOT_TYPE_CORNER_3_DEFENSIVE": 0.14819759679572764, "SHOT_TYPE_LONG_MID_RANGE_OFFENSIVE": 0.07434052757793765, "SHOT_TYPE_LONG_MID_RANGE_DEFENSIVE": 0.09345794392523364, "SHOT_TYPE_SHORT_MID_RANGE_OFFENSIVE": 0.1606714628297362, "SHOT_TYPE_SHORT_MID_RANGE_DEFENSIVE": 0.1602136181575434, "TURNOVER": 0.14743589743589744, "VIOLATION_DEFENSIVE_GOALTENDING": 0.0, "VIOLATION_DEFENSIVE_KICK_BALL": 0.0}