{"ASSIST": 0.17766497461928935, "BLOCK": 0.17391304347826086, "FG_ARC_3_ATTEMPT": 0.11654135338345864, "FG_ARC_3_BLOCK": 0.0, "FG_ARC_3_MADE": 0.3548387096774194, "FG_ARC_3_MADE_FOUL": 0.0, "FG_AT_RIM_ATTEMPT": 0.24918032786885247, "FG_AT_RIM_BLOCK": 0.019672131147540985, "FG_AT_RIM_MADE": 0.5921052631578947, "FG_AT_RIM_MADE_FOUL": 0.006557377049180328, "FG_CORNER_3_ATTEMPT": 0.21951219512195122, "FG_CORNER_3_BLOCK": 0.0, "FG_CORNER_3_MADE": 0.16666666666666666, "FG_CORNER_3_MADE_FOUL": 0.0, "FG_LONG_MID_RANGE_ATTEMPT": 0.05084745762711865, "FG_LONG_MID_RANGE_BLOCK": 0.0, "FG_LONG_MID_RANGE_MADE": 0.6666666666666666, "FG_LONG_MID_RANGE_MADE_FOUL": 0.0, "FG_SHORT_MID_RANGE_ATTEMPT": 0.20610687022900764, "FG_SHORT_MID_RANGE_BLOCK": 0.03816793893129771, "FG_SHORT_MID_RANGE_MADE": 0.37037037037037035, "FG_SHORT_MID_RANGE_MADE_FOUL": 0.015267175572519083, "FG_XY": {"ARC_3": {"152|197": 0.03225806451612903, "-97|244": 0.03225806451612903, "203|147": 0.03225806451612903, "82|254": 0.03225806451612903, "-25|254": 0.03225806451612903, "-87|238": 0.03225806451612903, "-232|117": 0.03225806451612903, "225|127": 0.03225806451612903, "-38|261": 0.03225806451612903, "-159|206": 0.03225806451612903, "33|263": 0.03225806451612903, "-152|204": 0.03225806451612903, "112|215": 0.03225806451612903, "20|279": 0.03225806451612903, "-201|147": 0.03225806451612903, "136|206": 0.03225806451612903, "1|260": 0.03225806451612903, "145|212": 0.03225806451612903, "199|159": 0.03225806451612903, "87|247": 0.03225806451612903, "-21|259": 0.03225806451612903, "-188|167": 0.03225806451612903, "-232|88": 0.03225806451612903, "192|164": 0.03225806451612903, "-186|172": 0.03225806451612903, "192|172": 0.03225806451612903, "-27|270": 0.03225806451612903, "164|207": 0.03225806451612903, "-141|221": 0.03225806451612903, "-12|290": 0.03225806451612903, "-213|121": 0.03225806451612903}, "AT_RIM": {"-5|8": 0.013157894736842105, "-6|16": 0.013157894736842105, "-18|13": 0.013157894736842105, "-4|13": 0.013157894736842105, "-22|15": 0.013157894736842105, "-11|15": 0.013157894736842105, "-7|18": 0.013157894736842105, "-26|16": 0.013157894736842105, "-10|3": 0.013157894736842105, "-4|17": 0.013157894736842105, "-36|1": 0.013157894736842105, "-10|21": 0.013157894736842105, "-1|21": 0.013157894736842105, "5|21": 0.013157894736842105, "-22|20": 0.013157894736842105, "-34|17": 0.013157894736842105, "-8|18": 0.013157894736842105, "20|0": 0.013157894736842105, "17|15": 0.013157894736842105, "-15|27": 0.013157894736842105, "-5|34": 0.013157894736842105, "1|4": 0.013157894736842105, "11|11": 0.013157894736842105, "-6|-7": 0.013157894736842105, "-13|6": 0.02631578947368421, "-4|20": 0.013157894736842105, "0|22": 0.013157894736842105, "-18|-3": 0.013157894736842105, "-15|8": 0.013157894736842105, "-24|25": 0.013157894736842105, "-12|4": 0.013157894736842105, "-13|3": 0.013157894736842105, "15|8": 0.013157894736842105, "-6|6": 0.013157894736842105, "-12|21": 0.013157894736842105, "10|18": 0.013157894736842105, "21|27": 0.013157894736842105, "0|0": 0.06578947368421052, "21|-8": 0.013157894736842105, "7|27": 0.013157894736842105, "7|6": 0.013157894736842105, "6|15": 0.013157894736842105, "6|34": 0.013157894736842105, "-1|4": 0.013157894736842105, "12|0": 0.013157894736842105, "-18|11": 0.02631578947368421, "12|14": 0.013157894736842105, "-1|17": 0.013157894736842105, "1|-1": 0.013157894736842105, "-23|11": 0.013157894736842105, "-18|27": 0.013157894736842105, "-12|28": 0.013157894736842105, "-13|13": 0.013157894736842105, "27|10": 0.013157894736842105, "6|4": 0.013157894736842105, "-23|24": 0.013157894736842105, "0|3": 0.013157894736842105, "2|-5": 0.013157894736842105, "10|-7": 0.013157894736842105, "-23|-6": 0.013157894736842105, "-27|2": 0.013157894736842105, "-2|22": 0.013157894736842105, "-23|16": 0.013157894736842105, "20|31": 0.013157894736842105, "9|8": 0.013157894736842105, "-15|6": 0.013157894736842105, "-2|16": 0.013157894736842105, "-15|22": 0.013157894736842105, "17|8": 0.013157894736842105, "-18|6": 0.013157894736842105}, "CORNER_3": {"232|10": 0.05555555555555555, "-232|7": 0.05555555555555555, "-232|8": 0.05555555555555555, "227|71": 0.05555555555555555, "-232|53": 0.05555555555555555, "237|15": 0.05555555555555555, "233|64": 0.05555555555555555, "-230|26": 0.05555555555555555, "-235|11": 0.1111111111111111, "-228|64": 0.05555555555555555, "239|37": 0.05555555555555555, "-239|5": 0.05555555555555555, "239|13": 0.05555555555555555, "-232|-7": 0.05555555555555555, "-233|25": 0.05555555555555555, "233|27": 0.05555555555555555, "-223|15": 0.05555555555555555}, "LONG_MID_RANGE": {"-157|92": 0.3333333333333333, "7|152": 0.3333333333333333, "-28|184": 0.3333333333333333}, "SHORT_MID_RANGE": {"-10|39": 0.037037037037037035, "-110|53": 0.037037037037037035, "-9|63": 0.037037037037037035, "-38|21": 0.037037037037037035, "4|62": 0.037037037037037035, "-43|12": 0.037037037037037035, "6|61": 0.037037037037037035, "16|46": 0.037037037037037035, "-53|32": 0.037037037037037035, "-40|18": 0.037037037037037035, "-59|8": 0.037037037037037035, "39|25": 0.037037037037037035, "32|59": 0.037037037037037035, "-58|15": 0.037037037037037035, "-38|28": 0.037037037037037035, "20|92": 0.037037037037037035, "51|115": 0.037037037037037035, "10|71": 0.037037037037037035, "-6|63": 0.037037037037037035, "-18|36": 0.037037037037037035, "-4|41": 0.037037037037037035, "58|14": 0.037037037037037035, "-51|5": 0.037037037037037035, "31|32": 0.037037037037037035, "-86|41": 0.037037037037037035, "-4|78": 0.037037037037037035, "-2|46": 0.037037037037037035}}, "FOUL_AWAY_FROM_PLAY": 0.0, "FOULED_AWAY_FROM_PLAY": 0.0, "FOUL_CLEAR_PATH": 0.0, "FOULED_CLEAR_PATH": 0.0, "FOUL_COUNT_AS_PERSONAL": 0.26666666666666666, "FOULED_COUNT_AS_PERSONAL": 0.17903930131004367, "FOUL_COUNT_TOWARD_PENALTY": 0.26737967914438504, "FOULED_COUNT_TOWARD_PENALTY": 0.15577889447236182, "FOUL_DEFENSIVE_NON_SHOOTING": 0.2872340425531915, "FOULED_DEFENSIVE_NON_SHOOTING": 0.10101010101010101, "FOUL_DOUBLE": 0.0, "FOUL_TECHNICAL_DOUBLE": 0.0, "FOUL_FLAGRANT": 0.0, "FOULED_FLAGRANT": 0.0, "FOUL_FLAGRANT_1": 0.0, "FOULED_FLAGRANT_1": 0.0, "FOUL_FLAGRANT_2": 0.0, "FOULED_FLAGRANT_2": 0.0, "FOUL_INBOUND": 0.0, "FOULED_INBOUND": 0.0, "FOUL_LOOSE_BALL": 0.0, "FOULED_LOOSE_BALL": 0.09090909090909091, "FOUL_OFFENSIVE_CHARGE": 0.125, "FOULED_OFFENSIVE_CHARGE": 0.6666666666666666, "FOUL_OFFENSIVE_OTHER": 0.0, "FOULED_OFFENSIVE_OTHER": 0.0, "FOUL_OFFENSIVE_TOTAL": 0.2608695652173913, "FOULED_OFFENSIVE_TOTAL": 0.3333333333333333, "FOUL_PERSONAL": 0.21875, "FOULED_PERSONAL": 0.08571428571428572, "FOUL_PERSONAL_BLOCK": 0.0, "FOULED_PERSONAL_BLOCK": 0.0, "FOUL_PERSONAL_TAKE": 0.5555555555555556, "FOULED_PERSONAL_TAKE": 0.2, "FOUL_SHOOTING": 0.24731182795698925, "FOULED_SHOOTING": 0.21, "FOUL_SHOOTING_BLOCK": 0.0, "FOULED_SHOOTING_BLOCK": 0.0, "FOUL_TECHNICAL": 0.16666666666666666, "FT": 0.7441860465116279, "REBOUND_DEFENSIVE": 0.15839694656488548, "REBOUND_OFFENSIVE": 0.0671785028790787, "STEAL": 0.1791044776119403, "SHOT_TYPE_ARC_3_OFFENSIVE": 0.3155397390272835, "SHOT_TYPE_ARC_3_DEFENSIVE": 0.34509371554575524, "SHOT_TYPE_AT_RIM_OFFENSIVE": 0.36180308422301305, "SHOT_TYPE_AT_RIM_DEFENSIVE": 0.2921719955898567, "SHOT_TYPE_CORNER_3_OFFENSIVE": 0.09727164887307237, "SHOT_TYPE_CORNER_3_DEFENSIVE": 0.11025358324145534, "SHOT_TYPE_LONG_MID_RANGE_OFFENSIVE": 0.06998813760379596, "SHOT_TYPE_LONG_MID_RANGE_DEFENSIVE": 0.09040793825799338, "SHOT_TYPE_SHORT_MID_RANGE_OFFENSIVE": 0.1553973902728351, "SHOT_TYPE_SHORT_MID_RANGE_DEFENSIVE": 0.16207276736493936, "TURNOVER": 0.17, "VIOLATION_DEFENSIVE_GOALTENDING": 0.0, "VIOLATION_DEFENSIVE_KICK_BALL": 0.0}