{"ASSIST": 0.3142857142857143, "BLOCK": 0.125, "FG_ARC_3_ATTEMPT": 0.1896551724137931, "FG_ARC_3_BLOCK": 0.0, "FG_ARC_3_MADE": 0.45454545454545453, "FG_ARC_3_MADE_FOUL": 0.0, "FG_AT_RIM_ATTEMPT": 0.21052631578947367, "FG_AT_RIM_BLOCK": 0.03508771929824561, "FG_AT_RIM_MADE": 0.5, "FG_AT_RIM_MADE_FOUL": 0.017543859649122806, "FG_CORNER_3_ATTEMPT": 0.3181818181818182, "FG_CORNER_3_BLOCK": 0.045454545454545456, "FG_CORNER_3_MADE": 0.42857142857142855, "FG_CORNER_3_MADE_FOUL": 0.0, "FG_LONG_MID_RANGE_ATTEMPT": 0.09090909090909091, "FG_LONG_MID_RANGE_BLOCK": 0.0, "FG_LONG_MID_RANGE_MADE": 1.0, "FG_LONG_MID_RANGE_MADE_FOUL": 0.0, "FG_SHORT_MID_RANGE_ATTEMPT": 0.17391304347826086, "FG_SHORT_MID_RANGE_BLOCK": 0.0, "FG_SHORT_MID_RANGE_MADE": 0.25, "FG_SHORT_MID_RANGE_MADE_FOUL": 0.0, "FG_XY": {"ARC_3": {"-137|215": 0.09090909090909091, "-143|215": 0.09090909090909091, "-77|262": 0.09090909090909091, "-72|257": 0.09090909090909091, "77|256": 0.09090909090909091, "119|242": 0.09090909090909091, "176|206": 0.09090909090909091, "-163|234": 0.09090909090909091, "154|209": 0.09090909090909091, "188|202": 0.09090909090909091, "184|199": 0.09090909090909091}, "AT_RIM": {"-15|20": 0.08333333333333333, "-7|0": 0.08333333333333333, "-25|-2": 0.08333333333333333, "1|13": 0.08333333333333333, "-13|7": 0.08333333333333333, "7|-1": 0.08333333333333333, "4|22": 0.08333333333333333, "0|0": 0.08333333333333333, "0|25": 0.08333333333333333, "-6|1": 0.08333333333333333, "-5|37": 0.08333333333333333, "0|27": 0.08333333333333333}, "CORNER_3": {"-223|4": 0.14285714285714285, "-232|8": 0.14285714285714285, "227|23": 0.14285714285714285, "229|1": 0.14285714285714285, "-237|-3": 0.14285714285714285, "-229|19": 0.14285714285714285, "237|72": 0.14285714285714285}, "LONG_MID_RANGE": {"78|165": 1.0}, "SHORT_MID_RANGE": {"-29|50": 0.25, "11|106": 0.25, "2|61": 0.25, "51|79": 0.25}}, "FOUL_AWAY_FROM_PLAY": 0.0, "FOULED_AWAY_FROM_PLAY": 0.0, "FOUL_CLEAR_PATH": 1.0, "FOULED_CLEAR_PATH": 0.0, "FOUL_COUNT_AS_PERSONAL": 0.15384615384615385, "FOULED_COUNT_AS_PERSONAL": 0.18181818181818182, "FOUL_COUNT_TOWARD_PENALTY": 0.16666666666666666, "FOULED_COUNT_TOWARD_PENALTY": 0.20512820512820512, "FOUL_DEFENSIVE_NON_SHOOTING": 0.2727272727272727, "FOULED_DEFENSIVE_NON_SHOOTING": 0.3125, "FOUL_DOUBLE": 0.0, "FOUL_TECHNICAL_DOUBLE": 0.0, "FOUL_FLAGRANT": 0.0, "FOULED_FLAGRANT": 0.0, "FOUL_FLAGRANT_1": 0.0, "FOULED_FLAGRANT_1": 0.0, "FOUL_FLAGRANT_2": 0.0, "FOULED_FLAGRANT_2": 0.0, "FOUL_INBOUND": 0.0, "FOULED_INBOUND": 0.0, "FOUL_LOOSE_BALL": 0.0, "FOULED_LOOSE_BALL": 0.0, "FOUL_OFFENSIVE_CHARGE": 0.0, "FOULED_OFFENSIVE_CHARGE": 0.0, "FOUL_OFFENSIVE_OTHER": 0.0, "FOULED_OFFENSIVE_OTHER": 0.0, "FOUL_OFFENSIVE_TOTAL": 0.0, "FOULED_OFFENSIVE_TOTAL": 0.0, "FOUL_PERSONAL": 0.2, "FOULED_PERSONAL": 0.3333333333333333, "FOUL_PERSONAL_BLOCK": 0.0, "FOULED_PERSONAL_BLOCK": 0.0, "FOUL_PERSONAL_TAKE": 0.0, "FOULED_PERSONAL_TAKE": 0.0, "FOUL_SHOOTING": 0.07692307692307693, "FOULED_SHOOTING": 0.13636363636363635, "FOUL_SHOOTING_BLOCK": 0.0, "FOULED_SHOOTING_BLOCK": 0.0, "FOUL_TECHNICAL": 0.0, "FT": 0.6, "REBOUND_DEFENSIVE": 0.12790697674418605, "REBOUND_OFFENSIVE": 0.01020408163265306, "STEAL": 0.3888888888888889, "SHOT_TYPE_ARC_3_OFFENSIVE": 0.3391812865497076, "SHOT_TYPE_ARC_3_DEFENSIVE": 0.26380368098159507, "SHOT_TYPE_AT_RIM_OFFENSIVE": 0.3333333333333333, "SHOT_TYPE_AT_RIM_DEFENSIVE": 0.3128834355828221, "SHOT_TYPE_CORNER_3_OFFENSIVE": 0.1286549707602339, "SHOT_TYPE_CORNER_3_DEFENSIVE": 0.08588957055214724, "SHOT_TYPE_LONG_MID_RANGE_OFFENSIVE": 0.06432748538011696, "SHOT_TYPE_LONG_MID_RANGE_DEFENSIVE": 0.12269938650306748, "SHOT_TYPE_SHORT_MID_RANGE_OFFENSIVE": 0.13450292397660818, "SHOT_TYPE_SHORT_MID_RANGE_DEFENSIVE": 0.2147239263803681, "TURNOVER": 0.1724137931034483, "VIOLATION_DEFENSIVE_GOALTENDING": 0.0, "VIOLATION_DEFENSIVE_KICK_BALL": 0.0}