{"ASSIST": 0.10256410256410256, "BLOCK": 0.2903225806451613, "FG_ARC_3_ATTEMPT": 0.08552631578947369, "FG_ARC_3_BLOCK": 0.0, "FG_ARC_3_MADE": 0.3076923076923077, "FG_ARC_3_MADE_FOUL": 0.0, "FG_AT_RIM_ATTEMPT": 0.20833333333333334, "FG_AT_RIM_BLOCK": 0.03571428571428571, "FG_AT_RIM_MADE": 0.5428571428571428, "FG_AT_RIM_MADE_FOUL": 0.011904761904761904, "FG_CORNER_3_ATTEMPT": 0.18181818181818182, "FG_CORNER_3_BLOCK": 0.0, "FG_CORNER_3_MADE": 0.125, "FG_CORNER_3_MADE_FOUL": 0.0, "FG_LONG_MID_RANGE_ATTEMPT": 0.0, "FG_LONG_MID_RANGE_BLOCK": 0.0, "FG_LONG_MID_RANGE_MADE": 0.0, "FG_LONG_MID_RANGE_MADE_FOUL": 0.0, "FG_SHORT_MID_RANGE_ATTEMPT": 0.15789473684210525, "FG_SHORT_MID_RANGE_BLOCK": 0.03508771929824561, "FG_SHORT_MID_RANGE_MADE": 0.1111111111111111, "FG_SHORT_MID_RANGE_MADE_FOUL": 0.017543859649122806, "FG_XY": {"ARC_3": {"-164|192": 0.07692307692307693, "-136|223": 0.07692307692307693, "134|204": 0.07692307692307693, "178|174": 0.07692307692307693, "-157|211": 0.07692307692307693, "4|259": 0.07692307692307693, "-15|264": 0.07692307692307693, "-148|242": 0.07692307692307693, "65|256": 0.07692307692307693, "-200|183": 0.07692307692307693, "-92|269": 0.07692307692307693, "161|208": 0.07692307692307693, "152|220": 0.07692307692307693}, "AT_RIM": {"-28|14": 0.02857142857142857, "1|14": 0.02857142857142857, "-1|26": 0.02857142857142857, "-11|20": 0.02857142857142857, "0|0": 0.11428571428571428, "-2|13": 0.02857142857142857, "-7|21": 0.02857142857142857, "4|0": 0.02857142857142857, "23|8": 0.02857142857142857, "-9|9": 0.02857142857142857, "-12|29": 0.02857142857142857, "-22|17": 0.02857142857142857, "-10|11": 0.02857142857142857, "4|9": 0.02857142857142857, "1|9": 0.02857142857142857, "-12|14": 0.02857142857142857, "1|13": 0.02857142857142857, "-1|1": 0.02857142857142857, "-27|17": 0.02857142857142857, "0|7": 0.02857142857142857, "-18|31": 0.02857142857142857, "-5|-5": 0.02857142857142857, "16|-2": 0.02857142857142857, "0|18": 0.02857142857142857, "7|1": 0.02857142857142857, "17|3": 0.02857142857142857, "-21|17": 0.02857142857142857, "-1|16": 0.02857142857142857, "-13|6": 0.02857142857142857, "0|16": 0.02857142857142857, "23|11": 0.02857142857142857, "-27|11": 0.02857142857142857}, "CORNER_3": {"-234|41": 0.125, "-227|21": 0.125, "-228|32": 0.125, "-227|-10": 0.125, "-227|1": 0.125, "-238|-10": 0.125, "230|84": 0.125, "-228|17": 0.125}, "LONG_MID_RANGE": {}, "SHORT_MID_RANGE": {"-27|34": 0.1111111111111111, "-17|65": 0.1111111111111111, "-27|41": 0.1111111111111111, "-64|31": 0.1111111111111111, "-43|16": 0.1111111111111111, "-54|34": 0.1111111111111111, "-39|13": 0.1111111111111111, "-74|32": 0.1111111111111111, "-71|25": 0.1111111111111111}}, "FOUL_AWAY_FROM_PLAY": 0.0, "FOULED_AWAY_FROM_PLAY": 0.0, "FOUL_CLEAR_PATH": 0.0, "FOULED_CLEAR_PATH": 0.0, "FOUL_COUNT_AS_PERSONAL": 0.11538461538461539, "FOULED_COUNT_AS_PERSONAL": 0.12612612612612611, "FOUL_COUNT_TOWARD_PENALTY": 0.11458333333333333, "FOULED_COUNT_TOWARD_PENALTY": 0.1368421052631579, "FOUL_DEFENSIVE_NON_SHOOTING": 0.09302325581395349, "FOULED_DEFENSIVE_NON_SHOOTING": 0.07317073170731707, "FOUL_DOUBLE": 0.0, "FOUL_TECHNICAL_DOUBLE": 0.0, "FOUL_FLAGRANT": 0.0, "FOULED_FLAGRANT": 0.0, "FOUL_FLAGRANT_1": 0.0, "FOULED_FLAGRANT_1": 0.0, "FOUL_FLAGRANT_2": 0.0, "FOULED_FLAGRANT_2": 0.0, "FOUL_INBOUND": 0.0, "FOULED_INBOUND": 0.0, "FOUL_LOOSE_BALL": 0.0, "FOULED_LOOSE_BALL": 0.5, "FOUL_OFFENSIVE_CHARGE": 0.0, "FOULED_OFFENSIVE_CHARGE": 0.0, "FOUL_OFFENSIVE_OTHER": 0.0, "FOULED_OFFENSIVE_OTHER": 0.0, "FOUL_OFFENSIVE_TOTAL": 0.125, "FOULED_OFFENSIVE_TOTAL": 0.0625, "FOUL_PERSONAL": 0.03571428571428571, "FOULED_PERSONAL": 0.06451612903225806, "FOUL_PERSONAL_BLOCK": 0.0, "FOULED_PERSONAL_BLOCK": 0.0, "FOUL_PERSONAL_TAKE": 0.0, "FOULED_PERSONAL_TAKE": 0.0, "FOUL_SHOOTING": 0.1320754716981132, "FOULED_SHOOTING": 0.18518518518518517, "FOUL_SHOOTING_BLOCK": 0.0, "FOULED_SHOOTING_BLOCK": 0.0, "FOUL_TECHNICAL": 0.0, "FT": 0.6666666666666666, "REBOUND_DEFENSIVE": 0.14391143911439114, "REBOUND_OFFENSIVE": 0.0375, "STEAL": 0.19047619047619047, "SHOT_TYPE_ARC_3_OFFENSIVE": 0.35266821345707655, "SHOT_TYPE_ARC_3_DEFENSIVE": 0.31263383297644537, "SHOT_TYPE_AT_RIM_OFFENSIVE": 0.38979118329466356, "SHOT_TYPE_AT_RIM_DEFENSIVE": 0.30406852248394006, "SHOT_TYPE_CORNER_3_OFFENSIVE": 0.10208816705336426, "SHOT_TYPE_CORNER_3_DEFENSIVE": 0.11134903640256959, "SHOT_TYPE_LONG_MID_RANGE_OFFENSIVE": 0.02320185614849188, "SHOT_TYPE_LONG_MID_RANGE_DEFENSIVE": 0.10706638115631692, "SHOT_TYPE_SHORT_MID_RANGE_OFFENSIVE": 0.13225058004640372, "SHOT_TYPE_SHORT_MID_RANGE_DEFENSIVE": 0.16488222698072805, "TURNOVER": 0.07142857142857142, "VIOLATION_DEFENSIVE_GOALTENDING": 0.5, "VIOLATION_DEFENSIVE_KICK_BALL": 0.0}