{"ASSIST": 0.20408163265306123, "BLOCK": 0.14893617021276595, "FG_ARC_3_ATTEMPT": 0.30392156862745096, "FG_ARC_3_BLOCK": 0.0, "FG_ARC_3_MADE": 0.3225806451612903, "FG_ARC_3_MADE_FOUL": 0.0, "FG_AT_RIM_ATTEMPT": 0.2669902912621359, "FG_AT_RIM_BLOCK": 0.019417475728155338, "FG_AT_RIM_MADE": 0.6, "FG_AT_RIM_MADE_FOUL": 0.024271844660194174, "FG_CORNER_3_ATTEMPT": 0.1693548387096774, "FG_CORNER_3_BLOCK": 0.0, "FG_CORNER_3_MADE": 0.5238095238095238, "FG_CORNER_3_MADE_FOUL": 0.0, "FG_LONG_MID_RANGE_ATTEMPT": 0.2916666666666667, "FG_LONG_MID_RANGE_BLOCK": 0.0, "FG_LONG_MID_RANGE_MADE": 0.32142857142857145, "FG_LONG_MID_RANGE_MADE_FOUL": 0.0, "FG_SHORT_MID_RANGE_ATTEMPT": 0.2605042016806723, "FG_SHORT_MID_RANGE_BLOCK": 0.025210084033613446, "FG_SHORT_MID_RANGE_MADE": 0.3387096774193548, "FG_SHORT_MID_RANGE_MADE_FOUL": 0.004201680672268907, "FG_XY": {"ARC_3": {"-100|232": 0.0064516129032258064, "143|209": 0.0064516129032258064, "-43|241": 0.0064516129032258064, "-53|247": 0.0064516129032258064, "151|220": 0.0064516129032258064, "5|253": 0.0064516129032258064, "-168|180": 0.0064516129032258064, "-129|216": 0.0064516129032258064, "-147|222": 0.0064516129032258064, "162|207": 0.0064516129032258064, "-66|246": 0.0064516129032258064, "148|204": 0.0064516129032258064, "-18|263": 0.0064516129032258064, "-34|262": 0.0064516129032258064, "-98|231": 0.0064516129032258064, "108|224": 0.0064516129032258064, "-138|228": 0.0064516129032258064, "-55|244": 0.0064516129032258064, "-83|262": 0.0064516129032258064, "113|218": 0.0064516129032258064, "-189|156": 0.0064516129032258064, "130|236": 0.0064516129032258064, "-6|252": 0.0064516129032258064, "142|279": 0.0064516129032258064, "180|188": 0.0064516129032258064, "49|263": 0.0064516129032258064, "207|167": 0.0064516129032258064, "53|257": 0.0064516129032258064, "-104|262": 0.0064516129032258064, "76|292": 0.0064516129032258064, "-89|263": 0.0064516129032258064, "-175|199": 0.0064516129032258064, "-208|146": 0.0064516129032258064, "-211|117": 0.0064516129032258064, "175|193": 0.0064516129032258064, "-9|252": 0.0064516129032258064, "-186|165": 0.0064516129032258064, "69|238": 0.0064516129032258064, "-123|225": 0.0064516129032258064, "89|230": 0.0064516129032258064, "151|188": 0.0064516129032258064, "159|208": 0.0064516129032258064, "-174|178": 0.0064516129032258064, "88|235": 0.0064516129032258064, "-82|240": 0.0064516129032258064, "33|247": 0.0064516129032258064, "45|243": 0.0064516129032258064, "179|163": 0.0064516129032258064, "-29|264": 0.0064516129032258064, "-91|236": 0.0064516129032258064, "-217|126": 0.0064516129032258064, "-53|258": 0.0064516129032258064, "132|214": 0.0064516129032258064, "51|247": 0.0064516129032258064, "56|239": 0.0064516129032258064, "2|248": 0.0064516129032258064, "44|241": 0.0064516129032258064, "-115|226": 0.0064516129032258064, "176|169": 0.0064516129032258064, "108|248": 0.0064516129032258064, "-25|252": 0.0064516129032258064, "-173|171": 0.0064516129032258064, "-5|268": 0.0064516129032258064, "175|189": 0.0064516129032258064, "-85|242": 0.0064516129032258064, "-147|203": 0.0064516129032258064, "136|258": 0.0064516129032258064, "104|247": 0.0064516129032258064, "214|113": 0.0064516129032258064, "224|91": 0.0064516129032258064, "2|275": 0.0064516129032258064, "-199|158": 0.0064516129032258064, "-77|232": 0.0064516129032258064, "78|230": 0.0064516129032258064, "180|200": 0.0064516129032258064, "210|164": 0.0064516129032258064, "-179|189": 0.0064516129032258064, "-189|188": 0.0064516129032258064, "163|215": 0.0064516129032258064, "-124|231": 0.0064516129032258064, "-194|186": 0.0064516129032258064, "-169|214": 0.0064516129032258064, "145|237": 0.0064516129032258064, "108|251": 0.0064516129032258064, "-208|147": 0.0064516129032258064, "162|196": 0.0064516129032258064, "89|246": 0.0064516129032258064, "137|226": 0.0064516129032258064, "145|216": 0.0064516129032258064, "104|244": 0.0064516129032258064, "-83|252": 0.0064516129032258064, "32|260": 0.0064516129032258064, "-191|176": 0.0064516129032258064, "40|264": 0.0064516129032258064, "-71|247": 0.0064516129032258064, "75|236": 0.0064516129032258064, "-202|181": 0.0064516129032258064, "109|222": 0.0064516129032258064, "-114|219": 0.0064516129032258064, "10|289": 0.0064516129032258064, "-60|240": 0.0064516129032258064, "-18|246": 0.0064516129032258064, "94|234": 0.0064516129032258064, "151|206": 0.0064516129032258064, "168|198": 0.0064516129032258064, "152|520": 0.0064516129032258064, "-110|248": 0.0064516129032258064, "141|202": 0.0064516129032258064, "1|256": 0.0064516129032258064, "100|232": 0.0064516129032258064, "-175|186": 0.0064516129032258064, "-93|224": 0.0064516129032258064, "-164|179": 0.0064516129032258064, "-92|230": 0.0064516129032258064, "163|183": 0.0064516129032258064, "-113|235": 0.0064516129032258064, "202|137": 0.0064516129032258064, "-25|277": 0.0064516129032258064, "-197|157": 0.0064516129032258064, "153|194": 0.0064516129032258064, "-10|251": 0.0064516129032258064, "-141|213": 0.0064516129032258064, "227|98": 0.0064516129032258064, "-218|125": 0.0064516129032258064, "148|201": 0.0064516129032258064, "-194|172": 0.0064516129032258064, "125|217": 0.0064516129032258064, "25|259": 0.0064516129032258064, "80|239": 0.0064516129032258064, "37|251": 0.0064516129032258064, "-107|253": 0.0064516129032258064, "-40|245": 0.0064516129032258064, "107|240": 0.0064516129032258064, "152|197": 0.0064516129032258064, "45|248": 0.0064516129032258064, "-195|189": 0.0064516129032258064, "154|217": 0.0064516129032258064, "118|230": 0.0064516129032258064, "168|193": 0.0064516129032258064, "-5|254": 0.0064516129032258064, "-179|217": 0.0064516129032258064, "85|245": 0.0064516129032258064, "217|138": 0.0064516129032258064, "127|234": 0.0064516129032258064, "-7|255": 0.0064516129032258064, "205|164": 0.0064516129032258064, "-26|265": 0.0064516129032258064, "213|133": 0.0064516129032258064, "-143|225": 0.0064516129032258064, "-127|208": 0.0064516129032258064, "-195|163": 0.0064516129032258064, "-7|245": 0.0064516129032258064, "-45|266": 0.0064516129032258064, "21|266": 0.0064516129032258064, "-120|324": 0.0064516129032258064}, "AT_RIM": {"9|15": 0.00909090909090909, "-2|8": 0.00909090909090909, "-13|8": 0.00909090909090909, "-2|0": 0.01818181818181818, "4|34": 0.00909090909090909, "-2|15": 0.00909090909090909, "7|15": 0.00909090909090909, "-16|26": 0.00909090909090909, "-6|37": 0.00909090909090909, "9|25": 0.00909090909090909, "2|4": 0.00909090909090909, "0|31": 0.00909090909090909, "-15|22": 0.00909090909090909, "-4|20": 0.00909090909090909, "16|-1": 0.00909090909090909, "-18|6": 0.00909090909090909, "2|6": 0.01818181818181818, "-4|2": 0.00909090909090909, "1|10": 0.02727272727272727, "1|6": 0.00909090909090909, "-2|9": 0.01818181818181818, "1|13": 0.00909090909090909, "10|28": 0.00909090909090909, "-9|22": 0.00909090909090909, "6|18": 0.00909090909090909, "-10|19": 0.00909090909090909, "-1|25": 0.01818181818181818, "-5|35": 0.00909090909090909, "0|-4": 0.00909090909090909, "5|6": 0.00909090909090909, "2|8": 0.00909090909090909, "26|15": 0.00909090909090909, "-6|17": 0.00909090909090909, "13|26": 0.00909090909090909, "20|0": 0.00909090909090909, "-7|6": 0.00909090909090909, "6|13": 0.00909090909090909, "-5|6": 0.00909090909090909, "1|0": 0.00909090909090909, "-7|7": 0.00909090909090909, "-7|8": 0.00909090909090909, "6|8": 0.01818181818181818, "-21|16": 0.00909090909090909, "20|4": 0.00909090909090909, "10|31": 0.00909090909090909, "13|9": 0.00909090909090909, "-9|3": 0.00909090909090909, "27|8": 0.00909090909090909, "1|16": 0.00909090909090909, "-22|25": 0.00909090909090909, "-10|22": 0.00909090909090909, "-6|8": 0.00909090909090909, "-7|19": 0.00909090909090909, "12|34": 0.00909090909090909, "18|32": 0.00909090909090909, "6|6": 0.01818181818181818, "-18|5": 0.01818181818181818, "-17|13": 0.00909090909090909, "34|9": 0.00909090909090909, "17|20": 0.00909090909090909, "-12|34": 0.00909090909090909, "-10|5": 0.00909090909090909,