{"ASSIST": 0.05, "BLOCK": 0.6, "FG_ARC_3_ATTEMPT": 0.0, "FG_ARC_3_BLOCK": 0.0, "FG_ARC_3_MADE": 0.0, "FG_ARC_3_MADE_FOUL": 0.0, "FG_AT_RIM_ATTEMPT": 0.1702127659574468, "FG_AT_RIM_BLOCK": 0.05319148936170213, "FG_AT_RIM_MADE": 0.5, "FG_AT_RIM_MADE_FOUL": 0.0, "FG_CORNER_3_ATTEMPT": 0.0, "FG_CORNER_3_BLOCK": 0.0, "FG_CORNER_3_MADE": 0.0, "FG_CORNER_3_MADE_FOUL": 0.0, "FG_LONG_MID_RANGE_ATTEMPT": 0.05, "FG_LONG_MID_RANGE_BLOCK": 0.0, "FG_LONG_MID_RANGE_MADE": 1.0, "FG_LONG_MID_RANGE_MADE_FOUL": 0.0, "FG_SHORT_MID_RANGE_ATTEMPT": 0.10606060606060606, "FG_SHORT_MID_RANGE_BLOCK": 0.0, "FG_SHORT_MID_RANGE_MADE": 0.2857142857142857, "FG_SHORT_MID_RANGE_MADE_FOUL": 0.0, "FG_XY": {"ARC_3": {}, "AT_RIM": {"2|10": 0.0625, "0|0": 0.1875, "1|31": 0.0625, "6|18": 0.0625, "9|5": 0.0625, "-17|27": 0.0625, "18|30": 0.0625, "-1|5": 0.0625, "1|4": 0.0625, "-21|13": 0.0625, "12|27": 0.0625, "-7|5": 0.0625, "0|24": 0.0625, "-1|19": 0.0625}, "CORNER_3": {}, "LONG_MID_RANGE": {"-31|183": 1.0}, "SHORT_MID_RANGE": {"31|41": 0.14285714285714285, "21|57": 0.14285714285714285, "-25|42": 0.14285714285714285, "-2|133": 0.14285714285714285, "-6|41": 0.14285714285714285, "-120|21": 0.14285714285714285, "-62|29": 0.14285714285714285}}, "FOUL_AWAY_FROM_PLAY": 1.0, "FOULED_AWAY_FROM_PLAY": 0.0, "FOUL_CLEAR_PATH": 0.0, "FOULED_CLEAR_PATH": 0.0, "FOUL_COUNT_AS_PERSONAL": 0.4444444444444444, "FOULED_COUNT_AS_PERSONAL": 0.16666666666666666, "FOUL_COUNT_TOWARD_PENALTY": 0.4230769230769231, "FOULED_COUNT_TOWARD_PENALTY": 0.14084507042253522, "FOUL_DEFENSIVE_NON_SHOOTING": 0.44, "FOULED_DEFENSIVE_NON_SHOOTING": 0.11428571428571428, "FOUL_DOUBLE": 0.0, "FOUL_TECHNICAL_DOUBLE": 0.0, "FOUL_FLAGRANT": 0.0, "FOULED_FLAGRANT": 0.0, "FOUL_FLAGRANT_1": 0.0, "FOULED_FLAGRANT_1": 0.0, "FOUL_FLAGRANT_2": 0.0, "FOULED_FLAGRANT_2": 0.0, "FOUL_INBOUND": 0.0, "FOULED_INBOUND": 0.0, "FOUL_LOOSE_BALL": 0.0, "FOULED_LOOSE_BALL": 1.0, "FOUL_OFFENSIVE_CHARGE": 0.0, "FOULED_OFFENSIVE_CHARGE": 0.3333333333333333, "FOUL_OFFENSIVE_OTHER": 0.0, "FOULED_OFFENSIVE_OTHER": 0.0, "FOUL_OFFENSIVE_TOTAL": 0.5454545454545454, "FOULED_OFFENSIVE_TOTAL": 0.42857142857142855, "FOUL_PERSONAL": 0.2727272727272727, "FOULED_PERSONAL": 0.07407407407407407, "FOUL_PERSONAL_BLOCK": 0.0, "FOULED_PERSONAL_BLOCK": 0.0, "FOUL_PERSONAL_TAKE": 0.3333333333333333, "FOULED_PERSONAL_TAKE": 0.0, "FOUL_SHOOTING": 0.38461538461538464, "FOULED_SHOOTING": 0.17142857142857143, "FOUL_SHOOTING_BLOCK": 0.0, "FOULED_SHOOTING_BLOCK": 0.0, "FOUL_TECHNICAL": 0.0, "FT": 0.75, "REBOUND_DEFENSIVE": 0.12025316455696203, "REBOUND_OFFENSIVE": 0.09826589595375723, "STEAL": 0.14814814814814814, "SHOT_TYPE_ARC_3_OFFENSIVE": 0.2698961937716263, "SHOT_TYPE_ARC_3_DEFENSIVE": 0.3797909407665505, "SHOT_TYPE_AT_RIM_OFFENSIVE": 0.32525951557093424, "SHOT_TYPE_AT_RIM_DEFENSIVE": 0.34146341463414637, "SHOT_TYPE_CORNER_3_OFFENSIVE": 0.10726643598615918, "SHOT_TYPE_CORNER_3_DEFENSIVE": 0.11498257839721254, "SHOT_TYPE_LONG_MID_RANGE_OFFENSIVE": 0.06920415224913495, "SHOT_TYPE_LONG_MID_RANGE_DEFENSIVE": 0.05574912891986063, "SHOT_TYPE_SHORT_MID_RANGE_OFFENSIVE": 0.22837370242214533, "SHOT_TYPE_SHORT_MID_RANGE_DEFENSIVE": 0.10801393728222997, "TURNOVER": 0.2222222222222222, "VIOLATION_DEFENSIVE_GOALTENDING": 2.0, "VIOLATION_DEFENSIVE_KICK_BALL": 0.0}