{"ASSIST": 0.13309352517985612, "BLOCK": 0.039473684210526314, "FG_ARC_3_ATTEMPT": 0.20754716981132076, "FG_ARC_3_BLOCK": 0.006289308176100629, "FG_ARC_3_MADE": 0.24242424242424243, "FG_ARC_3_MADE_FOUL": 0.0, "FG_AT_RIM_ATTEMPT": 0.17041800643086816, "FG_AT_RIM_BLOCK": 0.012861736334405145, "FG_AT_RIM_MADE": 0.6226415094339622, "FG_AT_RIM_MADE_FOUL": 0.003215434083601286, "FG_CORNER_3_ATTEMPT": 0.2289156626506024, "FG_CORNER_3_BLOCK": 0.0, "FG_CORNER_3_MADE": 0.15789473684210525, "FG_CORNER_3_MADE_FOUL": 0.0, "FG_LONG_MID_RANGE_ATTEMPT": 0.3, "FG_LONG_MID_RANGE_BLOCK": 0.0, "FG_LONG_MID_RANGE_MADE": 0.3333333333333333, "FG_LONG_MID_RANGE_MADE_FOUL": 0.0, "FG_SHORT_MID_RANGE_ATTEMPT": 0.2169811320754717, "FG_SHORT_MID_RANGE_BLOCK": 0.02358490566037736, "FG_SHORT_MID_RANGE_MADE": 0.3695652173913043, "FG_SHORT_MID_RANGE_MADE_FOUL": 0.0, "FG_XY": {"ARC_3": {"-50|255": 0.015151515151515152, "229|116": 0.015151515151515152, "206|137": 0.015151515151515152, "154|227": 0.015151515151515152, "-45|277": 0.015151515151515152, "-151|236": 0.015151515151515152, "-124|257": 0.015151515151515152, "110|265": 0.015151515151515152, "-80|236": 0.015151515151515152, "-48|272": 0.015151515151515152, "-191|188": 0.015151515151515152, "162|197": 0.015151515151515152, "-189|188": 0.015151515151515152, "181|178": 0.015151515151515152, "120|273": 0.015151515151515152, "119|226": 0.015151515151515152, "7|253": 0.015151515151515152, "-140|247": 0.015151515151515152, "168|190": 0.015151515151515152, "26|252": 0.015151515151515152, "-197|236": 0.015151515151515152, "-186|159": 0.015151515151515152, "-32|252": 0.015151515151515152, "142|215": 0.015151515151515152, "216|126": 0.015151515151515152, "-174|187": 0.015151515151515152, "-228|124": 0.015151515151515152, "109|224": 0.015151515151515152, "97|252": 0.015151515151515152, "-2|279": 0.015151515151515152, "-157|216": 0.015151515151515152, "1|289": 0.015151515151515152, "-200|163": 0.015151515151515152, "212|163": 0.015151515151515152, "-224|130": 0.015151515151515152, "89|242": 0.015151515151515152, "4|252": 0.015151515151515152, "112|235": 0.015151515151515152, "147|223": 0.015151515151515152, "-134|224": 0.015151515151515152, "-217|103": 0.015151515151515152, "-207|168": 0.015151515151515152, "-113|246": 0.015151515151515152, "94|236": 0.015151515151515152, "-121|228": 0.015151515151515152, "-113|241": 0.015151515151515152, "-72|253": 0.015151515151515152, "-192|161": 0.015151515151515152, "221|171": 0.015151515151515152, "119|218": 0.015151515151515152, "136|237": 0.015151515151515152, "-11|251": 0.015151515151515152, "56|253": 0.015151515151515152, "-130|247": 0.015151515151515152, "125|236": 0.015151515151515152, "-123|240": 0.015151515151515152, "-127|434": 0.015151515151515152, "-118|227": 0.015151515151515152, "141|237": 0.015151515151515152, "-161|206": 0.015151515151515152, "223|120": 0.015151515151515152, "48|261": 0.015151515151515152, "118|236": 0.015151515151515152, "-194|567": 0.015151515151515152, "194|153": 0.015151515151515152, "-205|148": 0.015151515151515152}, "AT_RIM": {"-23|14": 0.018867924528301886, "20|9": 0.018867924528301886, "-33|4": 0.018867924528301886, "2|10": 0.018867924528301886, "-23|18": 0.018867924528301886, "-18|12": 0.018867924528301886, "15|18": 0.018867924528301886, "18|14": 0.018867924528301886, "-4|9": 0.018867924528301886, "-10|22": 0.018867924528301886, "1|38": 0.018867924528301886, "4|0": 0.018867924528301886, "12|21": 0.018867924528301886, "-1|-13": 0.018867924528301886, "-4|4": 0.018867924528301886, "-27|15": 0.018867924528301886, "17|6": 0.018867924528301886, "-6|10": 0.018867924528301886, "20|20": 0.018867924528301886, "-20|13": 0.03773584905660377, "-25|17": 0.018867924528301886, "-17|15": 0.018867924528301886, "13|17": 0.018867924528301886, "23|-1": 0.018867924528301886, "18|10": 0.018867924528301886, "16|9": 0.018867924528301886, "25|17": 0.018867924528301886, "-6|15": 0.018867924528301886, "11|9": 0.018867924528301886, "10|4": 0.018867924528301886, "-13|3": 0.018867924528301886, "-16|0": 0.018867924528301886, "-6|18": 0.018867924528301886, "0|13": 0.018867924528301886, "27|4": 0.018867924528301886, "7|38": 0.018867924528301886, "-22|13": 0.018867924528301886, "17|7": 0.018867924528301886, "20|10": 0.018867924528301886, "18|11": 0.018867924528301886, "-4|1": 0.018867924528301886, "0|25": 0.018867924528301886, "0|0": 0.018867924528301886, "1|32": 0.018867924528301886, "0|15": 0.018867924528301886, "-15|12": 0.018867924528301886, "-4|5": 0.018867924528301886, "-27|19": 0.018867924528301886, "0|6": 0.018867924528301886, "20|26": 0.018867924528301886, "-2|7": 0.018867924528301886, "-32|22": 0.018867924528301886}, "CORNER_3": {"229|12": 0.05263157894736842, "-230|50": 0.05263157894736842, "235|34": 0.05263157894736842, "-239|-8": 0.05263157894736842, "-228|57": 0.05263157894736842, "-232|47": 0.05263157894736842, "-228|17": 0.05263157894736842, "234|9": 0.05263157894736842, "239|26": 0.05263157894736842, "-233|-26": 0.05263157894736842, "235|21": 0.05263157894736842, "-229|4": 0.05263157894736842, "241|39": 0.05263157894736842, "228|-4": 0.05263157894736842, "235|8": 0.05263157894736842, "229|31": 0.05263157894736842, "-235|1": 0.05263157894736842, "-228|15": 0.05263157894736842, "240|17": 0.05263157894736842}, "LONG_MID_RANGE": {"25|196": 0.027777777777777776, "212|58": 0.027777777777777776, "74|128": 0.027777777777777776, "-92|172": 0.027777777777777776, "110|146": 0.027777777777777776, "-114|81": 0.027777777777777776, "9|148": 0.027777777777777776, "-91|155": 0.027777777777777776, "-153|131": 0.027777777777777776, "-140|109": 0.027777777777777776, "-168|150": 0.027777777777777776, "136|80": 0.027777777777777776, "147|10": 0.027777777777777776, "196|82": 0.027777777777777776, "119|140": 0.027777777777777776, "62|145": 0.027777777777777776, "-181|10": 0.027777777777777776, "-61|157": 0.027777777777777776, "187|2": 0.027777777777777776, "-168|39": 0.027777777777777776, "38|141": 0.027777777777777776, "-6|147": 0.027777777777777776, "-140|57": 0.027777777777777776, "-76|222": 0.027777777777777776, "121|112": 0.027777777777777776, "-11|184": 0.027777777777777776, "-93|162": 0.027777777777777776, "-97|142": 0.027777777777777776, "-15|236": 0.027777777777777776, "126|111": 0.027777777777777776, "88|110": 0.027777777777777776, "-129|136": 0.027777777777777776, "-116|201": 0.027777777777777776, "9|164": 0.027777777777777776, "-114|110": 0.027777777777777776, "-125|79": 0.027777777777777776}, "SHORT_MID_RANGE": {"67|103": 0.021739130434782608, "-65|29": 0.021739130434782608, "-67|39": 0.021739130434782608, "-123|29": 0.021739130434782608, "-55|37": 0.021739130434782608, "20|46": 0.021739130434782608, "87|41": 0.021739130434782608, "-110|54": 0.021739130434782608, "-129|13": 0.021739130434782608, "-17|94": 0.021739130434782608, "-18|123": 0.021739130434782608, "59|123": 0.021739130434782608, "-89|41": 0.021739130434782608, "-11|89": 0.021739130434782608, "54|105": 0.021739130434782608, "-91|82": 0.021739130434782608, "-56|45": 0.021739130434782608, "-25|36": 0.021739130434782608, "-83|88": 0.021739130434782608, "-33|64": 0.021739130434782608, "-94|78": 0.021739130434782608, "-49|61": 0.021739130434782608, "34|79": 0.021739130434782608, "-99|89": 0.021739130434782608, "62|72": 0.021739130434782608, "-25|43": 0.021739130434782608, "-76|90": 0.021739130434782608, "-16|62": 0.021739130434782608, "20|85": 0.021739130434782608, "50|119": 0.021739130434782608, "55|117": 0.021739130434782608, "126|13": 0.021739130434782608, "62|-10": 0.021739130434782608, "10|101": 0.021739130434782608, "33|22": 0.021739130434782608, "97|84": 0.021739130434782608, "42|95": 0.021739130434782608, "-2|75": 0.021739130434782608, "-9|119": 0.021739130434782608, "86|50": 0.021739130434782608, "-104|73": 0.021739130434782608, "-12|104": 0.021739130434782608, "65|77": 0.021739130434782608, "-47|104": 0.021739130434782608, "-26|32": 0.021739130434782608, "-50|29": 0.021739130434782608}}, "FOUL_AWAY_FROM_PLAY": 0.0,