{"ASSIST": 0.11724137931034483, "BLOCK": 0.09090909090909091, "FG_ARC_3_ATTEMPT": 0.09722222222222222, "FG_ARC_3_BLOCK": 0.0, "FG_ARC_3_MADE": 0.2857142857142857, "FG_ARC_3_MADE_FOUL": 0.0, "FG_AT_RIM_ATTEMPT": 0.2131979695431472, "FG_AT_RIM_BLOCK": 0.050761421319796954, "FG_AT_RIM_MADE": 0.5238095238095238, "FG_AT_RIM_MADE_FOUL": 0.01015228426395939, "FG_CORNER_3_ATTEMPT": 0.27906976744186046, "FG_CORNER_3_BLOCK": 0.0, "FG_CORNER_3_MADE": 0.08333333333333333, "FG_CORNER_3_MADE_FOUL": 0.0, "FG_LONG_MID_RANGE_ATTEMPT": 0.06796116504854369, "FG_LONG_MID_RANGE_BLOCK": 0.0, "FG_LONG_MID_RANGE_MADE": 0.2857142857142857, "FG_LONG_MID_RANGE_MADE_FOUL": 0.0, "FG_SHORT_MID_RANGE_ATTEMPT": 0.07964601769911504, "FG_SHORT_MID_RANGE_BLOCK": 0.008849557522123894, "FG_SHORT_MID_RANGE_MADE": 0.1111111111111111, "FG_SHORT_MID_RANGE_MADE_FOUL": 0.0, "FG_XY": {"ARC_3": {"-203|172": 0.07142857142857142, "181|153": 0.07142857142857142, "173|188": 0.07142857142857142, "132|213": 0.07142857142857142, "-124|218": 0.07142857142857142, "-214|136": 0.07142857142857142, "50|243": 0.07142857142857142, "230|94": 0.07142857142857142, "-59|278": 0.07142857142857142, "175|185": 0.07142857142857142, "-190|159": 0.07142857142857142, "199|159": 0.07142857142857142, "116|232": 0.07142857142857142, "-189|167": 0.07142857142857142}, "AT_RIM": {"9|10": 0.023809523809523808, "-28|10": 0.023809523809523808, "-2|6": 0.023809523809523808, "10|-5": 0.023809523809523808, "7|6": 0.047619047619047616, "6|11": 0.023809523809523808, "2|11": 0.023809523809523808, "11|-4": 0.023809523809523808, "6|25": 0.023809523809523808, "-1|5": 0.023809523809523808, "1|7": 0.023809523809523808, "-18|-11": 0.023809523809523808, "-17|5": 0.023809523809523808, "6|38": 0.023809523809523808, "28|11": 0.023809523809523808, "2|8": 0.023809523809523808, "-6|3": 0.023809523809523808, "7|8": 0.023809523809523808, "-11|8": 0.023809523809523808, "-1|-1": 0.023809523809523808, "1|-1": 0.023809523809523808, "0|0": 0.023809523809523808, "17|2": 0.023809523809523808, "13|2": 0.023809523809523808, "-22|10": 0.023809523809523808, "-28|11": 0.023809523809523808, "-16|13": 0.023809523809523808, "-13|6": 0.023809523809523808, "17|15": 0.023809523809523808, "-18|2": 0.023809523809523808, "17|18": 0.023809523809523808, "-2|32": 0.023809523809523808, "9|27": 0.023809523809523808, "1|5": 0.023809523809523808, "-1|25": 0.023809523809523808, "4|1": 0.023809523809523808, "21|27": 0.023809523809523808, "-4|6": 0.023809523809523808, "17|12": 0.023809523809523808, "13|4": 0.023809523809523808, "7|13": 0.023809523809523808}, "CORNER_3": {"232|15": 0.08333333333333333, "221|55": 0.08333333333333333, "227|5": 0.08333333333333333, "230|25": 0.08333333333333333, "232|56": 0.08333333333333333, "227|20": 0.08333333333333333, "234|58": 0.08333333333333333, "-228|74": 0.08333333333333333, "-233|-3": 0.08333333333333333, "-238|-6": 0.08333333333333333, "239|1": 0.08333333333333333, "237|5": 0.08333333333333333}, "LONG_MID_RANGE": {"109|108": 0.14285714285714285, "147|60": 0.14285714285714285, "112|126": 0.14285714285714285, "-173|-4": 0.14285714285714285, "-114|120": 0.14285714285714285, "-196|91": 0.14285714285714285, "-38|200": 0.14285714285714285}, "SHORT_MID_RANGE": {"-6|45": 0.1111111111111111, "43|17": 0.1111111111111111, "58|58": 0.1111111111111111, "94|-18": 0.1111111111111111, "-43|49": 0.1111111111111111, "60|115": 0.1111111111111111, "20|42": 0.1111111111111111, "130|-5": 0.1111111111111111, "-29|74": 0.1111111111111111}}, "FOUL_AWAY_FROM_PLAY": 0.0, "FOULED_AWAY_FROM_PLAY": 0.0, "FOUL_CLEAR_PATH": 0.0, "FOULED_CLEAR_PATH": 0.0, "FOUL_COUNT_AS_PERSONAL": 0.16993464052287582, "FOULED_COUNT_AS_PERSONAL": 0.08064516129032258, "FOUL_COUNT_TOWARD_PENALTY": 0.17692307692307693, "FOULED_COUNT_TOWARD_PENALTY": 0.08620689655172414, "FOUL_DEFENSIVE_NON_SHOOTING": 0.23076923076923078, "FOULED_DEFENSIVE_NON_SHOOTING": 0.06451612903225806, "FOUL_DOUBLE": 0.0, "FOUL_TECHNICAL_DOUBLE": 0.0, "FOUL_FLAGRANT": 0.0, "FOULED_FLAGRANT": 0.0, "FOUL_FLAGRANT_1": 0.0, "FOULED_FLAGRANT_1": 0.0, "FOUL_FLAGRANT_2": 0.0, "FOULED_FLAGRANT_2": 0.0, "FOUL_INBOUND": 0.0, "FOULED_INBOUND": 0.0, "FOUL_LOOSE_BALL": 0.0, "FOULED_LOOSE_BALL": 0.09090909090909091, "FOUL_OFFENSIVE_CHARGE": 0.2, "FOULED_OFFENSIVE_CHARGE": 0.0, "FOUL_OFFENSIVE_OTHER": 0.0, "FOULED_OFFENSIVE_OTHER": 0.0, "FOUL_OFFENSIVE_TOTAL": 0.13043478260869565, "FOULED_OFFENSIVE_TOTAL": 0.0, "FOUL_PERSONAL": 0.2564102564102564, "FOULED_PERSONAL": 0.06818181818181818, "FOUL_PERSONAL_BLOCK": 0.0, "FOULED_PERSONAL_BLOCK": 0.0, "FOUL_PERSONAL_TAKE": 0.0, "FOULED_PERSONAL_TAKE": 0.0, "FOUL_SHOOTING": 0.14285714285714285, "FOULED_SHOOTING": 0.1111111111111111, "FOUL_SHOOTING_BLOCK": 0.0, "FOULED_SHOOTING_BLOCK": 0.0, "FOUL_TECHNICAL": 0.0, "FT": 0.6363636363636364, "REBOUND_DEFENSIVE": 0.096875, "REBOUND_OFFENSIVE": 0.029498525073746312, "STEAL": 0.16326530612244897, "SHOT_TYPE_ARC_3_OFFENSIVE": 0.24, "SHOT_TYPE_ARC_3_DEFENSIVE": 0.2874564459930314, "SHOT_TYPE_AT_RIM_OFFENSIVE": 0.3283333333333333, "SHOT_TYPE_AT_RIM_DEFENSIVE": 0.313588850174216, "SHOT_TYPE_CORNER_3_OFFENSIVE": 0.07166666666666667, "SHOT_TYPE_CORNER_3_DEFENSIVE": 0.08710801393728224, "SHOT_TYPE_LONG_MID_RANGE_OFFENSIVE": 0.17166666666666666, "SHOT_TYPE_LONG_MID_RANGE_DEFENSIVE": 0.11498257839721254, "SHOT_TYPE_SHORT_MID_RANGE_OFFENSIVE": 0.18833333333333332, "SHOT_TYPE_SHORT_MID_RANGE_DEFENSIVE": 0.19686411149825783, "TURNOVER": 0.1509433962264151, "VIOLATION_DEFENSIVE_GOALTENDING": 0.0, "VIOLATION_DEFENSIVE_KICK_BALL": 0.0}