{"ASSIST": 0.125, "BLOCK": 0.25, "FG_ARC_3_ATTEMPT": 0.3333333333333333, "FG_ARC_3_BLOCK": 0.0, "FG_ARC_3_MADE": 0.16666666666666666, "FG_ARC_3_MADE_FOUL": 0.0, "FG_AT_RIM_ATTEMPT": 0.3333333333333333, "FG_AT_RIM_BLOCK": 0.0, "FG_AT_RIM_MADE": 0.3333333333333333, "FG_AT_RIM_MADE_FOUL": 0.0, "FG_CORNER_3_ATTEMPT": 0.0, "FG_CORNER_3_BLOCK": 0.0, "FG_CORNER_3_MADE": 0.0, "FG_CORNER_3_MADE_FOUL": 0.0, "FG_LONG_MID_RANGE_ATTEMPT": 0.3, "FG_LONG_MID_RANGE_BLOCK": 0.0, "FG_LONG_MID_RANGE_MADE": 0.6666666666666666, "FG_LONG_MID_RANGE_MADE_FOUL": 0.0, "FG_SHORT_MID_RANGE_ATTEMPT": 0.14285714285714285, "FG_SHORT_MID_RANGE_BLOCK": 0.0, "FG_SHORT_MID_RANGE_MADE": 1.0, "FG_SHORT_MID_RANGE_MADE_FOUL": 0.0, "FG_XY": {"ARC_3": {"179|218": 0.16666666666666666, "-173|185": 0.16666666666666666, "124|236": 0.16666666666666666, "114|222": 0.16666666666666666, "-17|260": 0.16666666666666666, "22|267": 0.16666666666666666}, "AT_RIM": {"-21|10": 0.16666666666666666, "-7|20": 0.16666666666666666, "-5|14": 0.16666666666666666, "9|21": 0.16666666666666666, "-11|33": 0.16666666666666666, "5|17": 0.16666666666666666}, "CORNER_3": {}, "LONG_MID_RANGE": {"-100|102": 0.3333333333333333, "91|133": 0.3333333333333333, "-89|157": 0.3333333333333333}, "SHORT_MID_RANGE": {"-113|69": 0.5, "2|49": 0.5}}, "FOUL_AWAY_FROM_PLAY": 0.0, "FOULED_AWAY_FROM_PLAY": 0.0, "FOUL_CLEAR_PATH": 0.0, "FOULED_CLEAR_PATH": 0.0, "FOUL_COUNT_AS_PERSONAL": 0.21428571428571427, "FOULED_COUNT_AS_PERSONAL": 0.16666666666666666, "FOUL_COUNT_TOWARD_PENALTY": 0.23076923076923078, "FOULED_COUNT_TOWARD_PENALTY": 0.18181818181818182, "FOUL_DEFENSIVE_NON_SHOOTING": 0.2, "FOULED_DEFENSIVE_NON_SHOOTING": 0.25, "FOUL_DOUBLE": 0.0, "FOUL_TECHNICAL_DOUBLE": 0.0, "FOUL_FLAGRANT": 0.0, "FOULED_FLAGRANT": 0.0, "FOUL_FLAGRANT_1": 0.0, "FOULED_FLAGRANT_1": 0.0, "FOUL_FLAGRANT_2": 0.0, "FOULED_FLAGRANT_2": 0.0, "FOUL_INBOUND": 0.0, "FOULED_INBOUND": 0.0, "FOUL_LOOSE_BALL": 0.0, "FOULED_LOOSE_BALL": 0.0, "FOUL_OFFENSIVE_CHARGE": 0.0, "FOULED_OFFENSIVE_CHARGE": 0.0, "FOUL_OFFENSIVE_OTHER": 0.0, "FOULED_OFFENSIVE_OTHER": 0.0, "FOUL_OFFENSIVE_TOTAL": 0.0, "FOULED_OFFENSIVE_TOTAL": 0.0, "FOUL_PERSONAL": 0.3333333333333333, "FOULED_PERSONAL": 0.0, "FOUL_PERSONAL_BLOCK": 0.0, "FOULED_PERSONAL_BLOCK": 0.0, "FOUL_PERSONAL_TAKE": 0.0, "FOULED_PERSONAL_TAKE": 1.0, "FOUL_SHOOTING": 0.25, "FOULED_SHOOTING": 0.14285714285714285, "FOUL_SHOOTING_BLOCK": 0.0, "FOULED_SHOOTING_BLOCK": 0.0, "FOUL_TECHNICAL": 0.0, "FT": 0.5, "REBOUND_DEFENSIVE": 0.08333333333333333, "REBOUND_OFFENSIVE": 0.0, "STEAL": 0.09090909090909091, "SHOT_TYPE_ARC_3_OFFENSIVE": 0.28125, "SHOT_TYPE_ARC_3_DEFENSIVE": 0.24193548387096775, "SHOT_TYPE_AT_RIM_OFFENSIVE": 0.28125, "SHOT_TYPE_AT_RIM_DEFENSIVE": 0.3387096774193548, "SHOT_TYPE_CORNER_3_OFFENSIVE": 0.0625, "SHOT_TYPE_CORNER_3_DEFENSIVE": 0.0967741935483871, "SHOT_TYPE_LONG_MID_RANGE_OFFENSIVE": 0.15625, "SHOT_TYPE_LONG_MID_RANGE_DEFENSIVE": 0.08064516129032258, "SHOT_TYPE_SHORT_MID_RANGE_OFFENSIVE": 0.21875, "SHOT_TYPE_SHORT_MID_RANGE_DEFENSIVE": 0.24193548387096775, "TURNOVER": 0.09090909090909091, "VIOLATION_DEFENSIVE_GOALTENDING": 0.0, "VIOLATION_DEFENSIVE_KICK_BALL": 0.0}