{"ASSIST": 0.26618705035971224, "BLOCK": 0.13793103448275862, "FG_ARC_3_ATTEMPT": 0.235, "FG_ARC_3_BLOCK": 0.0, "FG_ARC_3_MADE": 0.44680851063829785, "FG_ARC_3_MADE_FOUL": 0.0, "FG_AT_RIM_ATTEMPT": 0.11678832116788321, "FG_AT_RIM_BLOCK": 0.0, "FG_AT_RIM_MADE": 0.875, "FG_AT_RIM_MADE_FOUL": 0.0, "FG_CORNER_3_ATTEMPT": 0.23728813559322035, "FG_CORNER_3_BLOCK": 0.0, "FG_CORNER_3_MADE": 0.42857142857142855, "FG_CORNER_3_MADE_FOUL": 0.0, "FG_LONG_MID_RANGE_ATTEMPT": 0.0625, "FG_LONG_MID_RANGE_BLOCK": 0.020833333333333332, "FG_LONG_MID_RANGE_MADE": 0.3333333333333333, "FG_LONG_MID_RANGE_MADE_FOUL": 0.0, "FG_SHORT_MID_RANGE_ATTEMPT": 0.15384615384615385, "FG_SHORT_MID_RANGE_BLOCK": 0.019230769230769232, "FG_SHORT_MID_RANGE_MADE": 0.5, "FG_SHORT_MID_RANGE_MADE_FOUL": 0.0, "FG_XY": {"ARC_3": {"25|251": 0.02127659574468085, "203|153": 0.02127659574468085, "-146|220": 0.02127659574468085, "-150|217": 0.02127659574468085, "-94|246": 0.02127659574468085, "-89|263": 0.02127659574468085, "161|561": 0.02127659574468085, "6|261": 0.02127659574468085, "104|237": 0.02127659574468085, "154|355": 0.02127659574468085, "-94|247": 0.02127659574468085, "181|169": 0.02127659574468085, "-211|143": 0.02127659574468085, "10|445": 0.02127659574468085, "-20|248": 0.02127659574468085, "-129|216": 0.02127659574468085, "-148|210": 0.02127659574468085, "123|264": 0.02127659574468085, "112|235": 0.02127659574468085, "153|237": 0.02127659574468085, "-178|186": 0.02127659574468085, "-189|179": 0.02127659574468085, "89|229": 0.02127659574468085, "152|211": 0.02127659574468085, "189|169": 0.02127659574468085, "162|195": 0.02127659574468085, "119|231": 0.02127659574468085, "109|242": 0.02127659574468085, "-183|176": 0.02127659574468085, "93|243": 0.02127659574468085, "85|242": 0.02127659574468085, "87|258": 0.02127659574468085, "-167|206": 0.02127659574468085, "227|110": 0.02127659574468085, "-178|183": 0.02127659574468085, "135|222": 0.02127659574468085, "-143|228": 0.02127659574468085, "12|272": 0.02127659574468085, "-210|202": 0.02127659574468085, "-145|211": 0.02127659574468085, "138|216": 0.02127659574468085, "181|178": 0.02127659574468085, "-102|241": 0.02127659574468085, "-130|225": 0.02127659574468085, "39|252": 0.02127659574468085, "37|267": 0.02127659574468085, "-125|220": 0.02127659574468085}, "AT_RIM": {"-17|22": 0.0625, "-7|5": 0.0625, "20|6": 0.0625, "-13|13": 0.0625, "29|5": 0.0625, "11|21": 0.0625, "-2|20": 0.0625, "-15|10": 0.0625, "16|18": 0.0625, "9|17": 0.0625, "2|6": 0.0625, "-36|2": 0.0625, "18|33": 0.0625, "4|21": 0.0625, "4|11": 0.0625, "5|20": 0.0625}, "CORNER_3": {"-223|8": 0.07142857142857142, "235|27": 0.07142857142857142, "-229|1": 0.07142857142857142, "233|20": 0.07142857142857142, "-233|11": 0.07142857142857142, "235|69": 0.07142857142857142, "227|53": 0.14285714285714285, "230|32": 0.07142857142857142, "228|31": 0.07142857142857142, "-234|73": 0.07142857142857142, "-238|-4": 0.07142857142857142, "-232|6": 0.07142857142857142, "-238|59": 0.07142857142857142}, "LONG_MID_RANGE": {"115|119": 0.3333333333333333, "74|122": 0.3333333333333333, "145|63": 0.3333333333333333}, "SHORT_MID_RANGE": {"-50|100": 0.0625, "44|41": 0.0625, "39|36": 0.0625, "45|58": 0.0625, "-42|70": 0.0625, "-7|130": 0.0625, "6|98": 0.0625, "-31|29": 0.0625, "-62|60": 0.0625, "-13|132": 0.0625, "-33|24": 0.0625, "-37|27": 0.0625, "-42|24": 0.0625, "42|13": 0.0625, "49|63": 0.0625, "-49|17": 0.0625}}, "FOUL_AWAY_FROM_PLAY": 0.0, "FOULED_AWAY_FROM_PLAY": 0.0, "FOUL_CLEAR_PATH": 0.0, "FOULED_CLEAR_PATH": 0.0, "FOUL_COUNT_AS_PERSONAL": 0.23076923076923078, "FOULED_COUNT_AS_PERSONAL": 0.24561403508771928, "FOUL_COUNT_TOWARD_PENALTY": 0.256, "FOULED_COUNT_TOWARD_PENALTY": 0.2, "FOUL_DEFENSIVE_NON_SHOOTING": 0.30303030303030304, "FOULED_DEFENSIVE_NON_SHOOTING": 0.25, "FOUL_DOUBLE": 0.0, "FOUL_TECHNICAL_DOUBLE": 0.5, "FOUL_FLAGRANT": 0.0, "FOULED_FLAGRANT": 1.0, "FOUL_FLAGRANT_1": 0.0, "FOULED_FLAGRANT_1": 1.0, "FOUL_FLAGRANT_2": 0.0, "FOULED_FLAGRANT_2": 0.0, "FOUL_INBOUND": 0.0, "FOULED_INBOUND": 0.0, "FOUL_LOOSE_BALL": 0.0, "FOULED_LOOSE_BALL": 0.5, "FOUL_OFFENSIVE_CHARGE": 0.0, "FOULED_OFFENSIVE_CHARGE": 0.6666666666666666, "FOUL_OFFENSIVE_OTHER": 0.0, "FOULED_OFFENSIVE_OTHER": 0.0, "FOUL_OFFENSIVE_TOTAL": 0.05555555555555555, "FOULED_OFFENSIVE_TOTAL": 0.47368421052631576, "FOUL_PERSONAL": 0.3877551020408163, "FOULED_PERSONAL": 0.20689655172413793, "FOUL_PERSONAL_BLOCK": 0.0, "FOULED_PERSONAL_BLOCK": 0.0, "FOUL_PERSONAL_TAKE": 0.0, "FOULED_PERSONAL_TAKE": 0.16666666666666666, "FOUL_SHOOTING": 0.2033898305084746, "FOULED_SHOOTING": 0.14893617021276595, "FOUL_SHOOTING_BLOCK": 0.0, "FOULED_SHOOTING_BLOCK": 0.0, "FOUL_TECHNICAL": 0.0, "FT": 0.8333333333333334, "REBOUND_DEFENSIVE": 0.09090909090909091, "REBOUND_OFFENSIVE": 0.019230769230769232, "STEAL": 0.3090909090909091, "SHOT_TYPE_ARC_3_OFFENSIVE": 0.36496350364963503, "SHOT_TYPE_ARC_3_DEFENSIVE": 0.30035971223021585, "SHOT_TYPE_AT_RIM_OFFENSIVE": 0.25, "SHOT_TYPE_AT_RIM_DEFENSIVE": 0.25539568345323743, "SHOT_TYPE_CORNER_3_OFFENSIVE": 0.10766423357664233, "SHOT_TYPE_CORNER_3_DEFENSIVE": 0.1420863309352518, "SHOT_TYPE_LONG_MID_RANGE_OFFENSIVE": 0.08759124087591241, "SHOT_TYPE_LONG_MID_RANGE_DEFENSIVE": 0.10071942446043165, "SHOT_TYPE_SHORT_MID_RANGE_OFFENSIVE": 0.1897810218978102, "SHOT_TYPE_SHORT_MID_RANGE_DEFENSIVE": 0.2014388489208633, "TURNOVER": 0.19047619047619047, "VIOLATION_DEFENSIVE_GOALTENDING": 0.0, "VIOLATION_DEFENSIVE_KICK_BALL": 0.2}