{"ASSIST": 0.19047619047619047, "BLOCK": 0.0, "FG_ARC_3_ATTEMPT": 0.28205128205128205, "FG_ARC_3_BLOCK": 0.0, "FG_ARC_3_MADE": 0.2727272727272727, "FG_ARC_3_MADE_FOUL": 0.0, "FG_AT_RIM_ATTEMPT": 0.26666666666666666, "FG_AT_RIM_BLOCK": 0.0, "FG_AT_RIM_MADE": 0.75, "FG_AT_RIM_MADE_FOUL": 0.0, "FG_CORNER_3_ATTEMPT": 0.25, "FG_CORNER_3_BLOCK": 0.0, "FG_CORNER_3_MADE": 0.25, "FG_CORNER_3_MADE_FOUL": 0.0, "FG_LONG_MID_RANGE_ATTEMPT": 0.2222222222222222, "FG_LONG_MID_RANGE_BLOCK": 0.0, "FG_LONG_MID_RANGE_MADE": 0.0, "FG_LONG_MID_RANGE_MADE_FOUL": 0.0, "FG_SHORT_MID_RANGE_ATTEMPT": 0.13333333333333333, "FG_SHORT_MID_RANGE_BLOCK": 0.0, "FG_SHORT_MID_RANGE_MADE": 0.0, "FG_SHORT_MID_RANGE_MADE_FOUL": 0.0, "FG_XY": {"ARC_3": {"-136|209": 0.09090909090909091, "221|138": 0.09090909090909091, "-210|147": 0.09090909090909091, "-191|155": 0.09090909090909091, "-127|236": 0.09090909090909091, "-167|237": 0.09090909090909091, "-126|233": 0.09090909090909091, "-218|131": 0.09090909090909091, "13|277": 0.09090909090909091, "-26|267": 0.09090909090909091, "121|235": 0.09090909090909091}, "AT_RIM": {"2|1": 0.25, "20|25": 0.25, "-29|20": 0.25, "-13|1": 0.25}, "CORNER_3": {"-229|-11": 0.25, "227|30": 0.25, "-234|20": 0.25, "-233|33": 0.25}, "LONG_MID_RANGE": {"-27|172": 0.5, "-127|128": 0.5}, "SHORT_MID_RANGE": {"21|43": 0.5, "-85|91": 0.5}}, "FOUL_AWAY_FROM_PLAY": 0.0, "FOULED_AWAY_FROM_PLAY": 0.0, "FOUL_CLEAR_PATH": 0.0, "FOULED_CLEAR_PATH": 0.0, "FOUL_COUNT_AS_PERSONAL": 0.0625, "FOULED_COUNT_AS_PERSONAL": 0.14285714285714285, "FOUL_COUNT_TOWARD_PENALTY": 0.0, "FOULED_COUNT_TOWARD_PENALTY": 0.05263157894736842, "FOUL_DEFENSIVE_NON_SHOOTING": 0.0, "FOULED_DEFENSIVE_NON_SHOOTING": 0.0, "FOUL_DOUBLE": 0.0, "FOUL_TECHNICAL_DOUBLE": 0.0, "FOUL_FLAGRANT": 0.0, "FOULED_FLAGRANT": 0.0, "FOUL_FLAGRANT_1": 0.0, "FOULED_FLAGRANT_1": 0.0, "FOUL_FLAGRANT_2": 0.0, "FOULED_FLAGRANT_2": 0.0, "FOUL_INBOUND": 0.0, "FOULED_INBOUND": 0.0, "FOUL_LOOSE_BALL": 0.0, "FOULED_LOOSE_BALL": 0.0, "FOUL_OFFENSIVE_CHARGE": 0.0, "FOULED_OFFENSIVE_CHARGE": 1.0, "FOUL_OFFENSIVE_OTHER": 0.0, "FOULED_OFFENSIVE_OTHER": 0.0, "FOUL_OFFENSIVE_TOTAL": 0.5, "FOULED_OFFENSIVE_TOTAL": 1.0, "FOUL_PERSONAL": 0.0, "FOULED_PERSONAL": 0.0, "FOUL_PERSONAL_BLOCK": 0.0, "FOULED_PERSONAL_BLOCK": 0.0, "FOUL_PERSONAL_TAKE": 0.0, "FOULED_PERSONAL_TAKE": 0.0, "FOUL_SHOOTING": 0.0, "FOULED_SHOOTING": 0.14285714285714285, "FOUL_SHOOTING_BLOCK": 0.0, "FOULED_SHOOTING_BLOCK": 0.0, "FOUL_TECHNICAL": 0.0, "FT": 1.0, "REBOUND_DEFENSIVE": 0.023255813953488372, "REBOUND_OFFENSIVE": 0.0, "STEAL": 0.2727272727272727, "SHOT_TYPE_ARC_3_OFFENSIVE": 0.4148936170212766, "SHOT_TYPE_ARC_3_DEFENSIVE": 0.24675324675324675, "SHOT_TYPE_AT_RIM_OFFENSIVE": 0.1595744680851064, "SHOT_TYPE_AT_RIM_DEFENSIVE": 0.3116883116883117, "SHOT_TYPE_CORNER_3_OFFENSIVE": 0.1702127659574468, "SHOT_TYPE_CORNER_3_DEFENSIVE": 0.14285714285714285, "SHOT_TYPE_LONG_MID_RANGE_OFFENSIVE": 0.09574468085106383, "SHOT_TYPE_LONG_MID_RANGE_DEFENSIVE": 0.11688311688311688, "SHOT_TYPE_SHORT_MID_RANGE_OFFENSIVE": 0.1595744680851064, "SHOT_TYPE_SHORT_MID_RANGE_DEFENSIVE": 0.18181818181818182, "TURNOVER": 0.13333333333333333, "VIOLATION_DEFENSIVE_GOALTENDING": 0.0, "VIOLATION_DEFENSIVE_KICK_BALL": 0.0}