{"ASSIST": 0.26582278481012656, "BLOCK": 0.0, "FG_ARC_3_ATTEMPT": 0.16666666666666666, "FG_ARC_3_BLOCK": 0.0, "FG_ARC_3_MADE": 0.9, "FG_ARC_3_MADE_FOUL": 0.0, "FG_AT_RIM_ATTEMPT": 0.1780821917808219, "FG_AT_RIM_BLOCK": 0.0273972602739726, "FG_AT_RIM_MADE": 0.46153846153846156, "FG_AT_RIM_MADE_FOUL": 0.0, "FG_CORNER_3_ATTEMPT": 0.23076923076923078, "FG_CORNER_3_BLOCK": 0.0, "FG_CORNER_3_MADE": 0.3333333333333333, "FG_CORNER_3_MADE_FOUL": 0.0, "FG_LONG_MID_RANGE_ATTEMPT": 0.07142857142857142, "FG_LONG_MID_RANGE_BLOCK": 0.0, "FG_LONG_MID_RANGE_MADE": 1.0, "FG_LONG_MID_RANGE_MADE_FOUL": 0.0, "FG_SHORT_MID_RANGE_ATTEMPT": 0.3037974683544304, "FG_SHORT_MID_RANGE_BLOCK": 0.0, "FG_SHORT_MID_RANGE_MADE": 0.5416666666666666, "FG_SHORT_MID_RANGE_MADE_FOUL": 0.0, "FG_XY": {"ARC_3": {"154|210": 0.1, "-150|233": 0.1, "-186|189": 0.1, "65|272": 0.1, "-50|239": 0.1, "132|232": 0.1, "146|225": 0.1, "-161|201": 0.1, "221|113": 0.1, "-227|106": 0.1}, "AT_RIM": {"7|8": 0.07692307692307693, "6|25": 0.07692307692307693, "6|29": 0.07692307692307693, "-5|31": 0.07692307692307693, "-12|6": 0.07692307692307693, "4|12": 0.07692307692307693, "-9|14": 0.07692307692307693, "-9|1": 0.07692307692307693, "2|9": 0.07692307692307693, "-16|16": 0.07692307692307693, "-33|6": 0.07692307692307693, "-21|11": 0.07692307692307693, "-18|2": 0.07692307692307693}, "CORNER_3": {"-234|8": 0.3333333333333333, "229|2": 0.3333333333333333, "235|35": 0.3333333333333333}, "LONG_MID_RANGE": {"-47|141": 0.5, "-93|179": 0.5}, "SHORT_MID_RANGE": {"76|100": 0.041666666666666664, "-67|10": 0.041666666666666664, "-51|31": 0.041666666666666664, "93|83": 0.041666666666666664, "-56|115": 0.041666666666666664, "1|63": 0.041666666666666664, "-29|32": 0.041666666666666664, "62|70": 0.041666666666666664, "40|54": 0.041666666666666664, "37|20": 0.041666666666666664, "-42|60": 0.041666666666666664, "-6|55": 0.041666666666666664, "87|101": 0.041666666666666664, "67|101": 0.041666666666666664, "5|73": 0.041666666666666664, "21|125": 0.041666666666666664, "44|61": 0.041666666666666664, "-40|109": 0.041666666666666664, "-10|132": 0.041666666666666664, "-20|136": 0.041666666666666664, "-6|62": 0.041666666666666664, "-20|53": 0.041666666666666664, "67|22": 0.041666666666666664, "23|64": 0.041666666666666664}}, "FOUL_AWAY_FROM_PLAY": 0.0, "FOULED_AWAY_FROM_PLAY": 0.0, "FOUL_CLEAR_PATH": 0.0, "FOULED_CLEAR_PATH": 0.0, "FOUL_COUNT_AS_PERSONAL": 0.2564102564102564, "FOULED_COUNT_AS_PERSONAL": 0.21875, "FOUL_COUNT_TOWARD_PENALTY": 0.2647058823529412, "FOULED_COUNT_TOWARD_PENALTY": 0.22033898305084745, "FOUL_DEFENSIVE_NON_SHOOTING": 0.3125, "FOULED_DEFENSIVE_NON_SHOOTING": 0.2647058823529412, "FOUL_DOUBLE": 0.0, "FOUL_TECHNICAL_DOUBLE": 0.0, "FOUL_FLAGRANT": 0.0, "FOULED_FLAGRANT": 0.0, "FOUL_FLAGRANT_1": 0.0, "FOULED_FLAGRANT_1": 0.0, "FOUL_FLAGRANT_2": 0.0, "FOULED_FLAGRANT_2": 0.0, "FOUL_INBOUND": 0.0, "FOULED_INBOUND": 0.0, "FOUL_LOOSE_BALL": 0.0, "FOULED_LOOSE_BALL": 0.25, "FOUL_OFFENSIVE_CHARGE": 0.0, "FOULED_OFFENSIVE_CHARGE": 0.0, "FOUL_OFFENSIVE_OTHER": 0.0, "FOULED_OFFENSIVE_OTHER": 0.0, "FOUL_OFFENSIVE_TOTAL": 0.2, "FOULED_OFFENSIVE_TOTAL": 0.2, "FOUL_PERSONAL": 0.3333333333333333, "FOULED_PERSONAL": 0.28, "FOUL_PERSONAL_BLOCK": 0.0, "FOULED_PERSONAL_BLOCK": 0.0, "FOUL_PERSONAL_TAKE": 0.0, "FOULED_PERSONAL_TAKE": 0.25, "FOUL_SHOOTING": 0.2222222222222222, "FOULED_SHOOTING": 0.16, "FOUL_SHOOTING_BLOCK": 0.0, "FOULED_SHOOTING_BLOCK": 0.0, "FOUL_TECHNICAL": 0.0, "FT": 1.0, "REBOUND_DEFENSIVE": 0.0979020979020979, "REBOUND_OFFENSIVE": 0.006993006993006993, "STEAL": 0.21052631578947367, "SHOT_TYPE_ARC_3_OFFENSIVE": 0.23715415019762845, "SHOT_TYPE_ARC_3_DEFENSIVE": 0.32170542635658916, "SHOT_TYPE_AT_RIM_OFFENSIVE": 0.2885375494071146, "SHOT_TYPE_AT_RIM_DEFENSIVE": 0.3062015503875969, "SHOT_TYPE_CORNER_3_OFFENSIVE": 0.05138339920948617, "SHOT_TYPE_CORNER_3_DEFENSIVE": 0.12403100775193798, "SHOT_TYPE_LONG_MID_RANGE_OFFENSIVE": 0.11067193675889328, "SHOT_TYPE_LONG_MID_RANGE_DEFENSIVE": 0.07364341085271318, "SHOT_TYPE_SHORT_MID_RANGE_OFFENSIVE": 0.31225296442687744, "SHOT_TYPE_SHORT_MID_RANGE_DEFENSIVE": 0.1744186046511628, "TURNOVER": 0.2727272727272727, "VIOLATION_DEFENSIVE_GOALTENDING": 0.0, "VIOLATION_DEFENSIVE_KICK_BALL": 0.0}