{"ASSIST": 0.13333333333333333, "BLOCK": 0.0, "FG_ARC_3_ATTEMPT": 0.2753623188405797, "FG_ARC_3_BLOCK": 0.0, "FG_ARC_3_MADE": 0.15789473684210525, "FG_ARC_3_MADE_FOUL": 0.0, "FG_AT_RIM_ATTEMPT": 0.041666666666666664, "FG_AT_RIM_BLOCK": 0.020833333333333332, "FG_AT_RIM_MADE": 0.5, "FG_AT_RIM_MADE_FOUL": 0.0, "FG_CORNER_3_ATTEMPT": 0.34615384615384615, "FG_CORNER_3_BLOCK": 0.038461538461538464, "FG_CORNER_3_MADE": 0.1111111111111111, "FG_CORNER_3_MADE_FOUL": 0.0, "FG_LONG_MID_RANGE_ATTEMPT": 0.3157894736842105, "FG_LONG_MID_RANGE_BLOCK": 0.0, "FG_LONG_MID_RANGE_MADE": 0.16666666666666666, "FG_LONG_MID_RANGE_MADE_FOUL": 0.0, "FG_SHORT_MID_RANGE_ATTEMPT": 0.06779661016949153, "FG_SHORT_MID_RANGE_BLOCK": 0.0, "FG_SHORT_MID_RANGE_MADE": 1.0, "FG_SHORT_MID_RANGE_MADE_FOUL": 0.0, "FG_XY": {"ARC_3": {"-78|232": 0.05263157894736842, "152|212": 0.05263157894736842, "-157|195": 0.05263157894736842, "-157|290": 0.05263157894736842, "-119|233": 0.05263157894736842, "-157|196": 0.05263157894736842, "61|264": 0.05263157894736842, "178|196": 0.05263157894736842, "-132|234": 0.05263157894736842, "-211|137": 0.05263157894736842, "-81|541": 0.05263157894736842, "93|232": 0.05263157894736842, "-148|239": 0.05263157894736842, "-169|254": 0.05263157894736842, "-202|196": 0.05263157894736842, "-150|249": 0.05263157894736842, "178|178": 0.05263157894736842, "170|236": 0.05263157894736842, "-43|263": 0.05263157894736842}, "AT_RIM": {"9|0": 0.5, "12|21": 0.5}, "CORNER_3": {"-237|21": 0.1111111111111111, "-239|0": 0.1111111111111111, "-229|28": 0.1111111111111111, "-237|42": 0.1111111111111111, "228|49": 0.1111111111111111, "-228|13": 0.1111111111111111, "-232|0": 0.1111111111111111, "-237|50": 0.1111111111111111, "-240|17": 0.1111111111111111}, "LONG_MID_RANGE": {"93|142": 0.16666666666666666, "-169|42": 0.16666666666666666, "-1|185": 0.16666666666666666, "-92|189": 0.16666666666666666, "135|116": 0.16666666666666666, "-71|128": 0.16666666666666666}, "SHORT_MID_RANGE": {"28|85": 0.25, "-53|27": 0.25, "-99|21": 0.25, "40|9": 0.25}}, "FOUL_AWAY_FROM_PLAY": 0.0, "FOULED_AWAY_FROM_PLAY": 0.0, "FOUL_CLEAR_PATH": 0.0, "FOULED_CLEAR_PATH": 0.0, "FOUL_COUNT_AS_PERSONAL": 0.1875, "FOULED_COUNT_AS_PERSONAL": 0.19444444444444445, "FOUL_COUNT_TOWARD_PENALTY": 0.20454545454545456, "FOULED_COUNT_TOWARD_PENALTY": 0.16129032258064516, "FOUL_DEFENSIVE_NON_SHOOTING": 0.24, "FOULED_DEFENSIVE_NON_SHOOTING": 0.17647058823529413, "FOUL_DOUBLE": 0.0, "FOUL_TECHNICAL_DOUBLE": 0.0, "FOUL_FLAGRANT": 0.0, "FOULED_FLAGRANT": 0.0, "FOUL_FLAGRANT_1": 0.0, "FOULED_FLAGRANT_1": 0.0, "FOUL_FLAGRANT_2": 0.0, "FOULED_FLAGRANT_2": 0.0, "FOUL_INBOUND": 0.0, "FOULED_INBOUND": 0.0, "FOUL_LOOSE_BALL": 0.0, "FOULED_LOOSE_BALL": 0.0, "FOUL_OFFENSIVE_CHARGE": 0.0, "FOULED_OFFENSIVE_CHARGE": 0.0, "FOUL_OFFENSIVE_OTHER": 0.0, "FOULED_OFFENSIVE_OTHER": 0.0, "FOUL_OFFENSIVE_TOTAL": 0.0, "FOULED_OFFENSIVE_TOTAL": 0.4, "FOUL_PERSONAL": 0.3, "FOULED_PERSONAL": 0.15384615384615385, "FOUL_PERSONAL_BLOCK": 0.0, "FOULED_PERSONAL_BLOCK": 0.0, "FOUL_PERSONAL_TAKE": 0.0, "FOULED_PERSONAL_TAKE": 1.0, "FOUL_SHOOTING": 0.15789473684210525, "FOULED_SHOOTING": 0.14285714285714285, "FOUL_SHOOTING_BLOCK": 0.0, "FOULED_SHOOTING_BLOCK": 0.0, "FOUL_TECHNICAL": 0.0, "FT": 1.0, "REBOUND_DEFENSIVE": 0.10852713178294573, "REBOUND_OFFENSIVE": 0.016, "STEAL": 0.058823529411764705, "SHOT_TYPE_ARC_3_OFFENSIVE": 0.31221719457013575, "SHOT_TYPE_ARC_3_DEFENSIVE": 0.3537117903930131, "SHOT_TYPE_AT_RIM_OFFENSIVE": 0.2171945701357466, "SHOT_TYPE_AT_RIM_DEFENSIVE": 0.2576419213973799, "SHOT_TYPE_CORNER_3_OFFENSIVE": 0.11764705882352941, "SHOT_TYPE_CORNER_3_DEFENSIVE": 0.1091703056768559, "SHOT_TYPE_LONG_MID_RANGE_OFFENSIVE": 0.08597285067873303, "SHOT_TYPE_LONG_MID_RANGE_DEFENSIVE": 0.056768558951965066, "SHOT_TYPE_SHORT_MID_RANGE_OFFENSIVE": 0.2669683257918552, "SHOT_TYPE_SHORT_MID_RANGE_DEFENSIVE": 0.22270742358078602, "TURNOVER": 0.10256410256410256, "VIOLATION_DEFENSIVE_GOALTENDING": 0.0, "VIOLATION_DEFENSIVE_KICK_BALL": 0.0}