{"ASSIST": 0.10040160642570281, "BLOCK": 0.26666666666666666, "FG_ARC_3_ATTEMPT": 0.20192307692307693, "FG_ARC_3_BLOCK": 0.0, "FG_ARC_3_MADE": 0.19047619047619047, "FG_ARC_3_MADE_FOUL": 0.0, "FG_AT_RIM_ATTEMPT": 0.07692307692307693, "FG_AT_RIM_BLOCK": 0.01282051282051282, "FG_AT_RIM_MADE": 0.6111111111111112, "FG_AT_RIM_MADE_FOUL": 0.004273504273504274, "FG_CORNER_3_ATTEMPT": 0.2916666666666667, "FG_CORNER_3_BLOCK": 0.0, "FG_CORNER_3_MADE": 0.19047619047619047, "FG_CORNER_3_MADE_FOUL": 0.0, "FG_LONG_MID_RANGE_ATTEMPT": 0.1981981981981982, "FG_LONG_MID_RANGE_BLOCK": 0.0, "FG_LONG_MID_RANGE_MADE": 0.22727272727272727, "FG_LONG_MID_RANGE_MADE_FOUL": 0.0, "FG_SHORT_MID_RANGE_ATTEMPT": 0.1324200913242009, "FG_SHORT_MID_RANGE_BLOCK": 0.0136986301369863, "FG_SHORT_MID_RANGE_MADE": 0.4827586206896552, "FG_SHORT_MID_RANGE_MADE_FOUL": 0.0, "FG_XY": {"ARC_3": {"-192|176": 0.023809523809523808, "206|151": 0.023809523809523808, "172|206": 0.023809523809523808, "188|167": 0.023809523809523808, "-151|211": 0.023809523809523808, "-33|264": 0.023809523809523808, "59|264": 0.023809523809523808, "119|240": 0.023809523809523808, "-156|235": 0.023809523809523808, "97|266": 0.023809523809523808, "-180|179": 0.023809523809523808, "150|229": 0.023809523809523808, "-116|222": 0.023809523809523808, "152|195": 0.023809523809523808, "190|160": 0.023809523809523808, "212|123": 0.023809523809523808, "-25|272": 0.023809523809523808, "112|235": 0.023809523809523808, "-228|99": 0.023809523809523808, "176|193": 0.023809523809523808, "185|190": 0.023809523809523808, "-146|205": 0.023809523809523808, "2|264": 0.023809523809523808, "-205|168": 0.023809523809523808, "217|130": 0.023809523809523808, "28|274": 0.023809523809523808, "11|536": 0.023809523809523808, "196|198": 0.023809523809523808, "21|250": 0.023809523809523808, "91|268": 0.023809523809523808, "-147|210": 0.023809523809523808, "184|181": 0.023809523809523808, "233|101": 0.023809523809523808, "-6|267": 0.023809523809523808, "-103|236": 0.023809523809523808, "211|158": 0.023809523809523808, "53|251": 0.023809523809523808, "-104|225": 0.023809523809523808, "-123|220": 0.023809523809523808, "-137|218": 0.023809523809523808, "-196|190": 0.023809523809523808, "196|160": 0.023809523809523808}, "AT_RIM": {"7|6": 0.05555555555555555, "16|-5": 0.05555555555555555, "18|8": 0.05555555555555555, "11|10": 0.05555555555555555, "0|0": 0.1111111111111111, "13|26": 0.05555555555555555, "16|36": 0.05555555555555555, "1|8": 0.05555555555555555, "13|11": 0.05555555555555555, "-18|-11": 0.05555555555555555, "-17|-2": 0.05555555555555555, "18|-7": 0.05555555555555555, "-15|27": 0.05555555555555555, "-23|21": 0.05555555555555555, "-22|17": 0.05555555555555555, "-4|12": 0.05555555555555555, "-4|3": 0.05555555555555555}, "CORNER_3": {"232|3": 0.09523809523809523, "-229|11": 0.047619047619047616, "229|2": 0.047619047619047616, "-232|16": 0.047619047619047616, "229|29": 0.047619047619047616, "-223|15": 0.047619047619047616, "-224|29": 0.047619047619047616, "241|31": 0.047619047619047616, "-225|53": 0.047619047619047616, "-229|54": 0.047619047619047616, "-233|-14": 0.047619047619047616, "-235|-13": 0.047619047619047616, "-229|-4": 0.047619047619047616, "-223|-8": 0.047619047619047616, "-228|11": 0.047619047619047616, "-233|-20": 0.047619047619047616, "-229|-3": 0.047619047619047616, "-232|2": 0.047619047619047616, "229|-6": 0.047619047619047616, "-232|21": 0.047619047619047616}, "LONG_MID_RANGE": {"113|125": 0.045454545454545456, "81|146": 0.045454545454545456, "2|146": 0.045454545454545456, "31|204": 0.045454545454545456, "100|142": 0.045454545454545456, "172|47": 0.045454545454545456, "-126|69": 0.045454545454545456, "5|148": 0.045454545454545456, "94|138": 0.045454545454545456, "43|138": 0.045454545454545456, "66|181": 0.045454545454545456, "69|129": 0.045454545454545456, "-85|147": 0.045454545454545456, "138|40": 0.045454545454545456, "52|155": 0.045454545454545456, "118|78": 0.045454545454545456, "49|158": 0.045454545454545456, "-13|146": 0.045454545454545456, "129|146": 0.045454545454545456, "-34|149": 0.045454545454545456, "-4|155": 0.045454545454545456, "104|157": 0.045454545454545456}, "SHORT_MID_RANGE": {"9|68": 0.034482758620689655, "-6|68": 0.034482758620689655, "18|55": 0.034482758620689655, "69|5": 0.034482758620689655, "-67|95": 0.034482758620689655, "60|30": 0.034482758620689655, "-123|8": 0.034482758620689655, "-4|52": 0.034482758620689655, "-121|60": 0.034482758620689655, "-60|83": 0.034482758620689655, "23|37": 0.034482758620689655, "44|120": 0.034482758620689655, "86|101": 0.034482758620689655, "26|122": 0.034482758620689655, "105|84": 0.034482758620689655, "22|128": 0.034482758620689655, "16|85": 0.034482758620689655, "6|137": 0.034482758620689655, "-21|36": 0.034482758620689655, "-13|89": 0.034482758620689655, "-45|23": 0.034482758620689655, "32|44": 0.034482758620689655, "-16|37": 0.034482758620689655, "-54|6": 0.034482758620689655, "121|28": 0.034482758620689655, "-72|64": 0.034482758620689655, "-49|115": 0.034482758620689655, "99|77": 0.034482758620689655, "98|33": 0.034482758620689655}}, "FOUL_AWAY_FROM_PLAY": 0.0, "FOULED_AWAY_FROM_PLAY": 0.0, "FOUL_CLEAR_PATH": 1.0, "FOULED_CLEAR_PATH": 0.0, "FOUL_COUNT_AS_PERSONAL": 0.21052631578947367, "FOULED_COUNT_AS_PERSONAL": 0.14204545454545456, "FOUL_COUNT_TOWARD_PENALTY": 0.22012578616352202, "FOULED_COUNT_TOWARD_PENALTY": 0.14838709677419354, "FOUL_DEFENSIVE_NON_SHOOTING": 0.22666666666666666, "FOULED_DEFENSIVE_NON_SHOOTING": 0.1566265060240964, "FOUL_DOUBLE": 0.0, "FOUL_TECHNICAL_DOUBLE": 0.0, "FOUL_FLAGRANT": 0.0, "FOULED_FLAGRANT": 0.0, "FOUL_FLAGRANT_1": 0.0, "FOULED_FLAGRANT_1": 0.0, "FOUL_FLAGRANT_2": 0.0, "FOULED_FLAGRANT_2": 0.0, "FOUL_INBOUND": 0.0, "FOULED_INBOUND": 0.0, "FOUL_LOOSE_BALL": 0.0, "FOULED_LOOSE_BALL": 0.1, "FOUL_OFFENSIVE_CHARGE": 0.0, "FOULED_OFFENSIVE_CHARGE": 0.0, "FOUL_OFFENSIVE_OTHER": 0.0, "FOULED_OFFENSIVE_OTHER": 0.0, "FOUL_OFFENSIVE_TOTAL": 0.08333333333333333, "FOULED_OFFENSIVE_TOTAL": 0.09523809523809523, "FOUL_PERSONAL": 0.22413793103448276, "FOULED_PERSONAL": 0.125, "FOUL_PERSONAL_BLOCK": 0.0, "FOULED_PERSONAL_BLOCK": 0.0, "FOUL_PERSONAL_TAKE": 0.2727272727272727, "FOULED_PERSONAL_TAKE": 0.3125, "FOUL_SHOOTING": 0.21428571428571427, "FOULED_SHOOTING": 0.1388888888888889, "FOUL_SHOOTING_BLOCK": 0.0, "FOULED_SHOOTING_BLOCK": 0.0, "FOUL_TECHNICAL": 0.0, "FT": 0.7272727272727273, "REBOUND_DEFENSIVE": 0.1310344827586207, "REBOUND_OFFENSIVE": 0.019230769230769232, "STEAL": 0.23076923076923078, "SHOT_TYPE_ARC_3_OFFENSIVE": 0.24644549763033174, "SHOT_TYPE_ARC_3_DEFENSIVE": 0.32138442521631644, "SHOT_TYPE_AT_RIM_OFFENSIVE": 0.2772511848341232, "SHOT_TYPE_AT_RIM_DEFENSIVE": 0.32509270704573545, "SHOT_TYPE_CORNER_3_OFFENSIVE": 0.08530805687203792, "SHOT_TYPE_CORNER_3_DEFENSIVE": 0.07787391841779975, "SHOT_TYPE_LONG_MID_RANGE_OFFENSIVE": 0.13151658767772512, "SHOT_TYPE_LONG_MID_RANGE_DEFENSIVE": 0.08899876390605686, "SHOT_TYPE_SHORT_MID_RANGE_OFFENSIVE": 0.259478672985782, "SHOT_TYPE_SHORT_MID_RANGE_DEFENSIVE": 0.18665018541409148, "TURNOVER": 0.10569105691056911, "VIOLATION_DEFENSIVE_GOALTENDING": 0.0, "VIOLATION_DEFENSIVE_KICK_BALL": 0.0}