{"ASSIST": 0.07142857142857142, "BLOCK": 0.0, "FG_ARC_3_ATTEMPT": 0.18811881188118812, "FG_ARC_3_BLOCK": 0.0, "FG_ARC_3_MADE": 0.05263157894736842, "FG_ARC_3_MADE_FOUL": 0.0, "FG_AT_RIM_ATTEMPT": 0.06153846153846154, "FG_AT_RIM_BLOCK": 0.0, "FG_AT_RIM_MADE": 0.5, "FG_AT_RIM_MADE_FOUL": 0.015384615384615385, "FG_CORNER_3_ATTEMPT": 0.5, "FG_CORNER_3_BLOCK": 0.0, "FG_CORNER_3_MADE": 0.14285714285714285, "FG_CORNER_3_MADE_FOUL": 0.0, "FG_LONG_MID_RANGE_ATTEMPT": 0.0, "FG_LONG_MID_RANGE_BLOCK": 0.0, "FG_LONG_MID_RANGE_MADE": 0.0, "FG_LONG_MID_RANGE_MADE_FOUL": 0.0, "FG_SHORT_MID_RANGE_ATTEMPT": 0.07272727272727272, "FG_SHORT_MID_RANGE_BLOCK": 0.0, "FG_SHORT_MID_RANGE_MADE": 0.25, "FG_SHORT_MID_RANGE_MADE_FOUL": 0.0, "FG_XY": {"ARC_3": {"51|246": 0.05263157894736842, "175|176": 0.05263157894736842, "191|189": 0.05263157894736842, "165|198": 0.05263157894736842, "235|90": 0.05263157894736842, "-212|130": 0.05263157894736842, "-59|243": 0.05263157894736842, "118|227": 0.05263157894736842, "224|110": 0.05263157894736842, "-222|130": 0.05263157894736842, "216|148": 0.05263157894736842, "-92|257": 0.05263157894736842, "11|249": 0.05263157894736842, "-147|222": 0.05263157894736842, "169|208": 0.05263157894736842, "59|257": 0.05263157894736842, "217|133": 0.05263157894736842, "188|169": 0.05263157894736842, "148|222": 0.05263157894736842}, "AT_RIM": {"-13|2": 0.25, "10|17": 0.25, "21|4": 0.25, "-23|31": 0.25}, "CORNER_3": {"224|-4": 0.07142857142857142, "-245|-9": 0.07142857142857142, "-230|70": 0.07142857142857142, "228|50": 0.07142857142857142, "234|36": 0.07142857142857142, "234|22": 0.07142857142857142, "-234|-7": 0.07142857142857142, "224|55": 0.07142857142857142, "230|15": 0.07142857142857142, "-225|-12": 0.07142857142857142, "-228|15": 0.07142857142857142, "-229|8": 0.07142857142857142, "229|20": 0.07142857142857142, "-223|0": 0.07142857142857142}, "LONG_MID_RANGE": {}, "SHORT_MID_RANGE": {"-86|5": 0.25, "-65|63": 0.25, "66|41": 0.25, "-121|-2": 0.25}}, "FOUL_AWAY_FROM_PLAY": 0.0, "FOULED_AWAY_FROM_PLAY": 0.0, "FOUL_CLEAR_PATH": 0.0, "FOULED_CLEAR_PATH": 0.0, "FOUL_COUNT_AS_PERSONAL": 0.3, "FOULED_COUNT_AS_PERSONAL": 0.07017543859649122, "FOUL_COUNT_TOWARD_PENALTY": 0.3148148148148148, "FOULED_COUNT_TOWARD_PENALTY": 0.057692307692307696, "FOUL_DEFENSIVE_NON_SHOOTING": 0.3333333333333333, "FOULED_DEFENSIVE_NON_SHOOTING": 0.08333333333333333, "FOUL_DOUBLE": 0.0, "FOUL_TECHNICAL_DOUBLE": 0.0, "FOUL_FLAGRANT": 0.0, "FOULED_FLAGRANT": 0.0, "FOUL_FLAGRANT_1": 0.0, "FOULED_FLAGRANT_1": 0.0, "FOUL_FLAGRANT_2": 0.0, "FOULED_FLAGRANT_2": 0.0, "FOUL_INBOUND": 0.0, "FOULED_INBOUND": 0.0, "FOUL_LOOSE_BALL": 0.0, "FOULED_LOOSE_BALL": 0.5, "FOUL_OFFENSIVE_CHARGE": 0.0, "FOULED_OFFENSIVE_CHARGE": 0.5, "FOUL_OFFENSIVE_OTHER": 0.0, "FOULED_OFFENSIVE_OTHER": 0.0, "FOUL_OFFENSIVE_TOTAL": 0.16666666666666666, "FOULED_OFFENSIVE_TOTAL": 0.2, "FOUL_PERSONAL": 0.25, "FOULED_PERSONAL": 0.05, "FOUL_PERSONAL_BLOCK": 0.0, "FOULED_PERSONAL_BLOCK": 0.0, "FOUL_PERSONAL_TAKE": 0.0, "FOULED_PERSONAL_TAKE": 0.0, "FOUL_SHOOTING": 0.30303030303030304, "FOULED_SHOOTING": 0.037037037037037035, "FOUL_SHOOTING_BLOCK": 0.0, "FOULED_SHOOTING_BLOCK": 0.0, "FOUL_TECHNICAL": 0.0, "FT": 1.0, "REBOUND_DEFENSIVE": 0.1310344827586207, "REBOUND_OFFENSIVE": 0.0335195530726257, "STEAL": 0.16, "SHOT_TYPE_ARC_3_OFFENSIVE": 0.3568904593639576, "SHOT_TYPE_ARC_3_DEFENSIVE": 0.34572490706319703, "SHOT_TYPE_AT_RIM_OFFENSIVE": 0.22968197879858657, "SHOT_TYPE_AT_RIM_DEFENSIVE": 0.21189591078066913, "SHOT_TYPE_CORNER_3_OFFENSIVE": 0.0989399293286219, "SHOT_TYPE_CORNER_3_DEFENSIVE": 0.10780669144981413, "SHOT_TYPE_LONG_MID_RANGE_OFFENSIVE": 0.12014134275618374, "SHOT_TYPE_LONG_MID_RANGE_DEFENSIVE": 0.11524163568773234, "SHOT_TYPE_SHORT_MID_RANGE_OFFENSIVE": 0.19434628975265017, "SHOT_TYPE_SHORT_MID_RANGE_DEFENSIVE": 0.21933085501858737, "TURNOVER": 0.14035087719298245, "VIOLATION_DEFENSIVE_GOALTENDING": 0.0, "VIOLATION_DEFENSIVE_KICK_BALL": 0.0}