{"ASSIST": 0.175, "BLOCK": 0.0, "FG_ARC_3_ATTEMPT": 0.03389830508474576, "FG_ARC_3_BLOCK": 0.0, "FG_ARC_3_MADE": 1.0, "FG_ARC_3_MADE_FOUL": 0.0, "FG_AT_RIM_ATTEMPT": 0.0625, "FG_AT_RIM_BLOCK": 0.020833333333333332, "FG_AT_RIM_MADE": 0.6666666666666666, "FG_AT_RIM_MADE_FOUL": 0.020833333333333332, "FG_CORNER_3_ATTEMPT": 0.20833333333333334, "FG_CORNER_3_BLOCK": 0.0, "FG_CORNER_3_MADE": 0.6, "FG_CORNER_3_MADE_FOUL": 0.0, "FG_LONG_MID_RANGE_ATTEMPT": 0.0, "FG_LONG_MID_RANGE_BLOCK": 0.0, "FG_LONG_MID_RANGE_MADE": 0.0, "FG_LONG_MID_RANGE_MADE_FOUL": 0.0, "FG_SHORT_MID_RANGE_ATTEMPT": 0.16216216216216217, "FG_SHORT_MID_RANGE_BLOCK": 0.0, "FG_SHORT_MID_RANGE_MADE": 0.6666666666666666, "FG_SHORT_MID_RANGE_MADE_FOUL": 0.0, "FG_XY": {"ARC_3": {"-154|199": 0.5, "29|269": 0.5}, "AT_RIM": {"10|22": 0.3333333333333333, "7|28": 0.3333333333333333, "25|25": 0.3333333333333333}, "CORNER_3": {"-232|23": 0.2, "-229|17": 0.2, "233|45": 0.2, "-224|-42": 0.2, "235|18": 0.2}, "LONG_MID_RANGE": {}, "SHORT_MID_RANGE": {"2|110": 0.16666666666666666, "-9|39": 0.16666666666666666, "47|50": 0.16666666666666666, "4|62": 0.16666666666666666, "65|96": 0.16666666666666666, "37|70": 0.16666666666666666}}, "FOUL_AWAY_FROM_PLAY": 0.0, "FOULED_AWAY_FROM_PLAY": 0.0, "FOUL_CLEAR_PATH": 0.0, "FOULED_CLEAR_PATH": 0.0, "FOUL_COUNT_AS_PERSONAL": 0.17307692307692307, "FOULED_COUNT_AS_PERSONAL": 0.13636363636363635, "FOUL_COUNT_TOWARD_PENALTY": 0.19047619047619047, "FOULED_COUNT_TOWARD_PENALTY": 0.13953488372093023, "FOUL_DEFENSIVE_NON_SHOOTING": 0.2, "FOULED_DEFENSIVE_NON_SHOOTING": 0.17391304347826086, "FOUL_DOUBLE": 0.0, "FOUL_TECHNICAL_DOUBLE": 0.0, "FOUL_FLAGRANT": 0.0, "FOULED_FLAGRANT": 0.0, "FOUL_FLAGRANT_1": 0.0, "FOULED_FLAGRANT_1": 0.0, "FOUL_FLAGRANT_2": 0.0, "FOULED_FLAGRANT_2": 0.0, "FOUL_INBOUND": 0.0, "FOULED_INBOUND": 0.0, "FOUL_LOOSE_BALL": 0.0, "FOULED_LOOSE_BALL": 0.0, "FOUL_OFFENSIVE_CHARGE": 0.0, "FOULED_OFFENSIVE_CHARGE": 0.0, "FOUL_OFFENSIVE_OTHER": 0.0, "FOULED_OFFENSIVE_OTHER": 0.0, "FOUL_OFFENSIVE_TOTAL": 0.1, "FOULED_OFFENSIVE_TOTAL": 0.0, "FOUL_PERSONAL": 0.2727272727272727, "FOULED_PERSONAL": 0.21052631578947367, "FOUL_PERSONAL_BLOCK": 0.0, "FOULED_PERSONAL_BLOCK": 0.0, "FOUL_PERSONAL_TAKE": 0.14285714285714285, "FOULED_PERSONAL_TAKE": 0.0, "FOUL_SHOOTING": 0.18181818181818182, "FOULED_SHOOTING": 0.1, "FOUL_SHOOTING_BLOCK": 0.0, "FOULED_SHOOTING_BLOCK": 0.0, "FOUL_TECHNICAL": 0.0, "FT": 1.0, "REBOUND_DEFENSIVE": 0.09322033898305085, "REBOUND_OFFENSIVE": 0.02040816326530612, "STEAL": 0.2857142857142857, "SHOT_TYPE_ARC_3_OFFENSIVE": 0.34104046242774566, "SHOT_TYPE_ARC_3_DEFENSIVE": 0.3279569892473118, "SHOT_TYPE_AT_RIM_OFFENSIVE": 0.2774566473988439, "SHOT_TYPE_AT_RIM_DEFENSIVE": 0.23118279569892472, "SHOT_TYPE_CORNER_3_OFFENSIVE": 0.13872832369942195, "SHOT_TYPE_CORNER_3_DEFENSIVE": 0.06989247311827956, "SHOT_TYPE_LONG_MID_RANGE_OFFENSIVE": 0.028901734104046242, "SHOT_TYPE_LONG_MID_RANGE_DEFENSIVE": 0.11827956989247312, "SHOT_TYPE_SHORT_MID_RANGE_OFFENSIVE": 0.2138728323699422, "SHOT_TYPE_SHORT_MID_RANGE_DEFENSIVE": 0.25268817204301075, "TURNOVER": 0.14583333333333334, "VIOLATION_DEFENSIVE_GOALTENDING": 0.0, "VIOLATION_DEFENSIVE_KICK_BALL": 0.0}