{"ASSIST": 0.10185185185185185, "BLOCK": 0.125, "FG_ARC_3_ATTEMPT": 0.17857142857142858, "FG_ARC_3_BLOCK": 0.0, "FG_ARC_3_MADE": 0.2, "FG_ARC_3_MADE_FOUL": 0.0, "FG_AT_RIM_ATTEMPT": 0.09322033898305085, "FG_AT_RIM_BLOCK": 0.00847457627118644, "FG_AT_RIM_MADE": 0.6363636363636364, "FG_AT_RIM_MADE_FOUL": 0.00847457627118644, "FG_CORNER_3_ATTEMPT": 0.34285714285714286, "FG_CORNER_3_BLOCK": 0.02857142857142857, "FG_CORNER_3_MADE": 0.08333333333333333, "FG_CORNER_3_MADE_FOUL": 0.0, "FG_LONG_MID_RANGE_ATTEMPT": 0.037037037037037035, "FG_LONG_MID_RANGE_BLOCK": 0.0, "FG_LONG_MID_RANGE_MADE": 0.0, "FG_LONG_MID_RANGE_MADE_FOUL": 0.0, "FG_SHORT_MID_RANGE_ATTEMPT": 0.03571428571428571, "FG_SHORT_MID_RANGE_BLOCK": 0.011904761904761904, "FG_SHORT_MID_RANGE_MADE": 0.3333333333333333, "FG_SHORT_MID_RANGE_MADE_FOUL": 0.0, "FG_XY": {"ARC_3": {"-192|196": 0.05, "138|230": 0.05, "229|100": 0.05, "116|230": 0.05, "-58|257": 0.05, "162|224": 0.05, "167|230": 0.05, "199|178": 0.05, "-58|296": 0.05, "-163|238": 0.05, "-145|198": 0.05, "21|252": 0.05, "-40|260": 0.05, "-147|236": 0.05, "44|309": 0.05, "-183|197": 0.05, "207|123": 0.05, "184|236": 0.05, "-156|216": 0.05, "-179|195": 0.05}, "AT_RIM": {"-18|15": 0.09090909090909091, "11|13": 0.09090909090909091, "0|0": 0.18181818181818182, "12|15": 0.09090909090909091, "-32|13": 0.09090909090909091, "0|21": 0.09090909090909091, "9|20": 0.09090909090909091, "1|1": 0.09090909090909091, "15|20": 0.09090909090909091, "-16|1": 0.09090909090909091}, "CORNER_3": {"222|73": 0.08333333333333333, "237|7": 0.08333333333333333, "-229|-2": 0.08333333333333333, "-228|4": 0.08333333333333333, "224|29": 0.08333333333333333, "-235|20": 0.08333333333333333, "234|-2": 0.08333333333333333, "235|8": 0.08333333333333333, "228|50": 0.08333333333333333, "-234|-10": 0.08333333333333333, "234|8": 0.08333333333333333, "-233|10": 0.08333333333333333}, "LONG_MID_RANGE": {"-112|103": 1.0}, "SHORT_MID_RANGE": {"-80|88": 0.3333333333333333, "27|89": 0.3333333333333333, "55|65": 0.3333333333333333}}, "FOUL_AWAY_FROM_PLAY": 0.0, "FOULED_AWAY_FROM_PLAY": 0.0, "FOUL_CLEAR_PATH": 0.0, "FOULED_CLEAR_PATH": 0.0, "FOUL_COUNT_AS_PERSONAL": 0.10256410256410256, "FOULED_COUNT_AS_PERSONAL": 0.06060606060606061, "FOUL_COUNT_TOWARD_PENALTY": 0.1095890410958904, "FOULED_COUNT_TOWARD_PENALTY": 0.06315789473684211, "FOUL_DEFENSIVE_NON_SHOOTING": 0.08823529411764706, "FOULED_DEFENSIVE_NON_SHOOTING": 0.020833333333333332, "FOUL_DOUBLE": 0.0, "FOUL_TECHNICAL_DOUBLE": 0.0, "FOUL_FLAGRANT": 0.0, "FOULED_FLAGRANT": 0.0, "FOUL_FLAGRANT_1": 0.0, "FOULED_FLAGRANT_1": 0.0, "FOUL_FLAGRANT_2": 0.0, "FOULED_FLAGRANT_2": 0.0, "FOUL_INBOUND": 0.0, "FOULED_INBOUND": 0.0, "FOUL_LOOSE_BALL": 0.0, "FOULED_LOOSE_BALL": 0.0, "FOUL_OFFENSIVE_CHARGE": 0.0, "FOULED_OFFENSIVE_CHARGE": 0.0, "FOUL_OFFENSIVE_OTHER": 0.0, "FOULED_OFFENSIVE_OTHER": 0.0, "FOUL_OFFENSIVE_TOTAL": 0.0, "FOULED_OFFENSIVE_TOTAL": 0.0, "FOUL_PERSONAL": 0.10714285714285714, "FOULED_PERSONAL": 0.02631578947368421, "FOUL_PERSONAL_BLOCK": 0.0, "FOULED_PERSONAL_BLOCK": 0.0, "FOUL_PERSONAL_TAKE": 0.0, "FOULED_PERSONAL_TAKE": 0.0, "FOUL_SHOOTING": 0.13157894736842105, "FOULED_SHOOTING": 0.10638297872340426, "FOUL_SHOOTING_BLOCK": 0.0, "FOULED_SHOOTING_BLOCK": 0.0, "FOUL_TECHNICAL": 0.16666666666666666, "FT": 0.7272727272727273, "REBOUND_DEFENSIVE": 0.10683760683760683, "REBOUND_OFFENSIVE": 0.038461538461538464, "STEAL": 0.15384615384615385, "SHOT_TYPE_ARC_3_OFFENSIVE": 0.2978723404255319, "SHOT_TYPE_ARC_3_DEFENSIVE": 0.2809278350515464, "SHOT_TYPE_AT_RIM_OFFENSIVE": 0.31382978723404253, "SHOT_TYPE_AT_RIM_DEFENSIVE": 0.21649484536082475, "SHOT_TYPE_CORNER_3_OFFENSIVE": 0.09308510638297872, "SHOT_TYPE_CORNER_3_DEFENSIVE": 0.061855670103092786, "SHOT_TYPE_LONG_MID_RANGE_OFFENSIVE": 0.07180851063829788, "SHOT_TYPE_LONG_MID_RANGE_DEFENSIVE": 0.14690721649484537, "SHOT_TYPE_SHORT_MID_RANGE_OFFENSIVE": 0.22340425531914893, "SHOT_TYPE_SHORT_MID_RANGE_DEFENSIVE": 0.29381443298969073, "TURNOVER": 0.12, "VIOLATION_DEFENSIVE_GOALTENDING": 0.0, "VIOLATION_DEFENSIVE_KICK_BALL": 0.0}