{"ASSIST": 0.31297709923664124, "BLOCK": 0.3448275862068966, "FG_ARC_3_ATTEMPT": 0.1276595744680851, "FG_ARC_3_BLOCK": 0.0, "FG_ARC_3_MADE": 0.5, "FG_ARC_3_MADE_FOUL": 0.0, "FG_AT_RIM_ATTEMPT": 0.3073170731707317, "FG_AT_RIM_BLOCK": 0.03902439024390244, "FG_AT_RIM_MADE": 0.6507936507936508, "FG_AT_RIM_MADE_FOUL": 0.01951219512195122, "FG_CORNER_3_ATTEMPT": 0.10204081632653061, "FG_CORNER_3_BLOCK": 0.0, "FG_CORNER_3_MADE": 1.0, "FG_CORNER_3_MADE_FOUL": 0.0, "FG_LONG_MID_RANGE_ATTEMPT": 0.19047619047619047, "FG_LONG_MID_RANGE_BLOCK": 0.0, "FG_LONG_MID_RANGE_MADE": 0.0, "FG_LONG_MID_RANGE_MADE_FOUL": 0.0, "FG_SHORT_MID_RANGE_ATTEMPT": 0.2987012987012987, "FG_SHORT_MID_RANGE_BLOCK": 0.05194805194805195, "FG_SHORT_MID_RANGE_MADE": 0.391304347826087, "FG_SHORT_MID_RANGE_MADE_FOUL": 0.012987012987012988, "FG_XY": {"ARC_3": {"-163|210": 0.041666666666666664, "-15|693": 0.041666666666666664, "-74|249": 0.041666666666666664, "71|245": 0.041666666666666664, "-7|257": 0.041666666666666664, "-148|211": 0.041666666666666664, "-26|256": 0.041666666666666664, "189|170": 0.041666666666666664, "-39|269": 0.041666666666666664, "165|185": 0.041666666666666664, "143|221": 0.041666666666666664, "-12|263": 0.041666666666666664, "-83|695": 0.041666666666666664, "88|242": 0.041666666666666664, "-168|185": 0.041666666666666664, "-190|161": 0.041666666666666664, "162|220": 0.041666666666666664, "-109|220": 0.041666666666666664, "-140|239": 0.041666666666666664, "189|196": 0.041666666666666664, "134|225": 0.041666666666666664, "164|197": 0.041666666666666664, "-72|270": 0.041666666666666664, "108|231": 0.041666666666666664}, "AT_RIM": {"-9|21": 0.015873015873015872, "-7|6": 0.015873015873015872, "0|0": 0.12698412698412698, "-1|10": 0.015873015873015872, "10|9": 0.015873015873015872, "0|27": 0.015873015873015872, "-2|6": 0.015873015873015872, "21|6": 0.015873015873015872, "-13|12": 0.015873015873015872, "-27|26": 0.015873015873015872, "-22|-1": 0.015873015873015872, "1|18": 0.015873015873015872, "-4|32": 0.015873015873015872, "4|0": 0.015873015873015872, "-20|13": 0.015873015873015872, "-13|13": 0.015873015873015872, "5|21": 0.015873015873015872, "10|31": 0.015873015873015872, "-5|18": 0.015873015873015872, "-6|31": 0.015873015873015872, "4|9": 0.015873015873015872, "-9|3": 0.015873015873015872, "-1|14": 0.015873015873015872, "-9|1": 0.015873015873015872, "26|15": 0.015873015873015872, "-28|8": 0.015873015873015872, "0|8": 0.015873015873015872, "1|17": 0.015873015873015872, "-7|15": 0.015873015873015872, "-5|7": 0.015873015873015872, "-10|16": 0.015873015873015872, "13|9": 0.015873015873015872, "-4|5": 0.015873015873015872, "2|6": 0.015873015873015872, "-1|6": 0.015873015873015872, "2|7": 0.015873015873015872, "-1|7": 0.015873015873015872, "5|7": 0.015873015873015872, "5|8": 0.015873015873015872, "10|30": 0.015873015873015872, "5|3": 0.015873015873015872, "0|31": 0.015873015873015872, "-2|36": 0.015873015873015872, "-5|26": 0.015873015873015872, "16|15": 0.015873015873015872, "11|8": 0.015873015873015872, "-13|25": 0.015873015873015872, "-13|0": 0.015873015873015872, "-6|12": 0.015873015873015872, "11|23": 0.015873015873015872, "20|25": 0.015873015873015872, "-16|8": 0.015873015873015872, "-22|6": 0.015873015873015872, "1|6": 0.015873015873015872, "-9|11": 0.015873015873015872, "5|9": 0.015873015873015872}, "CORNER_3": {"-234|17": 0.2, "232|24": 0.2, "234|54": 0.2, "232|79": 0.2, "223|74": 0.2}, "LONG_MID_RANGE": {"1|142": 0.25, "78|136": 0.25, "64|133": 0.25, "-91|115": 0.25}, "SHORT_MID_RANGE": {"-75|5": 0.043478260869565216, "2|68": 0.043478260869565216, "-1|55": 0.043478260869565216, "54|42": 0.043478260869565216, "2|50": 0.043478260869565216, "-10|88": 0.043478260869565216, "2|58": 0.043478260869565216, "-37|52": 0.043478260869565216, "-10|50": 0.043478260869565216, "-5|74": 0.043478260869565216, "-11|64": 0.043478260869565216, "-37|27": 0.043478260869565216, "69|25": 0.043478260869565216, "64|47": 0.043478260869565216, "-28|48": 0.043478260869565216, "39|95": 0.043478260869565216, "38|21": 0.043478260869565216, "10|39": 0.043478260869565216, "34|109": 0.043478260869565216, "-7|39": 0.043478260869565216, "2|42": 0.043478260869565216, "-42|41": 0.043478260869565216, "-7|42": 0.043478260869565216}}, "FOUL_AWAY_FROM_PLAY": 0.0, "FOULED_AWAY_FROM_PLAY": 0.0, "FOUL_CLEAR_PATH": 0.0, "FOULED_CLEAR_PATH": 0.0, "FOUL_COUNT_AS_PERSONAL": 0.37037037037037035, "FOULED_COUNT_AS_PERSONAL": 0.37333333333333335, "FOUL_COUNT_TOWARD_PENALTY": 0.38016528925619836, "FOULED_COUNT_TOWARD_PENALTY": 0.38636363636363635, "FOUL_DEFENSIVE_NON_SHOOTING": 0.30612244897959184, "FOULED_DEFENSIVE_NON_SHOOTING": 0.36507936507936506, "FOUL_DOUBLE": 0.0, "FOUL_TECHNICAL_DOUBLE": 0.0, "FOUL_FLAGRANT": 0.0, "FOULED_FLAGRANT": 1.0, "FOUL_FLAGRANT_1": 0.0, "FOULED_FLAGRANT_1": 1.0, "FOUL_FLAGRANT_2": 0.0, "FOULED_FLAGRANT_2": 0.0, "FOUL_INBOUND": 0.0, "FOULED_INBOUND": 0.0, "FOUL_LOOSE_BALL": 0.0, "FOULED_LOOSE_BALL": 0.4, "FOUL_OFFENSIVE_CHARGE": 0.2, "FOULED_OFFENSIVE_CHARGE": 0.6666666666666666, "FOUL_OFFENSIVE_OTHER": 0.0, "FOULED_OFFENSIVE_OTHER": 0.0, "FOUL_OFFENSIVE_TOTAL": 0.2857142857142857, "FOULED_OFFENSIVE_TOTAL": 0.2777777777777778, "FOUL_PERSONAL": 0.3333333333333333, "FOULED_PERSONAL": 0.38, "FOUL_PERSONAL_BLOCK": 0.0, "FOULED_PERSONAL_BLOCK": 0.0, "FOUL_PERSONAL_TAKE": 0.0, "FOULED_PERSONAL_TAKE": 0.14285714285714285, "FOUL_SHOOTING": 0.4305555555555556, "FOULED_SHOOTING": 0.4057971014492754, "FOUL_SHOOTING_BLOCK": 0.0, "FOULED_SHOOTING_BLOCK": 0.0, "FOUL_TECHNICAL": 0.0, "FT": 0.6615384615384615, "REBOUND_DEFENSIVE": 0.18238993710691823, "REBOUND_OFFENSIVE": 0.07384615384615385, "STEAL": 0.39215686274509803, "SHOT_TYPE_ARC_3_OFFENSIVE": 0.34814814814814815, "SHOT_TYPE_ARC_3_DEFENSIVE": 0.3380530973451327, "SHOT_TYPE_AT_RIM_OFFENSIVE": 0.37962962962962965, "SHOT_TYPE_AT_RIM_DEFENSIVE": 0.2991150442477876, "SHOT_TYPE_CORNER_3_OFFENSIVE": 0.09074074074074075, "SHOT_TYPE_CORNER_3_DEFENSIVE": 0.11150442477876106, "SHOT_TYPE_LONG_MID_RANGE_OFFENSIVE": 0.03888888888888889, "SHOT_TYPE_LONG_MID_RANGE_DEFENSIVE": 0.10619469026548672, "SHOT_TYPE_SHORT_MID_RANGE_OFFENSIVE": 0.1425925925925926, "SHOT_TYPE_SHORT_MID_RANGE_DEFENSIVE": 0.14513274336283186, "TURNOVER": 0.2689075630252101, "VIOLATION_DEFENSIVE_GOALTENDING": 0.0, "VIOLATION_DEFENSIVE_KICK_BALL": 0.75}