{"ASSIST": 0.14705882352941177, "BLOCK": 0.5, "FG_ARC_3_ATTEMPT": 0.08333333333333333, "FG_ARC_3_BLOCK": 0.0, "FG_ARC_3_MADE": 0.36363636363636365, "FG_ARC_3_MADE_FOUL": 0.0, "FG_AT_RIM_ATTEMPT": 0.15335463258785942, "FG_AT_RIM_BLOCK": 0.01597444089456869, "FG_AT_RIM_MADE": 0.6041666666666666, "FG_AT_RIM_MADE_FOUL": 0.006389776357827476, "FG_CORNER_3_ATTEMPT": 0.15853658536585366, "FG_CORNER_3_BLOCK": 0.0, "FG_CORNER_3_MADE": 0.5384615384615384, "FG_CORNER_3_MADE_FOUL": 0.0, "FG_LONG_MID_RANGE_ATTEMPT": 0.323943661971831, "FG_LONG_MID_RANGE_BLOCK": 0.0, "FG_LONG_MID_RANGE_MADE": 0.34782608695652173, "FG_LONG_MID_RANGE_MADE_FOUL": 0.0, "FG_SHORT_MID_RANGE_ATTEMPT": 0.2679425837320574, "FG_SHORT_MID_RANGE_BLOCK": 0.0430622009569378, "FG_SHORT_MID_RANGE_MADE": 0.25, "FG_SHORT_MID_RANGE_MADE_FOUL": 0.0, "FG_XY": {"ARC_3": {"56|243": 0.045454545454545456, "-161|206": 0.045454545454545456, "168|191": 0.045454545454545456, "163|214": 0.045454545454545456, "-142|211": 0.045454545454545456, "16|269": 0.045454545454545456, "135|222": 0.045454545454545456, "218|160": 0.045454545454545456, "-61|263": 0.045454545454545456, "26|255": 0.045454545454545456, "-191|165": 0.045454545454545456, "31|256": 0.045454545454545456, "-37|263": 0.045454545454545456, "-201|142": 0.045454545454545456, "-154|209": 0.045454545454545456, "-126|208": 0.045454545454545456, "199|157": 0.045454545454545456, "-203|137": 0.045454545454545456, "58|251": 0.045454545454545456, "0|259": 0.045454545454545456, "156|194": 0.045454545454545456, "43|321": 0.045454545454545456}, "AT_RIM": {"10|9": 0.020833333333333332, "-16|6": 0.020833333333333332, "0|0": 0.08333333333333333, "0|3": 0.020833333333333332, "2|5": 0.020833333333333332, "1|32": 0.020833333333333332, "17|29": 0.020833333333333332, "34|18": 0.020833333333333332, "-1|7": 0.020833333333333332, "5|27": 0.020833333333333332, "11|26": 0.020833333333333332, "9|21": 0.020833333333333332, "-31|16": 0.020833333333333332, "-6|7": 0.041666666666666664, "12|6": 0.020833333333333332, "2|25": 0.020833333333333332, "-20|21": 0.020833333333333332, "1|11": 0.020833333333333332, "-13|3": 0.020833333333333332, "2|17": 0.020833333333333332, "2|2": 0.020833333333333332, "2|11": 0.020833333333333332, "9|22": 0.020833333333333332, "4|21": 0.020833333333333332, "-2|1": 0.020833333333333332, "-12|-4": 0.020833333333333332, "-10|6": 0.020833333333333332, "0|8": 0.020833333333333332, "18|23": 0.020833333333333332, "2|10": 0.020833333333333332, "-1|26": 0.020833333333333332, "-4|7": 0.020833333333333332, "-5|4": 0.020833333333333332, "12|15": 0.020833333333333332, "7|13": 0.020833333333333332, "-6|18": 0.020833333333333332, "11|4": 0.020833333333333332, "0|-1": 0.020833333333333332, "-5|-6": 0.020833333333333332, "-1|15": 0.020833333333333332, "15|4": 0.020833333333333332, "5|21": 0.020833333333333332, "4|13": 0.020833333333333332, "2|4": 0.020833333333333332}, "CORNER_3": {"234|14": 0.07692307692307693, "-232|4": 0.07692307692307693, "238|39": 0.07692307692307693, "241|10": 0.07692307692307693, "227|23": 0.07692307692307693, "-232|-21": 0.07692307692307693, "229|32": 0.07692307692307693, "-229|0": 0.07692307692307693, "-234|5": 0.07692307692307693, "227|75": 0.07692307692307693, "225|-5": 0.07692307692307693, "240|4": 0.07692307692307693, "-234|85": 0.07692307692307693}, "LONG_MID_RANGE": {"45|172": 0.043478260869565216, "25|174": 0.043478260869565216, "-94|123": 0.043478260869565216, "-190|47": 0.043478260869565216, "-10|151": 0.043478260869565216, "-104|104": 0.043478260869565216, "-131|57": 0.043478260869565216, "-120|158": 0.043478260869565216, "26|190": 0.043478260869565216, "-118|162": 0.043478260869565216, "-136|175": 0.043478260869565216, "-147|36": 0.043478260869565216, "-44|160": 0.043478260869565216, "71|121": 0.043478260869565216, "-109|124": 0.043478260869565216, "-65|204": 0.043478260869565216, "141|52": 0.043478260869565216, "-131|77": 0.043478260869565216, "-69|141": 0.043478260869565216, "-217|26": 0.043478260869565216, "124|85": 0.043478260869565216, "32|159": 0.043478260869565216, "-56|131": 0.043478260869565216}, "SHORT_MID_RANGE": {"-67|105": 0.017857142857142856, "-92|60": 0.017857142857142856, "-29|55": 0.017857142857142856, "-16|63": 0.017857142857142856, "88|17": 0.03571428571428571, "-6|121": 0.017857142857142856, "100|20": 0.017857142857142856, "-76|39": 0.017857142857142856, "48|68": 0.017857142857142856, "110|12": 0.017857142857142856, "49|27": 0.017857142857142856, "89|104": 0.017857142857142856, "7|98": 0.017857142857142856, "-1|67": 0.017857142857142856, "-12|39": 0.017857142857142856, "-51|75": 0.017857142857142856, "17|109": 0.017857142857142856, "-32|110": 0.017857142857142856, "-75|29": 0.017857142857142856, "86|10": 0.017857142857142856, "25|77": 0.017857142857142856, "20|116": 0.017857142857142856, "-55|105": 0.017857142857142856, "-62|41": 0.017857142857142856, "42|45": 0.017857142857142856, "-45|14": 0.017857142857142856, "69|64": 0.017857142857142856, "5|99": 0.017857142857142856, "26|38": 0.017857142857142856, "-45|15": 0.017857142857142856, "13|63": 0.017857142857142856, "11|78": 0.017857142857142856, "16|124": 0.017857142857142856, "56|48": 0.017857142857142856, "34|84": 0.017857142857142856, "-105|53": 0.017857142857142856, "-31|32": 0.03571428571428571, "-50|42": 0.017857142857142856, "9|65": 0.017857142857142856, "-50|37": 0.017857142857142856, "-70|51": 0.017857142857142856, "-56|38": 0.017857142857142856, "-103|31": 0.017857142857142856, "64|58": 0.017857142857142856, "-38|73": 0.017857142857142856, "-58|71": 0.017857142857142856, "60|34": 0.017857142857142856, "36|43": 0.017857142857142856, "132|-5": 0.017857142857142856, "-71|15": 0.017857142857142856, "-85|41": 0.017857142857142856, "34|47": 0.017857142857142856, "45|23": 0.017857142857142856, "-11|96": 0.017857142857142856}}, "FOUL_AWAY_FROM_PLAY": 0.0, "FOULED_AWAY_FROM_PLAY": 0.0, "FOUL_CLEAR_PATH": 0.0, "FOULED_CLEAR_PATH": 0.0, "FOUL_COUNT_AS_PERSONAL": 0.1781609195402299, "FOULED_COUNT_AS_PERSONAL": 0.17972350230414746, "FOUL_COUNT_TOWARD_PENALTY": 0.18181818181818182, "FOULED_COUNT_TOWARD_PENALTY": 0.1989795918367347, "FOUL_DEFENSIVE_NON_SHOOTING": 0.08974358974358974, "FOULED_DEFENSIVE_NON_SHOOTING": 0.13, "FOUL_DOUBLE": 0.0, "FOUL_TECHNICAL_DOUBLE": 0.0, "FOUL_FLAGRANT": 0.0, "FOULED_FLAGRANT": 0.0, "FOUL_FLAGRANT_1": 0.0, "FOULED_FLAGRANT_1": 0.0, "FOUL_FLAGRANT_2": 0.0, "FOULED_FLAGRANT_2": 0.0, "FOUL_INBOUND": 0.0, "FOULED_INBOUND": 0.0, "FOUL_LOOSE_BALL": 0.0, "FOULED_LOOSE_BALL": 0.06666666666666667, "FOUL_OFFENSIVE_CHARGE": 0.0, "FOULED_OFFENSIVE_CHARGE": 0.0, "FOUL_OFFENSIVE_OTHER": 0.0, "FOULED_OFFENSIVE_OTHER": 0.0, "FOUL_OFFENSIVE_TOTAL": 0.1111111111111111, "FOULED_OFFENSIVE_TOTAL": 0.0, "FOUL_PERSONAL": 0.08333333333333333, "FOULED_PERSONAL": 0.16216216216216217, "FOUL_PERSONAL_BLOCK": 0.0, "FOULED_PERSONAL_BLOCK": 0.0, "FOUL_PERSONAL_TAKE": 0.0, "FOULED_PERSONAL_TAKE": 0.0, "FOUL_SHOOTING": 0.26436781609195403, "FOULED_SHOOTING": 0.2708333333333333, "FOUL_SHOOTING_BLOCK": 0.0, "FOULED_SHOOTING_BLOCK": 0.0, "FOUL_TECHNICAL": 0.0, "FT": 0.76, "REBOUND_DEFENSIVE": 0.17206132879045996, "REBOUND_OFFENSIVE": 0.0521415270018622, "STEAL": 0.17647058823529413, "SHOT_TYPE_ARC_3_OFFENSIVE": 0.28115015974440893, "SHOT_TYPE_ARC_3_DEFENSIVE": 0.268389662027833, "SHOT_TYPE_AT_RIM_OFFENSIVE": 0.3333333333333333, "SHOT_TYPE_AT_RIM_DEFENSIVE": 0.3389662027833002, "SHOT_TYPE_CORNER_3_OFFENSIVE": 0.08732694355697551, "SHOT_TYPE_CORNER_3_DEFENSIVE": 0.09443339960238568, "SHOT_TYPE_LONG_MID_RANGE_OFFENSIVE": 0.07561235356762513, "SHOT_TYPE_LONG_MID_RANGE_DEFENSIVE": 0.10834990059642147, "SHOT_TYPE_SHORT_MID_RANGE_OFFENSIVE": 0.22257720979765708, "SHOT_TYPE_SHORT_MID_RANGE_DEFENSIVE": 0.18986083499005965, "TURNOVER": 0.16, "VIOLATION_DEFENSIVE_GOALTENDING": 3.0, "VIOLATION_DEFENSIVE_KICK_BALL": 1.0}