{"ASSIST": 0.08333333333333333, "BLOCK": 0.15384615384615385, "FG_ARC_3_ATTEMPT": 0.1878453038674033, "FG_ARC_3_BLOCK": 0.0, "FG_ARC_3_MADE": 0.17647058823529413, "FG_ARC_3_MADE_FOUL": 0.0, "FG_AT_RIM_ATTEMPT": 0.11176470588235295, "FG_AT_RIM_BLOCK": 0.029411764705882353, "FG_AT_RIM_MADE": 0.5263157894736842, "FG_AT_RIM_MADE_FOUL": 0.011764705882352941, "FG_CORNER_3_ATTEMPT": 0.25757575757575757, "FG_CORNER_3_BLOCK": 0.0, "FG_CORNER_3_MADE": 0.11764705882352941, "FG_CORNER_3_MADE_FOUL": 0.0, "FG_LONG_MID_RANGE_ATTEMPT": 0.04918032786885246, "FG_LONG_MID_RANGE_BLOCK": 0.0, "FG_LONG_MID_RANGE_MADE": 0.0, "FG_LONG_MID_RANGE_MADE_FOUL": 0.0, "FG_SHORT_MID_RANGE_ATTEMPT": 0.045454545454545456, "FG_SHORT_MID_RANGE_BLOCK": 0.015151515151515152, "FG_SHORT_MID_RANGE_MADE": 0.16666666666666666, "FG_SHORT_MID_RANGE_MADE_FOUL": 0.0, "FG_XY": {"ARC_3": {"2|254": 0.029411764705882353, "130|224": 0.029411764705882353, "217|120": 0.029411764705882353, "-154|203": 0.029411764705882353, "141|209": 0.029411764705882353, "180|197": 0.029411764705882353, "228|96": 0.029411764705882353, "129|224": 0.029411764705882353, "23|262": 0.029411764705882353, "-159|214": 0.029411764705882353, "-184|174": 0.029411764705882353, "-185|152": 0.029411764705882353, "67|247": 0.029411764705882353, "98|257": 0.029411764705882353, "6|268": 0.029411764705882353, "-170|180": 0.029411764705882353, "-157|190": 0.029411764705882353, "205|159": 0.029411764705882353, "181|227": 0.029411764705882353, "174|235": 0.029411764705882353, "-181|241": 0.029411764705882353, "137|260": 0.029411764705882353, "162|230": 0.029411764705882353, "-114|260": 0.029411764705882353, "74|242": 0.029411764705882353, "89|242": 0.029411764705882353, "202|168": 0.029411764705882353, "110|221": 0.029411764705882353, "-60|258": 0.029411764705882353, "-163|242": 0.029411764705882353, "120|245": 0.029411764705882353, "-105|261": 0.029411764705882353, "-208|134": 0.029411764705882353, "211|134": 0.029411764705882353}, "AT_RIM": {"-15|2": 0.05263157894736842, "-23|7": 0.05263157894736842, "5|4": 0.05263157894736842, "20|30": 0.05263157894736842, "-2|6": 0.05263157894736842, "33|17": 0.05263157894736842, "-20|1": 0.05263157894736842, "28|8": 0.05263157894736842, "15|6": 0.05263157894736842, "-16|29": 0.05263157894736842, "0|10": 0.05263157894736842, "-16|9": 0.05263157894736842, "0|0": 0.10526315789473684, "-17|22": 0.05263157894736842, "10|34": 0.05263157894736842, "-16|11": 0.05263157894736842, "-11|10": 0.05263157894736842, "-5|5": 0.05263157894736842}, "CORNER_3": {"235|-20": 0.058823529411764705, "-230|11": 0.058823529411764705, "234|22": 0.058823529411764705, "-224|22": 0.058823529411764705, "-228|15": 0.058823529411764705, "237|26": 0.058823529411764705, "224|27": 0.058823529411764705, "222|64": 0.058823529411764705, "235|-33": 0.058823529411764705, "234|49": 0.058823529411764705, "235|59": 0.058823529411764705, "-235|25": 0.058823529411764705, "-229|75": 0.058823529411764705, "235|42": 0.058823529411764705, "228|18": 0.058823529411764705, "222|63": 0.058823529411764705, "227|58": 0.058823529411764705}, "LONG_MID_RANGE": {"-62|184": 0.3333333333333333, "158|145": 0.3333333333333333, "-22|183": 0.3333333333333333}, "SHORT_MID_RANGE": {"12|120": 0.16666666666666666, "-39|32": 0.16666666666666666, "18|95": 0.16666666666666666, "43|50": 0.16666666666666666, "-51|-21": 0.16666666666666666, "60|48": 0.16666666666666666}}, "FOUL_AWAY_FROM_PLAY": 0.0, "FOULED_AWAY_FROM_PLAY": 0.0, "FOUL_CLEAR_PATH": 0.0, "FOULED_CLEAR_PATH": 0.0, "FOUL_COUNT_AS_PERSONAL": 0.17777777777777778, "FOULED_COUNT_AS_PERSONAL": 0.1056338028169014, "FOUL_COUNT_TOWARD_PENALTY": 0.19672131147540983, "FOULED_COUNT_TOWARD_PENALTY": 0.08, "FOUL_DEFENSIVE_NON_SHOOTING": 0.203125, "FOULED_DEFENSIVE_NON_SHOOTING": 0.09090909090909091, "FOUL_DOUBLE": 0.0, "FOUL_TECHNICAL_DOUBLE": 0.0, "FOUL_FLAGRANT": 1.0, "FOULED_FLAGRANT": 0.0, "FOUL_FLAGRANT_1": 1.0, "FOULED_FLAGRANT_1": 0.0, "FOUL_FLAGRANT_2": 0.0, "FOULED_FLAGRANT_2": 0.0, "FOUL_INBOUND": 0.0, "FOULED_INBOUND": 0.0, "FOUL_LOOSE_BALL": 0.0, "FOULED_LOOSE_BALL": 0.125, "FOUL_OFFENSIVE_CHARGE": 0.0, "FOULED_OFFENSIVE_CHARGE": 0.0, "FOUL_OFFENSIVE_OTHER": 0.0, "FOULED_OFFENSIVE_OTHER": 0.0, "FOUL_OFFENSIVE_TOTAL": 0.0, "FOULED_OFFENSIVE_TOTAL": 0.29411764705882354, "FOUL_PERSONAL": 0.11764705882352941, "FOULED_PERSONAL": 0.07317073170731707, "FOUL_PERSONAL_BLOCK": 0.0, "FOULED_PERSONAL_BLOCK": 0.0, "FOUL_PERSONAL_TAKE": 0.6666666666666666, "FOULED_PERSONAL_TAKE": 0.16666666666666666, "FOUL_SHOOTING": 0.1896551724137931, "FOULED_SHOOTING": 0.07142857142857142, "FOUL_SHOOTING_BLOCK": 0.0, "FOULED_SHOOTING_BLOCK": 0.0, "FOUL_TECHNICAL": 0.0, "FT": 0.9, "REBOUND_DEFENSIVE": 0.1167192429022082, "REBOUND_OFFENSIVE": 0.03626943005181347, "STEAL": 0.12962962962962962, "SHOT_TYPE_ARC_3_OFFENSIVE": 0.2967213114754098, "SHOT_TYPE_ARC_3_DEFENSIVE": 0.26501766784452296, "SHOT_TYPE_AT_RIM_OFFENSIVE": 0.2786885245901639, "SHOT_TYPE_AT_RIM_DEFENSIVE": 0.2667844522968198, "SHOT_TYPE_CORNER_3_OFFENSIVE": 0.10819672131147541, "SHOT_TYPE_CORNER_3_DEFENSIVE": 0.09363957597173145, "SHOT_TYPE_LONG_MID_RANGE_OFFENSIVE": 0.1, "SHOT_TYPE_LONG_MID_RANGE_DEFENSIVE": 0.14664310954063603, "SHOT_TYPE_SHORT_MID_RANGE_OFFENSIVE": 0.21639344262295082, "SHOT_TYPE_SHORT_MID_RANGE_DEFENSIVE": 0.22791519434628976, "TURNOVER": 0.08333333333333333, "VIOLATION_DEFENSIVE_GOALTENDING": 0.5, "VIOLATION_DEFENSIVE_KICK_BALL": 0.0}