{"ASSIST": 0.24, "BLOCK": 0.6666666666666666, "FG_ARC_3_ATTEMPT": 0.2222222222222222, "FG_ARC_3_BLOCK": 0.0, "FG_ARC_3_MADE": 0.16666666666666666, "FG_ARC_3_MADE_FOUL": 0.0, "FG_AT_RIM_ATTEMPT": 0.21951219512195122, "FG_AT_RIM_BLOCK": 0.024390243902439025, "FG_AT_RIM_MADE": 0.6666666666666666, "FG_AT_RIM_MADE_FOUL": 0.0, "FG_CORNER_3_ATTEMPT": 0.14285714285714285, "FG_CORNER_3_BLOCK": 0.0, "FG_CORNER_3_MADE": 0.0, "FG_CORNER_3_MADE_FOUL": 0.0, "FG_LONG_MID_RANGE_ATTEMPT": 0.0, "FG_LONG_MID_RANGE_BLOCK": 0.0, "FG_LONG_MID_RANGE_MADE": 0.0, "FG_LONG_MID_RANGE_MADE_FOUL": 0.0, "FG_SHORT_MID_RANGE_ATTEMPT": 0.0, "FG_SHORT_MID_RANGE_BLOCK": 0.0, "FG_SHORT_MID_RANGE_MADE": 0.0, "FG_SHORT_MID_RANGE_MADE_FOUL": 0.0, "FG_XY": {"ARC_3": {"-140|220": 0.16666666666666666, "121|241": 0.16666666666666666, "-140|223": 0.16666666666666666, "18|260": 0.16666666666666666, "0|262": 0.16666666666666666, "105|236": 0.16666666666666666}, "AT_RIM": {"-11|8": 0.1111111111111111, "-2|4": 0.1111111111111111, "-6|8": 0.1111111111111111, "-15|22": 0.1111111111111111, "20|11": 0.1111111111111111, "6|23": 0.1111111111111111, "-1|2": 0.1111111111111111, "6|3": 0.1111111111111111, "-7|9": 0.1111111111111111}, "CORNER_3": {"-229|31": 1.0}, "LONG_MID_RANGE": {}, "SHORT_MID_RANGE": {}}, "FOUL_AWAY_FROM_PLAY": 0.0, "FOULED_AWAY_FROM_PLAY": 0.0, "FOUL_CLEAR_PATH": 0.0, "FOULED_CLEAR_PATH": 0.0, "FOUL_COUNT_AS_PERSONAL": 0.23529411764705882, "FOULED_COUNT_AS_PERSONAL": 0.07692307692307693, "FOUL_COUNT_TOWARD_PENALTY": 0.23529411764705882, "FOULED_COUNT_TOWARD_PENALTY": 0.0, "FOUL_DEFENSIVE_NON_SHOOTING": 0.2857142857142857, "FOULED_DEFENSIVE_NON_SHOOTING": 0.0, "FOUL_DOUBLE": 0.0, "FOUL_TECHNICAL_DOUBLE": 0.0, "FOUL_FLAGRANT": 0.0, "FOULED_FLAGRANT": 0.0, "FOUL_FLAGRANT_1": 0.0, "FOULED_FLAGRANT_1": 0.0, "FOUL_FLAGRANT_2": 0.0, "FOULED_FLAGRANT_2": 0.0, "FOUL_INBOUND": 0.0, "FOULED_INBOUND": 0.0, "FOUL_LOOSE_BALL": 0.0, "FOULED_LOOSE_BALL": 0.0, "FOUL_OFFENSIVE_CHARGE": 0.0, "FOULED_OFFENSIVE_CHARGE": 0.0, "FOUL_OFFENSIVE_OTHER": 0.0, "FOULED_OFFENSIVE_OTHER": 0.0, "FOUL_OFFENSIVE_TOTAL": 0.0, "FOULED_OFFENSIVE_TOTAL": 1.0, "FOUL_PERSONAL": 0.4, "FOULED_PERSONAL": 0.0, "FOUL_PERSONAL_BLOCK": 0.0, "FOULED_PERSONAL_BLOCK": 0.0, "FOUL_PERSONAL_TAKE": 0.0, "FOULED_PERSONAL_TAKE": 0.0, "FOUL_SHOOTING": 0.2, "FOULED_SHOOTING": 0.0, "FOUL_SHOOTING_BLOCK": 0.0, "FOULED_SHOOTING_BLOCK": 0.0, "FOUL_TECHNICAL": 0.0, "FT": 0.0, "REBOUND_DEFENSIVE": 0.25, "REBOUND_OFFENSIVE": 0.11538461538461539, "STEAL": 0.16666666666666666, "SHOT_TYPE_ARC_3_OFFENSIVE": 0.3, "SHOT_TYPE_ARC_3_DEFENSIVE": 0.36, "SHOT_TYPE_AT_RIM_OFFENSIVE": 0.45555555555555555, "SHOT_TYPE_AT_RIM_DEFENSIVE": 0.28, "SHOT_TYPE_CORNER_3_OFFENSIVE": 0.07777777777777778, "SHOT_TYPE_CORNER_3_DEFENSIVE": 0.16, "SHOT_TYPE_LONG_MID_RANGE_OFFENSIVE": 0.044444444444444446, "SHOT_TYPE_LONG_MID_RANGE_DEFENSIVE": 0.10666666666666667, "SHOT_TYPE_SHORT_MID_RANGE_OFFENSIVE": 0.12222222222222222, "SHOT_TYPE_SHORT_MID_RANGE_DEFENSIVE": 0.09333333333333334, "TURNOVER": 0.25, "VIOLATION_DEFENSIVE_GOALTENDING": 0.0, "VIOLATION_DEFENSIVE_KICK_BALL": 0.0}