{"ASSIST": 0.0970873786407767, "BLOCK": 0.03571428571428571, "FG_ARC_3_ATTEMPT": 0.12962962962962962, "FG_ARC_3_BLOCK": 0.0, "FG_ARC_3_MADE": 0.21428571428571427, "FG_ARC_3_MADE_FOUL": 0.0, "FG_AT_RIM_ATTEMPT": 0.0380952380952381, "FG_AT_RIM_BLOCK": 0.009523809523809525, "FG_AT_RIM_MADE": 0.75, "FG_AT_RIM_MADE_FOUL": 0.0, "FG_CORNER_3_ATTEMPT": 0.391304347826087, "FG_CORNER_3_BLOCK": 0.0, "FG_CORNER_3_MADE": 0.3333333333333333, "FG_CORNER_3_MADE_FOUL": 0.0, "FG_LONG_MID_RANGE_ATTEMPT": 0.05172413793103448, "FG_LONG_MID_RANGE_BLOCK": 0.0, "FG_LONG_MID_RANGE_MADE": 0.0, "FG_LONG_MID_RANGE_MADE_FOUL": 0.0, "FG_SHORT_MID_RANGE_ATTEMPT": 0.15384615384615385, "FG_SHORT_MID_RANGE_BLOCK": 0.0, "FG_SHORT_MID_RANGE_MADE": 0.8333333333333334, "FG_SHORT_MID_RANGE_MADE_FOUL": 0.02564102564102564, "FG_XY": {"ARC_3": {"142|222": 0.07142857142857142, "199|171": 0.07142857142857142, "134|226": 0.07142857142857142, "181|204": 0.07142857142857142, "22|248": 0.07142857142857142, "-224|105": 0.07142857142857142, "112|260": 0.07142857142857142, "184|499": 0.07142857142857142, "141|228": 0.07142857142857142, "-167|252": 0.07142857142857142, "186|178": 0.07142857142857142, "165|207": 0.07142857142857142, "224|115": 0.07142857142857142, "-213|164": 0.07142857142857142}, "AT_RIM": {"-13|29": 0.25, "-12|8": 0.25, "13|20": 0.25, "-18|2": 0.25}, "CORNER_3": {"219|41": 0.1111111111111111, "-233|-8": 0.1111111111111111, "238|56": 0.1111111111111111, "229|-1": 0.1111111111111111, "233|46": 0.1111111111111111, "-232|38": 0.1111111111111111, "-229|54": 0.1111111111111111, "223|32": 0.1111111111111111, "-235|29": 0.1111111111111111}, "LONG_MID_RANGE": {"131|163": 0.3333333333333333, "-71|173": 0.3333333333333333, "-167|8": 0.3333333333333333}, "SHORT_MID_RANGE": {"-42|1": 0.16666666666666666, "-7|62": 0.16666666666666666, "-50|69": 0.16666666666666666, "-27|33": 0.16666666666666666, "54|87": 0.16666666666666666, "93|84": 0.16666666666666666}}, "FOUL_AWAY_FROM_PLAY": 0.0, "FOULED_AWAY_FROM_PLAY": 0.0, "FOUL_CLEAR_PATH": 0.0, "FOULED_CLEAR_PATH": 0.0, "FOUL_COUNT_AS_PERSONAL": 0.2222222222222222, "FOULED_COUNT_AS_PERSONAL": 0.18823529411764706, "FOUL_COUNT_TOWARD_PENALTY": 0.23376623376623376, "FOULED_COUNT_TOWARD_PENALTY": 0.12, "FOUL_DEFENSIVE_NON_SHOOTING": 0.21621621621621623, "FOULED_DEFENSIVE_NON_SHOOTING": 0.18421052631578946, "FOUL_DOUBLE": 0.0, "FOUL_TECHNICAL_DOUBLE": 0.0, "FOUL_FLAGRANT": 0.0, "FOULED_FLAGRANT": 0.0, "FOUL_FLAGRANT_1": 0.0, "FOULED_FLAGRANT_1": 0.0, "FOUL_FLAGRANT_2": 0.0, "FOULED_FLAGRANT_2": 0.0, "FOUL_INBOUND": 0.0, "FOULED_INBOUND": 0.0, "FOUL_LOOSE_BALL": 0.0, "FOULED_LOOSE_BALL": 0.0, "FOUL_OFFENSIVE_CHARGE": 0.0, "FOULED_OFFENSIVE_CHARGE": 1.0, "FOUL_OFFENSIVE_OTHER": 0.0, "FOULED_OFFENSIVE_OTHER": 0.0, "FOUL_OFFENSIVE_TOTAL": 0.0, "FOULED_OFFENSIVE_TOTAL": 0.7, "FOUL_PERSONAL": 0.3076923076923077, "FOULED_PERSONAL": 0.21428571428571427, "FOUL_PERSONAL_BLOCK": 0.0, "FOULED_PERSONAL_BLOCK": 0.0, "FOUL_PERSONAL_TAKE": 0.0, "FOULED_PERSONAL_TAKE": 0.25, "FOUL_SHOOTING": 0.25, "FOULED_SHOOTING": 0.05405405405405406, "FOUL_SHOOTING_BLOCK": 0.0, "FOULED_SHOOTING_BLOCK": 0.0, "FOUL_TECHNICAL": 0.0, "FT": 1.0, "REBOUND_DEFENSIVE": 0.0730593607305936, "REBOUND_OFFENSIVE": 0.012048192771084338, "STEAL": 0.05555555555555555, "SHOT_TYPE_ARC_3_OFFENSIVE": 0.32432432432432434, "SHOT_TYPE_ARC_3_DEFENSIVE": 0.3389355742296919, "SHOT_TYPE_AT_RIM_OFFENSIVE": 0.3153153153153153, "SHOT_TYPE_AT_RIM_DEFENSIVE": 0.3165266106442577, "SHOT_TYPE_CORNER_3_OFFENSIVE": 0.06906906906906907, "SHOT_TYPE_CORNER_3_DEFENSIVE": 0.08123249299719888, "SHOT_TYPE_LONG_MID_RANGE_OFFENSIVE": 0.17417417417417416, "SHOT_TYPE_LONG_MID_RANGE_DEFENSIVE": 0.07282913165266107, "SHOT_TYPE_SHORT_MID_RANGE_OFFENSIVE": 0.11711711711711711, "SHOT_TYPE_SHORT_MID_RANGE_DEFENSIVE": 0.19047619047619047, "TURNOVER": 0.1111111111111111, "VIOLATION_DEFENSIVE_GOALTENDING": 0.0, "VIOLATION_DEFENSIVE_KICK_BALL": 0.0}