{"ASSIST": 0.11398963730569948, "BLOCK": 0.32608695652173914, "FG_ARC_3_ATTEMPT": 0.15591397849462366, "FG_ARC_3_BLOCK": 0.010752688172043012, "FG_ARC_3_MADE": 0.13793103448275862, "FG_ARC_3_MADE_FOUL": 0.0, "FG_AT_RIM_ATTEMPT": 0.12863070539419086, "FG_AT_RIM_BLOCK": 0.008298755186721992, "FG_AT_RIM_MADE": 0.5806451612903226, "FG_AT_RIM_MADE_FOUL": 0.012448132780082987, "FG_CORNER_3_ATTEMPT": 0.16666666666666666, "FG_CORNER_3_BLOCK": 0.0, "FG_CORNER_3_MADE": 0.3, "FG_CORNER_3_MADE_FOUL": 0.0, "FG_LONG_MID_RANGE_ATTEMPT": 0.06779661016949153, "FG_LONG_MID_RANGE_BLOCK": 0.0, "FG_LONG_MID_RANGE_MADE": 0.5, "FG_LONG_MID_RANGE_MADE_FOUL": 0.0, "FG_SHORT_MID_RANGE_ATTEMPT": 0.09090909090909091, "FG_SHORT_MID_RANGE_BLOCK": 0.0, "FG_SHORT_MID_RANGE_MADE": 0.3333333333333333, "FG_SHORT_MID_RANGE_MADE_FOUL": 0.006060606060606061, "FG_XY": {"ARC_3": {"-138|248": 0.034482758620689655, "219|109": 0.034482758620689655, "-161|205": 0.034482758620689655, "-22|253": 0.034482758620689655, "136|214": 0.034482758620689655, "154|225": 0.034482758620689655, "-1|259": 0.034482758620689655, "116|245": 0.034482758620689655, "208|144": 0.034482758620689655, "154|197": 0.034482758620689655, "-60|255": 0.034482758620689655, "-27|279": 0.034482758620689655, "124|231": 0.034482758620689655, "116|230": 0.034482758620689655, "-165|232": 0.034482758620689655, "-194|176": 0.034482758620689655, "141|228": 0.034482758620689655, "154|220": 0.034482758620689655, "93|246": 0.034482758620689655, "125|247": 0.034482758620689655, "-150|237": 0.034482758620689655, "205|154": 0.034482758620689655, "142|218": 0.034482758620689655, "-219|146": 0.034482758620689655, "-213|162": 0.034482758620689655, "15|257": 0.034482758620689655, "98|247": 0.034482758620689655, "45|251": 0.034482758620689655, "-165|209": 0.034482758620689655}, "AT_RIM": {"2|-6": 0.03225806451612903, "0|0": 0.06451612903225806, "-27|13": 0.03225806451612903, "-5|5": 0.03225806451612903, "12|12": 0.03225806451612903, "36|-8": 0.03225806451612903, "6|17": 0.03225806451612903, "0|30": 0.03225806451612903, "-12|22": 0.03225806451612903, "25|20": 0.03225806451612903, "23|22": 0.03225806451612903, "32|20": 0.03225806451612903, "26|8": 0.03225806451612903, "31|0": 0.03225806451612903, "21|11": 0.03225806451612903, "21|18": 0.03225806451612903, "-1|39": 0.03225806451612903, "17|6": 0.03225806451612903, "15|2": 0.03225806451612903, "-1|8": 0.03225806451612903, "16|13": 0.03225806451612903, "1|17": 0.03225806451612903, "-33|19": 0.03225806451612903, "11|37": 0.03225806451612903, "-25|20": 0.03225806451612903, "13|6": 0.03225806451612903, "-26|11": 0.03225806451612903, "29|14": 0.03225806451612903, "-1|4": 0.03225806451612903, "7|26": 0.03225806451612903}, "CORNER_3": {"225|-14": 0.1, "-230|-5": 0.1, "-233|-15": 0.1, "238|-16": 0.1, "240|-4": 0.1, "243|-13": 0.1, "240|8": 0.1, "-232|-10": 0.1, "-225|10": 0.1, "-230|21": 0.1}, "LONG_MID_RANGE": {"127|93": 0.25, "-55|148": 0.25, "22|141": 0.25, "-72|136": 0.25}, "SHORT_MID_RANGE": {"11|78": 0.06666666666666667, "29|38": 0.06666666666666667, "40|21": 0.06666666666666667, "18|55": 0.06666666666666667, "0|62": 0.06666666666666667, "22|41": 0.06666666666666667, "34|23": 0.06666666666666667, "-37|14": 0.06666666666666667, "-39|17": 0.06666666666666667, "-45|18": 0.06666666666666667, "54|13": 0.06666666666666667, "1|74": 0.06666666666666667, "96|42": 0.06666666666666667, "-43|15": 0.06666666666666667, "64|67": 0.06666666666666667}}, "FOUL_AWAY_FROM_PLAY": 0.0, "FOULED_AWAY_FROM_PLAY": 0.0, "FOUL_CLEAR_PATH": 0.0, "FOULED_CLEAR_PATH": 0.0, "FOUL_COUNT_AS_PERSONAL": 0.2676056338028169, "FOULED_COUNT_AS_PERSONAL": 0.12432432432432433, "FOUL_COUNT_TOWARD_PENALTY": 0.2803030303030303, "FOULED_COUNT_TOWARD_PENALTY": 0.1329479768786127, "FOUL_DEFENSIVE_NON_SHOOTING": 0.23880597014925373, "FOULED_DEFENSIVE_NON_SHOOTING": 0.1282051282051282, "FOUL_DOUBLE": 0.0, "FOUL_TECHNICAL_DOUBLE": 0.0, "FOUL_FLAGRANT": 0.0, "FOULED_FLAGRANT": 0.0, "FOUL_FLAGRANT_1": 0.0, "FOULED_FLAGRANT_1": 0.0, "FOUL_FLAGRANT_2": 0.0, "FOULED_FLAGRANT_2": 0.0, "FOUL_INBOUND": 0.0, "FOULED_INBOUND": 0.0, "FOUL_LOOSE_BALL": 0.0, "FOULED_LOOSE_BALL": 0.125, "FOUL_OFFENSIVE_CHARGE": 0.14285714285714285, "FOULED_OFFENSIVE_CHARGE": 0.0, "FOUL_OFFENSIVE_OTHER": 0.0, "FOULED_OFFENSIVE_OTHER": 0.0, "FOUL_OFFENSIVE_TOTAL": 0.1, "FOULED_OFFENSIVE_TOTAL": 0.0, "FOUL_PERSONAL": 0.28846153846153844, "FOULED_PERSONAL": 0.12307692307692308, "FOUL_PERSONAL_BLOCK": 0.0, "FOULED_PERSONAL_BLOCK": 0.0, "FOUL_PERSONAL_TAKE": 0.0, "FOULED_PERSONAL_TAKE": 0.2, "FOUL_SHOOTING": 0.328125, "FOULED_SHOOTING": 0.13829787234042554, "FOUL_SHOOTING_BLOCK": 0.0, "FOULED_SHOOTING_BLOCK": 0.0, "FOUL_TECHNICAL": 0.07692307692307693, "FT": 0.6451612903225806, "REBOUND_DEFENSIVE": 0.1752808988764045, "REBOUND_OFFENSIVE": 0.03740648379052369, "STEAL": 0.1896551724137931, "SHOT_TYPE_ARC_3_OFFENSIVE": 0.2616033755274262, "SHOT_TYPE_ARC_3_DEFENSIVE": 0.2637795275590551, "SHOT_TYPE_AT_RIM_OFFENSIVE": 0.3389592123769339, "SHOT_TYPE_AT_RIM_DEFENSIVE": 0.24540682414698162, "SHOT_TYPE_CORNER_3_OFFENSIVE": 0.08438818565400844, "SHOT_TYPE_CORNER_3_DEFENSIVE": 0.07217847769028872, "SHOT_TYPE_LONG_MID_RANGE_OFFENSIVE": 0.0829817158931083, "SHOT_TYPE_LONG_MID_RANGE_DEFENSIVE": 0.12335958005249344, "SHOT_TYPE_SHORT_MID_RANGE_OFFENSIVE": 0.2320675105485232, "SHOT_TYPE_SHORT_MID_RANGE_DEFENSIVE": 0.2952755905511811, "TURNOVER": 0.10655737704918032, "VIOLATION_DEFENSIVE_GOALTENDING": 0.0, "VIOLATION_DEFENSIVE_KICK_BALL": 0.2}