{"ASSIST": 0.13333333333333333, "BLOCK": 0.2857142857142857, "FG_ARC_3_ATTEMPT": 0.05701754385964912, "FG_ARC_3_BLOCK": 0.0, "FG_ARC_3_MADE": 0.6923076923076923, "FG_ARC_3_MADE_FOUL": 0.0, "FG_AT_RIM_ATTEMPT": 0.1510791366906475, "FG_AT_RIM_BLOCK": 0.007194244604316547, "FG_AT_RIM_MADE": 0.5952380952380952, "FG_AT_RIM_MADE_FOUL": 0.007194244604316547, "FG_CORNER_3_ATTEMPT": 0.15942028985507245, "FG_CORNER_3_BLOCK": 0.0, "FG_CORNER_3_MADE": 0.36363636363636365, "FG_CORNER_3_MADE_FOUL": 0.0, "FG_LONG_MID_RANGE_ATTEMPT": 0.0873015873015873, "FG_LONG_MID_RANGE_BLOCK": 0.0, "FG_LONG_MID_RANGE_MADE": 0.18181818181818182, "FG_LONG_MID_RANGE_MADE_FOUL": 0.007936507936507936, "FG_SHORT_MID_RANGE_ATTEMPT": 0.11961722488038277, "FG_SHORT_MID_RANGE_BLOCK": 0.03349282296650718, "FG_SHORT_MID_RANGE_MADE": 0.32, "FG_SHORT_MID_RANGE_MADE_FOUL": 0.004784688995215311, "FG_XY": {"ARC_3": {"-125|220": 0.07692307692307693, "222|132": 0.07692307692307693, "105|242": 0.07692307692307693, "184|189": 0.07692307692307693, "-4|255": 0.07692307692307693, "227|142": 0.07692307692307693, "-191|189": 0.07692307692307693, "162|200": 0.07692307692307693, "-143|220": 0.07692307692307693, "-204|153": 0.07692307692307693, "140|209": 0.07692307692307693, "-184|172": 0.07692307692307693, "99|222": 0.07692307692307693}, "AT_RIM": {"-1|8": 0.023809523809523808, "6|1": 0.023809523809523808, "26|6": 0.023809523809523808, "6|6": 0.023809523809523808, "-4|16": 0.023809523809523808, "16|11": 0.023809523809523808, "6|20": 0.023809523809523808, "-20|3": 0.023809523809523808, "16|9": 0.023809523809523808, "18|-8": 0.023809523809523808, "26|21": 0.023809523809523808, "-2|36": 0.023809523809523808, "0|13": 0.023809523809523808, "4|12": 0.023809523809523808, "-6|14": 0.023809523809523808, "-9|-1": 0.023809523809523808, "-25|1": 0.023809523809523808, "0|0": 0.047619047619047616, "-23|20": 0.023809523809523808, "20|0": 0.023809523809523808, "1|22": 0.023809523809523808, "-12|15": 0.023809523809523808, "9|7": 0.023809523809523808, "28|17": 0.023809523809523808, "20|23": 0.023809523809523808, "-13|-1": 0.023809523809523808, "-22|-1": 0.023809523809523808, "-15|5": 0.023809523809523808, "15|16": 0.023809523809523808, "-2|4": 0.023809523809523808, "-10|15": 0.023809523809523808, "22|11": 0.023809523809523808, "-13|8": 0.023809523809523808, "-17|8": 0.023809523809523808, "4|15": 0.023809523809523808, "11|8": 0.023809523809523808, "6|24": 0.023809523809523808, "10|23": 0.023809523809523808, "-5|15": 0.023809523809523808, "21|-6": 0.023809523809523808, "39|6": 0.023809523809523808}, "CORNER_3": {"225|-17": 0.09090909090909091, "227|6": 0.09090909090909091, "-227|21": 0.09090909090909091, "228|-6": 0.09090909090909091, "229|6": 0.09090909090909091, "230|-10": 0.09090909090909091, "233|-3": 0.09090909090909091, "-232|42": 0.09090909090909091, "-224|-22": 0.09090909090909091, "225|10": 0.09090909090909091, "227|45": 0.09090909090909091}, "LONG_MID_RANGE": {"214|-6": 0.09090909090909091, "12|204": 0.09090909090909091, "-200|90": 0.09090909090909091, "190|80": 0.09090909090909091, "-1|204": 0.09090909090909091, "-153|162": 0.09090909090909091, "-9|231": 0.09090909090909091, "-127|181": 0.09090909090909091, "-71|213": 0.09090909090909091, "167|152": 0.09090909090909091, "-178|141": 0.09090909090909091}, "SHORT_MID_RANGE": {"0|95": 0.04, "0|83": 0.04, "-5|59": 0.04, "-25|37": 0.04, "83|39": 0.04, "36|100": 0.04, "18|55": 0.04, "60|71": 0.04, "-64|58": 0.04, "-45|11": 0.04, "17|39": 0.04, "-56|19": 0.04, "1|82": 0.04, "-34|22": 0.04, "48|106": 0.04, "-32|24": 0.04, "12|59": 0.04, "-37|43": 0.04, "50|26": 0.04, "-22|55": 0.04, "59|91": 0.04, "-27|65": 0.04, "-50|13": 0.04, "11|84": 0.04, "-33|46": 0.04}}, "FOUL_AWAY_FROM_PLAY": 0.0, "FOULED_AWAY_FROM_PLAY": 0.0, "FOUL_CLEAR_PATH": 0.0, "FOULED_CLEAR_PATH": 0.0, "FOUL_COUNT_AS_PERSONAL": 0.26666666666666666, "FOULED_COUNT_AS_PERSONAL": 0.08823529411764706, "FOUL_COUNT_TOWARD_PENALTY": 0.2918918918918919, "FOULED_COUNT_TOWARD_PENALTY": 0.07222222222222222, "FOUL_DEFENSIVE_NON_SHOOTING": 0.3142857142857143, "FOULED_DEFENSIVE_NON_SHOOTING": 0.047058823529411764, "FOUL_DOUBLE": 0.0, "FOUL_TECHNICAL_DOUBLE": 0.5, "FOUL_FLAGRANT": 0.0, "FOULED_FLAGRANT": 0.0, "FOUL_FLAGRANT_1": 0.0, "FOULED_FLAGRANT_1": 0.0, "FOUL_FLAGRANT_2": 0.0, "FOULED_FLAGRANT_2": 0.0, "FOUL_INBOUND": 0.0, "FOULED_INBOUND": 0.0, "FOUL_LOOSE_BALL": 0.0, "FOULED_LOOSE_BALL": 0.08333333333333333, "FOUL_OFFENSIVE_CHARGE": 0.1111111111111111, "FOULED_OFFENSIVE_CHARGE": 0.25, "FOUL_OFFENSIVE_OTHER": 0.0, "FOULED_OFFENSIVE_OTHER": 0.0, "FOUL_OFFENSIVE_TOTAL": 0.08, "FOULED_OFFENSIVE_TOTAL": 0.21739130434782608, "FOUL_PERSONAL": 0.35064935064935066, "FOULED_PERSONAL": 0.017241379310344827, "FOUL_PERSONAL_BLOCK": 0.0, "FOULED_PERSONAL_BLOCK": 0.0, "FOUL_PERSONAL_TAKE": 0.21428571428571427, "FOULED_PERSONAL_TAKE": 0.14285714285714285, "FOUL_SHOOTING": 0.2625, "FOULED_SHOOTING": 0.09473684210526316, "FOUL_SHOOTING_BLOCK": 0.0, "FOULED_SHOOTING_BLOCK": 0.0, "FOUL_TECHNICAL": 0.0, "FT": 0.75, "REBOUND_DEFENSIVE": 0.07722772277227723, "REBOUND_OFFENSIVE": 0.0444015444015444, "STEAL": 0.3258426966292135, "SHOT_TYPE_ARC_3_OFFENSIVE": 0.25054945054945055, "SHOT_TYPE_ARC_3_DEFENSIVE": 0.30602957906712175, "SHOT_TYPE_AT_RIM_OFFENSIVE": 0.3054945054945055, "SHOT_TYPE_AT_RIM_DEFENSIVE": 0.24573378839590443, "SHOT_TYPE_CORNER_3_OFFENSIVE": 0.07582417582417582, "SHOT_TYPE_CORNER_3_DEFENSIVE": 0.08646188850967008, "SHOT_TYPE_LONG_MID_RANGE_OFFENSIVE": 0.13846153846153847, "SHOT_TYPE_LONG_MID_RANGE_DEFENSIVE": 0.11604095563139932, "SHOT_TYPE_SHORT_MID_RANGE_OFFENSIVE": 0.22967032967032966, "SHOT_TYPE_SHORT_MID_RANGE_DEFENSIVE": 0.24573378839590443, "TURNOVER": 0.1564625850340136, "VIOLATION_DEFENSIVE_GOALTENDING": 0.0, "VIOLATION_DEFENSIVE_KICK_BALL": 0.2}