{"ASSIST": 0.21367521367521367, "BLOCK": 0.3333333333333333, "FG_ARC_3_ATTEMPT": 0.21808510638297873, "FG_ARC_3_BLOCK": 0.0, "FG_ARC_3_MADE": 0.2682926829268293, "FG_ARC_3_MADE_FOUL": 0.0, "FG_AT_RIM_ATTEMPT": 0.174496644295302, "FG_AT_RIM_BLOCK": 0.020134228187919462, "FG_AT_RIM_MADE": 0.5769230769230769, "FG_AT_RIM_MADE_FOUL": 0.006711409395973154, "FG_CORNER_3_ATTEMPT": 0.23076923076923078, "FG_CORNER_3_BLOCK": 0.019230769230769232, "FG_CORNER_3_MADE": 0.4166666666666667, "FG_CORNER_3_MADE_FOUL": 0.0, "FG_LONG_MID_RANGE_ATTEMPT": 0.24074074074074073, "FG_LONG_MID_RANGE_BLOCK": 0.0, "FG_LONG_MID_RANGE_MADE": 0.38461538461538464, "FG_LONG_MID_RANGE_MADE_FOUL": 0.0, "FG_SHORT_MID_RANGE_ATTEMPT": 0.19230769230769232, "FG_SHORT_MID_RANGE_BLOCK": 0.04807692307692308, "FG_SHORT_MID_RANGE_MADE": 0.3, "FG_SHORT_MID_RANGE_MADE_FOUL": 0.009615384615384616, "FG_XY": {"ARC_3": {"232|100": 0.024390243902439025, "-227|106": 0.024390243902439025, "142|248": 0.024390243902439025, "-108|262": 0.024390243902439025, "-134|257": 0.024390243902439025, "-214|160": 0.024390243902439025, "156|208": 0.024390243902439025, "207|131": 0.024390243902439025, "164|205": 0.024390243902439025, "-156|192": 0.024390243902439025, "-216|125": 0.024390243902439025, "-157|201": 0.024390243902439025, "-36|253": 0.024390243902439025, "134|214": 0.024390243902439025, "-97|242": 0.024390243902439025, "92|268": 0.024390243902439025, "-208|146": 0.024390243902439025, "-159|193": 0.024390243902439025, "-189|187": 0.024390243902439025, "172|211": 0.024390243902439025, "-195|167": 0.024390243902439025, "184|179": 0.024390243902439025, "-140|218": 0.024390243902439025, "-168|230": 0.024390243902439025, "114|232": 0.024390243902439025, "185|199": 0.024390243902439025, "176|181": 0.024390243902439025, "-228|130": 0.024390243902439025, "-174|202": 0.024390243902439025, "158|203": 0.024390243902439025, "136|216": 0.024390243902439025, "227|111": 0.024390243902439025, "-180|191": 0.024390243902439025, "-92|261": 0.024390243902439025, "-134|225": 0.024390243902439025, "-186|173": 0.024390243902439025, "213|148": 0.024390243902439025, "121|243": 0.024390243902439025, "-56|247": 0.024390243902439025, "88|243": 0.024390243902439025, "-137|249": 0.024390243902439025}, "AT_RIM": {"1|12": 0.038461538461538464, "-4|1": 0.038461538461538464, "0|14": 0.038461538461538464, "-6|1": 0.038461538461538464, "0|0": 0.2692307692307692, "6|28": 0.038461538461538464, "-16|12": 0.038461538461538464, "23|0": 0.038461538461538464, "1|-1": 0.038461538461538464, "-16|6": 0.038461538461538464, "15|-6": 0.038461538461538464, "-5|5": 0.038461538461538464, "-6|6": 0.038461538461538464, "-9|38": 0.038461538461538464, "-26|-7": 0.038461538461538464, "-20|21": 0.038461538461538464, "-5|12": 0.038461538461538464, "9|-1": 0.038461538461538464, "9|16": 0.038461538461538464, "23|31": 0.038461538461538464}, "CORNER_3": {"230|-11": 0.08333333333333333, "-228|31": 0.08333333333333333, "-235|39": 0.08333333333333333, "-229|-16": 0.08333333333333333, "-230|-17": 0.08333333333333333, "223|24": 0.08333333333333333, "-225|-18": 0.08333333333333333, "-224|41": 0.08333333333333333, "-233|-16": 0.08333333333333333, "225|10": 0.08333333333333333, "-232|22": 0.08333333333333333, "232|28": 0.08333333333333333}, "LONG_MID_RANGE": {"-195|14": 0.07692307692307693, "20|202": 0.07692307692307693, "-83|175": 0.07692307692307693, "67|125": 0.07692307692307693, "-120|146": 0.07692307692307693, "100|130": 0.07692307692307693, "31|160": 0.07692307692307693, "87|134": 0.07692307692307693, "-186|55": 0.07692307692307693, "-91|190": 0.07692307692307693, "-156|18": 0.07692307692307693, "33|151": 0.07692307692307693, "91|187": 0.07692307692307693}, "SHORT_MID_RANGE": {"54|25": 0.05, "-51|17": 0.05, "93|48": 0.05, "-58|89": 0.05, "-40|44": 0.05, "2|47": 0.05, "-23|37": 0.05, "-7|84": 0.05, "22|95": 0.05, "-36|31": 0.05, "2|66": 0.05, "-29|133": 0.05, "-60|58": 0.05, "-47|9": 0.05, "-83|-13": 0.05, "-1|132": 0.05, "-2|127": 0.05, "-44|15": 0.05, "-32|31": 0.05, "72|13": 0.05}}, "FOUL_AWAY_FROM_PLAY": 0.0, "FOULED_AWAY_FROM_PLAY": 0.0, "FOUL_CLEAR_PATH": 0.0, "FOULED_CLEAR_PATH": 0.0, "FOUL_COUNT_AS_PERSONAL": 0.22115384615384615, "FOULED_COUNT_AS_PERSONAL": 0.12871287128712872, "FOUL_COUNT_TOWARD_PENALTY": 0.2111111111111111, "FOULED_COUNT_TOWARD_PENALTY": 0.12222222222222222, "FOUL_DEFENSIVE_NON_SHOOTING": 0.2, "FOULED_DEFENSIVE_NON_SHOOTING": 0.16666666666666666, "FOUL_DOUBLE": 0.0, "FOUL_TECHNICAL_DOUBLE": 0.0, "FOUL_FLAGRANT": 0.0, "FOULED_FLAGRANT": 0.0, "FOUL_FLAGRANT_1": 0.0, "FOULED_FLAGRANT_1": 0.0, "FOUL_FLAGRANT_2": 0.0, "FOULED_FLAGRANT_2": 0.0, "FOUL_INBOUND": 0.0, "FOULED_INBOUND": 0.0, "FOUL_LOOSE_BALL": 0.0, "FOULED_LOOSE_BALL": 0.1, "FOUL_OFFENSIVE_CHARGE": 0.2857142857142857, "FOULED_OFFENSIVE_CHARGE": 0.0, "FOUL_OFFENSIVE_OTHER": 0.0, "FOULED_OFFENSIVE_OTHER": 0.0, "FOUL_OFFENSIVE_TOTAL": 0.2857142857142857, "FOULED_OFFENSIVE_TOTAL": 0.18181818181818182, "FOUL_PERSONAL": 0.23529411764705882, "FOULED_PERSONAL": 0.18181818181818182, "FOUL_PERSONAL_BLOCK": 0.0, "FOULED_PERSONAL_BLOCK": 0.0, "FOUL_PERSONAL_TAKE": 0.2, "FOULED_PERSONAL_TAKE": 0.2, "FOUL_SHOOTING": 0.225, "FOULED_SHOOTING": 0.07142857142857142, "FOUL_SHOOTING_BLOCK": 0.0, "FOULED_SHOOTING_BLOCK": 0.0, "FOUL_TECHNICAL": 0.0, "FT": 0.625, "REBOUND_DEFENSIVE": 0.22021660649819494, "REBOUND_OFFENSIVE": 0.05588235294117647, "STEAL": 0.1951219512195122, "SHOT_TYPE_ARC_3_OFFENSIVE": 0.3436928702010969, "SHOT_TYPE_ARC_3_DEFENSIVE": 0.3441295546558704, "SHOT_TYPE_AT_RIM_OFFENSIVE": 0.27239488117001825, "SHOT_TYPE_AT_RIM_DEFENSIVE": 0.20850202429149797, "SHOT_TYPE_CORNER_3_OFFENSIVE": 0.09506398537477148, "SHOT_TYPE_CORNER_3_DEFENSIVE": 0.13157894736842105, "SHOT_TYPE_LONG_MID_RANGE_OFFENSIVE": 0.09872029250457039, "SHOT_TYPE_LONG_MID_RANGE_DEFENSIVE": 0.10931174089068826, "SHOT_TYPE_SHORT_MID_RANGE_OFFENSIVE": 0.19012797074954296, "SHOT_TYPE_SHORT_MID_RANGE_DEFENSIVE": 0.20647773279352227, "TURNOVER": 0.27906976744186046, "VIOLATION_DEFENSIVE_GOALTENDING": 0.0, "VIOLATION_DEFENSIVE_KICK_BALL": 0.0}