{"ASSIST": 0.2543859649122807, "BLOCK": 0.23809523809523808, "FG_ARC_3_ATTEMPT": 0.10948905109489052, "FG_ARC_3_BLOCK": 0.0, "FG_ARC_3_MADE": 0.4666666666666667, "FG_ARC_3_MADE_FOUL": 0.0, "FG_AT_RIM_ATTEMPT": 0.2777777777777778, "FG_AT_RIM_BLOCK": 0.027777777777777776, "FG_AT_RIM_MADE": 0.7, "FG_AT_RIM_MADE_FOUL": 0.013888888888888888, "FG_CORNER_3_ATTEMPT": 0.14285714285714285, "FG_CORNER_3_BLOCK": 0.0, "FG_CORNER_3_MADE": 0.6, "FG_CORNER_3_MADE_FOUL": 0.0, "FG_LONG_MID_RANGE_ATTEMPT": 0.12903225806451613, "FG_LONG_MID_RANGE_BLOCK": 0.0, "FG_LONG_MID_RANGE_MADE": 0.625, "FG_LONG_MID_RANGE_MADE_FOUL": 0.0, "FG_SHORT_MID_RANGE_ATTEMPT": 0.18487394957983194, "FG_SHORT_MID_RANGE_BLOCK": 0.025210084033613446, "FG_SHORT_MID_RANGE_MADE": 0.45454545454545453, "FG_SHORT_MID_RANGE_MADE_FOUL": 0.01680672268907563, "FG_XY": {"ARC_3": {"-157|211": 0.06666666666666667, "158|186": 0.06666666666666667, "-102|252": 0.06666666666666667, "-59|258": 0.06666666666666667, "-184|183": 0.06666666666666667, "-104|240": 0.06666666666666667, "-2|269": 0.06666666666666667, "5|273": 0.06666666666666667, "-224|137": 0.06666666666666667, "-97|237": 0.06666666666666667, "-125|232": 0.06666666666666667, "-40|281": 0.06666666666666667, "11|262": 0.06666666666666667, "97|244": 0.06666666666666667, "51|274": 0.06666666666666667}, "AT_RIM": {"-1|-7": 0.025, "25|22": 0.025, "-5|8": 0.025, "6|-4": 0.025, "32|6": 0.025, "7|32": 0.025, "-18|11": 0.025, "1|15": 0.025, "-5|15": 0.025, "0|0": 0.15, "-25|15": 0.025, "31|18": 0.025, "-2|5": 0.025, "10|33": 0.025, "-9|24": 0.025, "-5|17": 0.025, "1|29": 0.025, "17|13": 0.025, "-21|27": 0.025, "13|34": 0.025, "-21|23": 0.025, "7|13": 0.025, "5|4": 0.025, "-23|8": 0.05, "23|12": 0.025, "-31|23": 0.025, "-20|16": 0.05, "6|-7": 0.025, "25|5": 0.025, "7|8": 0.025, "-20|4": 0.025, "-2|31": 0.025, "-26|12": 0.025}, "CORNER_3": {"-233|26": 0.2, "-234|22": 0.2, "-225|83": 0.2, "-228|52": 0.2, "228|-19": 0.2}, "LONG_MID_RANGE": {"42|178": 0.125, "16|183": 0.125, "58|153": 0.125, "-7|153": 0.125, "-114|153": 0.125, "-7|173": 0.125, "-1|156": 0.125, "-142|105": 0.125}, "SHORT_MID_RANGE": {"-51|49": 0.045454545454545456, "21|62": 0.045454545454545456, "15|37": 0.045454545454545456, "4|43": 0.045454545454545456, "34|38": 0.045454545454545456, "6|132": 0.045454545454545456, "-5|68": 0.045454545454545456, "-55|115": 0.045454545454545456, "47|93": 0.045454545454545456, "40|20": 0.045454545454545456, "48|89": 0.045454545454545456, "-33|58": 0.045454545454545456, "-23|122": 0.045454545454545456, "92|23": 0.045454545454545456, "-4|43": 0.045454545454545456, "-49|31": 0.045454545454545456, "47|31": 0.045454545454545456, "80|23": 0.045454545454545456, "7|43": 0.045454545454545456, "4|120": 0.045454545454545456, "12|107": 0.045454545454545456, "33|115": 0.045454545454545456}}, "FOUL_AWAY_FROM_PLAY": 0.0, "FOULED_AWAY_FROM_PLAY": 0.0, "FOUL_CLEAR_PATH": 0.0, "FOULED_CLEAR_PATH": 0.0, "FOUL_COUNT_AS_PERSONAL": 0.28440366972477066, "FOULED_COUNT_AS_PERSONAL": 0.2037037037037037, "FOUL_COUNT_TOWARD_PENALTY": 0.25, "FOULED_COUNT_TOWARD_PENALTY": 0.21153846153846154, "FOUL_DEFENSIVE_NON_SHOOTING": 0.22727272727272727, "FOULED_DEFENSIVE_NON_SHOOTING": 0.2391304347826087, "FOUL_DOUBLE": 0.0, "FOUL_TECHNICAL_DOUBLE": 0.0, "FOUL_FLAGRANT": 0.0, "FOULED_FLAGRANT": 0.0, "FOUL_FLAGRANT_1": 0.0, "FOULED_FLAGRANT_1": 0.0, "FOUL_FLAGRANT_2": 0.0, "FOULED_FLAGRANT_2": 0.0, "FOUL_INBOUND": 0.0, "FOULED_INBOUND": 0.0, "FOUL_LOOSE_BALL": 0.0, "FOULED_LOOSE_BALL": 0.1111111111111111, "FOUL_OFFENSIVE_CHARGE": 0.5, "FOULED_OFFENSIVE_CHARGE": 0.0, "FOUL_OFFENSIVE_OTHER": 0.0, "FOULED_OFFENSIVE_OTHER": 0.0, "FOUL_OFFENSIVE_TOTAL": 0.47058823529411764, "FOULED_OFFENSIVE_TOTAL": 0.0, "FOUL_PERSONAL": 0.24242424242424243, "FOULED_PERSONAL": 0.2413793103448276, "FOUL_PERSONAL_BLOCK": 0.0, "FOULED_PERSONAL_BLOCK": 0.0, "FOUL_PERSONAL_TAKE": 0.0, "FOULED_PERSONAL_TAKE": 0.375, "FOUL_SHOOTING": 0.2708333333333333, "FOULED_SHOOTING": 0.1896551724137931, "FOUL_SHOOTING_BLOCK": 0.0, "FOULED_SHOOTING_BLOCK": 0.0, "FOUL_TECHNICAL": 0.0, "FT": 0.75, "REBOUND_DEFENSIVE": 0.13709677419354838, "REBOUND_OFFENSIVE": 0.036101083032490974, "STEAL": 0.16981132075471697, "SHOT_TYPE_ARC_3_OFFENSIVE": 0.27565392354124746, "SHOT_TYPE_ARC_3_DEFENSIVE": 0.3511111111111111, "SHOT_TYPE_AT_RIM_OFFENSIVE": 0.289738430583501, "SHOT_TYPE_AT_RIM_DEFENSIVE": 0.24, "SHOT_TYPE_CORNER_3_OFFENSIVE": 0.07042253521126761, "SHOT_TYPE_CORNER_3_DEFENSIVE": 0.15333333333333332, "SHOT_TYPE_LONG_MID_RANGE_OFFENSIVE": 0.12474849094567404, "SHOT_TYPE_LONG_MID_RANGE_DEFENSIVE": 0.08666666666666667, "SHOT_TYPE_SHORT_MID_RANGE_OFFENSIVE": 0.23943661971830985, "SHOT_TYPE_SHORT_MID_RANGE_DEFENSIVE": 0.1688888888888889, "TURNOVER": 0.2987012987012987, "VIOLATION_DEFENSIVE_GOALTENDING": 0.0, "VIOLATION_DEFENSIVE_KICK_BALL": 0.0}