{"ASSIST": 0.34408602150537637, "BLOCK": 0.2459016393442623, "FG_ARC_3_ATTEMPT": 0.1873198847262248, "FG_ARC_3_BLOCK": 0.0, "FG_ARC_3_MADE": 0.4, "FG_ARC_3_MADE_FOUL": 0.0, "FG_AT_RIM_ATTEMPT": 0.21362229102167182, "FG_AT_RIM_BLOCK": 0.0030959752321981426, "FG_AT_RIM_MADE": 0.855072463768116, "FG_AT_RIM_MADE_FOUL": 0.01238390092879257, "FG_CORNER_3_ATTEMPT": 0.20192307692307693, "FG_CORNER_3_BLOCK": 0.0, "FG_CORNER_3_MADE": 0.6190476190476191, "FG_CORNER_3_MADE_FOUL": 0.0, "FG_LONG_MID_RANGE_ATTEMPT": 0.2641509433962264, "FG_LONG_MID_RANGE_BLOCK": 0.009433962264150943, "FG_LONG_MID_RANGE_MADE": 0.42857142857142855, "FG_LONG_MID_RANGE_MADE_FOUL": 0.009433962264150943, "FG_SHORT_MID_RANGE_ATTEMPT": 0.2556390977443609, "FG_SHORT_MID_RANGE_BLOCK": 0.02631578947368421, "FG_SHORT_MID_RANGE_MADE": 0.5, "FG_SHORT_MID_RANGE_MADE_FOUL": 0.0037593984962406013, "FG_XY": {"ARC_3": {"-211|141": 0.015384615384615385, "188|202": 0.015384615384615385, "-6|256": 0.015384615384615385, "200|210": 0.015384615384615385, "212|124": 0.015384615384615385, "138|225": 0.015384615384615385, "-191|169": 0.015384615384615385, "224|117": 0.015384615384615385, "-188|184": 0.015384615384615385, "-119|231": 0.015384615384615385, "-189|179": 0.015384615384615385, "-125|222": 0.015384615384615385, "-70|311": 0.015384615384615385, "102|275": 0.015384615384615385, "214|192": 0.015384615384615385, "-10|297": 0.015384615384615385, "123|246": 0.015384615384615385, "105|241": 0.015384615384615385, "-12|270": 0.015384615384615385, "-167|196": 0.015384615384615385, "44|268": 0.015384615384615385, "-175|763": 0.015384615384615385, "130|217": 0.015384615384615385, "100|268": 0.015384615384615385, "-115|220": 0.015384615384615385, "-141|205": 0.015384615384615385, "-188|167": 0.015384615384615385, "-223|125": 0.015384615384615385, "214|217": 0.015384615384615385, "100|249": 0.015384615384615385, "-206|136": 0.015384615384615385, "143|210": 0.015384615384615385, "-93|252": 0.015384615384615385, "114|235": 0.015384615384615385, "-37|262": 0.015384615384615385, "181|174": 0.015384615384615385, "-227|132": 0.015384615384615385, "86|269": 0.015384615384615385, "16|279": 0.015384615384615385, "-201|157": 0.015384615384615385, "-37|241": 0.015384615384615385, "-162|188": 0.015384615384615385, "76|243": 0.015384615384615385, "211|178": 0.015384615384615385, "6|246": 0.015384615384615385, "-113|236": 0.015384615384615385, "31|259": 0.015384615384615385, "186|168": 0.015384615384615385, "-11|247": 0.015384615384615385, "70|260": 0.015384615384615385, "32|246": 0.015384615384615385, "-100|227": 0.015384615384615385, "-218|195": 0.015384615384615385, "232|101": 0.015384615384615385, "-189|176": 0.015384615384615385, "174|184": 0.015384615384615385, "-11|256": 0.015384615384615385, "135|232": 0.015384615384615385, "124|227": 0.015384615384615385, "140|202": 0.015384615384615385, "-98|243": 0.015384615384615385, "-114|248": 0.015384615384615385, "87|351": 0.015384615384615385, "154|225": 0.015384615384615385, "-6|267": 0.015384615384615385}, "AT_RIM": {"-6|4": 0.014492753623188406, "-12|4": 0.014492753623188406, "12|4": 0.014492753623188406, "0|15": 0.014492753623188406, "2|16": 0.014492753623188406, "-1|14": 0.014492753623188406, "1|16": 0.014492753623188406, "-11|9": 0.014492753623188406, "-31|11": 0.014492753623188406, "-7|16": 0.014492753623188406, "15|16": 0.014492753623188406, "4|11": 0.014492753623188406, "18|12": 0.014492753623188406, "2|35": 0.014492753623188406, "-11|4": 0.014492753623188406, "-21|17": 0.014492753623188406, "17|7": 0.014492753623188406, "18|8": 0.014492753623188406, "9|8": 0.014492753623188406, "-22|2": 0.014492753623188406, "-1|9": 0.014492753623188406, "-5|10": 0.014492753623188406, "-1|27": 0.014492753623188406, "6|8": 0.014492753623188406, "17|5": 0.014492753623188406, "11|10": 0.014492753623188406, "7|15": 0.014492753623188406, "13|17": 0.014492753623188406, "9|14": 0.014492753623188406, "-15|10": 0.014492753623188406, "-1|20": 0.014492753623188406, "6|1": 0.014492753623188406, "33|16": 0.014492753623188406, "21|2": 0.014492753623188406, "-25|27": 0.014492753623188406, "2|0": 0.014492753623188406, "1|3": 0.014492753623188406, "-16|-12": 0.014492753623188406, "31|13": 0.014492753623188406, "15|34": 0.014492753623188406, "23|22": 0.014492753623188406, "-33|9": 0.014492753623188406, "18|34": 0.014492753623188406, "-13|8": 0.014492753623188406, "18|13": 0.014492753623188406, "-4|0": 0.014492753623188406, "4|1": 0.014492753623188406, "-2|36": 0.014492753623188406, "5|11": 0.014492753623188406, "0|29": 0.014492753623188406, "4|22": 0.014492753623188406, "25|13": 0.014492753623188406, "6|17": 0.014492753623188406, "-4|17": 0.014492753623188406, "18|6": 0.014492753623188406, "13|15": 0.014492753623188406, "4|8": 0.014492753623188406, "33|14": 0.014492753623188406, "17|1": 0.014492753623188406, "26|12": 0.014492753623188406, "-1|31": 0.014492753623188406, "-12|8": 0.014492753623188406, "17|6": 0.014492753623188406, "2|-1": 0.014492753623188406, "-9|34": 0.014492753623188406, "1|17": 0.014492753623188406, "0|30": 0.014492753623188406, "6|16": 0.014492753623188406, "-13|27": 0.014492753623188406}, "CORNER_3": {"230|16": 0.047619047619047616, "237|24": 0.047619047619047616, "-237|3": 0.047619047619047616, "-233|68": 0.047619047619047616, "229|31": 0.047619047619047616, "-233|25": 0.047619047619047616, "-230|2": 0.047619047619047616, "229|13": 0.047619047619047616, "-230|-21": 0.047619047619047616, "-235|-4": 0.047619047619047616, "-234|-13": 0.047619047619047616, "228|2": 0.047619047619047616, "224|73": 0.047619047619047616, "-223|13": 0.047619047619047616, "230|10": 0.047619047619047616, "-222|-16": 0.047619047619047616, "-229|47": 0.047619047619047616, "235|40": 0.047619047619047616, "-221|-1": 0.047619047619047616, "-232|1": 0.047619047619047616, "233|71": 0.047619047619047616}, "LONG_MID_RANGE": {"6|162": 0.03571428571428571, "91|123": 0.03571428571428571, "2|160": 0.03571428571428571, "113|177": 0.03571428571428571, "96|189": 0.03571428571428571, "96|166": 0.03571428571428571, "-66|182": 0.03571428571428571, "165|142": 0.03571428571428571, "-69|164": 0.03571428571428571, "89|131": 0.03571428571428571, "87|117": 0.03571428571428571, "189|53": 0.03571428571428571, "-10|141": 0.03571428571428571, "-72|121": 0.03571428571428571, "-20|142": 0.03571428571428571, "110|175": 0.03571428571428571, "-4|147": 0.03571428571428571, "-32|181": 0.03571428571428571, "-105|176": 0.03571428571428571, "1|155": 0.03571428571428571, "-48|156": 0.03571428571428571, "27|167": 0.03571428571428571, "-61|130": 0.03571428571428571, "36|149": 0.03571428571428571, "120|151": 0.03571428571428571, "-58|129": 0.03571428571428571, "-78|169": 0.03571428571428571, "112|146": 0.03571428571428571}, "SHORT_MID_RANGE": {"40|105": 0.014705882352941176, "-2|109": 0.014705882352941176, "38|19": 0.014705882352941176, "27|126": 0.014705882352941176, "-28|94": 0.014705882352941176, "7|85": 0.014705882352941176, "-44|76": 0.014705882352941176, "-54|101": 0.014705882352941176, "-4|113": 0.014705882352941176, "-25|115": 0.014705882352941176, "-2|120": 0.014705882352941176, "-78|61": 0.014705882352941176, "51|53": 0.014705882352941176, "-66|50": 0.014705882352941176, "62|117": 0.014705882352941176, "60|116": 0.014705882352941176, "56|110": 0.014705882352941176, "-82|110": 0.014705882352941176, "31|52": 0.014705882352941176, "-20|41": 0.014705882352941176, "-9|138": 0.014705882352941176, "-85|80": 0.014705882352941176, "-27|105": 0.014705882352941176, "-38|89": 0.014705882352941176, "39|120": 0.014705882352941176, "-2|122": 0.014705882352941176, "-96|83": 0.014705882352941176, "10|130": 0.014705882352941176, "42|126": 0.014705882352941176, "43|19": 0.014705882352941176, "-43|113": 0.014705882352941176, "-33|103": 0.014705882352941176, "-39|96": 0.014705882352941176, "29|28": 0.014705882352941176, "-66|36": 0.014705882352941176, "31|63": 0.014705882352941176, "-94|96": 0.014705882352941176, "6|113": 0.014705882352941176,