{"ASSIST": 0.21052631578947367, "BLOCK": 0.0, "FG_ARC_3_ATTEMPT": 0.19047619047619047, "FG_ARC_3_BLOCK": 0.0, "FG_ARC_3_MADE": 0.5, "FG_ARC_3_MADE_FOUL": 0.0, "FG_AT_RIM_ATTEMPT": 0.20689655172413793, "FG_AT_RIM_BLOCK": 0.0, "FG_AT_RIM_MADE": 0.8333333333333334, "FG_AT_RIM_MADE_FOUL": 0.034482758620689655, "FG_CORNER_3_ATTEMPT": 0.2857142857142857, "FG_CORNER_3_BLOCK": 0.0, "FG_CORNER_3_MADE": 0.0, "FG_CORNER_3_MADE_FOUL": 0.0, "FG_LONG_MID_RANGE_ATTEMPT": 0.25, "FG_LONG_MID_RANGE_BLOCK": 0.0, "FG_LONG_MID_RANGE_MADE": 0.0, "FG_LONG_MID_RANGE_MADE_FOUL": 0.0, "FG_SHORT_MID_RANGE_ATTEMPT": 0.0, "FG_SHORT_MID_RANGE_BLOCK": 0.0, "FG_SHORT_MID_RANGE_MADE": 0.0, "FG_SHORT_MID_RANGE_MADE_FOUL": 0.0, "FG_XY": {"ARC_3": {"140|215": 0.25, "121|243": 0.25, "-7|264": 0.25, "105|247": 0.25}, "AT_RIM": {"-2|15": 0.16666666666666666, "-21|22": 0.16666666666666666, "12|-3": 0.16666666666666666, "0|0": 0.16666666666666666, "4|20": 0.16666666666666666, "-6|8": 0.16666666666666666}, "CORNER_3": {"241|34": 0.5, "-228|-13": 0.5}, "LONG_MID_RANGE": {"116|139": 0.3333333333333333, "-156|90": 0.3333333333333333, "-100|163": 0.3333333333333333}, "SHORT_MID_RANGE": {}}, "FOUL_AWAY_FROM_PLAY": 0.0, "FOULED_AWAY_FROM_PLAY": 0.0, "FOUL_CLEAR_PATH": 0.0, "FOULED_CLEAR_PATH": 0.0, "FOUL_COUNT_AS_PERSONAL": 0.23529411764705882, "FOULED_COUNT_AS_PERSONAL": 0.2222222222222222, "FOUL_COUNT_TOWARD_PENALTY": 0.2, "FOULED_COUNT_TOWARD_PENALTY": 0.2222222222222222, "FOUL_DEFENSIVE_NON_SHOOTING": 0.4, "FOULED_DEFENSIVE_NON_SHOOTING": 0.25, "FOUL_DOUBLE": 0.0, "FOUL_TECHNICAL_DOUBLE": 0.0, "FOUL_FLAGRANT": 0.0, "FOULED_FLAGRANT": 0.0, "FOUL_FLAGRANT_1": 0.0, "FOULED_FLAGRANT_1": 0.0, "FOUL_FLAGRANT_2": 0.0, "FOULED_FLAGRANT_2": 0.0, "FOUL_INBOUND": 0.0, "FOULED_INBOUND": 0.0, "FOUL_LOOSE_BALL": 0.0, "FOULED_LOOSE_BALL": 0.0, "FOUL_OFFENSIVE_CHARGE": 0.0, "FOULED_OFFENSIVE_CHARGE": 0.0, "FOUL_OFFENSIVE_OTHER": 0.0, "FOULED_OFFENSIVE_OTHER": 0.0, "FOUL_OFFENSIVE_TOTAL": 0.5, "FOULED_OFFENSIVE_TOTAL": 0.0, "FOUL_PERSONAL": 0.5, "FOULED_PERSONAL": 0.14285714285714285, "FOUL_PERSONAL_BLOCK": 0.0, "FOULED_PERSONAL_BLOCK": 0.0, "FOUL_PERSONAL_TAKE": 0.0, "FOULED_PERSONAL_TAKE": 1.0, "FOUL_SHOOTING": 0.1, "FOULED_SHOOTING": 0.2, "FOUL_SHOOTING_BLOCK": 0.0, "FOULED_SHOOTING_BLOCK": 0.0, "FOUL_TECHNICAL": 0.0, "FT": 0.8, "REBOUND_DEFENSIVE": 0.16363636363636364, "REBOUND_OFFENSIVE": 0.1, "STEAL": 0.0, "SHOT_TYPE_ARC_3_OFFENSIVE": 0.24705882352941178, "SHOT_TYPE_ARC_3_DEFENSIVE": 0.2903225806451613, "SHOT_TYPE_AT_RIM_OFFENSIVE": 0.3411764705882353, "SHOT_TYPE_AT_RIM_DEFENSIVE": 0.3548387096774194, "SHOT_TYPE_CORNER_3_OFFENSIVE": 0.08235294117647059, "SHOT_TYPE_CORNER_3_DEFENSIVE": 0.10752688172043011, "SHOT_TYPE_LONG_MID_RANGE_OFFENSIVE": 0.1411764705882353, "SHOT_TYPE_LONG_MID_RANGE_DEFENSIVE": 0.07526881720430108, "SHOT_TYPE_SHORT_MID_RANGE_OFFENSIVE": 0.18823529411764706, "SHOT_TYPE_SHORT_MID_RANGE_DEFENSIVE": 0.17204301075268819, "TURNOVER": 0.42857142857142855, "VIOLATION_DEFENSIVE_GOALTENDING": 0.0, "VIOLATION_DEFENSIVE_KICK_BALL": 0.0}