{"ASSIST": 0.38095238095238093, "BLOCK": 0.0, "FG_ARC_3_ATTEMPT": 0.3333333333333333, "FG_ARC_3_BLOCK": 0.0, "FG_ARC_3_MADE": 0.5714285714285714, "FG_ARC_3_MADE_FOUL": 0.0, "FG_AT_RIM_ATTEMPT": 0.16, "FG_AT_RIM_BLOCK": 0.0, "FG_AT_RIM_MADE": 1.0, "FG_AT_RIM_MADE_FOUL": 0.0, "FG_CORNER_3_ATTEMPT": 0.0, "FG_CORNER_3_BLOCK": 0.0, "FG_CORNER_3_MADE": 0.0, "FG_CORNER_3_MADE_FOUL": 0.0, "FG_LONG_MID_RANGE_ATTEMPT": 0.25, "FG_LONG_MID_RANGE_BLOCK": 0.0, "FG_LONG_MID_RANGE_MADE": 0.0, "FG_LONG_MID_RANGE_MADE_FOUL": 0.0, "FG_SHORT_MID_RANGE_ATTEMPT": 0.2727272727272727, "FG_SHORT_MID_RANGE_BLOCK": 0.0, "FG_SHORT_MID_RANGE_MADE": 0.3333333333333333, "FG_SHORT_MID_RANGE_MADE_FOUL": 0.0, "FG_XY": {"ARC_3": {"20|272": 0.14285714285714285, "-33|243": 0.14285714285714285, "-207|141": 0.14285714285714285, "-137|208": 0.14285714285714285, "-88|235": 0.14285714285714285, "-15|257": 0.14285714285714285, "129|213": 0.14285714285714285}, "AT_RIM": {"10|9": 0.25, "-11|-4": 0.25, "31|16": 0.25, "17|21": 0.25}, "CORNER_3": {}, "LONG_MID_RANGE": {"105|143": 1.0}, "SHORT_MID_RANGE": {"-21|36": 0.3333333333333333, "36|48": 0.3333333333333333, "-28|134": 0.3333333333333333}}, "FOUL_AWAY_FROM_PLAY": 0.0, "FOULED_AWAY_FROM_PLAY": 0.0, "FOUL_CLEAR_PATH": 0.0, "FOULED_CLEAR_PATH": 0.0, "FOUL_COUNT_AS_PERSONAL": 0.25, "FOULED_COUNT_AS_PERSONAL": 0.0, "FOUL_COUNT_TOWARD_PENALTY": 0.25, "FOULED_COUNT_TOWARD_PENALTY": 0.0, "FOUL_DEFENSIVE_NON_SHOOTING": 0.3333333333333333, "FOULED_DEFENSIVE_NON_SHOOTING": 0.0, "FOUL_DOUBLE": 0.0, "FOUL_TECHNICAL_DOUBLE": 0.0, "FOUL_FLAGRANT": 0.0, "FOULED_FLAGRANT": 0.0, "FOUL_FLAGRANT_1": 0.0, "FOULED_FLAGRANT_1": 0.0, "FOUL_FLAGRANT_2": 0.0, "FOULED_FLAGRANT_2": 0.0, "FOUL_INBOUND": 0.0, "FOULED_INBOUND": 0.0, "FOUL_LOOSE_BALL": 0.0, "FOULED_LOOSE_BALL": 0.0, "FOUL_OFFENSIVE_CHARGE": 0.0, "FOULED_OFFENSIVE_CHARGE": 0.0, "FOUL_OFFENSIVE_OTHER": 0.0, "FOULED_OFFENSIVE_OTHER": 0.0, "FOUL_OFFENSIVE_TOTAL": 0.0, "FOULED_OFFENSIVE_TOTAL": 0.0, "FOUL_PERSONAL": 0.3333333333333333, "FOULED_PERSONAL": 0.0, "FOUL_PERSONAL_BLOCK": 0.0, "FOULED_PERSONAL_BLOCK": 0.0, "FOUL_PERSONAL_TAKE": 0.0, "FOULED_PERSONAL_TAKE": 0.0, "FOUL_SHOOTING": 0.16666666666666666, "FOULED_SHOOTING": 0.0, "FOUL_SHOOTING_BLOCK": 0.0, "FOULED_SHOOTING_BLOCK": 0.0, "FOUL_TECHNICAL": 0.0, "FT": 0.0, "REBOUND_DEFENSIVE": 0.08571428571428572, "REBOUND_OFFENSIVE": 0.024390243902439025, "STEAL": 0.3333333333333333, "SHOT_TYPE_ARC_3_OFFENSIVE": 0.3088235294117647, "SHOT_TYPE_ARC_3_DEFENSIVE": 0.24528301886792453, "SHOT_TYPE_AT_RIM_OFFENSIVE": 0.36764705882352944, "SHOT_TYPE_AT_RIM_DEFENSIVE": 0.2830188679245283, "SHOT_TYPE_CORNER_3_OFFENSIVE": 0.10294117647058823, "SHOT_TYPE_CORNER_3_DEFENSIVE": 0.09433962264150944, "SHOT_TYPE_LONG_MID_RANGE_OFFENSIVE": 0.058823529411764705, "SHOT_TYPE_LONG_MID_RANGE_DEFENSIVE": 0.11320754716981132, "SHOT_TYPE_SHORT_MID_RANGE_OFFENSIVE": 0.16176470588235295, "SHOT_TYPE_SHORT_MID_RANGE_DEFENSIVE": 0.2641509433962264, "TURNOVER": 0.0, "VIOLATION_DEFENSIVE_GOALTENDING": 0.0, "VIOLATION_DEFENSIVE_KICK_BALL": 0.0}