{"ASSIST": 0.3333333333333333, "BLOCK": 0.0, "FG_ARC_3_ATTEMPT": 0.18181818181818182, "FG_ARC_3_BLOCK": 0.0, "FG_ARC_3_MADE": 0.75, "FG_ARC_3_MADE_FOUL": 0.0, "FG_AT_RIM_ATTEMPT": 0.1791044776119403, "FG_AT_RIM_BLOCK": 0.0, "FG_AT_RIM_MADE": 0.5833333333333334, "FG_AT_RIM_MADE_FOUL": 0.0, "FG_CORNER_3_ATTEMPT": 0.26666666666666666, "FG_CORNER_3_BLOCK": 0.0, "FG_CORNER_3_MADE": 0.25, "FG_CORNER_3_MADE_FOUL": 0.0, "FG_LONG_MID_RANGE_ATTEMPT": 0.42857142857142855, "FG_LONG_MID_RANGE_BLOCK": 0.0, "FG_LONG_MID_RANGE_MADE": 0.0, "FG_LONG_MID_RANGE_MADE_FOUL": 0.0, "FG_SHORT_MID_RANGE_ATTEMPT": 0.5454545454545454, "FG_SHORT_MID_RANGE_BLOCK": 0.09090909090909091, "FG_SHORT_MID_RANGE_MADE": 0.3333333333333333, "FG_SHORT_MID_RANGE_MADE_FOUL": 0.0, "FG_XY": {"ARC_3": {"-141|215": 0.125, "-146|227": 0.125, "173|195": 0.125, "175|214": 0.125, "-147|209": 0.125, "110|234": 0.125, "-78|235": 0.125, "-26|270": 0.125}, "AT_RIM": {"-2|27": 0.08333333333333333, "-9|14": 0.08333333333333333, "7|21": 0.08333333333333333, "23|2": 0.08333333333333333, "0|17": 0.08333333333333333, "9|16": 0.08333333333333333, "16|2": 0.08333333333333333, "-17|16": 0.08333333333333333, "7|20": 0.08333333333333333, "10|8": 0.08333333333333333, "-1|8": 0.08333333333333333, "9|10": 0.08333333333333333}, "CORNER_3": {"223|80": 0.25, "-234|22": 0.25, "-239|28": 0.25, "227|30": 0.25}, "LONG_MID_RANGE": {"69|126": 0.3333333333333333, "-67|128": 0.3333333333333333, "66|127": 0.3333333333333333}, "SHORT_MID_RANGE": {"-80|82": 0.08333333333333333, "5|121": 0.08333333333333333, "12|90": 0.08333333333333333, "20|39": 0.08333333333333333, "17|36": 0.08333333333333333, "69|99": 0.08333333333333333, "4|85": 0.08333333333333333, "67|84": 0.08333333333333333, "88|51": 0.08333333333333333, "60|83": 0.08333333333333333, "-6|69": 0.08333333333333333, "-22|39": 0.08333333333333333}}, "FOUL_AWAY_FROM_PLAY": 0.0, "FOULED_AWAY_FROM_PLAY": 0.0, "FOUL_CLEAR_PATH": 0.0, "FOULED_CLEAR_PATH": 1.0, "FOUL_COUNT_AS_PERSONAL": 0.15625, "FOULED_COUNT_AS_PERSONAL": 0.16666666666666666, "FOUL_COUNT_TOWARD_PENALTY": 0.16666666666666666, "FOULED_COUNT_TOWARD_PENALTY": 0.16216216216216217, "FOUL_DEFENSIVE_NON_SHOOTING": 0.14285714285714285, "FOULED_DEFENSIVE_NON_SHOOTING": 0.2857142857142857, "FOUL_DOUBLE": 0.0, "FOUL_TECHNICAL_DOUBLE": 0.0, "FOUL_FLAGRANT": 0.0, "FOULED_FLAGRANT": 0.0, "FOUL_FLAGRANT_1": 0.0, "FOULED_FLAGRANT_1": 0.0, "FOUL_FLAGRANT_2": 0.0, "FOULED_FLAGRANT_2": 0.0, "FOUL_INBOUND": 0.0, "FOULED_INBOUND": 0.0, "FOUL_LOOSE_BALL": 0.0, "FOULED_LOOSE_BALL": 0.0, "FOUL_OFFENSIVE_CHARGE": 0.0, "FOULED_OFFENSIVE_CHARGE": 0.0, "FOUL_OFFENSIVE_OTHER": 0.0, "FOULED_OFFENSIVE_OTHER": 0.0, "FOUL_OFFENSIVE_TOTAL": 0.0, "FOULED_OFFENSIVE_TOTAL": 0.2, "FOUL_PERSONAL": 0.2, "FOULED_PERSONAL": 0.0, "FOUL_PERSONAL_BLOCK": 0.0, "FOULED_PERSONAL_BLOCK": 0.0, "FOUL_PERSONAL_TAKE": 0.0, "FOULED_PERSONAL_TAKE": 0.75, "FOUL_SHOOTING": 0.1875, "FOULED_SHOOTING": 0.08695652173913043, "FOUL_SHOOTING_BLOCK": 0.0, "FOULED_SHOOTING_BLOCK": 0.0, "FOUL_TECHNICAL": 0.0, "FT": 0.6666666666666666, "REBOUND_DEFENSIVE": 0.08163265306122448, "REBOUND_OFFENSIVE": 0.019801980198019802, "STEAL": 0.25, "SHOT_TYPE_ARC_3_OFFENSIVE": 0.2838709677419355, "SHOT_TYPE_ARC_3_DEFENSIVE": 0.3618421052631579, "SHOT_TYPE_AT_RIM_OFFENSIVE": 0.432258064516129, "SHOT_TYPE_AT_RIM_DEFENSIVE": 0.28289473684210525, "SHOT_TYPE_CORNER_3_OFFENSIVE": 0.0967741935483871, "SHOT_TYPE_CORNER_3_DEFENSIVE": 0.15789473684210525, "SHOT_TYPE_LONG_MID_RANGE_OFFENSIVE": 0.04516129032258064, "SHOT_TYPE_LONG_MID_RANGE_DEFENSIVE": 0.07894736842105263, "SHOT_TYPE_SHORT_MID_RANGE_OFFENSIVE": 0.14193548387096774, "SHOT_TYPE_SHORT_MID_RANGE_DEFENSIVE": 0.11842105263157894, "TURNOVER": 0.35, "VIOLATION_DEFENSIVE_GOALTENDING": 0.0, "VIOLATION_DEFENSIVE_KICK_BALL": 0.0}