{"ASSIST": 0.21818181818181817, "BLOCK": 0.0, "FG_ARC_3_ATTEMPT": 0.22727272727272727, "FG_ARC_3_BLOCK": 0.0, "FG_ARC_3_MADE": 0.3, "FG_ARC_3_MADE_FOUL": 0.0, "FG_AT_RIM_ATTEMPT": 0.1320754716981132, "FG_AT_RIM_BLOCK": 0.0, "FG_AT_RIM_MADE": 0.42857142857142855, "FG_AT_RIM_MADE_FOUL": 0.0, "FG_CORNER_3_ATTEMPT": 0.27586206896551724, "FG_CORNER_3_BLOCK": 0.0, "FG_CORNER_3_MADE": 0.125, "FG_CORNER_3_MADE_FOUL": 0.0, "FG_LONG_MID_RANGE_ATTEMPT": 0.045454545454545456, "FG_LONG_MID_RANGE_BLOCK": 0.0, "FG_LONG_MID_RANGE_MADE": 1.0, "FG_LONG_MID_RANGE_MADE_FOUL": 0.0, "FG_SHORT_MID_RANGE_ATTEMPT": 0.11267605633802817, "FG_SHORT_MID_RANGE_BLOCK": 0.028169014084507043, "FG_SHORT_MID_RANGE_MADE": 0.5, "FG_SHORT_MID_RANGE_MADE_FOUL": 0.0, "FG_XY": {"ARC_3": {"-203|140": 0.05, "-191|197": 0.05, "-92|238": 0.05, "-147|207": 0.05, "1|273": 0.05, "-189|169": 0.05, "201|151": 0.05, "-88|233": 0.05, "12|250": 0.05, "102|230": 0.05, "-158|215": 0.05, "137|227": 0.05, "-146|221": 0.05, "-159|194": 0.05, "47|255": 0.05, "-201|159": 0.05, "27|253": 0.05, "170|197": 0.05, "-142|223": 0.05, "29|256": 0.05}, "AT_RIM": {"26|4": 0.14285714285714285, "-23|9": 0.14285714285714285, "18|1": 0.14285714285714285, "27|5": 0.14285714285714285, "27|22": 0.14285714285714285, "25|24": 0.14285714285714285, "7|3": 0.14285714285714285}, "CORNER_3": {"232|0": 0.125, "-232|-6": 0.125, "-234|12": 0.125, "-234|68": 0.125, "-232|-7": 0.125, "-235|-4": 0.125, "-237|53": 0.125, "-234|8": 0.125}, "LONG_MID_RANGE": {"138|27": 1.0}, "SHORT_MID_RANGE": {"-33|99": 0.125, "60|36": 0.125, "10|83": 0.125, "53|82": 0.125, "-83|53": 0.125, "-28|33": 0.125, "32|45": 0.125, "37|27": 0.125}}, "FOUL_AWAY_FROM_PLAY": 0.0, "FOULED_AWAY_FROM_PLAY": 0.0, "FOUL_CLEAR_PATH": 0.0, "FOULED_CLEAR_PATH": 0.0, "FOUL_COUNT_AS_PERSONAL": 0.16326530612244897, "FOULED_COUNT_AS_PERSONAL": 0.2, "FOUL_COUNT_TOWARD_PENALTY": 0.1702127659574468, "FOULED_COUNT_TOWARD_PENALTY": 0.19047619047619047, "FOUL_DEFENSIVE_NON_SHOOTING": 0.18518518518518517, "FOULED_DEFENSIVE_NON_SHOOTING": 0.19047619047619047, "FOUL_DOUBLE": 0.0, "FOUL_TECHNICAL_DOUBLE": 0.0, "FOUL_FLAGRANT": 0.0, "FOULED_FLAGRANT": 0.0, "FOUL_FLAGRANT_1": 0.0, "FOULED_FLAGRANT_1": 0.0, "FOUL_FLAGRANT_2": 0.0, "FOULED_FLAGRANT_2": 0.0, "FOUL_INBOUND": 0.0, "FOULED_INBOUND": 0.0, "FOUL_LOOSE_BALL": 0.0, "FOULED_LOOSE_BALL": 0.0, "FOUL_OFFENSIVE_CHARGE": 0.0, "FOULED_OFFENSIVE_CHARGE": 0.0, "FOUL_OFFENSIVE_OTHER": 0.0, "FOULED_OFFENSIVE_OTHER": 0.0, "FOUL_OFFENSIVE_TOTAL": 0.0, "FOULED_OFFENSIVE_TOTAL": 0.3333333333333333, "FOUL_PERSONAL": 0.16666666666666666, "FOULED_PERSONAL": 0.13333333333333333, "FOUL_PERSONAL_BLOCK": 0.0, "FOULED_PERSONAL_BLOCK": 0.0, "FOUL_PERSONAL_TAKE": 0.2857142857142857, "FOULED_PERSONAL_TAKE": 1.0, "FOUL_SHOOTING": 0.15, "FOULED_SHOOTING": 0.19047619047619047, "FOUL_SHOOTING_BLOCK": 0.0, "FOULED_SHOOTING_BLOCK": 0.0, "FOUL_TECHNICAL": 0.0, "FT": 0.875, "REBOUND_DEFENSIVE": 0.0958904109589041, "REBOUND_OFFENSIVE": 0.025157232704402517, "STEAL": 0.10526315789473684, "SHOT_TYPE_ARC_3_OFFENSIVE": 0.33460076045627374, "SHOT_TYPE_ARC_3_DEFENSIVE": 0.31417624521072796, "SHOT_TYPE_AT_RIM_OFFENSIVE": 0.20152091254752852, "SHOT_TYPE_AT_RIM_DEFENSIVE": 0.23371647509578544, "SHOT_TYPE_CORNER_3_OFFENSIVE": 0.11026615969581749, "SHOT_TYPE_CORNER_3_DEFENSIVE": 0.16091954022988506, "SHOT_TYPE_LONG_MID_RANGE_OFFENSIVE": 0.08365019011406843, "SHOT_TYPE_LONG_MID_RANGE_DEFENSIVE": 0.07662835249042145, "SHOT_TYPE_SHORT_MID_RANGE_OFFENSIVE": 0.26996197718631176, "SHOT_TYPE_SHORT_MID_RANGE_DEFENSIVE": 0.21455938697318008, "TURNOVER": 0.275, "VIOLATION_DEFENSIVE_GOALTENDING": 0.0, "VIOLATION_DEFENSIVE_KICK_BALL": 0.0}