{"ASSIST": 0.10638297872340426, "BLOCK": 0.3333333333333333, "FG_ARC_3_ATTEMPT": 0.14285714285714285, "FG_ARC_3_BLOCK": 0.0, "FG_ARC_3_MADE": 0.3, "FG_ARC_3_MADE_FOUL": 0.0, "FG_AT_RIM_ATTEMPT": 0.3170731707317073, "FG_AT_RIM_BLOCK": 0.024390243902439025, "FG_AT_RIM_MADE": 0.6153846153846154, "FG_AT_RIM_MADE_FOUL": 0.0, "FG_CORNER_3_ATTEMPT": 0.20833333333333334, "FG_CORNER_3_BLOCK": 0.0, "FG_CORNER_3_MADE": 0.0, "FG_CORNER_3_MADE_FOUL": 0.0, "FG_LONG_MID_RANGE_ATTEMPT": 0.0, "FG_LONG_MID_RANGE_BLOCK": 0.0, "FG_LONG_MID_RANGE_MADE": 0.0, "FG_LONG_MID_RANGE_MADE_FOUL": 0.0, "FG_SHORT_MID_RANGE_ATTEMPT": 0.2222222222222222, "FG_SHORT_MID_RANGE_BLOCK": 0.05555555555555555, "FG_SHORT_MID_RANGE_MADE": 0.25, "FG_SHORT_MID_RANGE_MADE_FOUL": 0.0, "FG_XY": {"ARC_3": {"-185|172": 0.1, "-178|184": 0.1, "181|235": 0.1, "211|137": 0.1, "-20|269": 0.1, "-212|120": 0.1, "222|126": 0.1, "-224|121": 0.1, "-56|254": 0.1, "-153|218": 0.1}, "AT_RIM": {"-33|7": 0.07692307692307693, "28|25": 0.07692307692307693, "18|26": 0.07692307692307693, "-5|2": 0.07692307692307693, "18|30": 0.07692307692307693, "-17|13": 0.07692307692307693, "6|31": 0.15384615384615385, "0|0": 0.07692307692307693, "0|4": 0.07692307692307693, "10|15": 0.07692307692307693, "-9|4": 0.07692307692307693, "-17|0": 0.07692307692307693}, "CORNER_3": {"237|27": 0.2, "225|27": 0.2, "227|50": 0.2, "-237|8": 0.2, "230|3": 0.2}, "LONG_MID_RANGE": {}, "SHORT_MID_RANGE": {"99|-2": 0.125, "36|22": 0.125, "31|26": 0.125, "-1|57": 0.125, "0|51": 0.125, "40|31": 0.125, "-4|95": 0.125, "6|116": 0.125}}, "FOUL_AWAY_FROM_PLAY": 0.0, "FOULED_AWAY_FROM_PLAY": 0.0, "FOUL_CLEAR_PATH": 0.0, "FOULED_CLEAR_PATH": 0.0, "FOUL_COUNT_AS_PERSONAL": 0.37777777777777777, "FOULED_COUNT_AS_PERSONAL": 0.23076923076923078, "FOUL_COUNT_TOWARD_PENALTY": 0.3488372093023256, "FOULED_COUNT_TOWARD_PENALTY": 0.2647058823529412, "FOUL_DEFENSIVE_NON_SHOOTING": 0.30434782608695654, "FOULED_DEFENSIVE_NON_SHOOTING": 0.23076923076923078, "FOUL_DOUBLE": 0.0, "FOUL_TECHNICAL_DOUBLE": 0.0, "FOUL_FLAGRANT": 0.0, "FOULED_FLAGRANT": 0.0, "FOUL_FLAGRANT_1": 0.0, "FOULED_FLAGRANT_1": 0.0, "FOUL_FLAGRANT_2": 0.0, "FOULED_FLAGRANT_2": 0.0, "FOUL_INBOUND": 0.0, "FOULED_INBOUND": 0.0, "FOUL_LOOSE_BALL": 0.0, "FOULED_LOOSE_BALL": 1.0, "FOUL_OFFENSIVE_CHARGE": 0.0, "FOULED_OFFENSIVE_CHARGE": 0.0, "FOUL_OFFENSIVE_OTHER": 0.0, "FOULED_OFFENSIVE_OTHER": 0.0, "FOUL_OFFENSIVE_TOTAL": 1.0, "FOULED_OFFENSIVE_TOTAL": 0.0, "FOUL_PERSONAL": 0.3157894736842105, "FOULED_PERSONAL": 0.18181818181818182, "FOUL_PERSONAL_BLOCK": 0.0, "FOULED_PERSONAL_BLOCK": 0.0, "FOUL_PERSONAL_TAKE": 0.5, "FOULED_PERSONAL_TAKE": 0.0, "FOUL_SHOOTING": 0.4, "FOULED_SHOOTING": 0.2857142857142857, "FOUL_SHOOTING_BLOCK": 0.0, "FOULED_SHOOTING_BLOCK": 0.0, "FOUL_TECHNICAL": 0.0, "FT": 0.6153846153846154, "REBOUND_DEFENSIVE": 0.14678899082568808, "REBOUND_OFFENSIVE": 0.06930693069306931, "STEAL": 0.2222222222222222, "SHOT_TYPE_ARC_3_OFFENSIVE": 0.3977272727272727, "SHOT_TYPE_ARC_3_DEFENSIVE": 0.3241758241758242, "SHOT_TYPE_AT_RIM_OFFENSIVE": 0.23295454545454544, "SHOT_TYPE_AT_RIM_DEFENSIVE": 0.25274725274725274, "SHOT_TYPE_CORNER_3_OFFENSIVE": 0.13636363636363635, "SHOT_TYPE_CORNER_3_DEFENSIVE": 0.12087912087912088, "SHOT_TYPE_LONG_MID_RANGE_OFFENSIVE": 0.028409090909090908, "SHOT_TYPE_LONG_MID_RANGE_DEFENSIVE": 0.10989010989010989, "SHOT_TYPE_SHORT_MID_RANGE_OFFENSIVE": 0.20454545454545456, "SHOT_TYPE_SHORT_MID_RANGE_DEFENSIVE": 0.19230769230769232, "TURNOVER": 0.21621621621621623, "VIOLATION_DEFENSIVE_GOALTENDING": 0.0, "VIOLATION_DEFENSIVE_KICK_BALL": 0.5}