{"ASSIST": 0.4144486692015209, "BLOCK": 0.19298245614035087, "FG_ARC_3_ATTEMPT": 0.19940476190476192, "FG_ARC_3_BLOCK": 0.0, "FG_ARC_3_MADE": 0.43283582089552236, "FG_ARC_3_MADE_FOUL": 0.0, "FG_AT_RIM_ATTEMPT": 0.3032258064516129, "FG_AT_RIM_BLOCK": 0.025806451612903226, "FG_AT_RIM_MADE": 0.7021276595744681, "FG_AT_RIM_MADE_FOUL": 0.012903225806451613, "FG_CORNER_3_ATTEMPT": 0.26373626373626374, "FG_CORNER_3_BLOCK": 0.01098901098901099, "FG_CORNER_3_MADE": 0.625, "FG_CORNER_3_MADE_FOUL": 0.0, "FG_LONG_MID_RANGE_ATTEMPT": 0.3333333333333333, "FG_LONG_MID_RANGE_BLOCK": 0.0, "FG_LONG_MID_RANGE_MADE": 0.38095238095238093, "FG_LONG_MID_RANGE_MADE_FOUL": 0.0, "FG_SHORT_MID_RANGE_ATTEMPT": 0.3656387665198238, "FG_SHORT_MID_RANGE_BLOCK": 0.02643171806167401, "FG_SHORT_MID_RANGE_MADE": 0.5421686746987951, "FG_SHORT_MID_RANGE_MADE_FOUL": 0.013215859030837005, "FG_XY": {"ARC_3": {"121|231": 0.014925373134328358, "230|108": 0.014925373134328358, "-146|199": 0.014925373134328358, "-218|132": 0.014925373134328358, "-212|135": 0.014925373134328358, "162|197": 0.014925373134328358, "176|189": 0.014925373134328358, "-173|196": 0.014925373134328358, "94|246": 0.014925373134328358, "-118|227": 0.014925373134328358, "-183|227": 0.014925373134328358, "141|231": 0.014925373134328358, "-211|148": 0.014925373134328358, "-211|140": 0.014925373134328358, "229|88": 0.014925373134328358, "-194|151": 0.014925373134328358, "-217|126": 0.014925373134328358, "34|295": 0.014925373134328358, "207|171": 0.014925373134328358, "-56|257": 0.014925373134328358, "202|142": 0.014925373134328358, "159|201": 0.014925373134328358, "-152|204": 0.014925373134328358, "161|195": 0.014925373134328358, "-174|179": 0.014925373134328358, "-140|236": 0.014925373134328358, "-170|180": 0.014925373134328358, "-154|220": 0.014925373134328358, "169|191": 0.014925373134328358, "-191|201": 0.014925373134328358, "-211|137": 0.014925373134328358, "-76|240": 0.014925373134328358, "-168|243": 0.014925373134328358, "-156|222": 0.014925373134328358, "-159|222": 0.014925373134328358, "-190|152": 0.014925373134328358, "-179|177": 0.014925373134328358, "-9|245": 0.014925373134328358, "-212|126": 0.014925373134328358, "39|257": 0.014925373134328358, "0|247": 0.014925373134328358, "114|225": 0.014925373134328358, "210|147": 0.014925373134328358, "-147|225": 0.014925373134328358, "-190|175": 0.014925373134328358, "-190|167": 0.014925373134328358, "-9|251": 0.014925373134328358, "170|187": 0.014925373134328358, "-184|167": 0.014925373134328358, "-104|251": 0.014925373134328358, "168|216": 0.014925373134328358, "163|199": 0.014925373134328358, "-62|340": 0.014925373134328358, "129|230": 0.014925373134328358, "152|232": 0.014925373134328358, "44|256": 0.014925373134328358, "-75|252": 0.014925373134328358, "-189|189": 0.014925373134328358, "-172|205": 0.014925373134328358, "-142|235": 0.014925373134328358, "-195|196": 0.014925373134328358, "2|260": 0.014925373134328358, "-161|197": 0.014925373134328358, "113|237": 0.014925373134328358, "6|255": 0.014925373134328358, "211|148": 0.014925373134328358, "-164|201": 0.014925373134328358}, "AT_RIM": {"17|0": 0.010638297872340425, "-21|28": 0.010638297872340425, "-1|26": 0.02127659574468085, "-10|15": 0.010638297872340425, "-2|13": 0.010638297872340425, "-9|8": 0.010638297872340425, "22|26": 0.010638297872340425, "-18|8": 0.010638297872340425, "1|5": 0.010638297872340425, "-1|17": 0.010638297872340425, "1|38": 0.010638297872340425, "1|7": 0.010638297872340425, "13|4": 0.010638297872340425, "9|4": 0.010638297872340425, "18|14": 0.010638297872340425, "2|1": 0.010638297872340425, "18|4": 0.010638297872340425, "-9|-7": 0.010638297872340425, "-7|32": 0.010638297872340425, "-1|8": 0.010638297872340425, "13|5": 0.010638297872340425, "-10|11": 0.010638297872340425, "-1|10": 0.02127659574468085, "18|6": 0.010638297872340425, "-7|-6": 0.010638297872340425, "11|14": 0.010638297872340425, "11|17": 0.010638297872340425, "0|2": 0.010638297872340425, "25|25": 0.010638297872340425, "26|23": 0.010638297872340425, "0|24": 0.010638297872340425, "0|6": 0.010638297872340425, "-31|5": 0.010638297872340425, "17|16": 0.010638297872340425, "0|4": 0.010638297872340425, "0|16": 0.010638297872340425, "2|8": 0.010638297872340425, "11|30": 0.010638297872340425, "-31|22": 0.010638297872340425, "-21|26": 0.010638297872340425, "-26|-2": 0.010638297872340425, "9|0": 0.010638297872340425, "-20|-1": 0.010638297872340425, "0|0": 0.02127659574468085, "-1|-1": 0.010638297872340425, "25|6": 0.010638297872340425, "-17|13": 0.010638297872340425, "29|4": 0.010638297872340425, "5|31": 0.010638297872340425, "18|5": 0.010638297872340425, "0|11": 0.010638297872340425, "-23|-1": 0.010638297872340425, "5|8": 0.010638297872340425, "-22|29": 0.010638297872340425, "13|7": 0.010638297872340425, "2|26": 0.010638297872340425, "7|11": 0.010638297872340425, "-27|28": 0.010638297872340425, "-7|8": 0.010638297872340425, "13|15": 0.010638297872340425, "-18|15": 0.010638297872340425, "-21|-8": 0.010638297872340425, "-5|-4": 0.010638297872340425, "-12|-4": 0.010638297872340425, "-2|5": 0.010638297872340425, "-18|17": 0.010638297872340425, "20|22": 0.010638297872340425, "-1|4": 0.010638297872340425, "1|0": 0.010638297872340425, "-5|-10": 0.010638297872340425, "-4|-4": 0.010638297872340425, "5|19": 0.010638297872340425, "-27|26": 0.010638297872340425, "-29|-3": 0.010638297872340425, "-11|32": 0.010638297872340425, "-5|6": 0.010638297872340425, "12|16": 0.010638297872340425, "2|7": 0.010638297872340425, "-37|1": 0.010638297872340425, "5|14": 0.010638297872340425, "2|-5": 0.010638297872340425, "6|9": 0.010638297872340425, "5|1": 0.010638297872340425, "4|6": 0.010638297872340425, "-16|5": 0.010638297872340425, "10|6": 0.010638297872340425, "38|5": 0.010638297872340425, "5|16": 0.010638297872340425, "-15|27": 0.010638297872340425, "-2|7": 0.010638297872340425, "5|7": 0.010638297872340425}, "CORNER_3": {"-227|4": 0.041666666666666664, "227|-17": 0.041666666666666664, "235|62": 0.041666666666666664, "-224|74": 0.041666666666666664, "-232|7": 0.041666666666666664, "-229|34": 0.041666666666666664, "227|15": 0.041666666666666664, "-227|19": 0.041666666666666664, "-240|14": 0.041666666666666664, "-225|-1": 0.041666666666666664, "-229|43": 0.041666666666666664, "228|30": 0.041666666666666664, "-229|80": 0.041666666666666664, "-233|67": 0.041666666666666664, "227|19": 0.041666666666666664, "-227|-14": 0.041666666666666664, "229|42": 0.041666666666666664, "-238|4": 0.041666666666666664, "241|37": 0.041666666666666664, "237|55": 0.041666666666666664, "-233|20": 0.041666666666666664, "230|85": 0.041666666666666664, "-233|-3": 0.041666666666666664, "229|6": 0.041666666666666664}, "LONG_MID_RANGE": {"-71|188": 0.047619047619047616, "-200|115": 0.047619047619047616, "12|227": 0.047619047619047616, "27|232": 0.047619047619047616, "59|134": 0.047619047619047616, "-169|89": 0.047619047619047616, "17|151": 0.047619047619047616, "93|141": 0.047619047619047616, "40|192": 0.047619047619047616, "15|160": 0.047619047619047616, "67|218": 0.047619047619047616, "-23|196": 0.047619047619047616, "-22|216": 0.047619047619047616, "13|156": 0.047619047619047616, "-191|74": 0.047619047619047616, "-105|195": 0.047619047619047616, "109|158": 0.047619047619047616, "-25|182": 0.047619047619047616, "-148|138": 0.047619047619047616, "40|164": 0.047619047619047616, "-121|196": 0.047619047619047616}, "SHORT_MID_RANGE": {"-23|98": 0.012048192771084338, "100|78": 0.012048192771084338, "-1|125": 0.012048192771084338, "-5|133": 0.012048192771084338, "32|109": 0.012048192771084338, "21|34": 0.012048192771084338, "45|9": 0.012048192771084338, "-26|55": 0.012048192771084338, "36|42": 0.012048192771084338, "119|26": 0.012048192771084338, "17|43": 0.012048192771084338, "83|65": 0.012048192771084338, "54|85": 0.012048192771084338, "-47|22": 0.012048192771084338, "-4|68": 0.012048192771084338, "-7|71": 0.012048192771084338, "-109|73": 0.012048192771084338, "-49|33": 0.012048192771084338,