{"ASSIST": 0.29045643153526973, "BLOCK": 0.15517241379310345, "FG_ARC_3_ATTEMPT": 0.3196480938416422, "FG_ARC_3_BLOCK": 0.002932551319648094, "FG_ARC_3_MADE": 0.3669724770642202, "FG_ARC_3_MADE_FOUL": 0.0, "FG_AT_RIM_ATTEMPT": 0.26058631921824105, "FG_AT_RIM_BLOCK": 0.03908794788273615, "FG_AT_RIM_MADE": 0.5625, "FG_AT_RIM_MADE_FOUL": 0.016286644951140065, "FG_CORNER_3_ATTEMPT": 0.16666666666666666, "FG_CORNER_3_BLOCK": 0.0, "FG_CORNER_3_MADE": 0.4166666666666667, "FG_CORNER_3_MADE_FOUL": 0.0, "FG_LONG_MID_RANGE_ATTEMPT": 0.26666666666666666, "FG_LONG_MID_RANGE_BLOCK": 0.011111111111111112, "FG_LONG_MID_RANGE_MADE": 0.25, "FG_LONG_MID_RANGE_MADE_FOUL": 0.0, "FG_SHORT_MID_RANGE_ATTEMPT": 0.2548076923076923, "FG_SHORT_MID_RANGE_BLOCK": 0.04807692307692308, "FG_SHORT_MID_RANGE_MADE": 0.37735849056603776, "FG_SHORT_MID_RANGE_MADE_FOUL": 0.014423076923076924, "FG_XY": {"ARC_3": {"-92|227": 0.009174311926605505, "-116|209": 0.009174311926605505, "80|245": 0.009174311926605505, "-158|256": 0.009174311926605505, "157|197": 0.009174311926605505, "-115|238": 0.009174311926605505, "48|252": 0.009174311926605505, "99|242": 0.009174311926605505, "-113|220": 0.009174311926605505, "-197|178": 0.009174311926605505, "116|243": 0.009174311926605505, "184|174": 0.009174311926605505, "191|162": 0.009174311926605505, "-202|160": 0.009174311926605505, "150|207": 0.009174311926605505, "208|138": 0.009174311926605505, "205|170": 0.009174311926605505, "-207|158": 0.009174311926605505, "151|226": 0.009174311926605505, "37|251": 0.009174311926605505, "-25|247": 0.009174311926605505, "27|261": 0.009174311926605505, "34|284": 0.009174311926605505, "108|241": 0.009174311926605505, "7|270": 0.009174311926605505, "70|264": 0.009174311926605505, "39|255": 0.009174311926605505, "53|256": 0.009174311926605505, "76|251": 0.009174311926605505, "129|214": 0.009174311926605505, "-31|260": 0.009174311926605505, "65|258": 0.009174311926605505, "-81|268": 0.009174311926605505, "191|160": 0.009174311926605505, "93|233": 0.009174311926605505, "-170|274": 0.009174311926605505, "-45|265": 0.009174311926605505, "190|209": 0.009174311926605505, "124|279": 0.009174311926605505, "-197|168": 0.009174311926605505, "-135|236": 0.009174311926605505, "89|242": 0.009174311926605505, "29|258": 0.009174311926605505, "-135|229": 0.009174311926605505, "-143|218": 0.009174311926605505, "156|204": 0.009174311926605505, "93|243": 0.009174311926605505, "170|268": 0.009174311926605505, "72|240": 0.009174311926605505, "-74|240": 0.009174311926605505, "-145|201": 0.009174311926605505, "-170|197": 0.009174311926605505, "26|251": 0.009174311926605505, "25|251": 0.009174311926605505, "-121|238": 0.009174311926605505, "-80|252": 0.009174311926605505, "-27|265": 0.009174311926605505, "168|199": 0.009174311926605505, "0|245": 0.009174311926605505, "-154|224": 0.009174311926605505, "143|195": 0.009174311926605505, "-156|180": 0.009174311926605505, "64|264": 0.009174311926605505, "114|252": 0.009174311926605505, "-178|220": 0.009174311926605505, "-36|283": 0.009174311926605505, "-34|275": 0.009174311926605505, "-51|250": 0.009174311926605505, "-197|155": 0.009174311926605505, "-77|239": 0.009174311926605505, "-27|256": 0.009174311926605505, "138|229": 0.009174311926605505, "191|180": 0.009174311926605505, "53|257": 0.009174311926605505, "66|237": 0.009174311926605505, "-179|181": 0.009174311926605505, "80|241": 0.009174311926605505, "43|257": 0.009174311926605505, "48|253": 0.009174311926605505, "154|209": 0.009174311926605505, "165|193": 0.009174311926605505, "-143|260": 0.009174311926605505, "152|230": 0.009174311926605505, "-192|150": 0.009174311926605505, "-66|245": 0.009174311926605505, "112|264": 0.009174311926605505, "-127|226": 0.009174311926605505, "6|263": 0.009174311926605505, "228|141": 0.009174311926605505, "148|232": 0.009174311926605505, "119|239": 0.009174311926605505, "-126|231": 0.009174311926605505, "-162|230": 0.009174311926605505, "-113|242": 0.009174311926605505, "151|216": 0.009174311926605505, "-188|184": 0.009174311926605505, "42|267": 0.009174311926605505, "-184|201": 0.009174311926605505, "-135|201": 0.009174311926605505, "225|91": 0.009174311926605505, "9|275": 0.009174311926605505, "-146|220": 0.009174311926605505, "100|236": 0.009174311926605505, "-208|158": 0.009174311926605505, "102|244": 0.009174311926605505, "-137|285": 0.009174311926605505, "175|190": 0.009174311926605505, "-110|227": 0.009174311926605505, "-78|311": 0.009174311926605505}, "AT_RIM": {"2|25": 0.0125, "-17|1": 0.0125, "9|13": 0.0125, "-23|10": 0.0125, "22|16": 0.0125, "-36|13": 0.0125, "0|12": 0.0125, "1|7": 0.0125, "1|5": 0.0125, "-16|1": 0.0125, "-7|15": 0.0125, "22|32": 0.0125, "-20|13": 0.0125, "-23|12": 0.0125, "-7|4": 0.0125, "-18|3": 0.0125, "-1|16": 0.0125, "-12|19": 0.0125, "27|14": 0.0125, "-25|4": 0.0125, "17|5": 0.0125, "-25|8": 0.0125, "-22|1": 0.0125, "5|37": 0.0125, "11|4": 0.0125, "-6|1": 0.0125, "-2|18": 0.0125, "-6|10": 0.0125, "0|0": 0.0125, "-22|11": 0.0125, "1|3": 0.0125, "18|13": 0.0125, "-7|22": 0.0125, "-18|22": 0.0125, "33|16": 0.0125, "29|15": 0.0125, "-17|22": 0.0125, "-27|22": 0.0125, "-15|24": 0.0125, "7|-2": 0.0125, "10|0": 0.0125, "-20|29": 0.0125, "17|-1": 0.0125, "-21|23": 0.0125, "-27|9": 0.0125, "-2|6": 0.0125, "-15|0": 0.0125, "1|4": 0.0125, "22|9": 0.0125, "-12|15": 0.0125, "7|16": 0.0125, "15|27": 0.0125, "12|11": 0.0125, "-1|22": 0.0125, "-4|33": 0.0125, "36|12": 0.0125, "-7|26": 0.0125, "27|17": 0.0125, "-31|18": 0.0125, "-2|8": 0.025, "-2|19": 0.0125, "-4|6": 0.0125, "28|12": 0.0125, "-11|9": 0.0125, "-1|24": 0.0125, "-9|22": 0.0125, "5|8": 0.0125, "-11|21": 0.0125, "15|23": 0.0125, "23|22": 0.0125, "-26|23": 0.0125, "-10|23": 0.0125, "12|22": 0.0125, "1|11": 0.0125, "5|17": 0.0125, "-5|2": 0.0125, "2|10": 0.0125, "-2|-4": 0.0125, "6|11": 0.0125}, "CORNER_3": {"-237|-1": 0.08333333333333333, "-227|-46": 0.08333333333333333, "238|77": 0.08333333333333333, "-232|29": 0.08333333333333333, "-243|65": 0.08333333333333333, "228|68": 0.08333333333333333, "-227|-6": 0.08333333333333333, "-237|10": 0.08333333333333333, "-224|17": 0.08333333333333333, "-230|17": 0.08333333333333333, "-233|7": 0.08333333333333333, "223|68": 0.08333333333333333}, "LONG_MID_RANGE": {"154|4": 0.041666666666666664, "-44|186": 0.041666666666666664, "104|130": 0.041666666666666664, "83|152": 0.041666666666666664, "-104|120": 0.041666666666666664, "16|158": 0.041666666666666664, "110|155": 0.041666666666666664, "6|222": 0.041666666666666664, "-89|127": 0.041666666666666664, "-164|62": 0.041666666666666664, "-148|2": 0.041666666666666664, "4|146": 0.041666666666666664, "-2|200": 0.041666666666666664, "62|163": 0.041666666666666664, "-97|141": 0.041666666666666664, "-99|139": 0.041666666666666664, "64|178": 0.041666666666666664, "-130|85": 0.041666666666666664, "135|171": 0.041666666666666664, "53|194": 0.041666666666666664, "81|138": 0.041666666666666664, "85|162": 0.041666666666666664, "22|221": 0.041666666666666664, "-55|155": 0.041666666666666664}, "SHORT_MID_RANGE": {"62|122": 0.018867924528301886, "-93|30": 0.018867924528301886, "4|48": 0.018867924528301886, "-42|50": 0.018867924528301886, "32|37": 0.018867924528301886, "-39|58": 0.018867924528301886, "-2|134": 0.018867924528301886, "-50|52": 0.018867924528301886, "35|45": 0.018867924528301886, "7|97": 0.018867924528301886, "-13|38": 0.018867924528301886, "-28|134": 0.018867924528301886, "38|39": 0.018867924528301886, "-44|44": 0.018867924528301886, "17|50": 0.018867924528301886, "2|52": 0.018867924528301886, "5|47": 0.018867924528301886, "-76|11": 0.018867924528301886, "-20|74": 0.018867924528301886, "-31|73": 0.018867924528301886, "-41|65": 0.018867924528301886, "-36|58": 0.018867924528301886, "-26|58": 0.018867924528301886, "86|78": 0.018867924528301886, "-32|34": 0.018867924528301886, "69|27": 0.018867924528301886, "-40|41": 0.018867924528301886, "5|48": 0.018867924528301886, "-71|48": 0.018867924528301886, "135|0": 0.018867924528301886,