{"ASSIST": 0.15300546448087432, "BLOCK": 0.2222222222222222, "FG_ARC_3_ATTEMPT": 0.0979381443298969, "FG_ARC_3_BLOCK": 0.0, "FG_ARC_3_MADE": 0.5263157894736842, "FG_ARC_3_MADE_FOUL": 0.0, "FG_AT_RIM_ATTEMPT": 0.23829787234042554, "FG_AT_RIM_BLOCK": 0.0425531914893617, "FG_AT_RIM_MADE": 0.4107142857142857, "FG_AT_RIM_MADE_FOUL": 0.01702127659574468, "FG_CORNER_3_ATTEMPT": 0.11666666666666667, "FG_CORNER_3_BLOCK": 0.0, "FG_CORNER_3_MADE": 0.2857142857142857, "FG_CORNER_3_MADE_FOUL": 0.0, "FG_LONG_MID_RANGE_ATTEMPT": 0.1111111111111111, "FG_LONG_MID_RANGE_BLOCK": 0.009259259259259259, "FG_LONG_MID_RANGE_MADE": 0.4166666666666667, "FG_LONG_MID_RANGE_MADE_FOUL": 0.0, "FG_SHORT_MID_RANGE_ATTEMPT": 0.20588235294117646, "FG_SHORT_MID_RANGE_BLOCK": 0.04411764705882353, "FG_SHORT_MID_RANGE_MADE": 0.19047619047619047, "FG_SHORT_MID_RANGE_MADE_FOUL": 0.0, "FG_XY": {"ARC_3": {"45|269": 0.05263157894736842, "-107|246": 0.05263157894736842, "98|231": 0.05263157894736842, "181|173": 0.05263157894736842, "-55|260": 0.05263157894736842, "207|151": 0.05263157894736842, "-165|213": 0.05263157894736842, "-118|262": 0.05263157894736842, "-153|206": 0.05263157894736842, "234|90": 0.05263157894736842, "-88|225": 0.05263157894736842, "11|269": 0.05263157894736842, "-143|230": 0.05263157894736842, "211|115": 0.05263157894736842, "131|227": 0.05263157894736842, "18|258": 0.05263157894736842, "192|151": 0.05263157894736842, "141|245": 0.05263157894736842, "-186|186": 0.05263157894736842}, "AT_RIM": {"-17|13": 0.017857142857142856, "10|-3": 0.017857142857142856, "5|0": 0.017857142857142856, "-5|7": 0.017857142857142856, "0|0": 0.10714285714285714, "-5|-6": 0.017857142857142856, "-18|5": 0.017857142857142856, "13|19": 0.017857142857142856, "1|18": 0.017857142857142856, "-7|16": 0.017857142857142856, "33|1": 0.017857142857142856, "-18|-2": 0.017857142857142856, "9|31": 0.017857142857142856, "11|0": 0.017857142857142856, "-1|5": 0.017857142857142856, "0|4": 0.017857142857142856, "1|-1": 0.017857142857142856, "10|-1": 0.017857142857142856, "15|2": 0.017857142857142856, "18|14": 0.017857142857142856, "13|20": 0.017857142857142856, "-4|26": 0.017857142857142856, "12|4": 0.017857142857142856, "-18|19": 0.017857142857142856, "-26|4": 0.017857142857142856, "2|27": 0.017857142857142856, "1|13": 0.017857142857142856, "13|10": 0.017857142857142856, "0|23": 0.017857142857142856, "-1|2": 0.017857142857142856, "26|26": 0.017857142857142856, "-12|13": 0.017857142857142856, "4|37": 0.017857142857142856, "31|15": 0.017857142857142856, "-10|1": 0.017857142857142856, "-7|4": 0.017857142857142856, "12|21": 0.017857142857142856, "10|15": 0.017857142857142856, "-26|15": 0.017857142857142856, "0|2": 0.017857142857142856, "-21|14": 0.017857142857142856, "-21|30": 0.017857142857142856, "-31|12": 0.017857142857142856, "20|4": 0.017857142857142856, "-16|4": 0.017857142857142856, "-27|8": 0.017857142857142856, "-10|13": 0.017857142857142856, "-10|11": 0.017857142857142856, "1|5": 0.017857142857142856, "2|14": 0.017857142857142856, "1|15": 0.017857142857142856}, "CORNER_3": {"-223|10": 0.14285714285714285, "-240|31": 0.14285714285714285, "-230|26": 0.14285714285714285, "233|22": 0.14285714285714285, "222|42": 0.14285714285714285, "227|57": 0.14285714285714285, "-232|67": 0.14285714285714285}, "LONG_MID_RANGE": {"105|168": 0.08333333333333333, "-49|186": 0.08333333333333333, "172|-11": 0.08333333333333333, "4|155": 0.08333333333333333, "-161|27": 0.08333333333333333, "-104|141": 0.08333333333333333, "-169|5": 0.08333333333333333, "-127|146": 0.08333333333333333, "-143|122": 0.08333333333333333, "197|75": 0.08333333333333333, "82|163": 0.08333333333333333, "4|142": 0.08333333333333333}, "SHORT_MID_RANGE": {"39|16": 0.023809523809523808, "37|50": 0.047619047619047616, "51|30": 0.023809523809523808, "-38|17": 0.023809523809523808, "-28|35": 0.023809523809523808, "-27|33": 0.023809523809523808, "31|55": 0.023809523809523808, "38|38": 0.023809523809523808, "-47|41": 0.023809523809523808, "51|14": 0.023809523809523808, "0|57": 0.023809523809523808, "39|13": 0.023809523809523808, "123|15": 0.023809523809523808, "-91|32": 0.023809523809523808, "50|15": 0.023809523809523808, "29|43": 0.023809523809523808, "43|41": 0.023809523809523808, "43|28": 0.023809523809523808, "27|30": 0.023809523809523808, "60|62": 0.023809523809523808, "-67|40": 0.023809523809523808, "-76|50": 0.023809523809523808, "-33|92": 0.023809523809523808, "33|129": 0.023809523809523808, "-70|41": 0.023809523809523808, "45|101": 0.023809523809523808, "-121|40": 0.023809523809523808, "96|-8": 0.023809523809523808, "-47|12": 0.023809523809523808, "-29|65": 0.023809523809523808, "-32|66": 0.023809523809523808, "12|122": 0.023809523809523808, "-23|92": 0.023809523809523808, "-99|27": 0.023809523809523808, "-48|31": 0.023809523809523808, "18|99": 0.023809523809523808, "-44|28": 0.023809523809523808, "89|52": 0.023809523809523808, "61|51": 0.023809523809523808, "88|78": 0.023809523809523808, "-42|49": 0.023809523809523808}}, "FOUL_AWAY_FROM_PLAY": 0.0, "FOULED_AWAY_FROM_PLAY": 0.0, "FOUL_CLEAR_PATH": 0.0, "FOULED_CLEAR_PATH": 0.0, "FOUL_COUNT_AS_PERSONAL": 0.23780487804878048, "FOULED_COUNT_AS_PERSONAL": 0.14, "FOUL_COUNT_TOWARD_PENALTY": 0.23178807947019867, "FOULED_COUNT_TOWARD_PENALTY": 0.14482758620689656, "FOUL_DEFENSIVE_NON_SHOOTING": 0.22727272727272727, "FOULED_DEFENSIVE_NON_SHOOTING": 0.07692307692307693, "FOUL_DOUBLE": 0.0, "FOUL_TECHNICAL_DOUBLE": 0.0, "FOUL_FLAGRANT": 1.0, "FOULED_FLAGRANT": 0.0, "FOUL_FLAGRANT_1": 1.0, "FOULED_FLAGRANT_1": 0.0, "FOUL_FLAGRANT_2": 0.0, "FOULED_FLAGRANT_2": 0.0, "FOUL_INBOUND": 0.0, "FOULED_INBOUND": 0.0, "FOUL_LOOSE_BALL": 0.0, "FOULED_LOOSE_BALL": 0.15384615384615385, "FOUL_OFFENSIVE_CHARGE": 0.5, "FOULED_OFFENSIVE_CHARGE": 0.0, "FOUL_OFFENSIVE_OTHER": 0.0, "FOULED_OFFENSIVE_OTHER": 0.0, "FOUL_OFFENSIVE_TOTAL": 0.3076923076923077, "FOULED_OFFENSIVE_TOTAL": 0.0, "FOUL_PERSONAL": 0.1702127659574468, "FOULED_PERSONAL": 0.023809523809523808, "FOUL_PERSONAL_BLOCK": 0.0, "FOULED_PERSONAL_BLOCK": 0.0, "FOUL_PERSONAL_TAKE": 0.0, "FOULED_PERSONAL_TAKE": 0.2, "FOUL_SHOOTING": 0.23809523809523808, "FOULED_SHOOTING": 0.2, "FOUL_SHOOTING_BLOCK": 0.0, "FOULED_SHOOTING_BLOCK": 0.0, "FOUL_TECHNICAL": 0.0, "FT": 0.5517241379310345, "REBOUND_DEFENSIVE": 0.23665893271461716, "REBOUND_OFFENSIVE": 0.07743362831858407, "STEAL": 0.1125, "SHOT_TYPE_ARC_3_OFFENSIVE": 0.2421972534332085, "SHOT_TYPE_ARC_3_DEFENSIVE": 0.2735723771580345, "SHOT_TYPE_AT_RIM_OFFENSIVE": 0.2933832709113608, "SHOT_TYPE_AT_RIM_DEFENSIVE": 0.28950863213811423, "SHOT_TYPE_CORNER_3_OFFENSIVE": 0.0749063670411985, "SHOT_TYPE_CORNER_3_DEFENSIVE": 0.13678618857901725, "SHOT_TYPE_LONG_MID_RANGE_OFFENSIVE": 0.1348314606741573, "SHOT_TYPE_LONG_MID_RANGE_DEFENSIVE": 0.08897742363877822, "SHOT_TYPE_SHORT_MID_RANGE_OFFENSIVE": 0.2546816479400749, "SHOT_TYPE_SHORT_MID_RANGE_DEFENSIVE": 0.21115537848605578, "TURNOVER": 0.15454545454545454, "VIOLATION_DEFENSIVE_GOALTENDING": 1.0, "VIOLATION_DEFENSIVE_KICK_BALL": 0.5}