{"ASSIST": 0.05, "BLOCK": 0.3333333333333333, "FG_ARC_3_ATTEMPT": 0.1728395061728395, "FG_ARC_3_BLOCK": 0.0, "FG_ARC_3_MADE": 0.14285714285714285, "FG_ARC_3_MADE_FOUL": 0.0, "FG_AT_RIM_ATTEMPT": 0.18666666666666668, "FG_AT_RIM_BLOCK": 0.04, "FG_AT_RIM_MADE": 0.5714285714285714, "FG_AT_RIM_MADE_FOUL": 0.0, "FG_CORNER_3_ATTEMPT": 0.15384615384615385, "FG_CORNER_3_BLOCK": 0.0, "FG_CORNER_3_MADE": 0.5, "FG_CORNER_3_MADE_FOUL": 0.0, "FG_LONG_MID_RANGE_ATTEMPT": 0.2692307692307692, "FG_LONG_MID_RANGE_BLOCK": 0.0, "FG_LONG_MID_RANGE_MADE": 0.5714285714285714, "FG_LONG_MID_RANGE_MADE_FOUL": 0.0, "FG_SHORT_MID_RANGE_ATTEMPT": 0.3111111111111111, "FG_SHORT_MID_RANGE_BLOCK": 0.08888888888888889, "FG_SHORT_MID_RANGE_MADE": 0.21428571428571427, "FG_SHORT_MID_RANGE_MADE_FOUL": 0.0, "FG_XY": {"ARC_3": {"-176|177": 0.07142857142857142, "-188|207": 0.07142857142857142, "-232|105": 0.07142857142857142, "-181|183": 0.07142857142857142, "-20|252": 0.07142857142857142, "-135|208": 0.07142857142857142, "132|216": 0.07142857142857142, "-48|291": 0.07142857142857142, "-165|190": 0.07142857142857142, "-113|231": 0.07142857142857142, "-196|156": 0.07142857142857142, "12|261": 0.07142857142857142, "-195|161": 0.07142857142857142, "-195|151": 0.07142857142857142}, "AT_RIM": {"-10|27": 0.07142857142857142, "0|32": 0.07142857142857142, "0|1": 0.07142857142857142, "-13|5": 0.07142857142857142, "18|1": 0.07142857142857142, "-21|27": 0.07142857142857142, "-11|7": 0.07142857142857142, "13|28": 0.07142857142857142, "5|13": 0.07142857142857142, "21|-4": 0.07142857142857142, "17|32": 0.07142857142857142, "16|1": 0.07142857142857142, "22|4": 0.07142857142857142, "16|31": 0.07142857142857142}, "CORNER_3": {"232|10": 0.5, "-222|5": 0.5}, "LONG_MID_RANGE": {"-157|170": 0.14285714285714285, "-77|210": 0.14285714285714285, "21|197": 0.14285714285714285, "-31|233": 0.14285714285714285, "127|141": 0.14285714285714285, "167|19": 0.14285714285714285, "66|197": 0.14285714285714285}, "SHORT_MID_RANGE": {"18|111": 0.07142857142857142, "58|0": 0.07142857142857142, "82|94": 0.07142857142857142, "44|96": 0.07142857142857142, "72|69": 0.07142857142857142, "-2|56": 0.07142857142857142, "-56|124": 0.07142857142857142, "-76|37": 0.07142857142857142, "-47|46": 0.07142857142857142, "-64|45": 0.07142857142857142, "-59|24": 0.07142857142857142, "36|34": 0.07142857142857142, "-10|84": 0.07142857142857142, "75|22": 0.07142857142857142}}, "FOUL_AWAY_FROM_PLAY": 0.0, "FOULED_AWAY_FROM_PLAY": 0.0, "FOUL_CLEAR_PATH": 0.0, "FOULED_CLEAR_PATH": 0.0, "FOUL_COUNT_AS_PERSONAL": 0.2909090909090909, "FOULED_COUNT_AS_PERSONAL": 0.14634146341463414, "FOUL_COUNT_TOWARD_PENALTY": 0.3333333333333333, "FOULED_COUNT_TOWARD_PENALTY": 0.16666666666666666, "FOUL_DEFENSIVE_NON_SHOOTING": 0.36, "FOULED_DEFENSIVE_NON_SHOOTING": 0.11764705882352941, "FOUL_DOUBLE": 0.0, "FOUL_TECHNICAL_DOUBLE": 0.0, "FOUL_FLAGRANT": 0.0, "FOULED_FLAGRANT": 0.0, "FOUL_FLAGRANT_1": 0.0, "FOULED_FLAGRANT_1": 0.0, "FOUL_FLAGRANT_2": 0.0, "FOULED_FLAGRANT_2": 0.0, "FOUL_INBOUND": 0.0, "FOULED_INBOUND": 0.0, "FOUL_LOOSE_BALL": 0.0, "FOULED_LOOSE_BALL": 0.0, "FOUL_OFFENSIVE_CHARGE": 0.0, "FOULED_OFFENSIVE_CHARGE": 0.0, "FOUL_OFFENSIVE_OTHER": 0.0, "FOULED_OFFENSIVE_OTHER": 0.0, "FOUL_OFFENSIVE_TOTAL": 0.0, "FOULED_OFFENSIVE_TOTAL": 0.0, "FOUL_PERSONAL": 0.42105263157894735, "FOULED_PERSONAL": 0.18181818181818182, "FOUL_PERSONAL_BLOCK": 0.0, "FOULED_PERSONAL_BLOCK": 0.0, "FOUL_PERSONAL_TAKE": 0.25, "FOULED_PERSONAL_TAKE": 0.0, "FOUL_SHOOTING": 0.30434782608695654, "FOULED_SHOOTING": 0.21052631578947367, "FOUL_SHOOTING_BLOCK": 0.0, "FOULED_SHOOTING_BLOCK": 0.0, "FOUL_TECHNICAL": 0.0, "FT": 0.5, "REBOUND_DEFENSIVE": 0.0703125, "REBOUND_OFFENSIVE": 0.03896103896103896, "STEAL": 0.29411764705882354, "SHOT_TYPE_ARC_3_OFFENSIVE": 0.3375, "SHOT_TYPE_ARC_3_DEFENSIVE": 0.27927927927927926, "SHOT_TYPE_AT_RIM_OFFENSIVE": 0.3125, "SHOT_TYPE_AT_RIM_DEFENSIVE": 0.2972972972972973, "SHOT_TYPE_CORNER_3_OFFENSIVE": 0.05416666666666667, "SHOT_TYPE_CORNER_3_DEFENSIVE": 0.13513513513513514, "SHOT_TYPE_LONG_MID_RANGE_OFFENSIVE": 0.10833333333333334, "SHOT_TYPE_LONG_MID_RANGE_DEFENSIVE": 0.07657657657657657, "SHOT_TYPE_SHORT_MID_RANGE_OFFENSIVE": 0.1875, "SHOT_TYPE_SHORT_MID_RANGE_DEFENSIVE": 0.21171171171171171, "TURNOVER": 0.125, "VIOLATION_DEFENSIVE_GOALTENDING": 0.0, "VIOLATION_DEFENSIVE_KICK_BALL": 0.0}