{"ASSIST": 0.42105263157894735, "BLOCK": 0.1095890410958904, "FG_ARC_3_ATTEMPT": 0.3783783783783784, "FG_ARC_3_BLOCK": 0.0, "FG_ARC_3_MADE": 0.474025974025974, "FG_ARC_3_MADE_FOUL": 0.0, "FG_AT_RIM_ATTEMPT": 0.3525773195876289, "FG_AT_RIM_BLOCK": 0.010309278350515464, "FG_AT_RIM_MADE": 0.7309941520467836, "FG_AT_RIM_MADE_FOUL": 0.026804123711340205, "FG_CORNER_3_ATTEMPT": 0.19375, "FG_CORNER_3_BLOCK": 0.0, "FG_CORNER_3_MADE": 0.4838709677419355, "FG_CORNER_3_MADE_FOUL": 0.0, "FG_LONG_MID_RANGE_ATTEMPT": 0.3763440860215054, "FG_LONG_MID_RANGE_BLOCK": 0.010752688172043012, "FG_LONG_MID_RANGE_MADE": 0.42857142857142855, "FG_LONG_MID_RANGE_MADE_FOUL": 0.0, "FG_SHORT_MID_RANGE_ATTEMPT": 0.36678200692041524, "FG_SHORT_MID_RANGE_BLOCK": 0.04152249134948097, "FG_SHORT_MID_RANGE_MADE": 0.44339622641509435, "FG_SHORT_MID_RANGE_MADE_FOUL": 0.006920415224913495, "FG_XY": {"ARC_3": {"-70|256": 0.006493506493506494, "36|253": 0.012987012987012988, "-99|232": 0.006493506493506494, "75|269": 0.006493506493506494, "-179|176": 0.006493506493506494, "-75|272": 0.006493506493506494, "104|316": 0.006493506493506494, "135|233": 0.006493506493506494, "28|268": 0.006493506493506494, "-186|171": 0.006493506493506494, "-145|211": 0.006493506493506494, "-159|197": 0.006493506493506494, "86|246": 0.006493506493506494, "-96|248": 0.006493506493506494, "-81|244": 0.006493506493506494, "180|204": 0.006493506493506494, "6|268": 0.006493506493506494, "78|243": 0.006493506493506494, "180|201": 0.006493506493506494, "-151|211": 0.006493506493506494, "-83|252": 0.006493506493506494, "134|222": 0.006493506493506494, "219|110": 0.006493506493506494, "-126|269": 0.006493506493506494, "67|252": 0.006493506493506494, "-152|281": 0.006493506493506494, "-123|251": 0.006493506493506494, "-131|256": 0.006493506493506494, "-20|296": 0.006493506493506494, "-56|289": 0.006493506493506494, "168|205": 0.006493506493506494, "-31|255": 0.006493506493506494, "-129|225": 0.006493506493506494, "-32|261": 0.006493506493506494, "-228|153": 0.006493506493506494, "167|201": 0.006493506493506494, "-130|233": 0.006493506493506494, "2|266": 0.006493506493506494, "-116|279": 0.006493506493506494, "174|183": 0.006493506493506494, "156|207": 0.006493506493506494, "168|209": 0.006493506493506494, "-189|194": 0.006493506493506494, "-167|199": 0.006493506493506494, "233|98": 0.006493506493506494, "62|263": 0.006493506493506494, "-61|269": 0.006493506493506494, "110|239": 0.006493506493506494, "-169|208": 0.006493506493506494, "-147|216": 0.006493506493506494, "-45|260": 0.006493506493506494, "44|248": 0.006493506493506494, "-36|263": 0.006493506493506494, "-146|216": 0.006493506493506494, "-184|184": 0.006493506493506494, "211|156": 0.006493506493506494, "197|218": 0.006493506493506494, "-165|242": 0.006493506493506494, "176|176": 0.006493506493506494, "-180|185": 0.006493506493506494, "-48|272": 0.006493506493506494, "233|96": 0.006493506493506494, "-183|264": 0.006493506493506494, "-72|243": 0.006493506493506494, "-47|245": 0.006493506493506494, "206|156": 0.006493506493506494, "-185|174": 0.006493506493506494, "-200|196": 0.006493506493506494, "72|257": 0.006493506493506494, "112|239": 0.006493506493506494, "-170|195": 0.006493506493506494, "-26|298": 0.006493506493506494, "-178|193": 0.006493506493506494, "-154|218": 0.006493506493506494, "-20|260": 0.006493506493506494, "108|223": 0.006493506493506494, "186|164": 0.006493506493506494, "-203|130": 0.006493506493506494, "170|179": 0.006493506493506494, "-112|240": 0.006493506493506494, "-103|227": 0.006493506493506494, "-119|239": 0.006493506493506494, "228|106": 0.006493506493506494, "-136|232": 0.006493506493506494, "-115|229": 0.006493506493506494, "-78|250": 0.006493506493506494, "180|166": 0.006493506493506494, "-124|230": 0.006493506493506494, "-142|230": 0.006493506493506494, "224|104": 0.006493506493506494, "-64|269": 0.006493506493506494, "-116|236": 0.006493506493506494, "-108|229": 0.006493506493506494, "-82|248": 0.006493506493506494, "-162|248": 0.006493506493506494, "138|230": 0.006493506493506494, "-195|188": 0.006493506493506494, "208|155": 0.006493506493506494, "-105|239": 0.006493506493506494, "178|213": 0.006493506493506494, "-125|221": 0.006493506493506494, "-162|225": 0.006493506493506494, "-146|248": 0.006493506493506494, "-148|213": 0.006493506493506494, "146|253": 0.006493506493506494, "-207|356": 0.006493506493506494, "83|242": 0.006493506493506494, "6|296": 0.006493506493506494, "-151|207": 0.006493506493506494, "107|238": 0.006493506493506494, "183|204": 0.006493506493506494, "-105|232": 0.006493506493506494, "29|293": 0.006493506493506494, "-157|211": 0.006493506493506494, "-4|316": 0.006493506493506494, "169|208": 0.006493506493506494, "-147|206": 0.006493506493506494, "-121|225": 0.006493506493506494, "-127|228": 0.006493506493506494, "-190|196": 0.006493506493506494, "-196|206": 0.006493506493506494, "-33|251": 0.006493506493506494, "5|255": 0.006493506493506494, "99|231": 0.006493506493506494, "-81|236": 0.006493506493506494, "211|128": 0.006493506493506494, "-192|204": 0.006493506493506494, "76|278": 0.006493506493506494, "51|268": 0.006493506493506494, "-1|316": 0.006493506493506494, "238|105": 0.006493506493506494, "-190|212": 0.006493506493506494, "-205|153": 0.006493506493506494, "78|263": 0.006493506493506494, "-61|280": 0.006493506493506494, "183|200": 0.006493506493506494, "-138|217": 0.006493506493506494, "114|231": 0.006493506493506494, "-102|218": 0.006493506493506494, "125|222": 0.006493506493506494, "48|270": 0.006493506493506494, "-152|212": 0.006493506493506494, "-173|194": 0.006493506493506494, "-207|190": 0.006493506493506494, "192|180": 0.006493506493506494, "-5|262": 0.006493506493506494, "13|251": 0.006493506493506494, "-64|276": 0.006493506493506494, "-185|169": 0.006493506493506494, "49|276": 0.006493506493506494, "-165|253": 0.006493506493506494, "-121|232": 0.006493506493506494, "-119|235": 0.006493506493506494}, "AT_RIM": {"16|5": 0.005847953216374269, "20|31": 0.005847953216374269, "-20|12": 0.005847953216374269, "1|5": 0.005847953216374269, "20|7": 0.005847953216374269, "-13|11": 0.005847953216374269, "2|11": 0.005847953216374269, "17|27": 0.005847953216374269, "15|17": 0.005847953216374269, "5|17": 0.005847953216374269, "15|8": 0.005847953216374269, "15|9": 0.005847953216374269, "-11|-8": 0.005847953216374269, "2|1": 0.005847953216374269, "2|6": 0.011695906432748537, "0|17": 0.011695906432748537, "-29|21": 0.005847953216374269, "0|7": 0.005847953216374269, "-2|-2": 0.005847953216374269, "-16|-8": 0.005847953216374269, "12|6": 0.011695906432748537, "-2|2": 0.005847953216374269, "11|1": 0.011695906432748537, "0|8": 0.005847953216374269, "-2|13": 0.011695906432748537, "9|4": 0.005847953216374269, "-11|10": 0.005847953216374269, "21|7": 0.005847953216374269, "4|0": 0.005847953216374269, "27|24": 0.005847953216374269, "-6|26": 0.005847953216374269, "-7|22": 0.005847953216374269, "-26|6": 0.005847953216374269, "13|8": 0.005847953216374269, "12|21": 0.005847953216374269, "15|18": 0.005847953216374269, "5|16": 0.005847953216374269, "1|39": 0.005847953216374269, "-1|27": 0.005847953216374269, "1|1": 0.005847953216374269, "2|19": 0.005847953216374269, "-4|20": 0.011695906432748537, "-7|17": 0.011695906432748537, "16|11": 0.005847953216374269, "-15|8": 0.005847953216374269, "-5|21": 0.005847953216374269, "11|21": 0.005847953216374269, "-9|11": 0.005847953216374269, "-25|14": 0.005847953216374269, "13|10": 0.005847953216374269, "-9|22": 0.005847953216374269, "0|0": 0.023391812865497075, "-11|6": 0.005847953216374269, "22|32": 0.005847953216374269, "-2|16": 0.011695906432748537, "17|6": 0.005847953216374269, "-6|12": 0.011695906432748537, "-15|17": 0.005847953216374269, "-2|-15": 0.005847953216374269, "9|13": 0.005847953216374269, "23|4": 0.005847953216374269, "23|15": 0.011695906432748537, "1|16": 0.005847953216374269, "27|22": 0.005847953216374269, "-5|1": 0.011695906432748537, "9|5": 0.005847953216374269,