{"ASSIST": 0.23958333333333334, "BLOCK": 0.16666666666666666, "FG_ARC_3_ATTEMPT": 0.3092105263157895, "FG_ARC_3_BLOCK": 0.006578947368421052, "FG_ARC_3_MADE": 0.23404255319148937, "FG_ARC_3_MADE_FOUL": 0.0, "FG_AT_RIM_ATTEMPT": 0.24761904761904763, "FG_AT_RIM_BLOCK": 0.0380952380952381, "FG_AT_RIM_MADE": 0.7307692307692307, "FG_AT_RIM_MADE_FOUL": 0.009523809523809525, "FG_CORNER_3_ATTEMPT": 0.2631578947368421, "FG_CORNER_3_BLOCK": 0.02631578947368421, "FG_CORNER_3_MADE": 0.3, "FG_CORNER_3_MADE_FOUL": 0.0, "FG_LONG_MID_RANGE_ATTEMPT": 0.17647058823529413, "FG_LONG_MID_RANGE_BLOCK": 0.0, "FG_LONG_MID_RANGE_MADE": 0.6666666666666666, "FG_LONG_MID_RANGE_MADE_FOUL": 0.0, "FG_SHORT_MID_RANGE_ATTEMPT": 0.18309859154929578, "FG_SHORT_MID_RANGE_BLOCK": 0.028169014084507043, "FG_SHORT_MID_RANGE_MADE": 0.3076923076923077, "FG_SHORT_MID_RANGE_MADE_FOUL": 0.0, "FG_XY": {"ARC_3": {"197|160": 0.02127659574468085, "192|157": 0.02127659574468085, "-18|294": 0.02127659574468085, "145|258": 0.02127659574468085, "199|162": 0.02127659574468085, "62|264": 0.02127659574468085, "-48|255": 0.02127659574468085, "12|256": 0.02127659574468085, "-195|200": 0.02127659574468085, "161|195": 0.02127659574468085, "110|227": 0.02127659574468085, "-89|247": 0.02127659574468085, "-97|232": 0.02127659574468085, "-135|225": 0.02127659574468085, "-66|272": 0.02127659574468085, "-110|222": 0.02127659574468085, "102|246": 0.02127659574468085, "-77|283": 0.02127659574468085, "-105|312": 0.02127659574468085, "83|251": 0.02127659574468085, "34|269": 0.02127659574468085, "-9|254": 0.02127659574468085, "-165|237": 0.02127659574468085, "7|258": 0.02127659574468085, "38|262": 0.02127659574468085, "136|230": 0.02127659574468085, "-184|184": 0.02127659574468085, "-183|194": 0.02127659574468085, "116|232": 0.02127659574468085, "-184|183": 0.02127659574468085, "88|240": 0.02127659574468085, "-9|253": 0.02127659574468085, "81|270": 0.02127659574468085, "-64|267": 0.02127659574468085, "115|247": 0.02127659574468085, "135|250": 0.02127659574468085, "-206|153": 0.02127659574468085, "-56|269": 0.02127659574468085, "23|252": 0.02127659574468085, "118|256": 0.02127659574468085, "-114|241": 0.02127659574468085, "78|263": 0.02127659574468085, "153|243": 0.02127659574468085, "188|189": 0.02127659574468085, "-178|176": 0.02127659574468085, "109|264": 0.02127659574468085, "-34|284": 0.02127659574468085}, "AT_RIM": {"6|15": 0.038461538461538464, "-4|13": 0.038461538461538464, "-4|15": 0.038461538461538464, "1|8": 0.038461538461538464, "-11|13": 0.038461538461538464, "-16|17": 0.038461538461538464, "-6|7": 0.038461538461538464, "-4|-1": 0.038461538461538464, "-11|1": 0.038461538461538464, "-11|-1": 0.038461538461538464, "-12|19": 0.038461538461538464, "-5|13": 0.038461538461538464, "23|16": 0.038461538461538464, "-27|21": 0.038461538461538464, "-26|11": 0.038461538461538464, "-16|5": 0.038461538461538464, "-4|0": 0.038461538461538464, "22|11": 0.038461538461538464, "-2|13": 0.038461538461538464, "-16|8": 0.038461538461538464, "-7|13": 0.038461538461538464, "2|8": 0.038461538461538464, "26|8": 0.038461538461538464, "0|0": 0.038461538461538464, "-18|15": 0.038461538461538464, "23|6": 0.038461538461538464}, "CORNER_3": {"-225|-12": 0.1, "-229|31": 0.1, "241|62": 0.1, "-229|6": 0.1, "230|50": 0.1, "230|47": 0.1, "-232|68": 0.1, "-229|20": 0.1, "-227|75": 0.1, "223|48": 0.1}, "LONG_MID_RANGE": {"91|115": 0.16666666666666666, "140|135": 0.16666666666666666, "-93|129": 0.16666666666666666, "-34|143": 0.16666666666666666, "-70|153": 0.16666666666666666, "-38|178": 0.16666666666666666}, "SHORT_MID_RANGE": {"-69|6": 0.07692307692307693, "-102|16": 0.07692307692307693, "-42|132": 0.07692307692307693, "-71|-1": 0.07692307692307693, "-58|74": 0.07692307692307693, "-114|50": 0.07692307692307693, "-6|69": 0.07692307692307693, "32|84": 0.07692307692307693, "2|111": 0.07692307692307693, "120|46": 0.07692307692307693, "-118|31": 0.07692307692307693, "23|34": 0.07692307692307693, "4|82": 0.07692307692307693}}, "FOUL_AWAY_FROM_PLAY": 0.0, "FOULED_AWAY_FROM_PLAY": 0.0, "FOUL_CLEAR_PATH": 0.0, "FOULED_CLEAR_PATH": 0.0, "FOUL_COUNT_AS_PERSONAL": 0.23711340206185566, "FOULED_COUNT_AS_PERSONAL": 0.17857142857142858, "FOUL_COUNT_TOWARD_PENALTY": 0.25842696629213485, "FOULED_COUNT_TOWARD_PENALTY": 0.2, "FOUL_DEFENSIVE_NON_SHOOTING": 0.34, "FOULED_DEFENSIVE_NON_SHOOTING": 0.24390243902439024, "FOUL_DOUBLE": 0.0, "FOUL_TECHNICAL_DOUBLE": 0.5, "FOUL_FLAGRANT": 0.0, "FOULED_FLAGRANT": 0.0, "FOUL_FLAGRANT_1": 0.0, "FOULED_FLAGRANT_1": 0.0, "FOUL_FLAGRANT_2": 0.0, "FOULED_FLAGRANT_2": 0.0, "FOUL_INBOUND": 0.0, "FOULED_INBOUND": 0.0, "FOUL_LOOSE_BALL": 0.0, "FOULED_LOOSE_BALL": 0.0, "FOUL_OFFENSIVE_CHARGE": 0.0, "FOULED_OFFENSIVE_CHARGE": 0.0, "FOUL_OFFENSIVE_OTHER": 0.0, "FOULED_OFFENSIVE_OTHER": 0.0, "FOUL_OFFENSIVE_TOTAL": 0.0, "FOULED_OFFENSIVE_TOTAL": 0.07692307692307693, "FOUL_PERSONAL": 0.23333333333333334, "FOULED_PERSONAL": 0.21739130434782608, "FOUL_PERSONAL_BLOCK": 0.0, "FOULED_PERSONAL_BLOCK": 0.0, "FOUL_PERSONAL_TAKE": 0.6666666666666666, "FOULED_PERSONAL_TAKE": 0.45454545454545453, "FOUL_SHOOTING": 0.15384615384615385, "FOULED_SHOOTING": 0.13333333333333333, "FOUL_SHOOTING_BLOCK": 0.0, "FOULED_SHOOTING_BLOCK": 0.0, "FOUL_TECHNICAL": 0.0, "FT": 0.9285714285714286, "REBOUND_DEFENSIVE": 0.12371134020618557, "REBOUND_OFFENSIVE": 0.017467248908296942, "STEAL": 0.25, "SHOT_TYPE_ARC_3_OFFENSIVE": 0.38, "SHOT_TYPE_ARC_3_DEFENSIVE": 0.29649595687331537, "SHOT_TYPE_AT_RIM_OFFENSIVE": 0.2625, "SHOT_TYPE_AT_RIM_DEFENSIVE": 0.2668463611859838, "SHOT_TYPE_CORNER_3_OFFENSIVE": 0.095, "SHOT_TYPE_CORNER_3_DEFENSIVE": 0.09433962264150944, "SHOT_TYPE_LONG_MID_RANGE_OFFENSIVE": 0.085, "SHOT_TYPE_LONG_MID_RANGE_DEFENSIVE": 0.08355795148247978, "SHOT_TYPE_SHORT_MID_RANGE_OFFENSIVE": 0.1775, "SHOT_TYPE_SHORT_MID_RANGE_DEFENSIVE": 0.2587601078167116, "TURNOVER": 0.21568627450980393, "VIOLATION_DEFENSIVE_GOALTENDING": 0.0, "VIOLATION_DEFENSIVE_KICK_BALL": 0.0}