{"ASSIST": 0.14583333333333334, "BLOCK": 0.3488372093023256, "FG_ARC_3_ATTEMPT": 0.13736263736263737, "FG_ARC_3_BLOCK": 0.0, "FG_ARC_3_MADE": 0.36, "FG_ARC_3_MADE_FOUL": 0.0, "FG_AT_RIM_ATTEMPT": 0.20108695652173914, "FG_AT_RIM_BLOCK": 0.016304347826086956, "FG_AT_RIM_MADE": 0.43243243243243246, "FG_AT_RIM_MADE_FOUL": 0.010869565217391304, "FG_CORNER_3_ATTEMPT": 0.2978723404255319, "FG_CORNER_3_BLOCK": 0.0, "FG_CORNER_3_MADE": 0.21428571428571427, "FG_CORNER_3_MADE_FOUL": 0.0, "FG_LONG_MID_RANGE_ATTEMPT": 0.05454545454545454, "FG_LONG_MID_RANGE_BLOCK": 0.0, "FG_LONG_MID_RANGE_MADE": 0.0, "FG_LONG_MID_RANGE_MADE_FOUL": 0.0, "FG_SHORT_MID_RANGE_ATTEMPT": 0.09523809523809523, "FG_SHORT_MID_RANGE_BLOCK": 0.023809523809523808, "FG_SHORT_MID_RANGE_MADE": 0.375, "FG_SHORT_MID_RANGE_MADE_FOUL": 0.011904761904761904, "FG_XY": {"ARC_3": {"-170|196": 0.04, "154|204": 0.04, "-207|167": 0.04, "83|236": 0.04, "-213|120": 0.04, "-208|138": 0.04, "-211|174": 0.04, "116|218": 0.04, "42|252": 0.04, "232|92": 0.04, "-71|239": 0.04, "-214|149": 0.04, "-125|233": 0.04, "1|262": 0.04, "-201|132": 0.04, "153|210": 0.04, "157|194": 0.04, "185|166": 0.04, "54|256": 0.04, "-180|190": 0.04, "-150|203": 0.04, "-58|253": 0.04, "-194|168": 0.04, "-77|243": 0.04, "228|96": 0.04}, "AT_RIM": {"4|0": 0.02702702702702703, "-12|-8": 0.02702702702702703, "-21|4": 0.02702702702702703, "0|0": 0.2972972972972973, "-29|15": 0.02702702702702703, "1|12": 0.02702702702702703, "26|26": 0.02702702702702703, "15|22": 0.02702702702702703, "15|8": 0.02702702702702703, "-10|3": 0.02702702702702703, "-27|22": 0.02702702702702703, "-4|18": 0.02702702702702703, "-9|11": 0.02702702702702703, "-4|6": 0.02702702702702703, "-13|-4": 0.02702702702702703, "-9|3": 0.02702702702702703, "4|11": 0.02702702702702703, "-10|8": 0.02702702702702703, "7|10": 0.02702702702702703, "20|-6": 0.02702702702702703, "32|-9": 0.02702702702702703, "7|25": 0.02702702702702703, "-28|9": 0.02702702702702703, "-4|15": 0.02702702702702703, "-18|-4": 0.02702702702702703, "-2|1": 0.02702702702702703, "-11|-4": 0.02702702702702703}, "CORNER_3": {"-234|-9": 0.07142857142857142, "227|22": 0.07142857142857142, "-229|20": 0.07142857142857142, "-219|-13": 0.07142857142857142, "228|-25": 0.07142857142857142, "240|42": 0.07142857142857142, "-227|37": 0.07142857142857142, "-224|11": 0.07142857142857142, "233|7": 0.07142857142857142, "-228|-5": 0.07142857142857142, "234|22": 0.07142857142857142, "-225|-1": 0.07142857142857142, "221|-5": 0.07142857142857142, "-225|52": 0.07142857142857142}, "LONG_MID_RANGE": {"123|109": 0.3333333333333333, "-56|161": 0.3333333333333333, "-157|73": 0.3333333333333333}, "SHORT_MID_RANGE": {"80|28": 0.125, "-7|71": 0.125, "-47|82": 0.125, "-5|57": 0.125, "59|7": 0.125, "50|22": 0.125, "80|72": 0.125, "-119|42": 0.125}}, "FOUL_AWAY_FROM_PLAY": 0.0, "FOULED_AWAY_FROM_PLAY": 0.0, "FOUL_CLEAR_PATH": 0.0, "FOULED_CLEAR_PATH": 0.0, "FOUL_COUNT_AS_PERSONAL": 0.20666666666666667, "FOULED_COUNT_AS_PERSONAL": 0.25833333333333336, "FOUL_COUNT_TOWARD_PENALTY": 0.19852941176470587, "FOULED_COUNT_TOWARD_PENALTY": 0.2727272727272727, "FOUL_DEFENSIVE_NON_SHOOTING": 0.16883116883116883, "FOULED_DEFENSIVE_NON_SHOOTING": 0.2, "FOUL_DOUBLE": 0.0, "FOUL_TECHNICAL_DOUBLE": 0.0, "FOUL_FLAGRANT": 0.0, "FOULED_FLAGRANT": 0.0, "FOUL_FLAGRANT_1": 0.0, "FOULED_FLAGRANT_1": 0.0, "FOUL_FLAGRANT_2": 0.0, "FOULED_FLAGRANT_2": 0.0, "FOUL_INBOUND": 0.0, "FOULED_INBOUND": 0.0, "FOUL_LOOSE_BALL": 0.0, "FOULED_LOOSE_BALL": 0.6666666666666666, "FOUL_OFFENSIVE_CHARGE": 0.3333333333333333, "FOULED_OFFENSIVE_CHARGE": 0.0, "FOUL_OFFENSIVE_OTHER": 0.0, "FOULED_OFFENSIVE_OTHER": 0.0, "FOUL_OFFENSIVE_TOTAL": 0.2857142857142857, "FOULED_OFFENSIVE_TOTAL": 0.1, "FOUL_PERSONAL": 0.08928571428571429, "FOULED_PERSONAL": 0.15625, "FOUL_PERSONAL_BLOCK": 0.0, "FOULED_PERSONAL_BLOCK": 0.0, "FOUL_PERSONAL_TAKE": 0.38461538461538464, "FOULED_PERSONAL_TAKE": 0.0, "FOUL_SHOOTING": 0.23728813559322035, "FOULED_SHOOTING": 0.3230769230769231, "FOUL_SHOOTING_BLOCK": 0.0, "FOULED_SHOOTING_BLOCK": 0.0, "FOUL_TECHNICAL": 0.0, "FT": 0.7380952380952381, "REBOUND_DEFENSIVE": 0.1504424778761062, "REBOUND_OFFENSIVE": 0.07046979865771812, "STEAL": 0.10714285714285714, "SHOT_TYPE_ARC_3_OFFENSIVE": 0.32971014492753625, "SHOT_TYPE_ARC_3_DEFENSIVE": 0.3249097472924188, "SHOT_TYPE_AT_RIM_OFFENSIVE": 0.3333333333333333, "SHOT_TYPE_AT_RIM_DEFENSIVE": 0.29061371841155237, "SHOT_TYPE_CORNER_3_OFFENSIVE": 0.08514492753623189, "SHOT_TYPE_CORNER_3_DEFENSIVE": 0.1263537906137184, "SHOT_TYPE_LONG_MID_RANGE_OFFENSIVE": 0.09963768115942029, "SHOT_TYPE_LONG_MID_RANGE_DEFENSIVE": 0.11010830324909747, "SHOT_TYPE_SHORT_MID_RANGE_OFFENSIVE": 0.15217391304347827, "SHOT_TYPE_SHORT_MID_RANGE_DEFENSIVE": 0.148014440433213, "TURNOVER": 0.19540229885057472, "VIOLATION_DEFENSIVE_GOALTENDING": 0.0, "VIOLATION_DEFENSIVE_KICK_BALL": 0.0}