{"ASSIST": 0.06321839080459771, "BLOCK": 0.14634146341463414, "FG_ARC_3_ATTEMPT": 0.2052980132450331, "FG_ARC_3_BLOCK": 0.0, "FG_ARC_3_MADE": 0.16129032258064516, "FG_ARC_3_MADE_FOUL": 0.0, "FG_AT_RIM_ATTEMPT": 0.05056179775280899, "FG_AT_RIM_BLOCK": 0.0056179775280898875, "FG_AT_RIM_MADE": 0.6666666666666666, "FG_AT_RIM_MADE_FOUL": 0.0056179775280898875, "FG_CORNER_3_ATTEMPT": 0.32432432432432434, "FG_CORNER_3_BLOCK": 0.0, "FG_CORNER_3_MADE": 0.08333333333333333, "FG_CORNER_3_MADE_FOUL": 0.0, "FG_LONG_MID_RANGE_ATTEMPT": 0.03225806451612903, "FG_LONG_MID_RANGE_BLOCK": 0.0, "FG_LONG_MID_RANGE_MADE": 0.0, "FG_LONG_MID_RANGE_MADE_FOUL": 0.0, "FG_SHORT_MID_RANGE_ATTEMPT": 0.06097560975609756, "FG_SHORT_MID_RANGE_BLOCK": 0.024390243902439025, "FG_SHORT_MID_RANGE_MADE": 0.0, "FG_SHORT_MID_RANGE_MADE_FOUL": 0.0, "FG_XY": {"ARC_3": {"202|178": 0.03225806451612903, "115|222": 0.03225806451612903, "-112|277": 0.03225806451612903, "-156|204": 0.03225806451612903, "-147|209": 0.03225806451612903, "115|231": 0.03225806451612903, "191|216": 0.03225806451612903, "-156|208": 0.03225806451612903, "221|158": 0.03225806451612903, "159|206": 0.03225806451612903, "18|256": 0.03225806451612903, "-12|430": 0.03225806451612903, "119|229": 0.03225806451612903, "110|227": 0.03225806451612903, "0|584": 0.03225806451612903, "-143|216": 0.03225806451612903, "150|200": 0.03225806451612903, "163|199": 0.03225806451612903, "-168|192": 0.03225806451612903, "-142|235": 0.03225806451612903, "115|232": 0.03225806451612903, "158|202": 0.03225806451612903, "20|265": 0.03225806451612903, "-140|203": 0.03225806451612903, "159|201": 0.03225806451612903, "173|200": 0.03225806451612903, "129|214": 0.03225806451612903, "-206|147": 0.03225806451612903, "-130|204": 0.03225806451612903, "157|197": 0.03225806451612903, "-102|230": 0.03225806451612903}, "AT_RIM": {"-7|8": 0.1111111111111111, "-4|6": 0.2222222222222222, "-17|20": 0.1111111111111111, "2|10": 0.1111111111111111, "0|7": 0.1111111111111111, "-9|7": 0.1111111111111111, "0|0": 0.1111111111111111, "10|16": 0.1111111111111111}, "CORNER_3": {"-232|38": 0.041666666666666664, "-232|-15": 0.041666666666666664, "228|55": 0.041666666666666664, "234|34": 0.041666666666666664, "221|16": 0.041666666666666664, "-224|-18": 0.041666666666666664, "230|53": 0.041666666666666664, "-224|-5": 0.041666666666666664, "-223|-11": 0.041666666666666664, "-230|34": 0.041666666666666664, "232|58": 0.041666666666666664, "-227|13": 0.041666666666666664, "-232|-8": 0.041666666666666664, "228|2": 0.041666666666666664, "-237|-17": 0.041666666666666664, "229|55": 0.041666666666666664, "-230|13": 0.041666666666666664, "-228|52": 0.041666666666666664, "228|7": 0.041666666666666664, "-229|84": 0.041666666666666664, "235|83": 0.041666666666666664, "227|-13": 0.041666666666666664, "-225|31": 0.041666666666666664, "-234|2": 0.041666666666666664}, "LONG_MID_RANGE": {"-134|174": 1.0}, "SHORT_MID_RANGE": {"104|4": 0.1, "-23|123": 0.1, "-54|11": 0.1, "-112|-6": 0.1, "76|53": 0.1, "-64|121": 0.1, "108|38": 0.1, "22|34": 0.1, "0|117": 0.1, "-87|53": 0.1}}, "FOUL_AWAY_FROM_PLAY": 0.0, "FOULED_AWAY_FROM_PLAY": 0.0, "FOUL_CLEAR_PATH": 0.0, "FOULED_CLEAR_PATH": 0.0, "FOUL_COUNT_AS_PERSONAL": 0.23076923076923078, "FOULED_COUNT_AS_PERSONAL": 0.06779661016949153, "FOUL_COUNT_TOWARD_PENALTY": 0.2608695652173913, "FOULED_COUNT_TOWARD_PENALTY": 0.0625, "FOUL_DEFENSIVE_NON_SHOOTING": 0.1836734693877551, "FOULED_DEFENSIVE_NON_SHOOTING": 0.06666666666666667, "FOUL_DOUBLE": 0.0, "FOUL_TECHNICAL_DOUBLE": 0.0, "FOUL_FLAGRANT": 0.0, "FOULED_FLAGRANT": 0.0, "FOUL_FLAGRANT_1": 0.0, "FOULED_FLAGRANT_1": 0.0, "FOUL_FLAGRANT_2": 0.0, "FOULED_FLAGRANT_2": 0.0, "FOUL_INBOUND": 0.0, "FOULED_INBOUND": 0.0, "FOUL_LOOSE_BALL": 0.0, "FOULED_LOOSE_BALL": 0.14285714285714285, "FOUL_OFFENSIVE_CHARGE": 0.0, "FOULED_OFFENSIVE_CHARGE": 0.0, "FOUL_OFFENSIVE_OTHER": 0.0, "FOULED_OFFENSIVE_OTHER": 0.0, "FOUL_OFFENSIVE_TOTAL": 0.0, "FOULED_OFFENSIVE_TOTAL": 0.16666666666666666, "FOUL_PERSONAL": 0.20512820512820512, "FOULED_PERSONAL": 0.06666666666666667, "FOUL_PERSONAL_BLOCK": 0.0, "FOULED_PERSONAL_BLOCK": 0.0, "FOUL_PERSONAL_TAKE": 0.0, "FOULED_PERSONAL_TAKE": 0.0, "FOUL_SHOOTING": 0.3181818181818182, "FOULED_SHOOTING": 0.057692307692307696, "FOUL_SHOOTING_BLOCK": 0.0, "FOULED_SHOOTING_BLOCK": 0.0, "FOUL_TECHNICAL": 0.0, "FT": 0.6666666666666666, "REBOUND_DEFENSIVE": 0.06885245901639345, "REBOUND_OFFENSIVE": 0.014792899408284023, "STEAL": 0.14545454545454545, "SHOT_TYPE_ARC_3_OFFENSIVE": 0.2525083612040134, "SHOT_TYPE_ARC_3_DEFENSIVE": 0.33220338983050846, "SHOT_TYPE_AT_RIM_OFFENSIVE": 0.2976588628762542, "SHOT_TYPE_AT_RIM_DEFENSIVE": 0.3271186440677966, "SHOT_TYPE_CORNER_3_OFFENSIVE": 0.12374581939799331, "SHOT_TYPE_CORNER_3_DEFENSIVE": 0.07457627118644068, "SHOT_TYPE_LONG_MID_RANGE_OFFENSIVE": 0.051839464882943144, "SHOT_TYPE_LONG_MID_RANGE_DEFENSIVE": 0.0847457627118644, "SHOT_TYPE_SHORT_MID_RANGE_OFFENSIVE": 0.27424749163879597, "SHOT_TYPE_SHORT_MID_RANGE_DEFENSIVE": 0.18135593220338983, "TURNOVER": 0.11494252873563218, "VIOLATION_DEFENSIVE_GOALTENDING": 0.0, "VIOLATION_DEFENSIVE_KICK_BALL": 0.3333333333333333}