{"ASSIST": 0.10526315789473684, "BLOCK": 0.46511627906976744, "FG_ARC_3_ATTEMPT": 0.08018867924528301, "FG_ARC_3_BLOCK": 0.0, "FG_ARC_3_MADE": 0.47058823529411764, "FG_ARC_3_MADE_FOUL": 0.0, "FG_AT_RIM_ATTEMPT": 0.18018018018018017, "FG_AT_RIM_BLOCK": 0.036036036036036036, "FG_AT_RIM_MADE": 0.35, "FG_AT_RIM_MADE_FOUL": 0.0045045045045045045, "FG_CORNER_3_ATTEMPT": 0.012195121951219513, "FG_CORNER_3_BLOCK": 0.0, "FG_CORNER_3_MADE": 1.0, "FG_CORNER_3_MADE_FOUL": 0.0, "FG_LONG_MID_RANGE_ATTEMPT": 0.0449438202247191, "FG_LONG_MID_RANGE_BLOCK": 0.0, "FG_LONG_MID_RANGE_MADE": 0.75, "FG_LONG_MID_RANGE_MADE_FOUL": 0.0, "FG_SHORT_MID_RANGE_ATTEMPT": 0.0967741935483871, "FG_SHORT_MID_RANGE_BLOCK": 0.01935483870967742, "FG_SHORT_MID_RANGE_MADE": 0.13333333333333333, "FG_SHORT_MID_RANGE_MADE_FOUL": 0.0, "FG_XY": {"ARC_3": {"75|250": 0.058823529411764705, "-173|171": 0.058823529411764705, "15|239": 0.058823529411764705, "154|195": 0.058823529411764705, "76|246": 0.058823529411764705, "-9|262": 0.058823529411764705, "81|243": 0.058823529411764705, "-1|257": 0.058823529411764705, "87|256": 0.058823529411764705, "13|344": 0.058823529411764705, "171|182": 0.058823529411764705, "227|104": 0.058823529411764705, "-16|260": 0.058823529411764705, "-192|179": 0.058823529411764705, "112|241": 0.058823529411764705, "130|207": 0.058823529411764705, "-25|263": 0.058823529411764705}, "AT_RIM": {"-27|8": 0.025, "-9|15": 0.025, "0|0": 0.25, "-20|-5": 0.025, "-12|6": 0.025, "1|8": 0.025, "6|28": 0.025, "-12|-2": 0.025, "-5|-2": 0.025, "-31|10": 0.025, "-21|11": 0.025, "-13|5": 0.025, "-4|9": 0.025, "5|24": 0.025, "17|26": 0.025, "-13|15": 0.025, "-21|10": 0.025, "-32|4": 0.025, "-11|-1": 0.025, "-13|0": 0.025, "9|16": 0.025, "15|16": 0.025, "7|10": 0.025, "11|32": 0.025, "6|32": 0.025, "-18|24": 0.025, "27|22": 0.025, "-31|18": 0.025, "-5|31": 0.025, "21|10": 0.025, "11|15": 0.025}, "CORNER_3": {"229|29": 1.0}, "LONG_MID_RANGE": {"85|204": 0.25, "69|147": 0.25, "-114|132": 0.25, "131|136": 0.25}, "SHORT_MID_RANGE": {"6|41": 0.06666666666666667, "40|31": 0.06666666666666667, "6|48": 0.06666666666666667, "10|127": 0.06666666666666667, "-31|38": 0.06666666666666667, "-10|50": 0.06666666666666667, "39|22": 0.06666666666666667, "31|37": 0.06666666666666667, "-9|46": 0.06666666666666667, "22|125": 0.06666666666666667, "-22|65": 0.06666666666666667, "-21|46": 0.06666666666666667, "-27|32": 0.06666666666666667, "-6|73": 0.06666666666666667, "2|46": 0.06666666666666667}}, "FOUL_AWAY_FROM_PLAY": 0.0, "FOULED_AWAY_FROM_PLAY": 0.0, "FOUL_CLEAR_PATH": 0.0, "FOULED_CLEAR_PATH": 0.0, "FOUL_COUNT_AS_PERSONAL": 0.2702702702702703, "FOULED_COUNT_AS_PERSONAL": 0.16428571428571428, "FOUL_COUNT_TOWARD_PENALTY": 0.25757575757575757, "FOULED_COUNT_TOWARD_PENALTY": 0.15748031496062992, "FOUL_DEFENSIVE_NON_SHOOTING": 0.24050632911392406, "FOULED_DEFENSIVE_NON_SHOOTING": 0.22058823529411764, "FOUL_DOUBLE": 1.0, "FOUL_TECHNICAL_DOUBLE": 1.0, "FOUL_FLAGRANT": 1.0, "FOULED_FLAGRANT": 1.0, "FOUL_FLAGRANT_1": 1.0, "FOULED_FLAGRANT_1": 0.0, "FOUL_FLAGRANT_2": 0.0, "FOULED_FLAGRANT_2": 1.0, "FOUL_INBOUND": 0.0, "FOULED_INBOUND": 0.0, "FOUL_LOOSE_BALL": 0.0, "FOULED_LOOSE_BALL": 0.3333333333333333, "FOUL_OFFENSIVE_CHARGE": 0.0, "FOULED_OFFENSIVE_CHARGE": 0.0, "FOUL_OFFENSIVE_OTHER": 0.0, "FOULED_OFFENSIVE_OTHER": 0.0, "FOUL_OFFENSIVE_TOTAL": 0.375, "FOULED_OFFENSIVE_TOTAL": 0.16666666666666666, "FOUL_PERSONAL": 0.15254237288135594, "FOULED_PERSONAL": 0.2222222222222222, "FOUL_PERSONAL_BLOCK": 0.0, "FOULED_PERSONAL_BLOCK": 0.0, "FOUL_PERSONAL_TAKE": 0.0, "FOULED_PERSONAL_TAKE": 0.0, "FOUL_SHOOTING": 0.2830188679245283, "FOULED_SHOOTING": 0.1, "FOUL_SHOOTING_BLOCK": 0.0, "FOULED_SHOOTING_BLOCK": 0.0, "FOUL_TECHNICAL": 0.42857142857142855, "FT": 0.6666666666666666, "REBOUND_DEFENSIVE": 0.22448979591836735, "REBOUND_OFFENSIVE": 0.07676348547717843, "STEAL": 0.11864406779661017, "SHOT_TYPE_ARC_3_OFFENSIVE": 0.2789473684210526, "SHOT_TYPE_ARC_3_DEFENSIVE": 0.2867036011080332, "SHOT_TYPE_AT_RIM_OFFENSIVE": 0.29210526315789476, "SHOT_TYPE_AT_RIM_DEFENSIVE": 0.2894736842105263, "SHOT_TYPE_CORNER_3_OFFENSIVE": 0.10789473684210527, "SHOT_TYPE_CORNER_3_DEFENSIVE": 0.0817174515235457, "SHOT_TYPE_LONG_MID_RANGE_OFFENSIVE": 0.11710526315789474, "SHOT_TYPE_LONG_MID_RANGE_DEFENSIVE": 0.11634349030470914, "SHOT_TYPE_SHORT_MID_RANGE_OFFENSIVE": 0.20394736842105263, "SHOT_TYPE_SHORT_MID_RANGE_DEFENSIVE": 0.2257617728531856, "TURNOVER": 0.13821138211382114, "VIOLATION_DEFENSIVE_GOALTENDING": 1.0, "VIOLATION_DEFENSIVE_KICK_BALL": 0.5}