{"ASSIST": 0.13857677902621723, "BLOCK": 0.10714285714285714, "FG_ARC_3_ATTEMPT": 0.2671232876712329, "FG_ARC_3_BLOCK": 0.0, "FG_ARC_3_MADE": 0.28205128205128205, "FG_ARC_3_MADE_FOUL": 0.003424657534246575, "FG_AT_RIM_ATTEMPT": 0.11447811447811448, "FG_AT_RIM_BLOCK": 0.020202020202020204, "FG_AT_RIM_MADE": 0.5588235294117647, "FG_AT_RIM_MADE_FOUL": 0.003367003367003367, "FG_CORNER_3_ATTEMPT": 0.27722772277227725, "FG_CORNER_3_BLOCK": 0.019801980198019802, "FG_CORNER_3_MADE": 0.25, "FG_CORNER_3_MADE_FOUL": 0.0, "FG_LONG_MID_RANGE_ATTEMPT": 0.2714285714285714, "FG_LONG_MID_RANGE_BLOCK": 0.014285714285714285, "FG_LONG_MID_RANGE_MADE": 0.2631578947368421, "FG_LONG_MID_RANGE_MADE_FOUL": 0.014285714285714285, "FG_SHORT_MID_RANGE_ATTEMPT": 0.13553113553113552, "FG_SHORT_MID_RANGE_BLOCK": 0.014652014652014652, "FG_SHORT_MID_RANGE_MADE": 0.35135135135135137, "FG_SHORT_MID_RANGE_MADE_FOUL": 0.0, "FG_XY": {"ARC_3": {"71|264": 0.01282051282051282, "125|216": 0.01282051282051282, "127|221": 0.01282051282051282, "-92|231": 0.01282051282051282, "-168|195": 0.01282051282051282, "-75|237": 0.01282051282051282, "-124|253": 0.01282051282051282, "-108|238": 0.01282051282051282, "-186|179": 0.01282051282051282, "-165|205": 0.01282051282051282, "201|131": 0.01282051282051282, "170|197": 0.01282051282051282, "-115|222": 0.01282051282051282, "-168|241": 0.01282051282051282, "-165|206": 0.01282051282051282, "20|260": 0.01282051282051282, "-85|256": 0.01282051282051282, "145|215": 0.01282051282051282, "-71|259": 0.01282051282051282, "74|259": 0.01282051282051282, "31|262": 0.01282051282051282, "-27|263": 0.01282051282051282, "163|205": 0.01282051282051282, "-28|267": 0.01282051282051282, "119|242": 0.01282051282051282, "32|253": 0.01282051282051282, "190|172": 0.01282051282051282, "169|215": 0.01282051282051282, "-27|289": 0.01282051282051282, "-115|247": 0.01282051282051282, "-97|225": 0.01282051282051282, "-66|245": 0.01282051282051282, "-146|215": 0.01282051282051282, "-109|239": 0.01282051282051282, "9|258": 0.01282051282051282, "-82|248": 0.01282051282051282, "-64|253": 0.01282051282051282, "157|210": 0.01282051282051282, "159|204": 0.01282051282051282, "188|203": 0.01282051282051282, "132|240": 0.01282051282051282, "-167|216": 0.01282051282051282, "-201|147": 0.01282051282051282, "158|229": 0.01282051282051282, "163|251": 0.01282051282051282, "227|94": 0.01282051282051282, "36|277": 0.01282051282051282, "-118|224": 0.01282051282051282, "-22|246": 0.01282051282051282, "-129|224": 0.01282051282051282, "-11|253": 0.01282051282051282, "-163|210": 0.01282051282051282, "-130|221": 0.01282051282051282, "142|246": 0.01282051282051282, "-145|216": 0.01282051282051282, "146|227": 0.01282051282051282, "-172|210": 0.01282051282051282, "-1|262": 0.01282051282051282, "74|253": 0.01282051282051282, "-113|224": 0.01282051282051282, "-108|230": 0.01282051282051282, "59|251": 0.01282051282051282, "-81|268": 0.01282051282051282, "-85|251": 0.01282051282051282, "-74|277": 0.01282051282051282, "-170|185": 0.01282051282051282, "-142|218": 0.01282051282051282, "-13|254": 0.01282051282051282, "148|197": 0.01282051282051282, "137|218": 0.01282051282051282, "20|240": 0.01282051282051282, "-183|166": 0.01282051282051282, "-119|230": 0.01282051282051282, "-153|226": 0.01282051282051282, "157|221": 0.01282051282051282, "105|224": 0.01282051282051282, "-93|234": 0.01282051282051282, "-119|236": 0.01282051282051282}, "AT_RIM": {"0|0": 0.058823529411764705, "11|10": 0.029411764705882353, "5|10": 0.029411764705882353, "5|6": 0.029411764705882353, "20|9": 0.029411764705882353, "10|2": 0.029411764705882353, "-13|21": 0.029411764705882353, "21|25": 0.029411764705882353, "-1|29": 0.029411764705882353, "9|8": 0.029411764705882353, "-6|-5": 0.029411764705882353, "0|28": 0.029411764705882353, "-1|0": 0.029411764705882353, "6|20": 0.029411764705882353, "10|5": 0.029411764705882353, "-5|4": 0.029411764705882353, "2|18": 0.029411764705882353, "4|5": 0.029411764705882353, "1|6": 0.029411764705882353, "0|30": 0.029411764705882353, "4|7": 0.029411764705882353, "1|10": 0.029411764705882353, "4|6": 0.029411764705882353, "28|25": 0.029411764705882353, "25|22": 0.029411764705882353, "-10|32": 0.029411764705882353, "1|5": 0.029411764705882353, "-22|13": 0.029411764705882353, "-12|8": 0.029411764705882353, "15|7": 0.029411764705882353, "-1|16": 0.029411764705882353, "-16|3": 0.029411764705882353, "4|31": 0.029411764705882353}, "CORNER_3": {"227|5": 0.03571428571428571, "227|85": 0.03571428571428571, "-228|39": 0.03571428571428571, "-230|70": 0.03571428571428571, "228|53": 0.03571428571428571, "-228|33": 0.03571428571428571, "-229|72": 0.03571428571428571, "-223|11": 0.03571428571428571, "-230|0": 0.03571428571428571, "-233|8": 0.03571428571428571, "232|-17": 0.03571428571428571, "-229|31": 0.03571428571428571, "-228|0": 0.03571428571428571, "227|57": 0.03571428571428571, "222|29": 0.03571428571428571, "-224|15": 0.03571428571428571, "-232|16": 0.03571428571428571, "227|62": 0.03571428571428571, "-229|55": 0.03571428571428571, "-239|-5": 0.03571428571428571, "-228|4": 0.03571428571428571, "232|29": 0.03571428571428571, "-224|-13": 0.03571428571428571, "-235|10": 0.03571428571428571, "-224|19": 0.03571428571428571, "-223|25": 0.03571428571428571, "-240|31": 0.03571428571428571, "224|12": 0.03571428571428571}, "LONG_MID_RANGE": {"-1|156": 0.05263157894736842, "-54|146": 0.05263157894736842, "39|150": 0.05263157894736842, "21|152": 0.05263157894736842, "-27|160": 0.05263157894736842, "206|31": 0.05263157894736842, "12|151": 0.05263157894736842, "10|184": 0.05263157894736842, "-58|180": 0.05263157894736842, "165|-4": 0.05263157894736842, "-16|151": 0.05263157894736842, "-6|149": 0.05263157894736842, "-1|163": 0.05263157894736842, "62|127": 0.05263157894736842, "-173|34": 0.05263157894736842, "-56|168": 0.05263157894736842, "-145|52": 0.05263157894736842, "4|152": 0.05263157894736842, "-108|107": 0.05263157894736842}, "SHORT_MID_RANGE": {"-50|1": 0.02702702702702703, "-6|109": 0.02702702702702703, "-56|50": 0.02702702702702703, "-49|26": 0.02702702702702703, "-4|67": 0.02702702702702703, "-77|40": 0.02702702702702703, "69|60": 0.02702702702702703, "42|27": 0.02702702702702703, "-17|113": 0.02702702702702703, "12|108": 0.02702702702702703, "27|80": 0.02702702702702703, "34|51": 0.02702702702702703, "-85|43": 0.02702702702702703, "-42|113": 0.02702702702702703, "39|59": 0.02702702702702703, "11|130": 0.02702702702702703, "20|69": 0.02702702702702703, "4|67": 0.02702702702702703, "-54|64": 0.02702702702702703, "-36|124": 0.02702702702702703, "-12|73": 0.02702702702702703, "26|99": 0.02702702702702703, "-51|125": 0.02702702702702703, "40|41": 0.02702702702702703, "48|37": 0.02702702702702703, "47|104": 0.02702702702702703, "-11|121": 0.02702702702702703, "47|34": 0.02702702702702703, "21|42": 0.02702702702702703, "66|42": 0.02702702702702703, "49|25": 0.02702702702702703, "54|73": 0.02702702702702703, "28|49": 0.02702702702702703, "7|80": 0.02702702702702703, "-102|47": 0.02702702702702703, "-56|40": 0.02702702702702703, "-11|68": 0.02702702702702703}}, "FOUL_AWAY_FROM_PLAY": 0.0, "FOULED_AWAY_FROM_PLAY": 0.0, "FOUL_CLEAR_PATH": 0.0, "FOULED_CLEAR_PATH": 0.5, "FOUL_COUNT_AS_PERSONAL": 0.21962616822429906, "FOULED_COUNT_AS_PERSONAL": 0.07441860465116279, "FOUL_COUNT_TOWARD_PENALTY": 0.2205128205128205, "FOULED_COUNT_TOWARD_PENALTY": 0.07881773399014778, "FOUL_DEFENSIVE_NON_SHOOTING": 0.22105263157894736, "FOULED_DEFENSIVE_NON_SHOOTING": 0.09401709401709402, "FOUL_DOUBLE": 0.0, "FOUL_TECHNICAL_DOUBLE": 0.5, "FOUL_FLAGRANT": 0.0, "FOULED_FLAGRANT": 0.0, "FOUL_FLAGRANT_1": 0.0, "FOULED_FLAGRANT_1": 0.0, "FOUL_FLAGRANT_2": 0.0, "FOULED_FLAGRANT_2": 0.0, "FOUL_INBOUND": 0.0, "FOULED_INBOUND": 0.0, "FOUL_LOOSE_BALL": 0.0, "FOULED_LOOSE_BALL": 0.09090909090909091, "FOUL_OFFENSIVE_CHARGE": 0.2, "FOULED_OFFENSIVE_CHARGE": 0.0, "FOUL_OFFENSIVE_OTHER": 0.0, "FOULED_OFFENSIVE_OTHER": 0.0, "FOUL_OFFENSIVE_TOTAL": 0.21052631578947367,