{"ASSIST": 0.18316831683168316, "BLOCK": 0.08333333333333333, "FG_ARC_3_ATTEMPT": 0.27586206896551724, "FG_ARC_3_BLOCK": 0.006896551724137931, "FG_ARC_3_MADE": 0.2, "FG_ARC_3_MADE_FOUL": 0.0, "FG_AT_RIM_ATTEMPT": 0.21764705882352942, "FG_AT_RIM_BLOCK": 0.03235294117647059, "FG_AT_RIM_MADE": 0.6216216216216216, "FG_AT_RIM_MADE_FOUL": 0.020588235294117647, "FG_CORNER_3_ATTEMPT": 0.2345679012345679, "FG_CORNER_3_BLOCK": 0.012345679012345678, "FG_CORNER_3_MADE": 0.2631578947368421, "FG_CORNER_3_MADE_FOUL": 0.0, "FG_LONG_MID_RANGE_ATTEMPT": 0.3870967741935484, "FG_LONG_MID_RANGE_BLOCK": 0.0, "FG_LONG_MID_RANGE_MADE": 0.20833333333333334, "FG_LONG_MID_RANGE_MADE_FOUL": 0.0, "FG_SHORT_MID_RANGE_ATTEMPT": 0.1111111111111111, "FG_SHORT_MID_RANGE_BLOCK": 0.02962962962962963, "FG_SHORT_MID_RANGE_MADE": 0.3333333333333333, "FG_SHORT_MID_RANGE_MADE_FOUL": 0.0, "FG_XY": {"ARC_3": {"212|116": 0.0125, "-158|195": 0.0125, "-13|247": 0.0125, "-167|176": 0.0125, "-188|183": 0.0125, "-97|237": 0.0125, "131|222": 0.0125, "-173|192": 0.0125, "0|267": 0.0125, "-1|282": 0.0125, "-77|247": 0.0125, "-34|269": 0.0125, "-60|259": 0.0125, "-145|241": 0.0125, "-190|153": 0.0125, "113|236": 0.0125, "192|173": 0.0125, "-183|176": 0.0125, "89|244": 0.0125, "-169|191": 0.0125, "27|268": 0.0125, "4|263": 0.0125, "-150|210": 0.0125, "-146|203": 0.0125, "-116|230": 0.0125, "-214|149": 0.0125, "-18|257": 0.0125, "115|230": 0.0125, "-168|178": 0.0125, "-145|220": 0.0125, "-156|201": 0.0125, "-82|251": 0.0125, "188|239": 0.0125, "-9|279": 0.0125, "-142|253": 0.0125, "-202|181": 0.0125, "42|277": 0.0125, "-49|261": 0.0125, "-20|262": 0.0125, "-169|183": 0.0125, "119|240": 0.0125, "-77|253": 0.0125, "38|248": 0.0125, "103|225": 0.0125, "197|150": 0.0125, "-152|209": 0.0125, "31|256": 0.0125, "189|196": 0.0125, "-190|168": 0.0125, "190|190": 0.0125, "-235|89": 0.0125, "-151|215": 0.0125, "159|199": 0.0125, "173|216": 0.0125, "129|237": 0.0125, "39|269": 0.0125, "145|211": 0.0125, "-197|148": 0.0125, "186|183": 0.0125, "114|225": 0.0125, "134|214": 0.0125, "76|249": 0.0125, "44|293": 0.0125, "-164|190": 0.0125, "86|250": 0.0125, "88|252": 0.0125, "130|234": 0.0125, "140|225": 0.0125, "125|227": 0.0125, "2|281": 0.0125, "-108|231": 0.0125, "119|243": 0.0125, "-140|215": 0.0125, "75|252": 0.0125, "-191|178": 0.0125, "-81|246": 0.0125, "-148|219": 0.0125, "142|232": 0.0125, "162|214": 0.0125, "138|225": 0.0125}, "AT_RIM": {"11|13": 0.013513513513513514, "4|12": 0.013513513513513514, "1|18": 0.013513513513513514, "-1|15": 0.013513513513513514, "7|10": 0.013513513513513514, "-17|26": 0.013513513513513514, "-20|13": 0.013513513513513514, "-17|10": 0.013513513513513514, "-22|5": 0.013513513513513514, "-16|26": 0.013513513513513514, "-10|14": 0.013513513513513514, "12|3": 0.013513513513513514, "-15|10": 0.013513513513513514, "2|35": 0.013513513513513514, "7|13": 0.013513513513513514, "-28|8": 0.013513513513513514, "11|27": 0.013513513513513514, "1|7": 0.013513513513513514, "23|9": 0.013513513513513514, "-20|9": 0.013513513513513514, "1|12": 0.013513513513513514, "-13|13": 0.02702702702702703, "-6|10": 0.013513513513513514, "4|16": 0.013513513513513514, "2|3": 0.013513513513513514, "6|32": 0.013513513513513514, "-7|11": 0.013513513513513514, "-4|9": 0.013513513513513514, "9|8": 0.013513513513513514, "-12|13": 0.013513513513513514, "22|10": 0.013513513513513514, "0|32": 0.013513513513513514, "34|11": 0.013513513513513514, "-13|12": 0.013513513513513514, "20|13": 0.013513513513513514, "-4|6": 0.013513513513513514, "16|11": 0.013513513513513514, "-9|25": 0.013513513513513514, "-11|5": 0.013513513513513514, "-5|16": 0.013513513513513514, "-21|12": 0.013513513513513514, "-10|8": 0.013513513513513514, "-23|20": 0.013513513513513514, "21|15": 0.013513513513513514, "9|7": 0.013513513513513514, "-6|5": 0.013513513513513514, "0|1": 0.013513513513513514, "2|6": 0.013513513513513514, "4|-1": 0.013513513513513514, "6|5": 0.013513513513513514, "-4|27": 0.013513513513513514, "-6|8": 0.013513513513513514, "13|18": 0.013513513513513514, "-9|5": 0.013513513513513514, "-1|6": 0.013513513513513514, "-10|0": 0.013513513513513514, "4|11": 0.013513513513513514, "6|11": 0.013513513513513514, "2|22": 0.013513513513513514, "2|5": 0.013513513513513514, "12|0": 0.013513513513513514, "-9|27": 0.013513513513513514, "-5|10": 0.013513513513513514, "17|-1": 0.013513513513513514, "-6|-3": 0.013513513513513514, "-16|6": 0.013513513513513514, "7|5": 0.013513513513513514, "22|11": 0.013513513513513514, "-25|-5": 0.013513513513513514, "-26|17": 0.013513513513513514, "-6|6": 0.013513513513513514, "-12|17": 0.013513513513513514, "25|20": 0.013513513513513514}, "CORNER_3": {"-222|18": 0.05263157894736842, "-230|36": 0.05263157894736842, "-235|23": 0.05263157894736842, "228|17": 0.05263157894736842, "-230|21": 0.05263157894736842, "-229|21": 0.05263157894736842, "-228|80": 0.05263157894736842, "232|32": 0.05263157894736842, "-233|41": 0.05263157894736842, "-229|12": 0.05263157894736842, "-222|26": 0.05263157894736842, "-229|43": 0.05263157894736842, "-221|13": 0.05263157894736842, "225|69": 0.05263157894736842, "-225|30": 0.05263157894736842, "230|50": 0.05263157894736842, "-232|-21": 0.05263157894736842, "-224|16": 0.05263157894736842, "241|33": 0.05263157894736842}, "LONG_MID_RANGE": {"21|168": 0.041666666666666664, "70|124": 0.041666666666666664, "25|202": 0.041666666666666664, "151|142": 0.041666666666666664, "40|211": 0.041666666666666664, "-45|164": 0.041666666666666664, "-25|148": 0.041666666666666664, "-33|209": 0.041666666666666664, "-37|173": 0.041666666666666664, "-69|167": 0.041666666666666664, "93|142": 0.041666666666666664, "-83|167": 0.041666666666666664, "33|203": 0.041666666666666664, "-175|94": 0.041666666666666664, "-17|183": 0.041666666666666664, "-176|80": 0.041666666666666664, "-1|192": 0.041666666666666664, "126|171": 0.041666666666666664, "-199|23": 0.041666666666666664, "-131|141": 0.041666666666666664, "113|145": 0.041666666666666664, "23|200": 0.041666666666666664, "-70|194": 0.041666666666666664, "195|40": 0.041666666666666664}, "SHORT_MID_RANGE": {"25|31": 0.06666666666666667, "1|59": 0.06666666666666667, "120|0": 0.06666666666666667, "-48|30": 0.06666666666666667, "39|11": 0.06666666666666667, "0|55": 0.06666666666666667, "-31|62": 0.06666666666666667, "113|62": 0.06666666666666667, "-23|84": 0.06666666666666667, "34|66": 0.06666666666666667, "40|31": 0.06666666666666667, "7|63": 0.06666666666666667, "114|58": 0.06666666666666667, "-18|41": 0.06666666666666667, "126|47": 0.06666666666666667}}, "FOUL_AWAY_FROM_PLAY": 0.0, "FOULED_AWAY_FROM_PLAY": 0.0, "FOUL_CLEAR_PATH": 0.0, "FOULED_CLEAR_PATH": 0.0, "FOUL_COUNT_AS_PERSONAL": 0.11650485436893204, "FOULED_COUNT_AS_PERSONAL": 0.211864406779661, "FOUL_COUNT_TOWARD_PENALTY": 0.10869565217391304, "FOULED_COUNT_TOWARD_PENALTY": 0.21428571428571427, "FOUL_DEFENSIVE_NON_SHOOTING": 0.13793103448275862, "FOULED_DEFENSIVE_NON_SHOOTING": 0.22330097087378642, "FOUL_DOUBLE": 0.0, "FOUL_TECHNICAL_DOUBLE": 0.0, "FOUL_FLAGRANT": 0.0, "FOULED_FLAGRANT": 0.5, "FOUL_FLAGRANT_1": 0.0, "FOULED_FLAGRANT_1": 0.5, "FOUL_FLAGRANT_2": 0.0, "FOULED_FLAGRANT_2": 0.0, "FOUL_INBOUND": 0.0, "FOULED_INBOUND": 0.0, "FOUL_LOOSE_BALL": 0.0, "FOULED_LOOSE_BALL": 0.0, "FOUL_OFFENSIVE_CHARGE": 0.42857142857142855, "FOULED_OFFENSIVE_CHARGE": 0.0, "FOUL_OFFENSIVE_OTHER": 0.0, "FOULED_OFFENSIVE_OTHER": 0.0, "FOUL_OFFENSIVE_TOTAL": 0.18181818181818182, "FOULED_OFFENSIVE_TOTAL": 0.19230769230769232, "FOUL_PERSONAL": 0.15151515151515152, "FOULED_PERSONAL": 0.23684210526315788, "FOUL_PERSONAL_BLOCK": 0.0, "FOULED_PERSONAL_BLOCK": 0.0, "FOUL_PERSONAL_TAKE": 0.09090909090909091, "FOULED_PERSONAL_TAKE": 0.2727272727272727, "FOUL_SHOOTING": 0.08247422680412371, "FOULED_SHOOTING": 0.205607476635514, "FOUL_SHOOTING_BLOCK": 0.0, "FOULED_SHOOTING_BLOCK": 0.0, "FOUL_TECHNICAL": 0.1, "FT": 0.8181818181818182, "REBOUND_DEFENSIVE": 0.08974358974358974, "REBOUND_OFFENSIVE": 0.008896797153024912,