{"ASSIST": 0.18888888888888888, "BLOCK": 0.14285714285714285, "FG_ARC_3_ATTEMPT": 0.1320754716981132, "FG_ARC_3_BLOCK": 0.009433962264150943, "FG_ARC_3_MADE": 0.42857142857142855, "FG_ARC_3_MADE_FOUL": 0.0, "FG_AT_RIM_ATTEMPT": 0.20869565217391303, "FG_AT_RIM_BLOCK": 0.02608695652173913, "FG_AT_RIM_MADE": 0.4583333333333333, "FG_AT_RIM_MADE_FOUL": 0.0, "FG_CORNER_3_ATTEMPT": 0.4375, "FG_CORNER_3_BLOCK": 0.03125, "FG_CORNER_3_MADE": 0.21428571428571427, "FG_CORNER_3_MADE_FOUL": 0.0, "FG_LONG_MID_RANGE_ATTEMPT": 0.029411764705882353, "FG_LONG_MID_RANGE_BLOCK": 0.0, "FG_LONG_MID_RANGE_MADE": 0.0, "FG_LONG_MID_RANGE_MADE_FOUL": 0.0, "FG_SHORT_MID_RANGE_ATTEMPT": 0.12987012987012986, "FG_SHORT_MID_RANGE_BLOCK": 0.025974025974025976, "FG_SHORT_MID_RANGE_MADE": 0.5, "FG_SHORT_MID_RANGE_MADE_FOUL": 0.012987012987012988, "FG_XY": {"ARC_3": {"-80|263": 0.07142857142857142, "94|246": 0.07142857142857142, "-202|132": 0.07142857142857142, "-234|92": 0.07142857142857142, "-175|193": 0.07142857142857142, "-2|306": 0.07142857142857142, "-47|264": 0.07142857142857142, "179|196": 0.07142857142857142, "-167|211": 0.07142857142857142, "-186|163": 0.07142857142857142, "129|210": 0.07142857142857142, "238|94": 0.07142857142857142, "-142|236": 0.07142857142857142, "-181|171": 0.07142857142857142}, "AT_RIM": {"4|8": 0.041666666666666664, "0|0": 0.041666666666666664, "0|-1": 0.041666666666666664, "-10|6": 0.041666666666666664, "-10|0": 0.041666666666666664, "-4|-10": 0.041666666666666664, "-17|8": 0.041666666666666664, "0|29": 0.041666666666666664, "-25|18": 0.041666666666666664, "-18|20": 0.041666666666666664, "15|4": 0.041666666666666664, "-21|25": 0.041666666666666664, "-7|21": 0.041666666666666664, "22|15": 0.041666666666666664, "0|4": 0.041666666666666664, "-23|10": 0.041666666666666664, "22|4": 0.041666666666666664, "21|-7": 0.041666666666666664, "15|-2": 0.041666666666666664, "-11|6": 0.041666666666666664, "10|36": 0.041666666666666664, "-26|-6": 0.041666666666666664, "0|25": 0.041666666666666664, "29|8": 0.041666666666666664}, "CORNER_3": {"219|16": 0.07142857142857142, "234|5": 0.07142857142857142, "225|-16": 0.07142857142857142, "-235|18": 0.07142857142857142, "-232|0": 0.07142857142857142, "227|31": 0.07142857142857142, "-232|29": 0.07142857142857142, "-235|-11": 0.07142857142857142, "-234|20": 0.07142857142857142, "-238|-13": 0.07142857142857142, "234|21": 0.07142857142857142, "-232|67": 0.07142857142857142, "235|21": 0.07142857142857142, "-228|-23": 0.07142857142857142}, "LONG_MID_RANGE": {"88|122": 1.0}, "SHORT_MID_RANGE": {"88|89": 0.1, "-49|-1": 0.1, "-10|68": 0.1, "21|56": 0.1, "28|29": 0.1, "-34|64": 0.1, "37|133": 0.1, "-109|83": 0.1, "-45|17": 0.1, "-47|25": 0.1}}, "FOUL_AWAY_FROM_PLAY": 0.0, "FOULED_AWAY_FROM_PLAY": 0.0, "FOUL_CLEAR_PATH": 0.0, "FOULED_CLEAR_PATH": 0.0, "FOUL_COUNT_AS_PERSONAL": 0.2602739726027397, "FOULED_COUNT_AS_PERSONAL": 0.2345679012345679, "FOUL_COUNT_TOWARD_PENALTY": 0.2608695652173913, "FOULED_COUNT_TOWARD_PENALTY": 0.23943661971830985, "FOUL_DEFENSIVE_NON_SHOOTING": 0.23529411764705882, "FOULED_DEFENSIVE_NON_SHOOTING": 0.16, "FOUL_DOUBLE": 0.0, "FOUL_TECHNICAL_DOUBLE": 0.0, "FOUL_FLAGRANT": 0.0, "FOULED_FLAGRANT": 0.0, "FOUL_FLAGRANT_1": 0.0, "FOULED_FLAGRANT_1": 0.0, "FOUL_FLAGRANT_2": 0.0, "FOULED_FLAGRANT_2": 0.0, "FOUL_INBOUND": 0.0, "FOULED_INBOUND": 0.0, "FOUL_LOOSE_BALL": 0.0, "FOULED_LOOSE_BALL": 0.0, "FOUL_OFFENSIVE_CHARGE": 1.0, "FOULED_OFFENSIVE_CHARGE": 0.5, "FOUL_OFFENSIVE_OTHER": 0.0, "FOULED_OFFENSIVE_OTHER": 0.0, "FOUL_OFFENSIVE_TOTAL": 0.25, "FOULED_OFFENSIVE_TOTAL": 0.2, "FOUL_PERSONAL": 0.2727272727272727, "FOULED_PERSONAL": 0.14285714285714285, "FOUL_PERSONAL_BLOCK": 0.0, "FOULED_PERSONAL_BLOCK": 0.0, "FOUL_PERSONAL_TAKE": 0.2222222222222222, "FOULED_PERSONAL_TAKE": 0.5, "FOUL_SHOOTING": 0.2857142857142857, "FOULED_SHOOTING": 0.2826086956521739, "FOUL_SHOOTING_BLOCK": 0.0, "FOULED_SHOOTING_BLOCK": 0.0, "FOUL_TECHNICAL": 0.0, "FT": 0.8518518518518519, "REBOUND_DEFENSIVE": 0.19597989949748743, "REBOUND_OFFENSIVE": 0.05531914893617021, "STEAL": 0.2692307692307692, "SHOT_TYPE_ARC_3_OFFENSIVE": 0.29120879120879123, "SHOT_TYPE_ARC_3_DEFENSIVE": 0.2962962962962963, "SHOT_TYPE_AT_RIM_OFFENSIVE": 0.3159340659340659, "SHOT_TYPE_AT_RIM_DEFENSIVE": 0.27635327635327633, "SHOT_TYPE_CORNER_3_OFFENSIVE": 0.08791208791208792, "SHOT_TYPE_CORNER_3_DEFENSIVE": 0.09401709401709402, "SHOT_TYPE_LONG_MID_RANGE_OFFENSIVE": 0.09340659340659341, "SHOT_TYPE_LONG_MID_RANGE_DEFENSIVE": 0.10541310541310542, "SHOT_TYPE_SHORT_MID_RANGE_OFFENSIVE": 0.21153846153846154, "SHOT_TYPE_SHORT_MID_RANGE_DEFENSIVE": 0.22792022792022792, "TURNOVER": 0.22388059701492538, "VIOLATION_DEFENSIVE_GOALTENDING": 0.0, "VIOLATION_DEFENSIVE_KICK_BALL": 0.0}