{"ASSIST": 0.35, "BLOCK": 0.8571428571428571, "FG_ARC_3_ATTEMPT": 0.3225806451612903, "FG_ARC_3_BLOCK": 0.0, "FG_ARC_3_MADE": 0.3, "FG_ARC_3_MADE_FOUL": 0.0, "FG_AT_RIM_ATTEMPT": 0.1875, "FG_AT_RIM_BLOCK": 0.03125, "FG_AT_RIM_MADE": 0.5, "FG_AT_RIM_MADE_FOUL": 0.0, "FG_CORNER_3_ATTEMPT": 0.3181818181818182, "FG_CORNER_3_BLOCK": 0.0, "FG_CORNER_3_MADE": 0.2857142857142857, "FG_CORNER_3_MADE_FOUL": 0.0, "FG_LONG_MID_RANGE_ATTEMPT": 0.5, "FG_LONG_MID_RANGE_BLOCK": 0.0, "FG_LONG_MID_RANGE_MADE": 0.0, "FG_LONG_MID_RANGE_MADE_FOUL": 0.0, "FG_SHORT_MID_RANGE_ATTEMPT": 0.3888888888888889, "FG_SHORT_MID_RANGE_BLOCK": 0.0, "FG_SHORT_MID_RANGE_MADE": 0.42857142857142855, "FG_SHORT_MID_RANGE_MADE_FOUL": 0.0, "FG_XY": {"ARC_3": {"225|105": 0.1, "-195|151": 0.1, "141|235": 0.1, "132|224": 0.1, "-74|256": 0.1, "184|159": 0.1, "-132|226": 0.1, "-70|257": 0.1, "-103|240": 0.1, "115|241": 0.1}, "AT_RIM": {"23|1": 0.16666666666666666, "11|27": 0.16666666666666666, "-21|29": 0.16666666666666666, "23|6": 0.16666666666666666, "23|7": 0.16666666666666666, "6|27": 0.16666666666666666}, "CORNER_3": {"229|21": 0.14285714285714285, "-224|-1": 0.14285714285714285, "230|43": 0.14285714285714285, "233|78": 0.14285714285714285, "223|-8": 0.14285714285714285, "-230|2": 0.14285714285714285, "234|8": 0.14285714285714285}, "LONG_MID_RANGE": {"27|148": 1.0}, "SHORT_MID_RANGE": {"-18|42": 0.14285714285714285, "-69|79": 0.14285714285714285, "27|36": 0.14285714285714285, "59|47": 0.14285714285714285, "58|20": 0.14285714285714285, "135|34": 0.14285714285714285, "-6|52": 0.14285714285714285}}, "FOUL_AWAY_FROM_PLAY": 0.0, "FOULED_AWAY_FROM_PLAY": 0.0, "FOUL_CLEAR_PATH": 0.0, "FOULED_CLEAR_PATH": 0.0, "FOUL_COUNT_AS_PERSONAL": 0.40625, "FOULED_COUNT_AS_PERSONAL": 0.08333333333333333, "FOUL_COUNT_TOWARD_PENALTY": 0.4, "FOULED_COUNT_TOWARD_PENALTY": 0.08333333333333333, "FOUL_DEFENSIVE_NON_SHOOTING": 0.3333333333333333, "FOULED_DEFENSIVE_NON_SHOOTING": 0.0, "FOUL_DOUBLE": 0.0, "FOUL_TECHNICAL_DOUBLE": 0.0, "FOUL_FLAGRANT": 0.0, "FOULED_FLAGRANT": 0.0, "FOUL_FLAGRANT_1": 0.0, "FOULED_FLAGRANT_1": 0.0, "FOUL_FLAGRANT_2": 0.0, "FOULED_FLAGRANT_2": 0.0, "FOUL_INBOUND": 0.0, "FOULED_INBOUND": 0.0, "FOUL_LOOSE_BALL": 0.0, "FOULED_LOOSE_BALL": 0.0, "FOUL_OFFENSIVE_CHARGE": 0.0, "FOULED_OFFENSIVE_CHARGE": 0.0, "FOUL_OFFENSIVE_OTHER": 0.0, "FOULED_OFFENSIVE_OTHER": 0.0, "FOUL_OFFENSIVE_TOTAL": 0.5, "FOULED_OFFENSIVE_TOTAL": 0.0, "FOUL_PERSONAL": 0.36363636363636365, "FOULED_PERSONAL": 0.0, "FOUL_PERSONAL_BLOCK": 0.0, "FOULED_PERSONAL_BLOCK": 0.0, "FOUL_PERSONAL_TAKE": 0.3333333333333333, "FOULED_PERSONAL_TAKE": 0.0, "FOUL_SHOOTING": 0.4666666666666667, "FOULED_SHOOTING": 0.15384615384615385, "FOUL_SHOOTING_BLOCK": 0.0, "FOULED_SHOOTING_BLOCK": 0.0, "FOUL_TECHNICAL": 0.0, "FT": 0.5, "REBOUND_DEFENSIVE": 0.0958904109589041, "REBOUND_OFFENSIVE": 0.0, "STEAL": 0.2222222222222222, "SHOT_TYPE_ARC_3_OFFENSIVE": 0.29523809523809524, "SHOT_TYPE_ARC_3_DEFENSIVE": 0.30578512396694213, "SHOT_TYPE_AT_RIM_OFFENSIVE": 0.3047619047619048, "SHOT_TYPE_AT_RIM_DEFENSIVE": 0.2727272727272727, "SHOT_TYPE_CORNER_3_OFFENSIVE": 0.20952380952380953, "SHOT_TYPE_CORNER_3_DEFENSIVE": 0.06611570247933884, "SHOT_TYPE_LONG_MID_RANGE_OFFENSIVE": 0.01904761904761905, "SHOT_TYPE_LONG_MID_RANGE_DEFENSIVE": 0.1322314049586777, "SHOT_TYPE_SHORT_MID_RANGE_OFFENSIVE": 0.17142857142857143, "SHOT_TYPE_SHORT_MID_RANGE_DEFENSIVE": 0.2231404958677686, "TURNOVER": 0.23333333333333334, "VIOLATION_DEFENSIVE_GOALTENDING": 0.0, "VIOLATION_DEFENSIVE_KICK_BALL": 0.0}