{"ASSIST": 0.0935672514619883, "BLOCK": 0.18421052631578946, "FG_ARC_3_ATTEMPT": 0.11553784860557768, "FG_ARC_3_BLOCK": 0.0, "FG_ARC_3_MADE": 0.20689655172413793, "FG_ARC_3_MADE_FOUL": 0.0, "FG_AT_RIM_ATTEMPT": 0.1206896551724138, "FG_AT_RIM_BLOCK": 0.03017241379310345, "FG_AT_RIM_MADE": 0.32142857142857145, "FG_AT_RIM_MADE_FOUL": 0.004310344827586207, "FG_CORNER_3_ATTEMPT": 0.2077922077922078, "FG_CORNER_3_BLOCK": 0.0, "FG_CORNER_3_MADE": 0.25, "FG_CORNER_3_MADE_FOUL": 0.0, "FG_LONG_MID_RANGE_ATTEMPT": 0.058823529411764705, "FG_LONG_MID_RANGE_BLOCK": 0.0, "FG_LONG_MID_RANGE_MADE": 0.0, "FG_LONG_MID_RANGE_MADE_FOUL": 0.0, "FG_SHORT_MID_RANGE_ATTEMPT": 0.054878048780487805, "FG_SHORT_MID_RANGE_BLOCK": 0.024390243902439025, "FG_SHORT_MID_RANGE_MADE": 0.1111111111111111, "FG_SHORT_MID_RANGE_MADE_FOUL": 0.0, "FG_XY": {"ARC_3": {"4|256": 0.034482758620689655, "38|246": 0.034482758620689655, "59|267": 0.034482758620689655, "181|169": 0.034482758620689655, "105|238": 0.034482758620689655, "-64|253": 0.034482758620689655, "-21|259": 0.034482758620689655, "-13|278": 0.034482758620689655, "49|257": 0.034482758620689655, "18|251": 0.034482758620689655, "-206|144": 0.034482758620689655, "-20|253": 0.034482758620689655, "-156|252": 0.034482758620689655, "219|137": 0.034482758620689655, "-185|162": 0.034482758620689655, "-159|187": 0.034482758620689655, "-113|222": 0.034482758620689655, "-169|214": 0.034482758620689655, "201|184": 0.034482758620689655, "-175|193": 0.034482758620689655, "219|124": 0.034482758620689655, "234|103": 0.034482758620689655, "211|149": 0.034482758620689655, "132|206": 0.034482758620689655, "-170|194": 0.034482758620689655, "-34|267": 0.034482758620689655, "94|237": 0.034482758620689655, "-207|157": 0.034482758620689655, "-135|225": 0.034482758620689655}, "AT_RIM": {"33|0": 0.03571428571428571, "1|11": 0.03571428571428571, "22|27": 0.03571428571428571, "-7|34": 0.03571428571428571, "-20|6": 0.03571428571428571, "0|0": 0.17857142857142858, "-6|-2": 0.03571428571428571, "16|-7": 0.03571428571428571, "10|0": 0.03571428571428571, "-7|12": 0.03571428571428571, "-7|8": 0.03571428571428571, "9|12": 0.03571428571428571, "-7|6": 0.03571428571428571, "-17|-4": 0.03571428571428571, "6|16": 0.03571428571428571, "-12|1": 0.03571428571428571, "1|8": 0.03571428571428571, "22|32": 0.03571428571428571, "-12|0": 0.03571428571428571, "1|4": 0.03571428571428571, "16|20": 0.03571428571428571, "17|13": 0.03571428571428571, "-7|-6": 0.03571428571428571, "-6|22": 0.03571428571428571}, "CORNER_3": {"230|31": 0.0625, "225|62": 0.0625, "224|-16": 0.0625, "233|25": 0.0625, "-222|-12": 0.0625, "-224|-27": 0.125, "229|-16": 0.0625, "-232|-1": 0.0625, "-228|-20": 0.0625, "-228|-17": 0.0625, "-225|5": 0.0625, "-228|0": 0.0625, "-227|4": 0.0625, "-234|0": 0.0625, "223|-11": 0.0625}, "LONG_MID_RANGE": {"138|48": 0.3333333333333333, "-51|155": 0.3333333333333333, "21|141": 0.3333333333333333}, "SHORT_MID_RANGE": {"-7|63": 0.1111111111111111, "-38|68": 0.1111111111111111, "-45|27": 0.1111111111111111, "109|35": 0.1111111111111111, "54|27": 0.1111111111111111, "-21|61": 0.1111111111111111, "-51|83": 0.1111111111111111, "102|-1": 0.1111111111111111, "34|21": 0.1111111111111111}}, "FOUL_AWAY_FROM_PLAY": 0.0, "FOULED_AWAY_FROM_PLAY": 0.0, "FOUL_CLEAR_PATH": 0.0, "FOULED_CLEAR_PATH": 1.0, "FOUL_COUNT_AS_PERSONAL": 0.19402985074626866, "FOULED_COUNT_AS_PERSONAL": 0.1092436974789916, "FOUL_COUNT_TOWARD_PENALTY": 0.19672131147540983, "FOULED_COUNT_TOWARD_PENALTY": 0.08571428571428572, "FOUL_DEFENSIVE_NON_SHOOTING": 0.14285714285714285, "FOULED_DEFENSIVE_NON_SHOOTING": 0.0851063829787234, "FOUL_DOUBLE": 0.0, "FOUL_TECHNICAL_DOUBLE": 0.0, "FOUL_FLAGRANT": 0.0, "FOULED_FLAGRANT": 0.0, "FOUL_FLAGRANT_1": 0.0, "FOULED_FLAGRANT_1": 0.0, "FOUL_FLAGRANT_2": 0.0, "FOULED_FLAGRANT_2": 0.0, "FOUL_INBOUND": 0.0, "FOULED_INBOUND": 0.0, "FOUL_LOOSE_BALL": 0.0, "FOULED_LOOSE_BALL": 0.0, "FOUL_OFFENSIVE_CHARGE": 0.0, "FOULED_OFFENSIVE_CHARGE": 0.5, "FOUL_OFFENSIVE_OTHER": 0.0, "FOULED_OFFENSIVE_OTHER": 0.0, "FOUL_OFFENSIVE_TOTAL": 0.16666666666666666, "FOULED_OFFENSIVE_TOTAL": 0.2857142857142857, "FOUL_PERSONAL": 0.18421052631578946, "FOULED_PERSONAL": 0.03225806451612903, "FOUL_PERSONAL_BLOCK": 0.0, "FOULED_PERSONAL_BLOCK": 0.0, "FOUL_PERSONAL_TAKE": 0.07142857142857142, "FOULED_PERSONAL_TAKE": 0.2222222222222222, "FOUL_SHOOTING": 0.24242424242424243, "FOULED_SHOOTING": 0.08620689655172414, "FOUL_SHOOTING_BLOCK": 0.0, "FOULED_SHOOTING_BLOCK": 0.0, "FOUL_TECHNICAL": 0.0, "FT": 0.6363636363636364, "REBOUND_DEFENSIVE": 0.17312072892938496, "REBOUND_OFFENSIVE": 0.06196581196581197, "STEAL": 0.21818181818181817, "SHOT_TYPE_ARC_3_OFFENSIVE": 0.32387096774193547, "SHOT_TYPE_ARC_3_DEFENSIVE": 0.3241469816272966, "SHOT_TYPE_AT_RIM_OFFENSIVE": 0.29935483870967744, "SHOT_TYPE_AT_RIM_DEFENSIVE": 0.2795275590551181, "SHOT_TYPE_CORNER_3_OFFENSIVE": 0.09935483870967741, "SHOT_TYPE_CORNER_3_DEFENSIVE": 0.13123359580052493, "SHOT_TYPE_LONG_MID_RANGE_OFFENSIVE": 0.06580645161290323, "SHOT_TYPE_LONG_MID_RANGE_DEFENSIVE": 0.08398950131233596, "SHOT_TYPE_SHORT_MID_RANGE_OFFENSIVE": 0.21161290322580645, "SHOT_TYPE_SHORT_MID_RANGE_DEFENSIVE": 0.18110236220472442, "TURNOVER": 0.1504424778761062, "VIOLATION_DEFENSIVE_GOALTENDING": 0.0, "VIOLATION_DEFENSIVE_KICK_BALL": 0.0}