{"ASSIST": 0.12121212121212122, "BLOCK": 0.47368421052631576, "FG_ARC_3_ATTEMPT": 0.0641025641025641, "FG_ARC_3_BLOCK": 0.0, "FG_ARC_3_MADE": 1.0, "FG_ARC_3_MADE_FOUL": 0.0, "FG_AT_RIM_ATTEMPT": 0.22727272727272727, "FG_AT_RIM_BLOCK": 0.06060606060606061, "FG_AT_RIM_MADE": 0.6, "FG_AT_RIM_MADE_FOUL": 0.0, "FG_CORNER_3_ATTEMPT": 0.12, "FG_CORNER_3_BLOCK": 0.0, "FG_CORNER_3_MADE": 0.0, "FG_CORNER_3_MADE_FOUL": 0.0, "FG_LONG_MID_RANGE_ATTEMPT": 0.09523809523809523, "FG_LONG_MID_RANGE_BLOCK": 0.0, "FG_LONG_MID_RANGE_MADE": 0.5, "FG_LONG_MID_RANGE_MADE_FOUL": 0.047619047619047616, "FG_SHORT_MID_RANGE_ATTEMPT": 0.11428571428571428, "FG_SHORT_MID_RANGE_BLOCK": 0.0, "FG_SHORT_MID_RANGE_MADE": 0.125, "FG_SHORT_MID_RANGE_MADE_FOUL": 0.0, "FG_XY": {"ARC_3": {"176|224": 0.2, "-194|193": 0.2, "154|195": 0.2, "-190|168": 0.2, "-169|186": 0.2}, "AT_RIM": {"27|7": 0.06666666666666667, "17|29": 0.06666666666666667, "0|0": 0.4, "34|16": 0.06666666666666667, "-6|21": 0.06666666666666667, "-5|6": 0.06666666666666667, "5|5": 0.06666666666666667, "-5|-1": 0.06666666666666667, "10|-4": 0.06666666666666667, "22|11": 0.06666666666666667}, "CORNER_3": {"-241|74": 0.3333333333333333, "-235|-19": 0.3333333333333333, "-232|8": 0.3333333333333333}, "LONG_MID_RANGE": {"-42|199": 0.5, "85|162": 0.5}, "SHORT_MID_RANGE": {"-4|107": 0.125, "-25|68": 0.125, "56|23": 0.125, "-29|31": 0.125, "96|48": 0.125, "-25|46": 0.125, "-74|81": 0.125, "76|57": 0.125}}, "FOUL_AWAY_FROM_PLAY": 0.0, "FOULED_AWAY_FROM_PLAY": 0.0, "FOUL_CLEAR_PATH": 0.0, "FOULED_CLEAR_PATH": 0.0, "FOUL_COUNT_AS_PERSONAL": 0.3559322033898305, "FOULED_COUNT_AS_PERSONAL": 0.08888888888888889, "FOUL_COUNT_TOWARD_PENALTY": 0.35185185185185186, "FOULED_COUNT_TOWARD_PENALTY": 0.06976744186046512, "FOUL_DEFENSIVE_NON_SHOOTING": 0.3103448275862069, "FOULED_DEFENSIVE_NON_SHOOTING": 0.14285714285714285, "FOUL_DOUBLE": 0.0, "FOUL_TECHNICAL_DOUBLE": 0.0, "FOUL_FLAGRANT": 0.0, "FOULED_FLAGRANT": 0.0, "FOUL_FLAGRANT_1": 0.0, "FOULED_FLAGRANT_1": 0.0, "FOUL_FLAGRANT_2": 0.0, "FOULED_FLAGRANT_2": 0.0, "FOUL_INBOUND": 0.0, "FOULED_INBOUND": 0.0, "FOUL_LOOSE_BALL": 0.0, "FOULED_LOOSE_BALL": 0.5, "FOUL_OFFENSIVE_CHARGE": 0.0, "FOULED_OFFENSIVE_CHARGE": 0.0, "FOUL_OFFENSIVE_OTHER": 0.0, "FOULED_OFFENSIVE_OTHER": 0.0, "FOUL_OFFENSIVE_TOTAL": 0.4, "FOULED_OFFENSIVE_TOTAL": 0.5, "FOUL_PERSONAL": 0.2916666666666667, "FOULED_PERSONAL": 0.125, "FOUL_PERSONAL_BLOCK": 0.0, "FOULED_PERSONAL_BLOCK": 0.0, "FOUL_PERSONAL_TAKE": 0.0, "FOULED_PERSONAL_TAKE": 0.0, "FOUL_SHOOTING": 0.4, "FOULED_SHOOTING": 0.0, "FOUL_SHOOTING_BLOCK": 0.0, "FOULED_SHOOTING_BLOCK": 0.0, "FOUL_TECHNICAL": 0.0, "FT": 0.0, "REBOUND_DEFENSIVE": 0.17054263565891473, "REBOUND_OFFENSIVE": 0.11267605633802817, "STEAL": 0.42857142857142855, "SHOT_TYPE_ARC_3_OFFENSIVE": 0.3, "SHOT_TYPE_ARC_3_DEFENSIVE": 0.29571984435797666, "SHOT_TYPE_AT_RIM_OFFENSIVE": 0.25384615384615383, "SHOT_TYPE_AT_RIM_DEFENSIVE": 0.29961089494163423, "SHOT_TYPE_CORNER_3_OFFENSIVE": 0.09615384615384616, "SHOT_TYPE_CORNER_3_DEFENSIVE": 0.1245136186770428, "SHOT_TYPE_LONG_MID_RANGE_OFFENSIVE": 0.08076923076923077, "SHOT_TYPE_LONG_MID_RANGE_DEFENSIVE": 0.0622568093385214, "SHOT_TYPE_SHORT_MID_RANGE_OFFENSIVE": 0.2692307692307692, "SHOT_TYPE_SHORT_MID_RANGE_DEFENSIVE": 0.2178988326848249, "TURNOVER": 0.13953488372093023, "VIOLATION_DEFENSIVE_GOALTENDING": 0.0, "VIOLATION_DEFENSIVE_KICK_BALL": 0.3333333333333333}