{
  "ASSIST": 0.3022222222222222,
  "BLOCK": 0.08695652173913043,
  "FG_ARC_3_ATTEMPT": 0.2903225806451613,
  "FG_ARC_3_BLOCK": 0.0,
  "FG_ARC_3_MADE": 0.43333333333333335,
  "FG_ARC_3_MADE_FOUL": 0.0,
  "FG_AT_RIM_ATTEMPT": 0.21311475409836064,
  "FG_AT_RIM_BLOCK": 0.020491803278688523,
  "FG_AT_RIM_MADE": 0.75,
  "FG_AT_RIM_MADE_FOUL": 0.00819672131147541,
  "FG_CORNER_3_ATTEMPT": 0.15384615384615385,
  "FG_CORNER_3_BLOCK": 0.0,
  "FG_CORNER_3_MADE": 0.5833333333333334,
  "FG_CORNER_3_MADE_FOUL": 0.0,
  "FG_LONG_MID_RANGE_ATTEMPT": 0.3707865168539326,
  "FG_LONG_MID_RANGE_BLOCK": 0.0,
  "FG_LONG_MID_RANGE_MADE": 0.24242424242424243,
  "FG_LONG_MID_RANGE_MADE_FOUL": 0.0,
  "FG_SHORT_MID_RANGE_ATTEMPT": 0.24390243902439024,
  "FG_SHORT_MID_RANGE_BLOCK": 0.024390243902439025,
  "FG_SHORT_MID_RANGE_MADE": 0.5,
  "FG_SHORT_MID_RANGE_MADE_FOUL": 0.004878048780487805,
  "FG_XY": {
    "ARC_3": {
      "173|172": 0.011111111111111112,
      "130|230": 0.011111111111111112,
      "-157|209": 0.011111111111111112,
      "-21|264": 0.011111111111111112,
      "34|253": 0.011111111111111112,
      "-10|280": 0.011111111111111112,
      "-142|215": 0.011111111111111112,
      "214|136": 0.011111111111111112,
      "146|227": 0.011111111111111112,
      "179|206": 0.011111111111111112,
      "23|255": 0.011111111111111112,
      "-1|252": 0.011111111111111112,
      "7|248": 0.011111111111111112,
      "-150|205": 0.011111111111111112,
      "173|194": 0.011111111111111112,
      "-169|193": 0.011111111111111112,
      "-53|258": 0.011111111111111112,
      "-129|239": 0.011111111111111112,
      "-67|248": 0.011111111111111112,
      "-70|260": 0.011111111111111112,
      "110|233": 0.011111111111111112,
      "-138|220": 0.011111111111111112,
      "-159|233": 0.011111111111111112,
      "105|235": 0.011111111111111112,
      "-130|234": 0.011111111111111112,
      "59|245": 0.011111111111111112,
      "77|249": 0.011111111111111112,
      "102|239": 0.011111111111111112,
      "5|257": 0.011111111111111112,
      "162|193": 0.011111111111111112,
      "127|240": 0.011111111111111112,
      "-93|226": 0.011111111111111112,
      "116|230": 0.011111111111111112,
      "48|253": 0.011111111111111112,
      "140|209": 0.011111111111111112,
      "157|197": 0.011111111111111112,
      "-114|224": 0.011111111111111112,
      "97|237": 0.011111111111111112,
      "127|215": 0.011111111111111112,
      "-105|235": 0.011111111111111112,
      "-115|224": 0.011111111111111112,
      "-146|206": 0.011111111111111112,
      "-62|247": 0.011111111111111112,
      "-163|199": 0.011111111111111112,
      "-183|179": 0.011111111111111112,
      "-184|173": 0.011111111111111112,
      "116|227": 0.011111111111111112,
      "-199|159": 0.011111111111111112,
      "-26|257": 0.011111111111111112,
      "-23|253": 0.011111111111111112,
      "146|219": 0.011111111111111112,
      "102|242": 0.011111111111111112,
      "-82|246": 0.011111111111111112,
      "5|271": 0.011111111111111112,
      "4|257": 0.011111111111111112,
      "119|223": 0.011111111111111112,
      "-12|253": 0.011111111111111112,
      "-142|226": 0.011111111111111112,
      "-2|257": 0.011111111111111112,
      "-64|278": 0.011111111111111112,
      "27|264": 0.011111111111111112,
      "103|231": 0.011111111111111112,
      "229|105": 0.011111111111111112,
      "110|243": 0.011111111111111112,
      "-91|248": 0.011111111111111112,
      "116|243": 0.011111111111111112,
      "140|228": 0.011111111111111112,
      "-137|244": 0.011111111111111112,
      "59|243": 0.011111111111111112,
      "-74|235": 0.011111111111111112,
      "151|204": 0.011111111111111112,
      "31|250": 0.011111111111111112,
      "40|242": 0.011111111111111112,
      "69|245": 0.011111111111111112,
      "183|164": 0.011111111111111112,
      "202|153": 0.011111111111111112,
      "224|109": 0.011111111111111112,
      "-185|180": 0.011111111111111112,
      "-116|231": 0.011111111111111112,
      "-7|256": 0.011111111111111112,
      "-134|213": 0.011111111111111112,
      "153|199": 0.011111111111111112,
      "232|118": 0.011111111111111112,
      "-132|209": 0.011111111111111112,
      "113|235": 0.011111111111111112,
      "-21|250": 0.011111111111111112,
      "-18|257": 0.011111111111111112,
      "-237|90": 0.011111111111111112,
      "232|116": 0.011111111111111112,
      "-148|204": 0.011111111111111112
    },
    "AT_RIM": {
      "-12|11": 0.019230769230769232,
      "16|4": 0.019230769230769232,
      "-15|10": 0.019230769230769232,
      "-25|1": 0.019230769230769232,
      "-5|16": 0.019230769230769232,
      "-6|22": 0.019230769230769232,
      "37|13": 0.019230769230769232,
      "-36|12": 0.019230769230769232,
      "-22|10": 0.019230769230769232,
      "-13|5": 0.019230769230769232,
      "6|17": 0.019230769230769232,
      "10|4": 0.019230769230769232,
      "-25|9": 0.038461538461538464,
      "-10|10": 0.019230769230769232,
      "20|18": 0.019230769230769232,
      "0|26": 0.019230769230769232,
      "10|11": 0.019230769230769232,
      "10|6": 0.019230769230769232,
      "-9|18": 0.019230769230769232,
      "-27|9": 0.019230769230769232,
      "20|11": 0.019230769230769232,
      "6|6": 0.019230769230769232,
      "-20|11": 0.019230769230769232,
      "-23|6": 0.019230769230769232,
      "-15|16": 0.019230769230769232,
      "-31|8": 0.019230769230769232,
      "-32|10": 0.019230769230769232,
      "-18|16": 0.019230769230769232,
      "26|6": 0.019230769230769232,
      "-21|11": 0.019230769230769232,
      "-16|9": 0.019230769230769232,
      "-18|6": 0.019230769230769232,
      "12|8": 0.019230769230769232,
      "-5|-1": 0.019230769230769232,
      "1|8": 0.019230769230769232,
      "1|12": 0.019230769230769232,
      "15|-4": 0.019230769230769232,
      "-4|7": 0.019230769230769232,
      "-29|26": 0.019230769230769232,
      "20|8": 0.019230769230769232,
      "-17|17": 0.019230769230769232,
      "-17|13": 0.019230769230769232,
      "11|4": 0.019230769230769232,
      "-38|1": 0.019230769230769232,
      "22|4": 0.019230769230769232,
      "16|8": 0.019230769230769232,
      "-15|5": 0.019230769230769232,
      "26|16": 0.019230769230769232,
      "20|7": 0.019230769230769232,
      "-29|7": 0.019230769230769232,
      "-21|8": 0.019230769230769232
    },
    "CORNER_3": {
      "-228|-4": 0.08333333333333333,
      "233|17": 0.08333333333333333,
      "235|18": 0.08333333333333333,
      "-229|5": 0.08333333333333333,
      "-233|69": 0.08333333333333333,
      "230|20": 0.08333333333333333,
      "-234|5": 0.08333333333333333,
      "-235|63": 0.08333333333333333,
      "-225|6": 0.08333333333333333,
      "-229|31": 0.08333333333333333,
      "-237|26": 0.08333333333333333,
      "-233|11": 0.08333333333333333
    },
    "LONG_MID_RANGE": {
      "107|138": 0.030303030303030304,
      "-112|165": 0.030303030303030304,
      "-83|114": 0.030303030303030304,
      "45|180": 0.030303030303030304,
      "22|194": 0.030303030303030304,
      "148|101": 0.030303030303030304,
      "82|153": 0.030303030303030304,
      "64|135": 0.030303030303030304,
      "56|146": 0.030303030303030304,
      "-121|132": 0.030303030303030304,
      "29|180": 0.030303030303030304,
      "135|130": 0.030303030303030304,
      "-112|178": 0.030303030303030304,
      "-148|109": 0.030303030303030304,
      "26|194": 0.030303030303030304,
      "1|157": 0.030303030303030304,
      "-142|107": 0.030303030303030304,
      "-87|175": 0.030303030303030304,
      "116|147": 0.030303030303030304,
      "123|104": 0.030303030303030304,
      "-116|117": 0.030303030303030304,
      "118|131": 0.030303030303030304,
      "109|179": 0.030303030303030304,
      "100|159": 0.030303030303030304,
      "-152|51": 0.030303030303030304,
      "-80|134": 0.030303030303030304,
      "146|5": 0.030303030303030304,
      "-124|174": 0.030303030303030304,
      "97|146": 0.030303030303030304,
      "-129|170": 0.030303030303030304,