{"ASSIST": 0.29411764705882354, "BLOCK": 0.11764705882352941, "FG_ARC_3_ATTEMPT": 0.24742268041237114, "FG_ARC_3_BLOCK": 0.0, "FG_ARC_3_MADE": 0.20833333333333334, "FG_ARC_3_MADE_FOUL": 0.0, "FG_AT_RIM_ATTEMPT": 0.23076923076923078, "FG_AT_RIM_BLOCK": 0.038461538461538464, "FG_AT_RIM_MADE": 0.5833333333333334, "FG_AT_RIM_MADE_FOUL": 0.019230769230769232, "FG_CORNER_3_ATTEMPT": 0.21428571428571427, "FG_CORNER_3_BLOCK": 0.0, "FG_CORNER_3_MADE": 0.6666666666666666, "FG_CORNER_3_MADE_FOUL": 0.0, "FG_LONG_MID_RANGE_ATTEMPT": 0.16666666666666666, "FG_LONG_MID_RANGE_BLOCK": 0.0, "FG_LONG_MID_RANGE_MADE": 0.42857142857142855, "FG_LONG_MID_RANGE_MADE_FOUL": 0.0, "FG_SHORT_MID_RANGE_ATTEMPT": 0.1346153846153846, "FG_SHORT_MID_RANGE_BLOCK": 0.019230769230769232, "FG_SHORT_MID_RANGE_MADE": 0.42857142857142855, "FG_SHORT_MID_RANGE_MADE_FOUL": 0.019230769230769232, "FG_XY": {"ARC_3": {"221|89": 0.041666666666666664, "222|111": 0.041666666666666664, "-7|261": 0.041666666666666664, "-180|167": 0.041666666666666664, "-191|186": 0.041666666666666664, "-143|225": 0.041666666666666664, "-138|256": 0.041666666666666664, "-137|230": 0.041666666666666664, "-210|143": 0.041666666666666664, "-116|222": 0.041666666666666664, "-164|247": 0.041666666666666664, "-179|189": 0.041666666666666664, "-134|251": 0.041666666666666664, "-163|195": 0.041666666666666664, "-207|137": 0.041666666666666664, "-27|265": 0.041666666666666664, "-154|211": 0.041666666666666664, "74|241": 0.041666666666666664, "-176|195": 0.041666666666666664, "157|220": 0.041666666666666664, "-146|215": 0.041666666666666664, "67|264": 0.041666666666666664, "170|205": 0.041666666666666664, "-86|258": 0.041666666666666664}, "AT_RIM": {"4|18": 0.08333333333333333, "-4|6": 0.08333333333333333, "18|22": 0.08333333333333333, "20|20": 0.08333333333333333, "-2|1": 0.08333333333333333, "0|8": 0.08333333333333333, "0|5": 0.08333333333333333, "0|12": 0.08333333333333333, "-27|14": 0.08333333333333333, "26|22": 0.08333333333333333, "5|11": 0.08333333333333333, "-12|15": 0.08333333333333333}, "CORNER_3": {"-235|10": 0.16666666666666666, "-235|20": 0.16666666666666666, "-232|-7": 0.16666666666666666, "-238|-8": 0.16666666666666666, "-225|9": 0.16666666666666666, "227|72": 0.16666666666666666}, "LONG_MID_RANGE": {"-97|136": 0.14285714285714285, "71|187": 0.14285714285714285, "-94|142": 0.14285714285714285, "-91|184": 0.14285714285714285, "-147|94": 0.14285714285714285, "60|170": 0.14285714285714285, "-42|209": 0.14285714285714285}, "SHORT_MID_RANGE": {"96|96": 0.14285714285714285, "-39|57": 0.14285714285714285, "-25|36": 0.14285714285714285, "65|73": 0.14285714285714285, "-56|24": 0.14285714285714285, "-45|96": 0.14285714285714285, "-41|56": 0.14285714285714285}}, "FOUL_AWAY_FROM_PLAY": 0.0, "FOULED_AWAY_FROM_PLAY": 0.0, "FOUL_CLEAR_PATH": 0.0, "FOULED_CLEAR_PATH": 0.0, "FOUL_COUNT_AS_PERSONAL": 0.21875, "FOULED_COUNT_AS_PERSONAL": 0.12195121951219512, "FOUL_COUNT_TOWARD_PENALTY": 0.23214285714285715, "FOULED_COUNT_TOWARD_PENALTY": 0.10810810810810811, "FOUL_DEFENSIVE_NON_SHOOTING": 0.3076923076923077, "FOULED_DEFENSIVE_NON_SHOOTING": 0.13333333333333333, "FOUL_DOUBLE": 0.0, "FOUL_TECHNICAL_DOUBLE": 0.0, "FOUL_FLAGRANT": 0.0, "FOULED_FLAGRANT": 0.0, "FOUL_FLAGRANT_1": 0.0, "FOULED_FLAGRANT_1": 0.0, "FOUL_FLAGRANT_2": 0.0, "FOULED_FLAGRANT_2": 0.0, "FOUL_INBOUND": 0.0, "FOULED_INBOUND": 0.0, "FOUL_LOOSE_BALL": 0.0, "FOULED_LOOSE_BALL": 0.0, "FOUL_OFFENSIVE_CHARGE": 0.0, "FOULED_OFFENSIVE_CHARGE": 0.5, "FOUL_OFFENSIVE_OTHER": 0.0, "FOULED_OFFENSIVE_OTHER": 0.0, "FOUL_OFFENSIVE_TOTAL": 0.125, "FOULED_OFFENSIVE_TOTAL": 0.25, "FOUL_PERSONAL": 0.4, "FOULED_PERSONAL": 0.16666666666666666, "FOUL_PERSONAL_BLOCK": 0.0, "FOULED_PERSONAL_BLOCK": 0.0, "FOUL_PERSONAL_TAKE": 0.0, "FOULED_PERSONAL_TAKE": 0.0, "FOUL_SHOOTING": 0.16666666666666666, "FOULED_SHOOTING": 0.09090909090909091, "FOUL_SHOOTING_BLOCK": 0.0, "FOULED_SHOOTING_BLOCK": 0.0, "FOUL_TECHNICAL": 0.0, "FT": 1.0, "REBOUND_DEFENSIVE": 0.08333333333333333, "REBOUND_OFFENSIVE": 0.03636363636363636, "STEAL": 0.0, "SHOT_TYPE_ARC_3_OFFENSIVE": 0.35793357933579334, "SHOT_TYPE_ARC_3_DEFENSIVE": 0.312280701754386, "SHOT_TYPE_AT_RIM_OFFENSIVE": 0.1918819188191882, "SHOT_TYPE_AT_RIM_DEFENSIVE": 0.3017543859649123, "SHOT_TYPE_CORNER_3_OFFENSIVE": 0.1033210332103321, "SHOT_TYPE_CORNER_3_DEFENSIVE": 0.07719298245614035, "SHOT_TYPE_LONG_MID_RANGE_OFFENSIVE": 0.15498154981549817, "SHOT_TYPE_LONG_MID_RANGE_DEFENSIVE": 0.10526315789473684, "SHOT_TYPE_SHORT_MID_RANGE_OFFENSIVE": 0.1918819188191882, "SHOT_TYPE_SHORT_MID_RANGE_DEFENSIVE": 0.20350877192982456, "TURNOVER": 0.19298245614035087, "VIOLATION_DEFENSIVE_GOALTENDING": 0.0, "VIOLATION_DEFENSIVE_KICK_BALL": 0.0}