{"ASSIST": 0.21428571428571427, "BLOCK": 0.1694915254237288, "FG_ARC_3_ATTEMPT": 0.09904153354632587, "FG_ARC_3_BLOCK": 0.0, "FG_ARC_3_MADE": 0.6451612903225806, "FG_ARC_3_MADE_FOUL": 0.0, "FG_AT_RIM_ATTEMPT": 0.25069637883008355, "FG_AT_RIM_BLOCK": 0.022284122562674095, "FG_AT_RIM_MADE": 0.6222222222222222, "FG_AT_RIM_MADE_FOUL": 0.011142061281337047, "FG_CORNER_3_ATTEMPT": 0.10344827586206896, "FG_CORNER_3_BLOCK": 0.0, "FG_CORNER_3_MADE": 0.6666666666666666, "FG_CORNER_3_MADE_FOUL": 0.0, "FG_LONG_MID_RANGE_ATTEMPT": 0.24503311258278146, "FG_LONG_MID_RANGE_BLOCK": 0.0, "FG_LONG_MID_RANGE_MADE": 0.4594594594594595, "FG_LONG_MID_RANGE_MADE_FOUL": 0.0, "FG_SHORT_MID_RANGE_ATTEMPT": 0.2550335570469799, "FG_SHORT_MID_RANGE_BLOCK": 0.020134228187919462, "FG_SHORT_MID_RANGE_MADE": 0.3815789473684211, "FG_SHORT_MID_RANGE_MADE_FOUL": 0.006711409395973154, "FG_XY": {"ARC_3": {"141|227": 0.03225806451612903, "143|218": 0.03225806451612903, "-217|149": 0.03225806451612903, "89|248": 0.06451612903225806, "-93|243": 0.03225806451612903, "147|215": 0.03225806451612903, "-207|152": 0.03225806451612903, "31|252": 0.03225806451612903, "-92|256": 0.03225806451612903, "-75|247": 0.03225806451612903, "-211|137": 0.03225806451612903, "-18|260": 0.03225806451612903, "-180|179": 0.03225806451612903, "-145|226": 0.03225806451612903, "136|226": 0.03225806451612903, "156|226": 0.03225806451612903, "223|90": 0.03225806451612903, "136|214": 0.03225806451612903, "212|150": 0.03225806451612903, "195|168": 0.03225806451612903, "-213|194": 0.03225806451612903, "-164|195": 0.03225806451612903, "-222|120": 0.03225806451612903, "189|189": 0.03225806451612903, "211|194": 0.03225806451612903, "-169|195": 0.03225806451612903, "114|226": 0.03225806451612903, "74|248": 0.03225806451612903, "-58|245": 0.03225806451612903, "-50|242": 0.03225806451612903}, "AT_RIM": {"5|5": 0.011111111111111112, "-2|-11": 0.011111111111111112, "-2|24": 0.011111111111111112, "4|-7": 0.011111111111111112, "7|-4": 0.011111111111111112, "-9|-2": 0.011111111111111112, "25|22": 0.011111111111111112, "-6|-2": 0.011111111111111112, "-26|11": 0.011111111111111112, "18|3": 0.011111111111111112, "1|4": 0.011111111111111112, "-5|31": 0.011111111111111112, "0|0": 0.13333333333333333, "-7|17": 0.011111111111111112, "0|20": 0.011111111111111112, "-11|5": 0.011111111111111112, "13|10": 0.011111111111111112, "-6|17": 0.011111111111111112, "6|4": 0.011111111111111112, "5|4": 0.011111111111111112, "-9|6": 0.011111111111111112, "0|12": 0.011111111111111112, "25|-4": 0.011111111111111112, "4|2": 0.011111111111111112, "-1|23": 0.011111111111111112, "-36|16": 0.011111111111111112, "6|14": 0.011111111111111112, "18|5": 0.011111111111111112, "5|24": 0.011111111111111112, "1|14": 0.011111111111111112, "-16|16": 0.011111111111111112, "-26|14": 0.011111111111111112, "-13|19": 0.011111111111111112, "31|18": 0.011111111111111112, "-22|25": 0.011111111111111112, "-21|15": 0.011111111111111112, "0|38": 0.011111111111111112, "22|13": 0.011111111111111112, "-21|14": 0.011111111111111112, "-11|22": 0.011111111111111112, "4|36": 0.011111111111111112, "-21|28": 0.011111111111111112, "-1|0": 0.011111111111111112, "-31|15": 0.011111111111111112, "-18|20": 0.011111111111111112, "-1|17": 0.011111111111111112, "-11|36": 0.011111111111111112, "5|15": 0.011111111111111112, "-22|-1": 0.011111111111111112, "7|13": 0.011111111111111112, "0|-5": 0.011111111111111112, "16|1": 0.011111111111111112, "-21|-9": 0.011111111111111112, "-29|21": 0.011111111111111112, "11|12": 0.011111111111111112, "-9|8": 0.011111111111111112, "1|34": 0.011111111111111112, "-9|3": 0.011111111111111112, "-9|27": 0.011111111111111112, "-1|33": 0.011111111111111112, "-7|-3": 0.011111111111111112, "-5|8": 0.011111111111111112, "20|-1": 0.011111111111111112, "26|6": 0.011111111111111112, "21|10": 0.011111111111111112, "-1|12": 0.011111111111111112, "4|0": 0.011111111111111112, "18|16": 0.011111111111111112, "-7|13": 0.011111111111111112, "-16|27": 0.011111111111111112, "9|16": 0.011111111111111112, "4|12": 0.011111111111111112, "-17|5": 0.011111111111111112, "4|10": 0.011111111111111112, "-18|13": 0.011111111111111112, "0|29": 0.011111111111111112, "-26|8": 0.011111111111111112, "-23|31": 0.011111111111111112, "-18|18": 0.011111111111111112}, "CORNER_3": {"-239|8": 0.1111111111111111, "-233|71": 0.1111111111111111, "-230|17": 0.1111111111111111, "-227|24": 0.1111111111111111, "-223|37": 0.1111111111111111, "232|27": 0.1111111111111111, "-224|6": 0.1111111111111111, "-238|67": 0.1111111111111111, "-232|15": 0.1111111111111111}, "LONG_MID_RANGE": {"-138|75": 0.02702702702702703, "-94|110": 0.02702702702702703, "75|186": 0.02702702702702703, "-72|143": 0.02702702702702703, "-146|23": 0.02702702702702703, "153|61": 0.02702702702702703, "96|137": 0.02702702702702703, "-11|164": 0.02702702702702703, "81|197": 0.02702702702702703, "-13|168": 0.02702702702702703, "109|92": 0.02702702702702703, "72|185": 0.02702702702702703, "0|146": 0.02702702702702703, "153|15": 0.02702702702702703, "-165|-1": 0.02702702702702703, "-93|105": 0.02702702702702703, "64|187": 0.02702702702702703, "-87|167": 0.02702702702702703, "92|160": 0.02702702702702703, "85|160": 0.02702702702702703, "11|143": 0.02702702702702703, "6|145": 0.02702702702702703, "145|168": 0.02702702702702703, "-25|190": 0.02702702702702703, "-94|129": 0.02702702702702703, "114|85": 0.02702702702702703, "-116|137": 0.02702702702702703, "129|115": 0.02702702702702703, "169|39": 0.02702702702702703, "-115|90": 0.02702702702702703, "94|149": 0.02702702702702703, "-124|138": 0.02702702702702703, "61|136": 0.02702702702702703, "-18|148": 0.02702702702702703, "-124|101": 0.02702702702702703, "-39|200": 0.02702702702702703, "-110|97": 0.02702702702702703}, "SHORT_MID_RANGE": {"-5|52": 0.013157894736842105, "-44|76": 0.013157894736842105, "59|10": 0.013157894736842105, "33|114": 0.013157894736842105, "-59|92": 0.013157894736842105, "34|29": 0.013157894736842105, "-6|55": 0.013157894736842105, "25|58": 0.013157894736842105, "20|45": 0.013157894736842105, "49|26": 0.013157894736842105, "-26|76": 0.013157894736842105, "47|10": 0.013157894736842105, "-43|52": 0.013157894736842105, "4|57": 0.013157894736842105, "7|58": 0.013157894736842105, "40|11": 0.013157894736842105, "45|34": 0.013157894736842105, "45|40": 0.013157894736842105, "37|24": 0.013157894736842105, "54|24": 0.013157894736842105, "-2|106": 0.013157894736842105, "32|47": 0.013157894736842105, "-38|57": 0.013157894736842105, "20|62": 0.013157894736842105, "-1|77": 0.013157894736842105, "-17|37": 0.013157894736842105, "54|15": 0.013157894736842105, "-91|76": 0.013157894736842105, "60|39": 0.013157894736842105, "6|78": 0.013157894736842105, "-22|111": 0.013157894736842105, "91|56": 0.013157894736842105, "11|87": 0.013157894736842105, "-72|28": 0.013157894736842105, "18|75": 0.013157894736842105, "6|136": 0.013157894736842105, "-17|67": 0.013157894736842105, "-4|53": 0.013157894736842105, "34|125": 0.013157894736842105, "20|46": 0.013157894736842105, "81|22": 0.013157894736842105, "64|52": 0.013157894736842105, "-32|104": 0.013157894736842105, "70|18": 0.013157894736842105, "-67|70": 0.013157894736842105, "-11|55": 0.013157894736842105, "20|78": 0.013157894736842105, "-125|42": 0.013157894736842105, "54|111": 0.013157894736842105, "38|36": 0.013157894736842105, "69|103": 0.013157894736842105, "-76|20": 0.013157894736842105, "-2|71": 0.013157894736842105, "-12|49": 0.013157894736842105, "6|75": 0.013157894736842105, "-8|44": 0.013157894736842105, "-5|139": 0.013157894736842105, "-32|73": 0.013157894736842105, "33|94": 0.013157894736842105, "-76|90": 0.013157894736842105, "-88|106": 0.013157894736842105, "-99|69": 0.013157894736842105, "-96|100": 0.013157894736842105, "126|6": 0.013157894736842105, "5|81": 0.013157894736842105, "-34|43": 0.013157894736842105, "-136|27": 0.013157894736842105, "-5|63": 0.013157894736842105, "39|18": 0.013157894736842105, "54|31": 0.013157894736842105,