{"ASSIST": 0.2994011976047904, "BLOCK": 0.0, "FG_ARC_3_ATTEMPT": 0.3577981651376147, "FG_ARC_3_BLOCK": 0.0, "FG_ARC_3_MADE": 0.3717948717948718, "FG_ARC_3_MADE_FOUL": 0.0, "FG_AT_RIM_ATTEMPT": 0.1761904761904762, "FG_AT_RIM_BLOCK": 0.014285714285714285, "FG_AT_RIM_MADE": 0.8108108108108109, "FG_AT_RIM_MADE_FOUL": 0.009523809523809525, "FG_CORNER_3_ATTEMPT": 0.24242424242424243, "FG_CORNER_3_BLOCK": 0.015151515151515152, "FG_CORNER_3_MADE": 0.375, "FG_CORNER_3_MADE_FOUL": 0.0, "FG_LONG_MID_RANGE_ATTEMPT": 0.11864406779661017, "FG_LONG_MID_RANGE_BLOCK": 0.0, "FG_LONG_MID_RANGE_MADE": 0.5714285714285714, "FG_LONG_MID_RANGE_MADE_FOUL": 0.01694915254237288, "FG_SHORT_MID_RANGE_ATTEMPT": 0.2882882882882883, "FG_SHORT_MID_RANGE_BLOCK": 0.009009009009009009, "FG_SHORT_MID_RANGE_MADE": 0.40625, "FG_SHORT_MID_RANGE_MADE_FOUL": 0.009009009009009009, "FG_XY": {"ARC_3": {"-112|222": 0.01282051282051282, "-26|266": 0.01282051282051282, "97|240": 0.01282051282051282, "-7|262": 0.01282051282051282, "-135|251": 0.01282051282051282, "-206|120": 0.01282051282051282, "-26|268": 0.01282051282051282, "184|166": 0.02564102564102564, "-131|218": 0.01282051282051282, "-168|209": 0.01282051282051282, "108|225": 0.01282051282051282, "85|242": 0.01282051282051282, "116|244": 0.01282051282051282, "5|258": 0.01282051282051282, "86|243": 0.01282051282051282, "26|264": 0.01282051282051282, "-203|148": 0.01282051282051282, "-127|216": 0.01282051282051282, "179|192": 0.01282051282051282, "98|231": 0.01282051282051282, "-143|243": 0.01282051282051282, "-34|267": 0.01282051282051282, "-78|242": 0.01282051282051282, "-29|257": 0.01282051282051282, "195|155": 0.01282051282051282, "157|200": 0.01282051282051282, "201|187": 0.01282051282051282, "-229|95": 0.01282051282051282, "-152|201": 0.01282051282051282, "192|158": 0.01282051282051282, "217|136": 0.01282051282051282, "126|243": 0.01282051282051282, "157|209": 0.01282051282051282, "59|256": 0.01282051282051282, "-147|206": 0.01282051282051282, "103|237": 0.01282051282051282, "-214|146": 0.01282051282051282, "165|194": 0.01282051282051282, "-184|185": 0.01282051282051282, "115|248": 0.01282051282051282, "124|228": 0.01282051282051282, "154|225": 0.01282051282051282, "156|201": 0.01282051282051282, "78|246": 0.01282051282051282, "125|235": 0.01282051282051282, "-197|163": 0.01282051282051282, "134|211": 0.01282051282051282, "86|231": 0.01282051282051282, "233|111": 0.01282051282051282, "141|205": 0.01282051282051282, "124|225": 0.01282051282051282, "168|185": 0.01282051282051282, "175|187": 0.01282051282051282, "136|211": 0.01282051282051282, "127|223": 0.01282051282051282, "184|178": 0.01282051282051282, "-92|234": 0.01282051282051282, "192|151": 0.01282051282051282, "34|258": 0.01282051282051282, "11|246": 0.01282051282051282, "-49|247": 0.01282051282051282, "165|198": 0.01282051282051282, "-120|222": 0.01282051282051282, "186|199": 0.01282051282051282, "-97|237": 0.01282051282051282, "26|251": 0.01282051282051282, "-99|258": 0.01282051282051282, "112|218": 0.01282051282051282, "164|191": 0.01282051282051282, "148|202": 0.01282051282051282, "34|276": 0.01282051282051282, "-108|225": 0.01282051282051282, "172|185": 0.01282051282051282, "136|218": 0.01282051282051282, "-81|244": 0.01282051282051282, "39|253": 0.01282051282051282, "110|228": 0.01282051282051282}, "AT_RIM": {"18|10": 0.02702702702702703, "-23|23": 0.02702702702702703, "4|8": 0.02702702702702703, "17|1": 0.02702702702702703, "-13|-4": 0.02702702702702703, "-27|-2": 0.02702702702702703, "7|8": 0.02702702702702703, "0|6": 0.02702702702702703, "-4|19": 0.02702702702702703, "21|29": 0.02702702702702703, "-1|10": 0.02702702702702703, "2|26": 0.02702702702702703, "9|22": 0.02702702702702703, "-2|-1": 0.02702702702702703, "-9|-4": 0.02702702702702703, "4|-2": 0.02702702702702703, "33|16": 0.02702702702702703, "-11|28": 0.02702702702702703, "-1|11": 0.02702702702702703, "-5|4": 0.02702702702702703, "1|4": 0.02702702702702703, "10|20": 0.02702702702702703, "-2|4": 0.02702702702702703, "11|10": 0.02702702702702703, "-4|10": 0.02702702702702703, "7|29": 0.02702702702702703, "-16|7": 0.02702702702702703, "22|13": 0.02702702702702703, "6|13": 0.02702702702702703, "5|-4": 0.02702702702702703, "5|-1": 0.02702702702702703, "-22|-1": 0.02702702702702703, "7|-1": 0.02702702702702703, "-1|-3": 0.02702702702702703, "-5|0": 0.02702702702702703, "-15|1": 0.02702702702702703, "-6|1": 0.02702702702702703}, "CORNER_3": {"-219|-13": 0.0625, "230|66": 0.0625, "229|-1": 0.0625, "-223|-8": 0.0625, "230|-11": 0.0625, "228|-15": 0.0625, "-225|59": 0.0625, "-222|38": 0.0625, "-232|5": 0.0625, "-232|-5": 0.0625, "225|26": 0.0625, "238|-5": 0.0625, "230|56": 0.0625, "234|18": 0.0625, "-233|32": 0.0625, "228|10": 0.0625}, "LONG_MID_RANGE": {"-20|156": 0.14285714285714285, "-142|-25": 0.14285714285714285, "39|177": 0.14285714285714285, "-26|168": 0.14285714285714285, "201|116": 0.14285714285714285, "70|134": 0.14285714285714285, "115|169": 0.14285714285714285}, "SHORT_MID_RANGE": {"76|106": 0.03125, "-1|111": 0.03125, "-47|62": 0.03125, "5|127": 0.03125, "32|85": 0.03125, "22|126": 0.03125, "32|63": 0.03125, "-28|95": 0.03125, "113|53": 0.03125, "-33|104": 0.03125, "109|80": 0.03125, "76|29": 0.03125, "42|116": 0.03125, "105|30": 0.03125, "-4|64": 0.03125, "10|80": 0.03125, "-64|0": 0.03125, "-1|109": 0.03125, "18|53": 0.03125, "-5|81": 0.03125, "34|36": 0.03125, "4|42": 0.03125, "-10|130": 0.03125, "43|119": 0.03125, "51|29": 0.03125, "-4|99": 0.03125, "32|115": 0.03125, "54|21": 0.03125, "11|124": 0.03125, "59|-3": 0.03125, "2|92": 0.03125, "-5|96": 0.03125}}, "FOUL_AWAY_FROM_PLAY": 0.0, "FOULED_AWAY_FROM_PLAY": 0.0, "FOUL_CLEAR_PATH": 0.0, "FOULED_CLEAR_PATH": 0.0, "FOUL_COUNT_AS_PERSONAL": 0.19662921348314608, "FOULED_COUNT_AS_PERSONAL": 0.18012422360248448, "FOUL_COUNT_TOWARD_PENALTY": 0.20754716981132076, "FOULED_COUNT_TOWARD_PENALTY": 0.17880794701986755, "FOUL_DEFENSIVE_NON_SHOOTING": 0.25301204819277107, "FOULED_DEFENSIVE_NON_SHOOTING": 0.22727272727272727, "FOUL_DOUBLE": 0.0, "FOUL_TECHNICAL_DOUBLE": 0.0, "FOUL_FLAGRANT": 0.0, "FOULED_FLAGRANT": 0.0, "FOUL_FLAGRANT_1": 0.0, "FOULED_FLAGRANT_1": 0.0, "FOUL_FLAGRANT_2": 0.0, "FOULED_FLAGRANT_2": 0.0, "FOUL_INBOUND": 0.0, "FOULED_INBOUND": 0.0, "FOUL_LOOSE_BALL": 0.0, "FOULED_LOOSE_BALL": 0.14285714285714285, "FOUL_OFFENSIVE_CHARGE": 0.5, "FOULED_OFFENSIVE_CHARGE": 0.5, "FOUL_OFFENSIVE_OTHER": 0.0, "FOULED_OFFENSIVE_OTHER": 0.0, "FOUL_OFFENSIVE_TOTAL": 0.10526315789473684, "FOULED_OFFENSIVE_TOTAL": 0.2, "FOUL_PERSONAL": 0.296875, "FOULED_PERSONAL": 0.1875, "FOUL_PERSONAL_BLOCK": 0.0, "FOULED_PERSONAL_BLOCK": 0.0, "FOUL_PERSONAL_TAKE": 0.06666666666666667, "FOULED_PERSONAL_TAKE": 0.5, "FOUL_SHOOTING": 0.15789473684210525, "FOULED_SHOOTING": 0.1411764705882353, "FOUL_SHOOTING_BLOCK": 0.0, "FOULED_SHOOTING_BLOCK": 0.0, "FOUL_TECHNICAL": 0.0, "FT": 0.9142857142857143, "REBOUND_DEFENSIVE": 0.07932692307692307, "REBOUND_OFFENSIVE": 0.01876675603217158, "STEAL": 0.14705882352941177, "SHOT_TYPE_ARC_3_OFFENSIVE": 0.32831325301204817, "SHOT_TYPE_ARC_3_DEFENSIVE": 0.31771595900439237, "SHOT_TYPE_AT_RIM_OFFENSIVE": 0.31626506024096385, "SHOT_TYPE_AT_RIM_DEFENSIVE": 0.3118594436310395, "SHOT_TYPE_CORNER_3_OFFENSIVE": 0.09939759036144578, "SHOT_TYPE_CORNER_3_DEFENSIVE": 0.12152269399707175, "SHOT_TYPE_LONG_MID_RANGE_OFFENSIVE": 0.08885542168674698, "SHOT_TYPE_LONG_MID_RANGE_DEFENSIVE": 0.09370424597364568, "SHOT_TYPE_SHORT_MID_RANGE_OFFENSIVE": 0.16716867469879518, "SHOT_TYPE_SHORT_MID_RANGE_DEFENSIVE": 0.15519765739385066, "TURNOVER": 0.17117117117117117, "VIOLATION_DEFENSIVE_GOALTENDING": 0.0, "VIOLATION_DEFENSIVE_KICK_BALL": 0.25}