{"ASSIST": 0.35471698113207545, "BLOCK": 0.06153846153846154, "FG_ARC_3_ATTEMPT": 0.33518005540166207, "FG_ARC_3_BLOCK": 0.002770083102493075, "FG_ARC_3_MADE": 0.45454545454545453, "FG_ARC_3_MADE_FOUL": 0.0, "FG_AT_RIM_ATTEMPT": 0.23591549295774647, "FG_AT_RIM_BLOCK": 0.01056338028169014, "FG_AT_RIM_MADE": 0.6567164179104478, "FG_AT_RIM_MADE_FOUL": 0.02112676056338028, "FG_CORNER_3_ATTEMPT": 0.26804123711340205, "FG_CORNER_3_BLOCK": 0.010309278350515464, "FG_CORNER_3_MADE": 0.5384615384615384, "FG_CORNER_3_MADE_FOUL": 0.0, "FG_LONG_MID_RANGE_ATTEMPT": 0.3979591836734694, "FG_LONG_MID_RANGE_BLOCK": 0.0, "FG_LONG_MID_RANGE_MADE": 0.4358974358974359, "FG_LONG_MID_RANGE_MADE_FOUL": 0.0, "FG_SHORT_MID_RANGE_ATTEMPT": 0.30113636363636365, "FG_SHORT_MID_RANGE_BLOCK": 0.03977272727272727, "FG_SHORT_MID_RANGE_MADE": 0.49056603773584906, "FG_SHORT_MID_RANGE_MADE_FOUL": 0.005681818181818182, "FG_XY": {"ARC_3": {"-124|216": 0.008264462809917356, "-141|220": 0.008264462809917356, "54|248": 0.008264462809917356, "-60|252": 0.008264462809917356, "86|258": 0.008264462809917356, "-205|186": 0.008264462809917356, "-62|256": 0.008264462809917356, "21|256": 0.008264462809917356, "-169|184": 0.008264462809917356, "-195|155": 0.008264462809917356, "-211|122": 0.008264462809917356, "5|267": 0.008264462809917356, "28|268": 0.008264462809917356, "165|201": 0.008264462809917356, "148|212": 0.008264462809917356, "92|241": 0.01652892561983471, "162|215": 0.008264462809917356, "-69|256": 0.008264462809917356, "-116|225": 0.008264462809917356, "-175|188": 0.008264462809917356, "-75|235": 0.008264462809917356, "-18|246": 0.008264462809917356, "183|195": 0.008264462809917356, "-221|145": 0.008264462809917356, "-15|257": 0.008264462809917356, "-6|257": 0.008264462809917356, "12|253": 0.008264462809917356, "-219|99": 0.008264462809917356, "81|236": 0.008264462809917356, "-116|215": 0.008264462809917356, "43|276": 0.008264462809917356, "-9|243": 0.008264462809917356, "-151|216": 0.008264462809917356, "26|262": 0.008264462809917356, "31|277": 0.008264462809917356, "50|270": 0.008264462809917356, "59|253": 0.008264462809917356, "-141|222": 0.008264462809917356, "-157|215": 0.008264462809917356, "20|457": 0.008264462809917356, "110|239": 0.008264462809917356, "107|236": 0.008264462809917356, "202|188": 0.008264462809917356, "-121|234": 0.008264462809917356, "-114|226": 0.008264462809917356, "-10|245": 0.008264462809917356, "65|240": 0.008264462809917356, "93|237": 0.008264462809917356, "167|188": 0.008264462809917356, "25|448": 0.008264462809917356, "146|200": 0.008264462809917356, "180|170": 0.008264462809917356, "158|189": 0.008264462809917356, "70|236": 0.008264462809917356, "218|120": 0.008264462809917356, "-55|269": 0.008264462809917356, "-69|281": 0.008264462809917356, "-94|231": 0.008264462809917356, "-121|247": 0.008264462809917356, "-127|242": 0.008264462809917356, "55|261": 0.008264462809917356, "-62|261": 0.008264462809917356, "61|242": 0.008264462809917356, "-65|247": 0.008264462809917356, "13|250": 0.008264462809917356, "-203|131": 0.008264462809917356, "123|216": 0.008264462809917356, "1|251": 0.008264462809917356, "-109|231": 0.008264462809917356, "-93|252": 0.008264462809917356, "-94|236": 0.008264462809917356, "150|220": 0.008264462809917356, "-104|253": 0.008264462809917356, "92|275": 0.008264462809917356, "13|272": 0.008264462809917356, "-34|265": 0.008264462809917356, "-159|220": 0.008264462809917356, "-186|188": 0.008264462809917356, "56|264": 0.008264462809917356, "161|193": 0.008264462809917356, "-172|203": 0.008264462809917356, "-156|199": 0.008264462809917356, "-167|204": 0.008264462809917356, "115|232": 0.008264462809917356, "124|229": 0.008264462809917356, "-105|247": 0.008264462809917356, "82|256": 0.008264462809917356, "-222|134": 0.008264462809917356, "-2|255": 0.008264462809917356, "-56|255": 0.008264462809917356, "-186|179": 0.008264462809917356, "-165|184": 0.008264462809917356, "-179|214": 0.008264462809917356, "70|256": 0.008264462809917356, "-200|167": 0.008264462809917356, "-109|243": 0.008264462809917356, "161|204": 0.008264462809917356, "-218|176": 0.008264462809917356, "29|270": 0.008264462809917356, "-150|211": 0.008264462809917356, "88|247": 0.008264462809917356, "175|189": 0.008264462809917356, "-162|177": 0.008264462809917356, "4|246": 0.008264462809917356, "105|236": 0.008264462809917356, "-131|221": 0.008264462809917356, "-141|217": 0.008264462809917356, "-5|384": 0.008264462809917356, "-189|180": 0.008264462809917356, "151|200": 0.008264462809917356, "-178|174": 0.008264462809917356, "161|213": 0.008264462809917356, "-87|232": 0.008264462809917356, "152|218": 0.008264462809917356, "-147|200": 0.008264462809917356, "-7|258": 0.008264462809917356, "-92|253": 0.008264462809917356, "202|163": 0.008264462809917356, "-89|243": 0.008264462809917356, "135|220": 0.008264462809917356}, "AT_RIM": {"37|-1": 0.014925373134328358, "22|27": 0.014925373134328358, "22|25": 0.014925373134328358, "6|13": 0.014925373134328358, "15|8": 0.014925373134328358, "10|1": 0.014925373134328358, "11|1": 0.014925373134328358, "-15|-1": 0.014925373134328358, "-4|16": 0.014925373134328358, "-9|8": 0.014925373134328358, "-33|9": 0.014925373134328358, "32|18": 0.014925373134328358, "12|15": 0.014925373134328358, "-26|25": 0.014925373134328358, "15|22": 0.014925373134328358, "6|27": 0.014925373134328358, "-16|23": 0.014925373134328358, "-26|23": 0.014925373134328358, "-25|20": 0.014925373134328358, "-17|11": 0.014925373134328358, "10|14": 0.014925373134328358, "15|1": 0.014925373134328358, "23|5": 0.014925373134328358, "0|0": 0.04477611940298507, "-2|6": 0.014925373134328358, "29|21": 0.014925373134328358, "21|20": 0.014925373134328358, "4|13": 0.014925373134328358, "5|20": 0.014925373134328358, "12|21": 0.014925373134328358, "15|17": 0.014925373134328358, "-7|25": 0.014925373134328358, "7|14": 0.014925373134328358, "-28|3": 0.014925373134328358, "31|16": 0.014925373134328358, "20|6": 0.014925373134328358, "-13|1": 0.014925373134328358, "17|25": 0.014925373134328358, "7|20": 0.014925373134328358, "1|36": 0.014925373134328358, "5|-2": 0.014925373134328358, "29|8": 0.014925373134328358, "33|9": 0.014925373134328358, "23|27": 0.014925373134328358, "9|22": 0.014925373134328358, "0|20": 0.014925373134328358, "-5|12": 0.014925373134328358, "-1|7": 0.014925373134328358, "0|11": 0.014925373134328358, "-2|-18": 0.014925373134328358, "0|-6": 0.014925373134328358, "-1|-4": 0.014925373134328358, "-10|11": 0.014925373134328358, "5|13": 0.014925373134328358, "22|19": 0.014925373134328358, "10|15": 0.014925373134328358, "-13|8": 0.014925373134328358, "9|26": 0.014925373134328358, "-28|16": 0.014925373134328358, "-5|27": 0.014925373134328358, "-12|33": 0.014925373134328358, "29|15": 0.014925373134328358, "-27|-1": 0.014925373134328358, "27|16": 0.014925373134328358, "28|14": 0.014925373134328358}, "CORNER_3": {"-240|-26": 0.038461538461538464, "-240|0": 0.038461538461538464, "-235|13": 0.038461538461538464, "234|15": 0.038461538461538464, "-241|-16": 0.038461538461538464, "-239|39": 0.038461538461538464, "-241|0": 0.038461538461538464, "229|43": 0.038461538461538464, "-232|45": 0.038461538461538464, "230|4": 0.038461538461538464, "-224|1": 0.038461538461538464, "-228|30": 0.038461538461538464, "237|8": 0.038461538461538464, "-235|11": 0.038461538461538464, "227|9": 0.038461538461538464, "229|17": 0.038461538461538464, "-228|11": 0.038461538461538464, "-229|14": 0.038461538461538464, "-224|11": 0.038461538461538464, "-228|17": 0.038461538461538464, "-228|-10": 0.038461538461538464, "-237|-6": 0.038461538461538464, "219|32": 0.038461538461538464, "-233|42": 0.038461538461538464, "-234|43": 0.038461538461538464, "-223|8": 0.038461538461538464}, "LONG_MID_RANGE": {"-89|155": 0.02564102564102564, "-164|31": 0.02564102564102564, "-169|-15": 0.02564102564102564, "-82|199": 0.02564102564102564, "-11|159": 0.02564102564102564, "-165|-8": 0.02564102564102564, "-86|130": 0.02564102564102564,