{"ASSIST": 0.13793103448275862, "BLOCK": 0.0, "FG_ARC_3_ATTEMPT": 0.28, "FG_ARC_3_BLOCK": 0.0, "FG_ARC_3_MADE": 0.14285714285714285, "FG_ARC_3_MADE_FOUL": 0.0, "FG_AT_RIM_ATTEMPT": 0.13043478260869565, "FG_AT_RIM_BLOCK": 0.0, "FG_AT_RIM_MADE": 1.0, "FG_AT_RIM_MADE_FOUL": 0.0, "FG_CORNER_3_ATTEMPT": 0.26666666666666666, "FG_CORNER_3_BLOCK": 0.0, "FG_CORNER_3_MADE": 0.0, "FG_CORNER_3_MADE_FOUL": 0.0, "FG_LONG_MID_RANGE_ATTEMPT": 0.1, "FG_LONG_MID_RANGE_BLOCK": 0.0, "FG_LONG_MID_RANGE_MADE": 1.0, "FG_LONG_MID_RANGE_MADE_FOUL": 0.0, "FG_SHORT_MID_RANGE_ATTEMPT": 0.0, "FG_SHORT_MID_RANGE_BLOCK": 0.0, "FG_SHORT_MID_RANGE_MADE": 0.0, "FG_SHORT_MID_RANGE_MADE_FOUL": 0.0, "FG_XY": {"ARC_3": {"-134|221": 0.07142857142857142, "203|161": 0.07142857142857142, "-83|247": 0.07142857142857142, "-178|178": 0.07142857142857142, "-104|244": 0.07142857142857142, "26|256": 0.07142857142857142, "-70|272": 0.07142857142857142, "157|225": 0.07142857142857142, "82|247": 0.07142857142857142, "217|136": 0.07142857142857142, "-140|226": 0.07142857142857142, "143|236": 0.07142857142857142, "-131|227": 0.07142857142857142, "158|203": 0.07142857142857142}, "AT_RIM": {"6|8": 0.3333333333333333, "7|2": 0.3333333333333333, "-1|4": 0.3333333333333333}, "CORNER_3": {"233|32": 0.25, "-227|14": 0.25, "-233|18": 0.25, "-230|18": 0.25}, "LONG_MID_RANGE": {"-168|27": 1.0}, "SHORT_MID_RANGE": {}}, "FOUL_AWAY_FROM_PLAY": 0.0, "FOULED_AWAY_FROM_PLAY": 0.0, "FOUL_CLEAR_PATH": 0.0, "FOULED_CLEAR_PATH": 0.0, "FOUL_COUNT_AS_PERSONAL": 0.15, "FOULED_COUNT_AS_PERSONAL": 0.22727272727272727, "FOUL_COUNT_TOWARD_PENALTY": 0.15789473684210525, "FOULED_COUNT_TOWARD_PENALTY": 0.2, "FOUL_DEFENSIVE_NON_SHOOTING": 0.14285714285714285, "FOULED_DEFENSIVE_NON_SHOOTING": 0.2, "FOUL_DOUBLE": 0.0, "FOUL_TECHNICAL_DOUBLE": 0.0, "FOUL_FLAGRANT": 0.0, "FOULED_FLAGRANT": 0.0, "FOUL_FLAGRANT_1": 0.0, "FOULED_FLAGRANT_1": 0.0, "FOUL_FLAGRANT_2": 0.0, "FOULED_FLAGRANT_2": 0.0, "FOUL_INBOUND": 0.0, "FOULED_INBOUND": 0.0, "FOUL_LOOSE_BALL": 0.0, "FOULED_LOOSE_BALL": 0.0, "FOUL_OFFENSIVE_CHARGE": 0.0, "FOULED_OFFENSIVE_CHARGE": 0.0, "FOUL_OFFENSIVE_OTHER": 0.0, "FOULED_OFFENSIVE_OTHER": 0.0, "FOUL_OFFENSIVE_TOTAL": 0.0, "FOULED_OFFENSIVE_TOTAL": 0.5, "FOUL_PERSONAL": 0.14285714285714285, "FOULED_PERSONAL": 0.5, "FOUL_PERSONAL_BLOCK": 0.0, "FOULED_PERSONAL_BLOCK": 0.0, "FOUL_PERSONAL_TAKE": 0.0, "FOULED_PERSONAL_TAKE": 0.0, "FOUL_SHOOTING": 0.16666666666666666, "FOULED_SHOOTING": 0.2, "FOUL_SHOOTING_BLOCK": 0.0, "FOULED_SHOOTING_BLOCK": 0.0, "FOUL_TECHNICAL": 0.0, "FT": 0.5, "REBOUND_DEFENSIVE": 0.10714285714285714, "REBOUND_OFFENSIVE": 0.012195121951219513, "STEAL": 0.0, "SHOT_TYPE_ARC_3_OFFENSIVE": 0.3937007874015748, "SHOT_TYPE_ARC_3_DEFENSIVE": 0.28431372549019607, "SHOT_TYPE_AT_RIM_OFFENSIVE": 0.18110236220472442, "SHOT_TYPE_AT_RIM_DEFENSIVE": 0.39215686274509803, "SHOT_TYPE_CORNER_3_OFFENSIVE": 0.11811023622047244, "SHOT_TYPE_CORNER_3_DEFENSIVE": 0.0784313725490196, "SHOT_TYPE_LONG_MID_RANGE_OFFENSIVE": 0.07874015748031496, "SHOT_TYPE_LONG_MID_RANGE_DEFENSIVE": 0.06862745098039216, "SHOT_TYPE_SHORT_MID_RANGE_OFFENSIVE": 0.2283464566929134, "SHOT_TYPE_SHORT_MID_RANGE_DEFENSIVE": 0.17647058823529413, "TURNOVER": 0.16666666666666666, "VIOLATION_DEFENSIVE_GOALTENDING": 0.0, "VIOLATION_DEFENSIVE_KICK_BALL": 0.0}