{"ASSIST": 0.023809523809523808, "BLOCK": 0.2857142857142857, "FG_ARC_3_ATTEMPT": 0.058823529411764705, "FG_ARC_3_BLOCK": 0.0, "FG_ARC_3_MADE": 0.0, "FG_ARC_3_MADE_FOUL": 0.0, "FG_AT_RIM_ATTEMPT": 0.12987012987012986, "FG_AT_RIM_BLOCK": 0.025974025974025976, "FG_AT_RIM_MADE": 0.2, "FG_AT_RIM_MADE_FOUL": 0.0, "FG_CORNER_3_ATTEMPT": 0.3, "FG_CORNER_3_BLOCK": 0.1, "FG_CORNER_3_MADE": 0.0, "FG_CORNER_3_MADE_FOUL": 0.0, "FG_LONG_MID_RANGE_ATTEMPT": 0.21428571428571427, "FG_LONG_MID_RANGE_BLOCK": 0.0, "FG_LONG_MID_RANGE_MADE": 0.3333333333333333, "FG_LONG_MID_RANGE_MADE_FOUL": 0.0, "FG_SHORT_MID_RANGE_ATTEMPT": 0.12903225806451613, "FG_SHORT_MID_RANGE_BLOCK": 0.0, "FG_SHORT_MID_RANGE_MADE": 0.0, "FG_SHORT_MID_RANGE_MADE_FOUL": 0.0, "FG_XY": {"ARC_3": {"-233|95": 0.3333333333333333, "-161|227": 0.3333333333333333, "150|205": 0.3333333333333333}, "AT_RIM": {"5|10": 0.1, "0|0": 0.3, "11|26": 0.1, "-10|4": 0.1, "2|24": 0.1, "2|20": 0.1, "-18|10": 0.1, "28|18": 0.1}, "CORNER_3": {"-232|57": 0.3333333333333333, "-225|10": 0.3333333333333333, "235|-17": 0.3333333333333333}, "LONG_MID_RANGE": {"172|52": 0.3333333333333333, "-157|11": 0.3333333333333333, "17|141": 0.3333333333333333}, "SHORT_MID_RANGE": {"23|112": 0.25, "0|91": 0.25, "132|-1": 0.25, "38|99": 0.25}}, "FOUL_AWAY_FROM_PLAY": 0.0, "FOULED_AWAY_FROM_PLAY": 0.0, "FOUL_CLEAR_PATH": 0.0, "FOULED_CLEAR_PATH": 0.0, "FOUL_COUNT_AS_PERSONAL": 0.2727272727272727, "FOULED_COUNT_AS_PERSONAL": 0.04878048780487805, "FOUL_COUNT_TOWARD_PENALTY": 0.28125, "FOULED_COUNT_TOWARD_PENALTY": 0.05714285714285714, "FOUL_DEFENSIVE_NON_SHOOTING": 0.16666666666666666, "FOULED_DEFENSIVE_NON_SHOOTING": 0.05, "FOUL_DOUBLE": 0.0, "FOUL_TECHNICAL_DOUBLE": 0.0, "FOUL_FLAGRANT": 0.0, "FOULED_FLAGRANT": 0.0, "FOUL_FLAGRANT_1": 0.0, "FOULED_FLAGRANT_1": 0.0, "FOUL_FLAGRANT_2": 0.0, "FOULED_FLAGRANT_2": 0.0, "FOUL_INBOUND": 0.0, "FOULED_INBOUND": 0.0, "FOUL_LOOSE_BALL": 0.0, "FOULED_LOOSE_BALL": 0.16666666666666666, "FOUL_OFFENSIVE_CHARGE": 0.0, "FOULED_OFFENSIVE_CHARGE": 0.0, "FOUL_OFFENSIVE_OTHER": 0.0, "FOULED_OFFENSIVE_OTHER": 0.0, "FOUL_OFFENSIVE_TOTAL": 0.0, "FOULED_OFFENSIVE_TOTAL": 0.0, "FOUL_PERSONAL": 0.15384615384615385, "FOULED_PERSONAL": 0.0, "FOUL_PERSONAL_BLOCK": 0.0, "FOULED_PERSONAL_BLOCK": 0.0, "FOUL_PERSONAL_TAKE": 0.0, "FOULED_PERSONAL_TAKE": 0.0, "FOUL_SHOOTING": 0.42857142857142855, "FOULED_SHOOTING": 0.06666666666666667, "FOUL_SHOOTING_BLOCK": 0.0, "FOULED_SHOOTING_BLOCK": 0.0, "FOUL_TECHNICAL": 0.0, "FT": 1.0, "REBOUND_DEFENSIVE": 0.07526881720430108, "REBOUND_OFFENSIVE": 0.06542056074766354, "STEAL": 0.1111111111111111, "SHOT_TYPE_ARC_3_OFFENSIVE": 0.2786885245901639, "SHOT_TYPE_ARC_3_DEFENSIVE": 0.2596685082872928, "SHOT_TYPE_AT_RIM_OFFENSIVE": 0.4207650273224044, "SHOT_TYPE_AT_RIM_DEFENSIVE": 0.3314917127071823, "SHOT_TYPE_CORNER_3_OFFENSIVE": 0.0546448087431694, "SHOT_TYPE_CORNER_3_DEFENSIVE": 0.06077348066298342, "SHOT_TYPE_LONG_MID_RANGE_OFFENSIVE": 0.07650273224043716, "SHOT_TYPE_LONG_MID_RANGE_DEFENSIVE": 0.13812154696132597, "SHOT_TYPE_SHORT_MID_RANGE_OFFENSIVE": 0.16939890710382513, "SHOT_TYPE_SHORT_MID_RANGE_DEFENSIVE": 0.20994475138121546, "TURNOVER": 0.0625, "VIOLATION_DEFENSIVE_GOALTENDING": 0.0, "VIOLATION_DEFENSIVE_KICK_BALL": 0.0}