{"ASSIST": 0.29393939393939394, "BLOCK": 0.1643835616438356, "FG_ARC_3_ATTEMPT": 0.22023809523809523, "FG_ARC_3_BLOCK": 0.0, "FG_ARC_3_MADE": 0.527027027027027, "FG_ARC_3_MADE_FOUL": 0.0, "FG_AT_RIM_ATTEMPT": 0.2972972972972973, "FG_AT_RIM_BLOCK": 0.03303303303303303, "FG_AT_RIM_MADE": 0.6666666666666666, "FG_AT_RIM_MADE_FOUL": 0.012012012012012012, "FG_CORNER_3_ATTEMPT": 0.14035087719298245, "FG_CORNER_3_BLOCK": 0.008771929824561403, "FG_CORNER_3_MADE": 0.6875, "FG_CORNER_3_MADE_FOUL": 0.0, "FG_LONG_MID_RANGE_ATTEMPT": 0.27631578947368424, "FG_LONG_MID_RANGE_BLOCK": 0.0, "FG_LONG_MID_RANGE_MADE": 0.4523809523809524, "FG_LONG_MID_RANGE_MADE_FOUL": 0.006578947368421052, "FG_SHORT_MID_RANGE_ATTEMPT": 0.30030959752321984, "FG_SHORT_MID_RANGE_BLOCK": 0.021671826625386997, "FG_SHORT_MID_RANGE_MADE": 0.5051546391752577, "FG_SHORT_MID_RANGE_MADE_FOUL": 0.02476780185758514, "FG_XY": {"ARC_3": {"1|255": 0.013513513513513514, "74|245": 0.013513513513513514, "120|220": 0.013513513513513514, "-164|215": 0.013513513513513514, "-138|210": 0.013513513513513514, "-104|451": 0.013513513513513514, "-96|238": 0.013513513513513514, "-188|220": 0.013513513513513514, "100|232": 0.013513513513513514, "-227|134": 0.013513513513513514, "-224|116": 0.013513513513513514, "-105|261": 0.013513513513513514, "-163|240": 0.013513513513513514, "102|236": 0.013513513513513514, "164|223": 0.013513513513513514, "76|259": 0.013513513513513514, "-131|223": 0.013513513513513514, "-29|252": 0.013513513513513514, "76|230": 0.013513513513513514, "-222|142": 0.013513513513513514, "150|221": 0.013513513513513514, "138|216": 0.013513513513513514, "27|264": 0.013513513513513514, "212|141": 0.013513513513513514, "81|254": 0.013513513513513514, "216|149": 0.013513513513513514, "179|195": 0.013513513513513514, "99|243": 0.013513513513513514, "108|250": 0.013513513513513514, "-116|280": 0.013513513513513514, "116|236": 0.013513513513513514, "-142|211": 0.013513513513513514, "124|231": 0.013513513513513514, "174|186": 0.013513513513513514, "6|257": 0.013513513513513514, "54|260": 0.013513513513513514, "20|257": 0.013513513513513514, "-216|200": 0.013513513513513514, "104|239": 0.013513513513513514, "23|272": 0.013513513513513514, "80|257": 0.013513513513513514, "157|235": 0.013513513513513514, "-168|227": 0.013513513513513514, "-156|254": 0.013513513513513514, "-183|195": 0.013513513513513514, "83|234": 0.013513513513513514, "-44|252": 0.013513513513513514, "-165|199": 0.013513513513513514, "-1|264": 0.013513513513513514, "163|222": 0.013513513513513514, "58|234": 0.013513513513513514, "96|236": 0.013513513513513514, "131|226": 0.013513513513513514, "-17|251": 0.013513513513513514, "108|260": 0.013513513513513514, "-13|251": 0.013513513513513514, "-113|231": 0.013513513513513514, "126|212": 0.013513513513513514, "-124|220": 0.013513513513513514, "157|220": 0.013513513513513514, "-145|251": 0.013513513513513514, "183|179": 0.013513513513513514, "136|226": 0.013513513513513514, "170|184": 0.013513513513513514, "-176|185": 0.013513513513513514, "-78|234": 0.013513513513513514, "-107|229": 0.013513513513513514, "49|241": 0.013513513513513514, "31|283": 0.013513513513513514, "-205|173": 0.013513513513513514, "233|96": 0.013513513513513514, "-33|263": 0.013513513513513514, "-167|227": 0.013513513513513514, "-81|263": 0.013513513513513514}, "AT_RIM": {"-22|30": 0.010101010101010102, "21|29": 0.010101010101010102, "4|-3": 0.010101010101010102, "-33|-6": 0.010101010101010102, "0|-10": 0.010101010101010102, "-7|5": 0.010101010101010102, "-23|6": 0.010101010101010102, "-34|17": 0.010101010101010102, "-10|-1": 0.010101010101010102, "-17|24": 0.010101010101010102, "2|4": 0.010101010101010102, "2|-6": 0.010101010101010102, "-9|-5": 0.010101010101010102, "13|6": 0.020202020202020204, "11|21": 0.010101010101010102, "6|7": 0.010101010101010102, "-2|4": 0.010101010101010102, "-2|23": 0.010101010101010102, "16|10": 0.010101010101010102, "-1|-12": 0.010101010101010102, "-5|-5": 0.010101010101010102, "-7|22": 0.010101010101010102, "13|10": 0.010101010101010102, "16|5": 0.010101010101010102, "13|-7": 0.010101010101010102, "-5|3": 0.010101010101010102, "20|-1": 0.010101010101010102, "18|0": 0.010101010101010102, "-16|11": 0.010101010101010102, "21|8": 0.010101010101010102, "-1|13": 0.010101010101010102, "9|-13": 0.010101010101010102, "-12|-1": 0.010101010101010102, "32|-7": 0.010101010101010102, "-26|22": 0.010101010101010102, "4|5": 0.010101010101010102, "-2|7": 0.010101010101010102, "5|18": 0.010101010101010102, "-9|3": 0.010101010101010102, "-26|5": 0.010101010101010102, "-11|6": 0.010101010101010102, "12|4": 0.010101010101010102, "11|6": 0.010101010101010102, "-28|4": 0.010101010101010102, "10|-3": 0.010101010101010102, "17|12": 0.010101010101010102, "-15|11": 0.010101010101010102, "22|15": 0.010101010101010102, "-7|33": 0.010101010101010102, "-13|-7": 0.010101010101010102, "4|-1": 0.010101010101010102, "32|13": 0.010101010101010102, "7|-2": 0.010101010101010102, "-4|-2": 0.010101010101010102, "2|-13": 0.010101010101010102, "-6|26": 0.010101010101010102, "-29|20": 0.010101010101010102, "-25|12": 0.010101010101010102, "-12|8": 0.010101010101010102, "2|17": 0.010101010101010102, "27|13": 0.010101010101010102, "20|10": 0.010101010101010102, "0|0": 0.010101010101010102, "36|5": 0.010101010101010102, "-26|21": 0.010101010101010102, "34|15": 0.010101010101010102, "-18|1": 0.010101010101010102, "-12|19": 0.010101010101010102, "20|31": 0.010101010101010102, "26|10": 0.010101010101010102, "-29|25": 0.010101010101010102, "-6|-4": 0.010101010101010102, "18|13": 0.010101010101010102, "-2|-6": 0.010101010101010102, "-12|34": 0.010101010101010102, "13|5": 0.010101010101010102, "-1|5": 0.010101010101010102, "36|2": 0.010101010101010102, "7|6": 0.010101010101010102, "4|11": 0.010101010101010102, "5|15": 0.010101010101010102, "-12|10": 0.020202020202020204, "18|15": 0.010101010101010102, "-17|-2": 0.010101010101010102, "25|3": 0.010101010101010102, "16|4": 0.010101010101010102, "33|10": 0.010101010101010102, "25|15": 0.010101010101010102, "4|1": 0.010101010101010102, "-4|8": 0.010101010101010102, "16|15": 0.010101010101010102, "17|20": 0.010101010101010102, "-2|8": 0.010101010101010102, "13|11": 0.010101010101010102, "5|10": 0.010101010101010102, "11|31": 0.010101010101010102, "-5|23": 0.010101010101010102}, "CORNER_3": {"229|57": 0.0625, "229|-5": 0.0625, "-230|-22": 0.0625, "-233|-11": 0.0625, "225|36": 0.0625, "-229|43": 0.125, "229|70": 0.0625, "225|59": 0.0625, "225|-24": 0.0625, "233|-1": 0.0625, "-235|13": 0.0625, "-235|-12": 0.0625, "-233|23": 0.0625, "-234|17": 0.0625, "-225|29": 0.0625}, "LONG_MID_RANGE": {"200|118": 0.023809523809523808, "-145|86": 0.023809523809523808, "110|135": 0.023809523809523808, "-65|138": 0.023809523809523808, "-26|156": 0.023809523809523808, "86|124": 0.023809523809523808, "-186|106": 0.023809523809523808, "96|183": 0.023809523809523808, "-97|102": 0.023809523809523808, "157|108": 0.023809523809523808, "185|-31": 0.023809523809523808, "20|160": 0.023809523809523808, "94|168": 0.023809523809523808, "169|81": 0.023809523809523808, "-20|201": 0.023809523809523808, "-135|64": 0.023809523809523808, "-4|147": 0.023809523809523808, "29|207": 0.023809523809523808, "-17|184": 0.023809523809523808, "-190|125": 0.023809523809523808, "102|113": 0.023809523809523808, "118|145": 0.023809523809523808, "-91|209": 0.023809523809523808, "-88|125": 0.023809523809523808, "100|161": 0.023809523809523808, "-129|131": 0.023809523809523808, "-98|168": 0.023809523809523808, "82|176": 0.023809523809523808, "-143|175": 0.023809523809523808, "143|47": 0.023809523809523808, "169|105": 0.023809523809523808, "143|3": 0.023809523809523808, "-151|6": 0.023809523809523808, "135|69": 0.023809523809523808, "130|124": 0.023809523809523808, "137|69": 0.023809523809523808, "-152|71": 0.023809523809523808, "159|100": 0.023809523809523808, "-28|164": 0.023809523809523808, "-4|167": 0.023809523809523808, "-31|154": 0.023809523809523808,