{"ASSIST": 0.22580645161290322, "BLOCK": 0.0, "FG_ARC_3_ATTEMPT": 0.30434782608695654, "FG_ARC_3_BLOCK": 0.0, "FG_ARC_3_MADE": 0.35714285714285715, "FG_ARC_3_MADE_FOUL": 0.0, "FG_AT_RIM_ATTEMPT": 0.16, "FG_AT_RIM_BLOCK": 0.04, "FG_AT_RIM_MADE": 0.75, "FG_AT_RIM_MADE_FOUL": 0.0, "FG_CORNER_3_ATTEMPT": 0.18181818181818182, "FG_CORNER_3_BLOCK": 0.0, "FG_CORNER_3_MADE": 0.5, "FG_CORNER_3_MADE_FOUL": 0.0, "FG_LONG_MID_RANGE_ATTEMPT": 0.0, "FG_LONG_MID_RANGE_BLOCK": 0.0, "FG_LONG_MID_RANGE_MADE": 0.0, "FG_LONG_MID_RANGE_MADE_FOUL": 0.0, "FG_SHORT_MID_RANGE_ATTEMPT": 0.2, "FG_SHORT_MID_RANGE_BLOCK": 0.0, "FG_SHORT_MID_RANGE_MADE": 0.16666666666666666, "FG_SHORT_MID_RANGE_MADE_FOUL": 0.03333333333333333, "FG_XY": {"ARC_3": {"-7|260": 0.07142857142857142, "-194|170": 0.07142857142857142, "110|251": 0.07142857142857142, "-208|164": 0.07142857142857142, "-130|236": 0.07142857142857142, "-116|232": 0.07142857142857142, "179|346": 0.07142857142857142, "140|215": 0.07142857142857142, "25|259": 0.07142857142857142, "-48|249": 0.07142857142857142, "205|134": 0.07142857142857142, "-119|228": 0.07142857142857142, "213|126": 0.07142857142857142, "-170|204": 0.07142857142857142}, "AT_RIM": {"0|0": 0.25, "-5|37": 0.25, "4|0": 0.25, "-2|6": 0.25}, "CORNER_3": {"234|14": 0.5, "224|79": 0.5}, "LONG_MID_RANGE": {}, "SHORT_MID_RANGE": {"11|84": 0.16666666666666666, "-38|46": 0.16666666666666666, "-38|131": 0.16666666666666666, "-45|74": 0.16666666666666666, "62|17": 0.16666666666666666, "55|125": 0.16666666666666666}}, "FOUL_AWAY_FROM_PLAY": 0.0, "FOULED_AWAY_FROM_PLAY": 0.0, "FOUL_CLEAR_PATH": 0.0, "FOULED_CLEAR_PATH": 0.0, "FOUL_COUNT_AS_PERSONAL": 0.3, "FOULED_COUNT_AS_PERSONAL": 0.2, "FOUL_COUNT_TOWARD_PENALTY": 0.3, "FOULED_COUNT_TOWARD_PENALTY": 0.21052631578947367, "FOUL_DEFENSIVE_NON_SHOOTING": 0.625, "FOULED_DEFENSIVE_NON_SHOOTING": 0.14285714285714285, "FOUL_DOUBLE": 0.0, "FOUL_TECHNICAL_DOUBLE": 0.0, "FOUL_FLAGRANT": 0.0, "FOULED_FLAGRANT": 0.0, "FOUL_FLAGRANT_1": 0.0, "FOULED_FLAGRANT_1": 0.0, "FOUL_FLAGRANT_2": 0.0, "FOULED_FLAGRANT_2": 0.0, "FOUL_INBOUND": 0.0, "FOULED_INBOUND": 0.0, "FOUL_LOOSE_BALL": 0.0, "FOULED_LOOSE_BALL": 0.3333333333333333, "FOUL_OFFENSIVE_CHARGE": 0.0, "FOULED_OFFENSIVE_CHARGE": 0.0, "FOUL_OFFENSIVE_OTHER": 0.0, "FOULED_OFFENSIVE_OTHER": 0.0, "FOUL_OFFENSIVE_TOTAL": 0.0, "FOULED_OFFENSIVE_TOTAL": 0.0, "FOUL_PERSONAL": 0.625, "FOULED_PERSONAL": 0.0, "FOUL_PERSONAL_BLOCK": 0.0, "FOULED_PERSONAL_BLOCK": 0.0, "FOUL_PERSONAL_TAKE": 0.0, "FOULED_PERSONAL_TAKE": 0.0, "FOUL_SHOOTING": 0.08333333333333333, "FOULED_SHOOTING": 0.25, "FOUL_SHOOTING_BLOCK": 0.0, "FOULED_SHOOTING_BLOCK": 0.0, "FOUL_TECHNICAL": 0.0, "FT": 0.6, "REBOUND_DEFENSIVE": 0.15254237288135594, "REBOUND_OFFENSIVE": 0.06578947368421052, "STEAL": 0.0, "SHOT_TYPE_ARC_3_OFFENSIVE": 0.3770491803278688, "SHOT_TYPE_ARC_3_DEFENSIVE": 0.3269230769230769, "SHOT_TYPE_AT_RIM_OFFENSIVE": 0.20491803278688525, "SHOT_TYPE_AT_RIM_DEFENSIVE": 0.3173076923076923, "SHOT_TYPE_CORNER_3_OFFENSIVE": 0.09016393442622951, "SHOT_TYPE_CORNER_3_DEFENSIVE": 0.08653846153846154, "SHOT_TYPE_LONG_MID_RANGE_OFFENSIVE": 0.08196721311475409, "SHOT_TYPE_LONG_MID_RANGE_DEFENSIVE": 0.09615384615384616, "SHOT_TYPE_SHORT_MID_RANGE_OFFENSIVE": 0.2459016393442623, "SHOT_TYPE_SHORT_MID_RANGE_DEFENSIVE": 0.17307692307692307, "TURNOVER": 0.0, "VIOLATION_DEFENSIVE_GOALTENDING": 0.0, "VIOLATION_DEFENSIVE_KICK_BALL": 0.0}