{"ASSIST": 0.15894039735099338, "BLOCK": 0.16417910447761194, "FG_ARC_3_ATTEMPT": 0.13170731707317074, "FG_ARC_3_BLOCK": 0.0, "FG_ARC_3_MADE": 0.25925925925925924, "FG_ARC_3_MADE_FOUL": 0.0, "FG_AT_RIM_ATTEMPT": 0.22252747252747251, "FG_AT_RIM_BLOCK": 0.03021978021978022, "FG_AT_RIM_MADE": 0.5185185185185185, "FG_AT_RIM_MADE_FOUL": 0.008241758241758242, "FG_CORNER_3_ATTEMPT": 0.19540229885057472, "FG_CORNER_3_BLOCK": 0.0, "FG_CORNER_3_MADE": 0.23529411764705882, "FG_CORNER_3_MADE_FOUL": 0.0, "FG_LONG_MID_RANGE_ATTEMPT": 0.0660377358490566, "FG_LONG_MID_RANGE_BLOCK": 0.009433962264150943, "FG_LONG_MID_RANGE_MADE": 0.5714285714285714, "FG_LONG_MID_RANGE_MADE_FOUL": 0.0, "FG_SHORT_MID_RANGE_ATTEMPT": 0.2801724137931034, "FG_SHORT_MID_RANGE_BLOCK": 0.034482758620689655, "FG_SHORT_MID_RANGE_MADE": 0.3384615384615385, "FG_SHORT_MID_RANGE_MADE_FOUL": 0.008620689655172414, "FG_XY": {"ARC_3": {"-100|240": 0.018518518518518517, "169|189": 0.018518518518518517, "127|226": 0.018518518518518517, "-134|227": 0.018518518518518517, "-227|100": 0.018518518518518517, "147|218": 0.018518518518518517, "137|232": 0.018518518518518517, "81|245": 0.018518518518518517, "168|213": 0.018518518518518517, "-185|182": 0.018518518518518517, "-55|279": 0.018518518518518517, "11|261": 0.018518518518518517, "178|189": 0.018518518518518517, "-115|238": 0.018518518518518517, "100|235": 0.018518518518518517, "-10|274": 0.018518518518518517, "-23|267": 0.018518518518518517, "-131|247": 0.018518518518518517, "164|201": 0.018518518518518517, "-202|147": 0.018518518518518517, "190|160": 0.018518518518518517, "136|221": 0.018518518518518517, "223|112": 0.018518518518518517, "-67|239": 0.018518518518518517, "87|236": 0.018518518518518517, "-153|209": 0.018518518518518517, "-140|204": 0.018518518518518517, "140|231": 0.018518518518518517, "-153|216": 0.018518518518518517, "-197|183": 0.018518518518518517, "130|216": 0.018518518518518517, "15|267": 0.018518518518518517, "6|260": 0.018518518518518517, "-206|152": 0.018518518518518517, "154|215": 0.018518518518518517, "-131|201": 0.018518518518518517, "-7|246": 0.018518518518518517, "154|210": 0.018518518518518517, "121|257": 0.018518518518518517, "-53|253": 0.018518518518518517, "-192|170": 0.018518518518518517, "129|258": 0.018518518518518517, "-189|168": 0.018518518518518517, "-140|211": 0.018518518518518517, "77|242": 0.018518518518518517, "-96|242": 0.018518518518518517, "-119|244": 0.018518518518518517, "72|258": 0.018518518518518517, "97|254": 0.018518518518518517, "109|236": 0.018518518518518517, "-22|262": 0.018518518518518517, "103|234": 0.018518518518518517, "163|210": 0.018518518518518517, "-218|120": 0.018518518518518517}, "AT_RIM": {"37|8": 0.012345679012345678, "7|-6": 0.012345679012345678, "31|24": 0.012345679012345678, "-31|10": 0.012345679012345678, "0|2": 0.012345679012345678, "-9|0": 0.012345679012345678, "10|17": 0.012345679012345678, "22|14": 0.012345679012345678, "9|16": 0.012345679012345678, "21|23": 0.012345679012345678, "-7|13": 0.012345679012345678, "-32|12": 0.012345679012345678, "0|-4": 0.012345679012345678, "22|-4": 0.012345679012345678, "-12|21": 0.012345679012345678, "23|4": 0.012345679012345678, "-21|5": 0.012345679012345678, "18|3": 0.012345679012345678, "-2|19": 0.012345679012345678, "13|2": 0.012345679012345678, "4|7": 0.012345679012345678, "-2|11": 0.012345679012345678, "17|18": 0.012345679012345678, "-5|11": 0.012345679012345678, "-10|10": 0.012345679012345678, "20|1": 0.012345679012345678, "11|26": 0.012345679012345678, "-9|32": 0.012345679012345678, "2|29": 0.012345679012345678, "29|14": 0.012345679012345678, "5|31": 0.012345679012345678, "12|27": 0.012345679012345678, "0|0": 0.012345679012345678, "4|9": 0.012345679012345678, "4|13": 0.012345679012345678, "31|9": 0.012345679012345678, "-18|0": 0.012345679012345678, "-15|32": 0.012345679012345678, "13|12": 0.012345679012345678, "2|16": 0.012345679012345678, "-17|29": 0.012345679012345678, "1|1": 0.012345679012345678, "-7|-6": 0.012345679012345678, "1|13": 0.012345679012345678, "-23|11": 0.012345679012345678, "23|-13": 0.012345679012345678, "-7|-8": 0.012345679012345678, "12|7": 0.012345679012345678, "7|0": 0.012345679012345678, "12|11": 0.012345679012345678, "2|14": 0.012345679012345678, "-16|23": 0.012345679012345678, "6|26": 0.012345679012345678, "-18|26": 0.012345679012345678, "-26|24": 0.012345679012345678, "1|11": 0.012345679012345678, "12|32": 0.012345679012345678, "-2|29": 0.012345679012345678, "16|13": 0.012345679012345678, "-17|35": 0.012345679012345678, "-2|32": 0.012345679012345678, "-7|-1": 0.012345679012345678, "26|11": 0.012345679012345678, "5|3": 0.012345679012345678, "-16|36": 0.012345679012345678, "-7|1": 0.012345679012345678, "-9|23": 0.012345679012345678, "2|15": 0.012345679012345678, "1|37": 0.012345679012345678, "-15|16": 0.012345679012345678, "16|-1": 0.012345679012345678, "-2|13": 0.012345679012345678, "32|8": 0.012345679012345678, "16|9": 0.012345679012345678, "12|34": 0.012345679012345678, "11|13": 0.012345679012345678, "16|10": 0.012345679012345678, "-7|0": 0.012345679012345678, "-33|1": 0.012345679012345678, "21|19": 0.012345679012345678, "-4|0": 0.012345679012345678}, "CORNER_3": {"-229|-14": 0.058823529411764705, "229|-13": 0.058823529411764705, "239|-3": 0.058823529411764705, "228|28": 0.058823529411764705, "-229|10": 0.058823529411764705, "233|27": 0.058823529411764705, "-223|13": 0.058823529411764705, "-225|8": 0.058823529411764705, "224|37": 0.058823529411764705, "240|84": 0.058823529411764705, "-222|-48": 0.058823529411764705, "-238|22": 0.058823529411764705, "-241|58": 0.058823529411764705, "229|73": 0.058823529411764705, "235|0": 0.058823529411764705, "-229|26": 0.058823529411764705, "-232|22": 0.058823529411764705}, "LONG_MID_RANGE": {"-60|178": 0.14285714285714285, "15|157": 0.14285714285714285, "-93|130": 0.14285714285714285, "-18|141": 0.14285714285714285, "-34|198": 0.14285714285714285, "-28|148": 0.14285714285714285, "65|183": 0.14285714285714285}, "SHORT_MID_RANGE": {"29|37": 0.015384615384615385, "49|72": 0.015384615384615385, "28|38": 0.015384615384615385, "-67|40": 0.015384615384615385, "7|59": 0.015384615384615385, "-37|119": 0.015384615384615385, "-2|63": 0.015384615384615385, "-5|43": 0.015384615384615385, "0|52": 0.015384615384615385, "-56|62": 0.015384615384615385, "15|59": 0.015384615384615385, "-39|90": 0.015384615384615385, "-43|90": 0.015384615384615385, "-15|84": 0.015384615384615385, "-39|57": 0.015384615384615385, "28|29": 0.015384615384615385, "1|66": 0.015384615384615385, "49|53": 0.015384615384615385, "44|10": 0.015384615384615385, "-130|9": 0.015384615384615385, "-2|50": 0.015384615384615385, "-45|10": 0.015384615384615385, "-42|32": 0.015384615384615385, "-53|83": 0.015384615384615385, "-28|45": 0.015384615384615385, "-70|54": 0.015384615384615385, "13|62": 0.015384615384615385, "-22|43": 0.015384615384615385, "-77|-4": 0.015384615384615385, "-39|50": 0.015384615384615385, "-18|64": 0.015384615384615385, "-2|52": 0.015384615384615385, "25|78": 0.015384615384615385, "87|49": 0.015384615384615385, "-44|31": 0.015384615384615385, "40|49": 0.015384615384615385, "43|16": 0.015384615384615385, "13|44": 0.015384615384615385, "39|10": 0.015384615384615385, "50|84": 0.015384615384615385, "-15|49": 0.015384615384615385, "-44|32": 0.015384615384615385, "-29|59": 0.015384615384615385, "26|34": 0.015384615384615385, "29|81": 0.015384615384615385, "-45|95": 0.015384615384615385, "13|57": 0.015384615384615385, "77|48": 0.015384615384615385, "50|24": 0.015384615384615385, "38|34": 0.015384615384615385, "99|96": 0.015384615384615385, "43|42": 0.015384615384615385, "25|68": 0.015384615384615385, "-40|60": 0.015384615384615385, "-12|55": 0.015384615384615385, "1|95": 0.015384615384615385, "-5|44": 0.015384615384615385, "48|34": 0.015384615384615385, "43|57": 0.015384615384615385, "33|27": 0.015384615384615385, "-17|55": 0.015384615384615385, "58|96": 0.015384615384615385, "36|47": 0.015384615384615385,