{"ASSIST": 0.2958579881656805, "BLOCK": 0.125, "FG_ARC_3_ATTEMPT": 0.18835616438356165, "FG_ARC_3_BLOCK": 0.0, "FG_ARC_3_MADE": 0.5272727272727272, "FG_ARC_3_MADE_FOUL": 0.0, "FG_AT_RIM_ATTEMPT": 0.27, "FG_AT_RIM_BLOCK": 0.045, "FG_AT_RIM_MADE": 0.5, "FG_AT_RIM_MADE_FOUL": 0.005, "FG_CORNER_3_ATTEMPT": 0.26229508196721313, "FG_CORNER_3_BLOCK": 0.0, "FG_CORNER_3_MADE": 0.5, "FG_CORNER_3_MADE_FOUL": 0.0, "FG_LONG_MID_RANGE_ATTEMPT": 0.17307692307692307, "FG_LONG_MID_RANGE_BLOCK": 0.0, "FG_LONG_MID_RANGE_MADE": 0.4444444444444444, "FG_LONG_MID_RANGE_MADE_FOUL": 0.0, "FG_SHORT_MID_RANGE_ATTEMPT": 0.21705426356589147, "FG_SHORT_MID_RANGE_BLOCK": 0.007751937984496124, "FG_SHORT_MID_RANGE_MADE": 0.35714285714285715, "FG_SHORT_MID_RANGE_MADE_FOUL": 0.007751937984496124, "FG_XY": {"ARC_3": {"-116|219": 0.01818181818181818, "-115|267": 0.01818181818181818, "-157|183": 0.01818181818181818, "158|206": 0.01818181818181818, "44|258": 0.01818181818181818, "-217|173": 0.01818181818181818, "201|164": 0.01818181818181818, "-194|176": 0.01818181818181818, "-34|264": 0.01818181818181818, "-176|168": 0.01818181818181818, "-152|210": 0.01818181818181818, "-185|158": 0.01818181818181818, "-132|222": 0.01818181818181818, "51|265": 0.01818181818181818, "13|267": 0.01818181818181818, "189|209": 0.01818181818181818, "-189|159": 0.01818181818181818, "126|225": 0.03636363636363636, "-150|231": 0.01818181818181818, "-104|257": 0.01818181818181818, "174|198": 0.01818181818181818, "78|249": 0.01818181818181818, "-48|262": 0.01818181818181818, "-40|264": 0.01818181818181818, "-137|210": 0.01818181818181818, "86|256": 0.01818181818181818, "-194|210": 0.01818181818181818, "154|211": 0.01818181818181818, "-203|195": 0.01818181818181818, "119|242": 0.01818181818181818, "-147|226": 0.01818181818181818, "102|238": 0.01818181818181818, "-196|193": 0.01818181818181818, "121|244": 0.01818181818181818, "-32|304": 0.01818181818181818, "200|198": 0.01818181818181818, "75|271": 0.01818181818181818, "-217|197": 0.01818181818181818, "72|260": 0.01818181818181818, "-176|264": 0.01818181818181818, "115|231": 0.01818181818181818, "195|168": 0.01818181818181818, "-67|299": 0.01818181818181818, "-36|248": 0.01818181818181818, "190|177": 0.01818181818181818, "124|227": 0.01818181818181818, "-86|258": 0.01818181818181818, "-143|220": 0.01818181818181818, "61|272": 0.01818181818181818, "-10|269": 0.01818181818181818, "206|151": 0.01818181818181818, "108|231": 0.01818181818181818, "-135|210": 0.01818181818181818, "-190|159": 0.01818181818181818}, "AT_RIM": {"-37|-6": 0.018518518518518517, "12|4": 0.018518518518518517, "-20|2": 0.018518518518518517, "15|1": 0.018518518518518517, "-23|2": 0.018518518518518517, "7|13": 0.018518518518518517, "13|1": 0.018518518518518517, "16|2": 0.018518518518518517, "1|12": 0.018518518518518517, "-4|13": 0.018518518518518517, "10|29": 0.018518518518518517, "-25|19": 0.018518518518518517, "29|17": 0.018518518518518517, "2|2": 0.018518518518518517, "4|12": 0.018518518518518517, "-15|17": 0.018518518518518517, "6|5": 0.018518518518518517, "15|4": 0.018518518518518517, "0|0": 0.018518518518518517, "18|3": 0.018518518518518517, "-1|14": 0.018518518518518517, "10|-4": 0.018518518518518517, "-9|31": 0.018518518518518517, "-1|13": 0.018518518518518517, "16|14": 0.018518518518518517, "-23|32": 0.018518518518518517, "-26|17": 0.018518518518518517, "-10|17": 0.018518518518518517, "-16|16": 0.018518518518518517, "-9|30": 0.018518518518518517, "31|11": 0.018518518518518517, "-7|34": 0.018518518518518517, "-31|16": 0.018518518518518517, "-23|15": 0.018518518518518517, "5|13": 0.018518518518518517, "-2|15": 0.018518518518518517, "5|0": 0.018518518518518517, "5|26": 0.018518518518518517, "0|15": 0.018518518518518517, "-2|18": 0.018518518518518517, "-29|13": 0.018518518518518517, "0|16": 0.018518518518518517, "-2|11": 0.018518518518518517, "32|20": 0.018518518518518517, "0|8": 0.018518518518518517, "-1|18": 0.018518518518518517, "-15|22": 0.018518518518518517, "11|19": 0.018518518518518517, "-22|32": 0.018518518518518517, "1|21": 0.018518518518518517, "-21|27": 0.018518518518518517, "32|14": 0.018518518518518517, "18|7": 0.018518518518518517, "17|21": 0.018518518518518517}, "CORNER_3": {"-241|15": 0.0625, "237|22": 0.0625, "-223|18": 0.0625, "-227|3": 0.0625, "-239|12": 0.0625, "-232|19": 0.0625, "229|69": 0.0625, "-229|25": 0.0625, "-239|26": 0.0625, "-228|17": 0.0625, "-232|20": 0.0625, "-225|35": 0.0625, "241|35": 0.0625, "-227|29": 0.0625, "-232|11": 0.0625, "234|21": 0.0625}, "LONG_MID_RANGE": {"-45|156": 0.1111111111111111, "100|105": 0.1111111111111111, "-9|149": 0.1111111111111111, "31|185": 0.1111111111111111, "112|104": 0.1111111111111111, "-102|106": 0.1111111111111111, "20|168": 0.1111111111111111, "-110|162": 0.1111111111111111, "36|148": 0.1111111111111111}, "SHORT_MID_RANGE": {"49|105": 0.03571428571428571, "25|43": 0.03571428571428571, "-21|34": 0.03571428571428571, "7|53": 0.03571428571428571, "37|33": 0.03571428571428571, "-23|34": 0.03571428571428571, "-7|62": 0.03571428571428571, "-10|57": 0.03571428571428571, "-50|14": 0.03571428571428571, "53|11": 0.03571428571428571, "82|35": 0.03571428571428571, "43|17": 0.03571428571428571, "27|37": 0.03571428571428571, "-59|6": 0.03571428571428571, "-33|27": 0.03571428571428571, "-27|126": 0.03571428571428571, "17|65": 0.03571428571428571, "-87|-4": 0.03571428571428571, "-34|69": 0.03571428571428571, "-29|71": 0.03571428571428571, "70|79": 0.03571428571428571, "-55|74": 0.03571428571428571, "-78|97": 0.03571428571428571, "11|58": 0.03571428571428571, "-53|29": 0.03571428571428571, "-36|17": 0.03571428571428571, "58|89": 0.03571428571428571, "50|71": 0.03571428571428571}}, "FOUL_AWAY_FROM_PLAY": 1.0, "FOULED_AWAY_FROM_PLAY": 0.0, "FOUL_CLEAR_PATH": 0.0, "FOULED_CLEAR_PATH": 0.0, "FOUL_COUNT_AS_PERSONAL": 0.18902439024390244, "FOULED_COUNT_AS_PERSONAL": 0.225, "FOUL_COUNT_TOWARD_PENALTY": 0.2052980132450331, "FOULED_COUNT_TOWARD_PENALTY": 0.22058823529411764, "FOUL_DEFENSIVE_NON_SHOOTING": 0.2328767123287671, "FOULED_DEFENSIVE_NON_SHOOTING": 0.18840579710144928, "FOUL_DOUBLE": 0.0, "FOUL_TECHNICAL_DOUBLE": 0.0, "FOUL_FLAGRANT": 0.0, "FOULED_FLAGRANT": 0.0, "FOUL_FLAGRANT_1": 0.0, "FOULED_FLAGRANT_1": 0.0, "FOUL_FLAGRANT_2": 0.0, "FOULED_FLAGRANT_2": 0.0, "FOUL_INBOUND": 0.0, "FOULED_INBOUND": 0.0, "FOUL_LOOSE_BALL": 0.0, "FOULED_LOOSE_BALL": 0.0, "FOUL_OFFENSIVE_CHARGE": 0.0, "FOULED_OFFENSIVE_CHARGE": 0.3333333333333333, "FOUL_OFFENSIVE_OTHER": 0.0, "FOULED_OFFENSIVE_OTHER": 0.0, "FOUL_OFFENSIVE_TOTAL": 0.0, "FOULED_OFFENSIVE_TOTAL": 0.25, "FOUL_PERSONAL": 0.27450980392156865, "FOULED_PERSONAL": 0.20408163265306123, "FOUL_PERSONAL_BLOCK": 0.0, "FOULED_PERSONAL_BLOCK": 0.0, "FOUL_PERSONAL_TAKE": 0.25, "FOULED_PERSONAL_TAKE": 0.375, "FOUL_SHOOTING": 0.16883116883116883, "FOULED_SHOOTING": 0.2537313432835821, "FOUL_SHOOTING_BLOCK": 0.0, "FOULED_SHOOTING_BLOCK": 0.0, "FOUL_TECHNICAL": 0.0, "FT": 0.5714285714285714, "REBOUND_DEFENSIVE": 0.14936708860759493, "REBOUND_OFFENSIVE": 0.017543859649122806, "STEAL": 0.16666666666666666, "SHOT_TYPE_ARC_3_OFFENSIVE": 0.3978201634877384, "SHOT_TYPE_ARC_3_DEFENSIVE": 0.31955922865013775, "SHOT_TYPE_AT_RIM_OFFENSIVE": 0.2724795640326976, "SHOT_TYPE_AT_RIM_DEFENSIVE": 0.2713498622589532, "SHOT_TYPE_CORNER_3_OFFENSIVE": 0.08310626702997276, "SHOT_TYPE_CORNER_3_DEFENSIVE": 0.10743801652892562, "SHOT_TYPE_LONG_MID_RANGE_OFFENSIVE": 0.07084468664850137, "SHOT_TYPE_LONG_MID_RANGE_DEFENSIVE": 0.1115702479338843, "SHOT_TYPE_SHORT_MID_RANGE_OFFENSIVE": 0.17574931880108993, "SHOT_TYPE_SHORT_MID_RANGE_DEFENSIVE": 0.19008264462809918, "TURNOVER": 0.23076923076923078, "VIOLATION_DEFENSIVE_GOALTENDING": 0.0, "VIOLATION_DEFENSIVE_KICK_BALL": 0.5}