{"ASSIST": 0.2857142857142857, "BLOCK": 0.75, "FG_ARC_3_ATTEMPT": 0.11764705882352941, "FG_ARC_3_BLOCK": 0.0, "FG_ARC_3_MADE": 0.5, "FG_ARC_3_MADE_FOUL": 0.0, "FG_AT_RIM_ATTEMPT": 0.375, "FG_AT_RIM_BLOCK": 0.0, "FG_AT_RIM_MADE": 0.6666666666666666, "FG_AT_RIM_MADE_FOUL": 0.041666666666666664, "FG_CORNER_3_ATTEMPT": 0.375, "FG_CORNER_3_BLOCK": 0.0, "FG_CORNER_3_MADE": 0.0, "FG_CORNER_3_MADE_FOUL": 0.0, "FG_LONG_MID_RANGE_ATTEMPT": 0.75, "FG_LONG_MID_RANGE_BLOCK": 0.0, "FG_LONG_MID_RANGE_MADE": 0.3333333333333333, "FG_LONG_MID_RANGE_MADE_FOUL": 0.0, "FG_SHORT_MID_RANGE_ATTEMPT": 0.5, "FG_SHORT_MID_RANGE_BLOCK": 0.25, "FG_SHORT_MID_RANGE_MADE": 0.0, "FG_SHORT_MID_RANGE_MADE_FOUL": 0.0, "FG_XY": {"ARC_3": {"-148|211": 0.5, "140|221": 0.5}, "AT_RIM": {"2|4": 0.1111111111111111, "-4|27": 0.1111111111111111, "0|12": 0.1111111111111111, "-17|20": 0.1111111111111111, "-1|15": 0.1111111111111111, "-17|16": 0.1111111111111111, "0|0": 0.1111111111111111, "-12|4": 0.1111111111111111, "4|5": 0.1111111111111111}, "CORNER_3": {"225|20": 0.3333333333333333, "-234|16": 0.3333333333333333, "-228|9": 0.3333333333333333}, "LONG_MID_RANGE": {"-146|164": 0.3333333333333333, "92|157": 0.3333333333333333, "-33|153": 0.3333333333333333}, "SHORT_MID_RANGE": {"-115|10": 0.5, "37|69": 0.5}}, "FOUL_AWAY_FROM_PLAY": 0.0, "FOULED_AWAY_FROM_PLAY": 0.0, "FOUL_CLEAR_PATH": 0.0, "FOULED_CLEAR_PATH": 0.0, "FOUL_COUNT_AS_PERSONAL": 0.35714285714285715, "FOULED_COUNT_AS_PERSONAL": 0.2857142857142857, "FOUL_COUNT_TOWARD_PENALTY": 0.35714285714285715, "FOULED_COUNT_TOWARD_PENALTY": 0.2857142857142857, "FOUL_DEFENSIVE_NON_SHOOTING": 0.14285714285714285, "FOULED_DEFENSIVE_NON_SHOOTING": 0.2, "FOUL_DOUBLE": 0.0, "FOUL_TECHNICAL_DOUBLE": 0.0, "FOUL_FLAGRANT": 0.0, "FOULED_FLAGRANT": 0.0, "FOUL_FLAGRANT_1": 0.0, "FOULED_FLAGRANT_1": 0.0, "FOUL_FLAGRANT_2": 0.0, "FOULED_FLAGRANT_2": 0.0, "FOUL_INBOUND": 0.0, "FOULED_INBOUND": 0.0, "FOUL_LOOSE_BALL": 0.0, "FOULED_LOOSE_BALL": 1.0, "FOUL_OFFENSIVE_CHARGE": 0.0, "FOULED_OFFENSIVE_CHARGE": 0.0, "FOUL_OFFENSIVE_OTHER": 0.0, "FOULED_OFFENSIVE_OTHER": 0.0, "FOUL_OFFENSIVE_TOTAL": 0.0, "FOULED_OFFENSIVE_TOTAL": 0.0, "FOUL_PERSONAL": 0.16666666666666666, "FOULED_PERSONAL": 0.0, "FOUL_PERSONAL_BLOCK": 0.0, "FOULED_PERSONAL_BLOCK": 0.0, "FOUL_PERSONAL_TAKE": 0.0, "FOULED_PERSONAL_TAKE": 0.0, "FOUL_SHOOTING": 0.5714285714285714, "FOULED_SHOOTING": 0.3333333333333333, "FOUL_SHOOTING_BLOCK": 0.0, "FOULED_SHOOTING_BLOCK": 0.0, "FOUL_TECHNICAL": 1.0, "FT": 0.4, "REBOUND_DEFENSIVE": 0.18604651162790697, "REBOUND_OFFENSIVE": 0.10810810810810811, "STEAL": 0.4, "SHOT_TYPE_ARC_3_OFFENSIVE": 0.2982456140350877, "SHOT_TYPE_ARC_3_DEFENSIVE": 0.3188405797101449, "SHOT_TYPE_AT_RIM_OFFENSIVE": 0.42105263157894735, "SHOT_TYPE_AT_RIM_DEFENSIVE": 0.2898550724637681, "SHOT_TYPE_CORNER_3_OFFENSIVE": 0.14035087719298245, "SHOT_TYPE_CORNER_3_DEFENSIVE": 0.11594202898550725, "SHOT_TYPE_LONG_MID_RANGE_OFFENSIVE": 0.07017543859649122, "SHOT_TYPE_LONG_MID_RANGE_DEFENSIVE": 0.11594202898550725, "SHOT_TYPE_SHORT_MID_RANGE_OFFENSIVE": 0.07017543859649122, "SHOT_TYPE_SHORT_MID_RANGE_DEFENSIVE": 0.15942028985507245, "TURNOVER": 0.11764705882352941, "VIOLATION_DEFENSIVE_GOALTENDING": 0.0, "VIOLATION_DEFENSIVE_KICK_BALL": 0.0}