{"ASSIST": 0.0, "BLOCK": 0.75, "FG_ARC_3_ATTEMPT": 0.08620689655172414, "FG_ARC_3_BLOCK": 0.0, "FG_ARC_3_MADE": 0.2, "FG_ARC_3_MADE_FOUL": 0.0, "FG_AT_RIM_ATTEMPT": 0.17647058823529413, "FG_AT_RIM_BLOCK": 0.058823529411764705, "FG_AT_RIM_MADE": 0.3333333333333333, "FG_AT_RIM_MADE_FOUL": 0.0, "FG_CORNER_3_ATTEMPT": 0.11764705882352941, "FG_CORNER_3_BLOCK": 0.0, "FG_CORNER_3_MADE": 0.0, "FG_CORNER_3_MADE_FOUL": 0.0, "FG_LONG_MID_RANGE_ATTEMPT": 0.42857142857142855, "FG_LONG_MID_RANGE_BLOCK": 0.0, "FG_LONG_MID_RANGE_MADE": 0.0, "FG_LONG_MID_RANGE_MADE_FOUL": 0.0, "FG_SHORT_MID_RANGE_ATTEMPT": 0.18181818181818182, "FG_SHORT_MID_RANGE_BLOCK": 0.045454545454545456, "FG_SHORT_MID_RANGE_MADE": 0.0, "FG_SHORT_MID_RANGE_MADE_FOUL": 0.0, "FG_XY": {"ARC_3": {"-190|167": 0.2, "-194|155": 0.2, "-88|248": 0.2, "-26|270": 0.2, "-186|175": 0.2}, "AT_RIM": {"-5|8": 0.16666666666666666, "0|0": 0.3333333333333333, "32|9": 0.16666666666666666, "-29|3": 0.16666666666666666, "4|12": 0.16666666666666666}, "CORNER_3": {"-229|10": 0.5, "224|34": 0.5}, "LONG_MID_RANGE": {"-156|84": 0.3333333333333333, "-205|14": 0.3333333333333333, "54|135": 0.3333333333333333}, "SHORT_MID_RANGE": {"25|34": 0.25, "6|54": 0.25, "-34|36": 0.25, "-50|29": 0.25}}, "FOUL_AWAY_FROM_PLAY": 0.0, "FOULED_AWAY_FROM_PLAY": 0.0, "FOUL_CLEAR_PATH": 0.0, "FOULED_CLEAR_PATH": 0.0, "FOUL_COUNT_AS_PERSONAL": 0.13793103448275862, "FOULED_COUNT_AS_PERSONAL": 0.15625, "FOUL_COUNT_TOWARD_PENALTY": 0.16666666666666666, "FOULED_COUNT_TOWARD_PENALTY": 0.1724137931034483, "FOUL_DEFENSIVE_NON_SHOOTING": 0.07692307692307693, "FOULED_DEFENSIVE_NON_SHOOTING": 0.0, "FOUL_DOUBLE": 0.0, "FOUL_TECHNICAL_DOUBLE": 0.0, "FOUL_FLAGRANT": 0.0, "FOULED_FLAGRANT": 0.0, "FOUL_FLAGRANT_1": 0.0, "FOULED_FLAGRANT_1": 0.0, "FOUL_FLAGRANT_2": 0.0, "FOULED_FLAGRANT_2": 0.0, "FOUL_INBOUND": 0.0, "FOULED_INBOUND": 0.0, "FOUL_LOOSE_BALL": 0.0, "FOULED_LOOSE_BALL": 0.0, "FOUL_OFFENSIVE_CHARGE": 0.0, "FOULED_OFFENSIVE_CHARGE": 0.0, "FOUL_OFFENSIVE_OTHER": 0.0, "FOULED_OFFENSIVE_OTHER": 0.0, "FOUL_OFFENSIVE_TOTAL": 0.0, "FOULED_OFFENSIVE_TOTAL": 0.0, "FOUL_PERSONAL": 0.14285714285714285, "FOULED_PERSONAL": 0.0, "FOUL_PERSONAL_BLOCK": 0.0, "FOULED_PERSONAL_BLOCK": 0.0, "FOUL_PERSONAL_TAKE": 0.0, "FOULED_PERSONAL_TAKE": 0.0, "FOUL_SHOOTING": 0.2727272727272727, "FOULED_SHOOTING": 0.38461538461538464, "FOUL_SHOOTING_BLOCK": 0.0, "FOULED_SHOOTING_BLOCK": 0.0, "FOUL_TECHNICAL": 0.0, "FT": 0.6, "REBOUND_DEFENSIVE": 0.2647058823529412, "REBOUND_OFFENSIVE": 0.1267605633802817, "STEAL": 0.0, "SHOT_TYPE_ARC_3_OFFENSIVE": 0.42028985507246375, "SHOT_TYPE_ARC_3_DEFENSIVE": 0.3007518796992481, "SHOT_TYPE_AT_RIM_OFFENSIVE": 0.2463768115942029, "SHOT_TYPE_AT_RIM_DEFENSIVE": 0.24060150375939848, "SHOT_TYPE_CORNER_3_OFFENSIVE": 0.12318840579710146, "SHOT_TYPE_CORNER_3_DEFENSIVE": 0.08270676691729323, "SHOT_TYPE_LONG_MID_RANGE_OFFENSIVE": 0.050724637681159424, "SHOT_TYPE_LONG_MID_RANGE_DEFENSIVE": 0.15037593984962405, "SHOT_TYPE_SHORT_MID_RANGE_OFFENSIVE": 0.15942028985507245, "SHOT_TYPE_SHORT_MID_RANGE_DEFENSIVE": 0.22556390977443608, "TURNOVER": 0.17391304347826086, "VIOLATION_DEFENSIVE_GOALTENDING": 0.0, "VIOLATION_DEFENSIVE_KICK_BALL": 1.0}