{"ASSIST": 0.30434782608695654, "BLOCK": 0.14285714285714285, "FG_ARC_3_ATTEMPT": 0.14210526315789473, "FG_ARC_3_BLOCK": 0.0, "FG_ARC_3_MADE": 0.48148148148148145, "FG_ARC_3_MADE_FOUL": 0.0, "FG_AT_RIM_ATTEMPT": 0.17098445595854922, "FG_AT_RIM_BLOCK": 0.015544041450777202, "FG_AT_RIM_MADE": 0.8181818181818182, "FG_AT_RIM_MADE_FOUL": 0.015544041450777202, "FG_CORNER_3_ATTEMPT": 0.18181818181818182, "FG_CORNER_3_BLOCK": 0.0, "FG_CORNER_3_MADE": 0.42857142857142855, "FG_CORNER_3_MADE_FOUL": 0.0, "FG_LONG_MID_RANGE_ATTEMPT": 0.19696969696969696, "FG_LONG_MID_RANGE_BLOCK": 0.0, "FG_LONG_MID_RANGE_MADE": 0.38461538461538464, "FG_LONG_MID_RANGE_MADE_FOUL": 0.0, "FG_SHORT_MID_RANGE_ATTEMPT": 0.26515151515151514, "FG_SHORT_MID_RANGE_BLOCK": 0.022727272727272728, "FG_SHORT_MID_RANGE_MADE": 0.2857142857142857, "FG_SHORT_MID_RANGE_MADE_FOUL": 0.007575757575757576, "FG_XY": {"ARC_3": {"208|143": 0.037037037037037035, "189|165": 0.037037037037037035, "80|249": 0.037037037037037035, "0|246": 0.037037037037037035, "-134|230": 0.037037037037037035, "42|245": 0.037037037037037035, "197|169": 0.037037037037037035, "97|239": 0.037037037037037035, "200|181": 0.037037037037037035, "80|237": 0.037037037037037035, "26|245": 0.037037037037037035, "-131|277": 0.037037037037037035, "-212|165": 0.037037037037037035, "167|221": 0.037037037037037035, "168|209": 0.037037037037037035, "227|208": 0.037037037037037035, "-212|134": 0.037037037037037035, "178|185": 0.037037037037037035, "-213|151": 0.037037037037037035, "-156|210": 0.037037037037037035, "143|236": 0.037037037037037035, "-89|253": 0.037037037037037035, "-10|265": 0.037037037037037035, "197|147": 0.037037037037037035, "229|90": 0.037037037037037035, "-116|234": 0.037037037037037035, "211|127": 0.037037037037037035}, "AT_RIM": {"-36|5": 0.030303030303030304, "-27|16": 0.030303030303030304, "23|9": 0.030303030303030304, "-38|-4": 0.030303030303030304, "-4|5": 0.030303030303030304, "-23|20": 0.030303030303030304, "-11|-1": 0.030303030303030304, "5|11": 0.030303030303030304, "-1|15": 0.030303030303030304, "9|-4": 0.030303030303030304, "-5|9": 0.030303030303030304, "0|0": 0.030303030303030304, "37|1": 0.030303030303030304, "-18|3": 0.030303030303030304, "1|26": 0.030303030303030304, "1|6": 0.030303030303030304, "-22|6": 0.030303030303030304, "-18|4": 0.030303030303030304, "20|13": 0.030303030303030304, "-1|21": 0.030303030303030304, "-26|17": 0.030303030303030304, "7|16": 0.030303030303030304, "16|11": 0.030303030303030304, "-9|28": 0.030303030303030304, "-2|-3": 0.030303030303030304, "-6|22": 0.030303030303030304, "-6|14": 0.030303030303030304, "-11|33": 0.030303030303030304, "-6|23": 0.030303030303030304, "2|27": 0.030303030303030304, "21|25": 0.030303030303030304, "-18|30": 0.030303030303030304, "17|11": 0.030303030303030304}, "CORNER_3": {"240|-25": 0.07142857142857142, "229|59": 0.07142857142857142, "-232|2": 0.07142857142857142, "229|30": 0.07142857142857142, "223|28": 0.07142857142857142, "-230|55": 0.07142857142857142, "229|40": 0.07142857142857142, "237|53": 0.07142857142857142, "-228|1": 0.07142857142857142, "-225|1": 0.07142857142857142, "-232|-5": 0.07142857142857142, "-222|9": 0.07142857142857142, "-225|-5": 0.07142857142857142, "-232|-2": 0.07142857142857142}, "LONG_MID_RANGE": {"-11|153": 0.07692307692307693, "-102|180": 0.07692307692307693, "-80|173": 0.07692307692307693, "172|48": 0.07692307692307693, "-129|83": 0.07692307692307693, "150|130": 0.07692307692307693, "186|-1": 0.07692307692307693, "-136|89": 0.07692307692307693, "123|99": 0.07692307692307693, "181|138": 0.07692307692307693, "-180|-5": 0.07692307692307693, "-112|87": 0.07692307692307693, "-153|97": 0.07692307692307693}, "SHORT_MID_RANGE": {"-80|-8": 0.02857142857142857, "-47|4": 0.02857142857142857, "59|5": 0.02857142857142857, "38|53": 0.02857142857142857, "22|116": 0.02857142857142857, "-6|48": 0.02857142857142857, "-51|105": 0.02857142857142857, "-76|66": 0.02857142857142857, "-31|118": 0.02857142857142857, "-37|106": 0.02857142857142857, "-32|33": 0.02857142857142857, "40|68": 0.02857142857142857, "37|99": 0.02857142857142857, "-91|89": 0.02857142857142857, "54|13": 0.02857142857142857, "1|43": 0.02857142857142857, "7|48": 0.02857142857142857, "-39|39": 0.02857142857142857, "49|56": 0.02857142857142857, "-40|23": 0.02857142857142857, "-1|57": 0.02857142857142857, "44|57": 0.02857142857142857, "-81|92": 0.02857142857142857, "-6|63": 0.02857142857142857, "75|72": 0.02857142857142857, "-72|34": 0.02857142857142857, "-66|107": 0.02857142857142857, "-60|74": 0.02857142857142857, "12|55": 0.02857142857142857, "-6|61": 0.02857142857142857, "-105|41": 0.02857142857142857, "-71|60": 0.02857142857142857, "18|42": 0.02857142857142857, "-38|26": 0.02857142857142857, "-55|6": 0.02857142857142857}}, "FOUL_AWAY_FROM_PLAY": 0.0, "FOULED_AWAY_FROM_PLAY": 0.0, "FOUL_CLEAR_PATH": 0.0, "FOULED_CLEAR_PATH": 0.0, "FOUL_COUNT_AS_PERSONAL": 0.2553191489361702, "FOULED_COUNT_AS_PERSONAL": 0.12037037037037036, "FOUL_COUNT_TOWARD_PENALTY": 0.2677165354330709, "FOULED_COUNT_TOWARD_PENALTY": 0.09473684210526316, "FOUL_DEFENSIVE_NON_SHOOTING": 0.3235294117647059, "FOULED_DEFENSIVE_NON_SHOOTING": 0.12, "FOUL_DOUBLE": 0.0, "FOUL_TECHNICAL_DOUBLE": 0.0, "FOUL_FLAGRANT": 0.0, "FOULED_FLAGRANT": 0.0, "FOUL_FLAGRANT_1": 0.0, "FOULED_FLAGRANT_1": 0.0, "FOUL_FLAGRANT_2": 0.0, "FOULED_FLAGRANT_2": 0.0, "FOUL_INBOUND": 0.0, "FOULED_INBOUND": 0.0, "FOUL_LOOSE_BALL": 0.0, "FOULED_LOOSE_BALL": 0.16666666666666666, "FOUL_OFFENSIVE_CHARGE": 0.0, "FOULED_OFFENSIVE_CHARGE": 0.25, "FOUL_OFFENSIVE_OTHER": 0.0, "FOULED_OFFENSIVE_OTHER": 0.0, "FOUL_OFFENSIVE_TOTAL": 0.14285714285714285, "FOULED_OFFENSIVE_TOTAL": 0.3076923076923077, "FOUL_PERSONAL": 0.38461538461538464, "FOULED_PERSONAL": 0.08571428571428572, "FOUL_PERSONAL_BLOCK": 0.0, "FOULED_PERSONAL_BLOCK": 0.0, "FOUL_PERSONAL_TAKE": 0.5, "FOULED_PERSONAL_TAKE": 0.2222222222222222, "FOUL_SHOOTING": 0.2033898305084746, "FOULED_SHOOTING": 0.06666666666666667, "FOUL_SHOOTING_BLOCK": 0.0, "FOULED_SHOOTING_BLOCK": 0.0, "FOUL_TECHNICAL": 0.0, "FT": 0.9, "REBOUND_DEFENSIVE": 0.1165644171779141, "REBOUND_OFFENSIVE": 0.026570048309178744, "STEAL": 0.39285714285714285, "SHOT_TYPE_ARC_3_OFFENSIVE": 0.2887537993920973, "SHOT_TYPE_ARC_3_DEFENSIVE": 0.2975609756097561, "SHOT_TYPE_AT_RIM_OFFENSIVE": 0.2933130699088146, "SHOT_TYPE_AT_RIM_DEFENSIVE": 0.32195121951219513, "SHOT_TYPE_CORNER_3_OFFENSIVE": 0.11702127659574468, "SHOT_TYPE_CORNER_3_DEFENSIVE": 0.06829268292682927, "SHOT_TYPE_LONG_MID_RANGE_OFFENSIVE": 0.10030395136778116, "SHOT_TYPE_LONG_MID_RANGE_DEFENSIVE": 0.0991869918699187, "SHOT_TYPE_SHORT_MID_RANGE_OFFENSIVE": 0.2006079027355623, "SHOT_TYPE_SHORT_MID_RANGE_DEFENSIVE": 0.21300813008130082, "TURNOVER": 0.2403846153846154, "VIOLATION_DEFENSIVE_GOALTENDING": 0.0, "VIOLATION_DEFENSIVE_KICK_BALL": 0.5}