{"ASSIST": 0.11475409836065574, "BLOCK": 0.2, "FG_ARC_3_ATTEMPT": 0.12941176470588237, "FG_ARC_3_BLOCK": 0.0, "FG_ARC_3_MADE": 0.2727272727272727, "FG_ARC_3_MADE_FOUL": 0.0, "FG_AT_RIM_ATTEMPT": 0.2, "FG_AT_RIM_BLOCK": 0.06153846153846154, "FG_AT_RIM_MADE": 0.3076923076923077, "FG_AT_RIM_MADE_FOUL": 0.03076923076923077, "FG_CORNER_3_ATTEMPT": 0.07692307692307693, "FG_CORNER_3_BLOCK": 0.0, "FG_CORNER_3_MADE": 0.5, "FG_CORNER_3_MADE_FOUL": 0.0, "FG_LONG_MID_RANGE_ATTEMPT": 0.06666666666666667, "FG_LONG_MID_RANGE_BLOCK": 0.0, "FG_LONG_MID_RANGE_MADE": 0.0, "FG_LONG_MID_RANGE_MADE_FOUL": 0.0, "FG_SHORT_MID_RANGE_ATTEMPT": 0.06666666666666667, "FG_SHORT_MID_RANGE_BLOCK": 0.022222222222222223, "FG_SHORT_MID_RANGE_MADE": 0.3333333333333333, "FG_SHORT_MID_RANGE_MADE_FOUL": 0.022222222222222223, "FG_XY": {"ARC_3": {"11|256": 0.09090909090909091, "-208|136": 0.09090909090909091, "-10|256": 0.09090909090909091, "-4|260": 0.09090909090909091, "-164|207": 0.09090909090909091, "119|217": 0.09090909090909091, "196|176": 0.09090909090909091, "-169|203": 0.09090909090909091, "70|247": 0.09090909090909091, "66|260": 0.09090909090909091, "23|262": 0.09090909090909091}, "AT_RIM": {"-4|0": 0.07692307692307693, "0|0": 0.07692307692307693, "26|-14": 0.07692307692307693, "16|23": 0.07692307692307693, "31|17": 0.07692307692307693, "-16|36": 0.07692307692307693, "-32|9": 0.07692307692307693, "9|5": 0.07692307692307693, "-9|23": 0.07692307692307693, "11|20": 0.07692307692307693, "5|21": 0.07692307692307693, "20|14": 0.07692307692307693, "9|-4": 0.07692307692307693}, "CORNER_3": {"-227|-13": 0.5, "235|53": 0.5}, "LONG_MID_RANGE": {"-169|-4": 1.0}, "SHORT_MID_RANGE": {"48|36": 0.3333333333333333, "-10|71": 0.3333333333333333, "22|48": 0.3333333333333333}}, "FOUL_AWAY_FROM_PLAY": 0.0, "FOULED_AWAY_FROM_PLAY": 0.0, "FOUL_CLEAR_PATH": 0.0, "FOULED_CLEAR_PATH": 0.0, "FOUL_COUNT_AS_PERSONAL": 0.37254901960784315, "FOULED_COUNT_AS_PERSONAL": 0.24074074074074073, "FOUL_COUNT_TOWARD_PENALTY": 0.38636363636363635, "FOULED_COUNT_TOWARD_PENALTY": 0.1875, "FOUL_DEFENSIVE_NON_SHOOTING": 0.25, "FOULED_DEFENSIVE_NON_SHOOTING": 0.2727272727272727, "FOUL_DOUBLE": 0.0, "FOUL_TECHNICAL_DOUBLE": 0.0, "FOUL_FLAGRANT": 0.0, "FOULED_FLAGRANT": 1.0, "FOUL_FLAGRANT_1": 0.0, "FOULED_FLAGRANT_1": 1.0, "FOUL_FLAGRANT_2": 0.0, "FOULED_FLAGRANT_2": 0.0, "FOUL_INBOUND": 0.0, "FOULED_INBOUND": 0.0, "FOUL_LOOSE_BALL": 0.0, "FOULED_LOOSE_BALL": 0.6666666666666666, "FOUL_OFFENSIVE_CHARGE": 0.0, "FOULED_OFFENSIVE_CHARGE": 1.0, "FOUL_OFFENSIVE_OTHER": 0.0, "FOULED_OFFENSIVE_OTHER": 0.0, "FOUL_OFFENSIVE_TOTAL": 0.2857142857142857, "FOULED_OFFENSIVE_TOTAL": 0.6666666666666666, "FOUL_PERSONAL": 0.25, "FOULED_PERSONAL": 0.17647058823529413, "FOUL_PERSONAL_BLOCK": 0.0, "FOULED_PERSONAL_BLOCK": 0.0, "FOUL_PERSONAL_TAKE": 0.0, "FOULED_PERSONAL_TAKE": 0.0, "FOUL_SHOOTING": 0.4375, "FOULED_SHOOTING": 0.11538461538461539, "FOUL_SHOOTING_BLOCK": 0.0, "FOULED_SHOOTING_BLOCK": 0.0, "FOUL_TECHNICAL": 0.0, "FT": 0.8, "REBOUND_DEFENSIVE": 0.13274336283185842, "REBOUND_OFFENSIVE": 0.07746478873239436, "STEAL": 0.18518518518518517, "SHOT_TYPE_ARC_3_OFFENSIVE": 0.3601694915254237, "SHOT_TYPE_ARC_3_DEFENSIVE": 0.30180180180180183, "SHOT_TYPE_AT_RIM_OFFENSIVE": 0.2754237288135593, "SHOT_TYPE_AT_RIM_DEFENSIVE": 0.2927927927927928, "SHOT_TYPE_CORNER_3_OFFENSIVE": 0.11016949152542373, "SHOT_TYPE_CORNER_3_DEFENSIVE": 0.0990990990990991, "SHOT_TYPE_LONG_MID_RANGE_OFFENSIVE": 0.0635593220338983, "SHOT_TYPE_LONG_MID_RANGE_DEFENSIVE": 0.13063063063063063, "SHOT_TYPE_SHORT_MID_RANGE_OFFENSIVE": 0.1906779661016949, "SHOT_TYPE_SHORT_MID_RANGE_DEFENSIVE": 0.17567567567567569, "TURNOVER": 0.0625, "VIOLATION_DEFENSIVE_GOALTENDING": 0.0, "VIOLATION_DEFENSIVE_KICK_BALL": 0.0}