{"ASSIST": 0.125, "BLOCK": 0.5, "FG_ARC_3_ATTEMPT": 0.1111111111111111, "FG_ARC_3_BLOCK": 0.0, "FG_ARC_3_MADE": 0.6666666666666666, "FG_ARC_3_MADE_FOUL": 0.0, "FG_AT_RIM_ATTEMPT": 0.05263157894736842, "FG_AT_RIM_BLOCK": 0.05263157894736842, "FG_AT_RIM_MADE": 0.0, "FG_AT_RIM_MADE_FOUL": 0.0, "FG_CORNER_3_ATTEMPT": 0.3333333333333333, "FG_CORNER_3_BLOCK": 0.0, "FG_CORNER_3_MADE": 0.0, "FG_CORNER_3_MADE_FOUL": 0.0, "FG_LONG_MID_RANGE_ATTEMPT": 0.25, "FG_LONG_MID_RANGE_BLOCK": 0.0, "FG_LONG_MID_RANGE_MADE": 0.3333333333333333, "FG_LONG_MID_RANGE_MADE_FOUL": 0.0, "FG_SHORT_MID_RANGE_ATTEMPT": 0.16666666666666666, "FG_SHORT_MID_RANGE_BLOCK": 0.0, "FG_SHORT_MID_RANGE_MADE": 0.0, "FG_SHORT_MID_RANGE_MADE_FOUL": 0.0, "FG_XY": {"ARC_3": {"-151|248": 0.3333333333333333, "164|208": 0.3333333333333333, "-237|118": 0.3333333333333333}, "AT_RIM": {"5|7": 1.0}, "CORNER_3": {"225|7": 1.0}, "LONG_MID_RANGE": {"82|184": 0.3333333333333333, "-98|126": 0.3333333333333333, "213|21": 0.3333333333333333}, "SHORT_MID_RANGE": {"91|1": 1.0}}, "FOUL_AWAY_FROM_PLAY": 0.0, "FOULED_AWAY_FROM_PLAY": 0.0, "FOUL_CLEAR_PATH": 0.0, "FOULED_CLEAR_PATH": 0.0, "FOUL_COUNT_AS_PERSONAL": 0.3333333333333333, "FOULED_COUNT_AS_PERSONAL": 0.047619047619047616, "FOUL_COUNT_TOWARD_PENALTY": 0.4, "FOULED_COUNT_TOWARD_PENALTY": 0.0, "FOUL_DEFENSIVE_NON_SHOOTING": 0.2857142857142857, "FOULED_DEFENSIVE_NON_SHOOTING": 0.0, "FOUL_DOUBLE": 0.0, "FOUL_TECHNICAL_DOUBLE": 0.0, "FOUL_FLAGRANT": 0.0, "FOULED_FLAGRANT": 0.0, "FOUL_FLAGRANT_1": 0.0, "FOULED_FLAGRANT_1": 0.0, "FOUL_FLAGRANT_2": 0.0, "FOULED_FLAGRANT_2": 0.0, "FOUL_INBOUND": 0.0, "FOULED_INBOUND": 0.0, "FOUL_LOOSE_BALL": 0.0, "FOULED_LOOSE_BALL": 0.0, "FOUL_OFFENSIVE_CHARGE": 0.0, "FOULED_OFFENSIVE_CHARGE": 0.0, "FOUL_OFFENSIVE_OTHER": 0.0, "FOULED_OFFENSIVE_OTHER": 0.0, "FOUL_OFFENSIVE_TOTAL": 0.0, "FOULED_OFFENSIVE_TOTAL": 0.5, "FOUL_PERSONAL": 0.0, "FOULED_PERSONAL": 0.0, "FOUL_PERSONAL_BLOCK": 0.0, "FOULED_PERSONAL_BLOCK": 0.0, "FOUL_PERSONAL_TAKE": 1.0, "FOULED_PERSONAL_TAKE": 0.0, "FOUL_SHOOTING": 0.6666666666666666, "FOULED_SHOOTING": 0.0, "FOUL_SHOOTING_BLOCK": 0.0, "FOULED_SHOOTING_BLOCK": 0.0, "FOUL_TECHNICAL": 0.0, "FT": 0.0, "REBOUND_DEFENSIVE": 0.14285714285714285, "REBOUND_OFFENSIVE": 0.10256410256410256, "STEAL": 0.1111111111111111, "SHOT_TYPE_ARC_3_OFFENSIVE": 0.40298507462686567, "SHOT_TYPE_ARC_3_DEFENSIVE": 0.3582089552238806, "SHOT_TYPE_AT_RIM_OFFENSIVE": 0.2835820895522388, "SHOT_TYPE_AT_RIM_DEFENSIVE": 0.19402985074626866, "SHOT_TYPE_CORNER_3_OFFENSIVE": 0.04477611940298507, "SHOT_TYPE_CORNER_3_DEFENSIVE": 0.1044776119402985, "SHOT_TYPE_LONG_MID_RANGE_OFFENSIVE": 0.1791044776119403, "SHOT_TYPE_LONG_MID_RANGE_DEFENSIVE": 0.1791044776119403, "SHOT_TYPE_SHORT_MID_RANGE_OFFENSIVE": 0.08955223880597014, "SHOT_TYPE_SHORT_MID_RANGE_DEFENSIVE": 0.16417910447761194, "TURNOVER": 0.13333333333333333, "VIOLATION_DEFENSIVE_GOALTENDING": 0.0, "VIOLATION_DEFENSIVE_KICK_BALL": 0.0}