{"ASSIST": 0.17391304347826086, "BLOCK": 0.125, "FG_ARC_3_ATTEMPT": 0.15053763440860216, "FG_ARC_3_BLOCK": 0.0, "FG_ARC_3_MADE": 0.35714285714285715, "FG_ARC_3_MADE_FOUL": 0.0, "FG_AT_RIM_ATTEMPT": 0.16049382716049382, "FG_AT_RIM_BLOCK": 0.0, "FG_AT_RIM_MADE": 0.6153846153846154, "FG_AT_RIM_MADE_FOUL": 0.012345679012345678, "FG_CORNER_3_ATTEMPT": 0.13157894736842105, "FG_CORNER_3_BLOCK": 0.0, "FG_CORNER_3_MADE": 0.2, "FG_CORNER_3_MADE_FOUL": 0.0, "FG_LONG_MID_RANGE_ATTEMPT": 0.25, "FG_LONG_MID_RANGE_BLOCK": 0.0, "FG_LONG_MID_RANGE_MADE": 0.6, "FG_LONG_MID_RANGE_MADE_FOUL": 0.0, "FG_SHORT_MID_RANGE_ATTEMPT": 0.1686746987951807, "FG_SHORT_MID_RANGE_BLOCK": 0.012048192771084338, "FG_SHORT_MID_RANGE_MADE": 0.42857142857142855, "FG_SHORT_MID_RANGE_MADE_FOUL": 0.0, "FG_XY": {"ARC_3": {"-119|232": 0.07142857142857142, "151|210": 0.07142857142857142, "86|246": 0.07142857142857142, "-173|196": 0.07142857142857142, "-183|178": 0.07142857142857142, "-141|231": 0.07142857142857142, "89|243": 0.07142857142857142, "-199|159": 0.07142857142857142, "-21|246": 0.07142857142857142, "-26|245": 0.07142857142857142, "-42|251": 0.07142857142857142, "28|256": 0.07142857142857142, "-127|227": 0.07142857142857142, "69|257": 0.07142857142857142}, "AT_RIM": {"0|0": 0.15384615384615385, "18|21": 0.07692307692307693, "0|20": 0.07692307692307693, "-13|27": 0.07692307692307693, "-15|21": 0.07692307692307693, "-5|6": 0.07692307692307693, "13|10": 0.07692307692307693, "12|13": 0.07692307692307693, "4|-1": 0.07692307692307693, "22|11": 0.07692307692307693, "7|16": 0.07692307692307693, "9|20": 0.07692307692307693}, "CORNER_3": {"-221|-4": 0.2, "-224|84": 0.2, "-232|4": 0.2, "235|25": 0.2, "228|46": 0.2}, "LONG_MID_RANGE": {"119|98": 0.2, "-78|200": 0.2, "107|158": 0.2, "175|143": 0.2, "108|184": 0.2}, "SHORT_MID_RANGE": {"72|109": 0.07142857142857142, "-32|90": 0.07142857142857142, "-5|101": 0.07142857142857142, "-67|68": 0.07142857142857142, "-38|57": 0.07142857142857142, "-88|103": 0.07142857142857142, "-45|19": 0.07142857142857142, "-43|96": 0.07142857142857142, "-60|115": 0.07142857142857142, "-15|59": 0.07142857142857142, "-15|127": 0.07142857142857142, "20|121": 0.07142857142857142, "23|88": 0.07142857142857142, "-62|64": 0.07142857142857142}}, "FOUL_AWAY_FROM_PLAY": 0.0, "FOULED_AWAY_FROM_PLAY": 0.0, "FOUL_CLEAR_PATH": 0.0, "FOULED_CLEAR_PATH": 0.0, "FOUL_COUNT_AS_PERSONAL": 0.1864406779661017, "FOULED_COUNT_AS_PERSONAL": 0.24444444444444444, "FOUL_COUNT_TOWARD_PENALTY": 0.1509433962264151, "FOULED_COUNT_TOWARD_PENALTY": 0.2558139534883721, "FOUL_DEFENSIVE_NON_SHOOTING": 0.07407407407407407, "FOULED_DEFENSIVE_NON_SHOOTING": 0.18181818181818182, "FOUL_DOUBLE": 0.0, "FOUL_TECHNICAL_DOUBLE": 0.0, "FOUL_FLAGRANT": 0.0, "FOULED_FLAGRANT": 0.0, "FOUL_FLAGRANT_1": 0.0, "FOULED_FLAGRANT_1": 0.0, "FOUL_FLAGRANT_2": 0.0, "FOULED_FLAGRANT_2": 0.0, "FOUL_INBOUND": 0.0, "FOULED_INBOUND": 0.0, "FOUL_LOOSE_BALL": 0.0, "FOULED_LOOSE_BALL": 0.3333333333333333, "FOUL_OFFENSIVE_CHARGE": 0.0, "FOULED_OFFENSIVE_CHARGE": 0.0, "FOUL_OFFENSIVE_OTHER": 0.0, "FOULED_OFFENSIVE_OTHER": 0.0, "FOUL_OFFENSIVE_TOTAL": 0.5, "FOULED_OFFENSIVE_TOTAL": 0.0, "FOUL_PERSONAL": 0.08695652173913043, "FOULED_PERSONAL": 0.15384615384615385, "FOUL_PERSONAL_BLOCK": 0.0, "FOULED_PERSONAL_BLOCK": 0.0, "FOUL_PERSONAL_TAKE": 0.0, "FOULED_PERSONAL_TAKE": 0.0, "FOUL_SHOOTING": 0.23076923076923078, "FOULED_SHOOTING": 0.3333333333333333, "FOUL_SHOOTING_BLOCK": 0.0, "FOULED_SHOOTING_BLOCK": 0.0, "FOUL_TECHNICAL": 0.0, "FT": 0.6923076923076923, "REBOUND_DEFENSIVE": 0.174496644295302, "REBOUND_OFFENSIVE": 0.07777777777777778, "STEAL": 0.40540540540540543, "SHOT_TYPE_ARC_3_OFFENSIVE": 0.29523809523809524, "SHOT_TYPE_ARC_3_DEFENSIVE": 0.32786885245901637, "SHOT_TYPE_AT_RIM_OFFENSIVE": 0.2571428571428571, "SHOT_TYPE_AT_RIM_DEFENSIVE": 0.3344262295081967, "SHOT_TYPE_CORNER_3_OFFENSIVE": 0.12063492063492064, "SHOT_TYPE_CORNER_3_DEFENSIVE": 0.08852459016393442, "SHOT_TYPE_LONG_MID_RANGE_OFFENSIVE": 0.06349206349206349, "SHOT_TYPE_LONG_MID_RANGE_DEFENSIVE": 0.07868852459016394, "SHOT_TYPE_SHORT_MID_RANGE_OFFENSIVE": 0.2634920634920635, "SHOT_TYPE_SHORT_MID_RANGE_DEFENSIVE": 0.17049180327868851, "TURNOVER": 0.13043478260869565, "VIOLATION_DEFENSIVE_GOALTENDING": 0.0, "VIOLATION_DEFENSIVE_KICK_BALL": 0.0}