{"ASSIST": 0.29545454545454547, "BLOCK": 0.0, "FG_ARC_3_ATTEMPT": 0.31851851851851853, "FG_ARC_3_BLOCK": 0.0, "FG_ARC_3_MADE": 0.3488372093023256, "FG_ARC_3_MADE_FOUL": 0.0, "FG_AT_RIM_ATTEMPT": 0.22641509433962265, "FG_AT_RIM_BLOCK": 0.012578616352201259, "FG_AT_RIM_MADE": 0.6944444444444444, "FG_AT_RIM_MADE_FOUL": 0.006289308176100629, "FG_CORNER_3_ATTEMPT": 0.23728813559322035, "FG_CORNER_3_BLOCK": 0.0, "FG_CORNER_3_MADE": 0.2857142857142857, "FG_CORNER_3_MADE_FOUL": 0.0, "FG_LONG_MID_RANGE_ATTEMPT": 0.21818181818181817, "FG_LONG_MID_RANGE_BLOCK": 0.0, "FG_LONG_MID_RANGE_MADE": 0.3333333333333333, "FG_LONG_MID_RANGE_MADE_FOUL": 0.0, "FG_SHORT_MID_RANGE_ATTEMPT": 0.2619047619047619, "FG_SHORT_MID_RANGE_BLOCK": 0.023809523809523808, "FG_SHORT_MID_RANGE_MADE": 0.42424242424242425, "FG_SHORT_MID_RANGE_MADE_FOUL": 0.0, "FG_XY": {"ARC_3": {"37|260": 0.023255813953488372, "-140|580": 0.023255813953488372, "-129|239": 0.023255813953488372, "-126|265": 0.023255813953488372, "-207|137": 0.023255813953488372, "161|224": 0.023255813953488372, "71|248": 0.023255813953488372, "158|186": 0.023255813953488372, "-162|216": 0.023255813953488372, "173|176": 0.023255813953488372, "169|199": 0.023255813953488372, "162|196": 0.023255813953488372, "55|265": 0.023255813953488372, "233|105": 0.023255813953488372, "135|224": 0.023255813953488372, "116|229": 0.023255813953488372, "212|242": 0.023255813953488372, "129|256": 0.023255813953488372, "188|172": 0.023255813953488372, "194|187": 0.023255813953488372, "-157|198": 0.023255813953488372, "-115|230": 0.023255813953488372, "125|242": 0.023255813953488372, "67|245": 0.023255813953488372, "-173|201": 0.023255813953488372, "152|200": 0.023255813953488372, "-148|233": 0.023255813953488372, "175|171": 0.023255813953488372, "153|214": 0.023255813953488372, "54|250": 0.023255813953488372, "82|264": 0.023255813953488372, "39|253": 0.023255813953488372, "131|233": 0.023255813953488372, "158|219": 0.023255813953488372, "-18|257": 0.023255813953488372, "-146|214": 0.023255813953488372, "-49|247": 0.023255813953488372, "-208|124": 0.023255813953488372, "199|535": 0.023255813953488372, "-105|236": 0.023255813953488372, "178|178": 0.023255813953488372, "148|200": 0.023255813953488372, "9|257": 0.023255813953488372}, "AT_RIM": {"-17|-6": 0.027777777777777776, "-18|-2": 0.027777777777777776, "32|11": 0.027777777777777776, "2|6": 0.027777777777777776, "20|9": 0.027777777777777776, "1|11": 0.027777777777777776, "-9|-5": 0.027777777777777776, "12|-1": 0.027777777777777776, "-17|18": 0.027777777777777776, "-11|2": 0.027777777777777776, "-6|10": 0.027777777777777776, "-1|-1": 0.027777777777777776, "17|-1": 0.027777777777777776, "-6|29": 0.027777777777777776, "-16|12": 0.027777777777777776, "-12|3": 0.027777777777777776, "-17|9": 0.027777777777777776, "10|34": 0.027777777777777776, "-31|5": 0.027777777777777776, "-1|27": 0.027777777777777776, "9|-7": 0.027777777777777776, "0|0": 0.027777777777777776, "-18|0": 0.027777777777777776, "5|11": 0.027777777777777776, "-11|36": 0.027777777777777776, "-23|10": 0.027777777777777776, "-20|17": 0.027777777777777776, "20|12": 0.027777777777777776, "-16|-1": 0.027777777777777776, "21|2": 0.027777777777777776, "1|5": 0.027777777777777776, "-13|-2": 0.027777777777777776, "-6|1": 0.027777777777777776, "16|-10": 0.027777777777777776, "17|-16": 0.027777777777777776, "26|3": 0.027777777777777776}, "CORNER_3": {"233|11": 0.07142857142857142, "-225|6": 0.07142857142857142, "-227|43": 0.07142857142857142, "222|-22": 0.07142857142857142, "235|4": 0.07142857142857142, "227|-8": 0.07142857142857142, "-230|-18": 0.07142857142857142, "233|-8": 0.07142857142857142, "234|33": 0.07142857142857142, "239|6": 0.07142857142857142, "228|3": 0.07142857142857142, "-228|53": 0.07142857142857142, "229|55": 0.07142857142857142, "-233|-10": 0.07142857142857142}, "LONG_MID_RANGE": {"123|114": 0.08333333333333333, "-17|139": 0.08333333333333333, "71|152": 0.08333333333333333, "-6|150": 0.08333333333333333, "102|144": 0.08333333333333333, "134|146": 0.08333333333333333, "119|120": 0.08333333333333333, "-15|147": 0.08333333333333333, "200|64": 0.08333333333333333, "147|64": 0.08333333333333333, "197|31": 0.08333333333333333, "-185|48": 0.08333333333333333}, "SHORT_MID_RANGE": {"-25|34": 0.030303030303030304, "-34|132": 0.030303030303030304, "-23|71": 0.030303030303030304, "-103|5": 0.030303030303030304, "-97|41": 0.030303030303030304, "48|119": 0.030303030303030304, "-82|104": 0.030303030303030304, "31|104": 0.030303030303030304, "-61|42": 0.030303030303030304, "48|15": 0.030303030303030304, "0|52": 0.030303030303030304, "-25|37": 0.030303030303030304, "-43|37": 0.030303030303030304, "49|116": 0.030303030303030304, "-7|135": 0.030303030303030304, "78|6": 0.030303030303030304, "-4|127": 0.030303030303030304, "-96|28": 0.030303030303030304, "-22|74": 0.030303030303030304, "66|32": 0.030303030303030304, "-20|47": 0.030303030303030304, "22|34": 0.030303030303030304, "6|107": 0.030303030303030304, "23|95": 0.030303030303030304, "47|31": 0.030303030303030304, "123|29": 0.030303030303030304, "-2|75": 0.030303030303030304, "67|50": 0.030303030303030304, "2|75": 0.030303030303030304, "-2|117": 0.030303030303030304, "16|120": 0.030303030303030304, "40|2": 0.030303030303030304, "-40|19": 0.030303030303030304}}, "FOUL_AWAY_FROM_PLAY": 0.0, "FOULED_AWAY_FROM_PLAY": 0.0, "FOUL_CLEAR_PATH": 0.0, "FOULED_CLEAR_PATH": 0.0, "FOUL_COUNT_AS_PERSONAL": 0.14912280701754385, "FOULED_COUNT_AS_PERSONAL": 0.1111111111111111, "FOUL_COUNT_TOWARD_PENALTY": 0.1619047619047619, "FOULED_COUNT_TOWARD_PENALTY": 0.08139534883720931, "FOUL_DEFENSIVE_NON_SHOOTING": 0.18, "FOULED_DEFENSIVE_NON_SHOOTING": 0.08695652173913043, "FOUL_DOUBLE": 0.0, "FOUL_TECHNICAL_DOUBLE": 0.0, "FOUL_FLAGRANT": 0.0, "FOULED_FLAGRANT": 0.0, "FOUL_FLAGRANT_1": 0.0, "FOULED_FLAGRANT_1": 0.0, "FOUL_FLAGRANT_2": 0.0, "FOULED_FLAGRANT_2": 0.0, "FOUL_INBOUND": 0.0, "FOULED_INBOUND": 0.0, "FOUL_LOOSE_BALL": 0.0, "FOULED_LOOSE_BALL": 0.0, "FOUL_OFFENSIVE_CHARGE": 0.0, "FOULED_OFFENSIVE_CHARGE": 0.3333333333333333, "FOUL_OFFENSIVE_OTHER": 0.0, "FOULED_OFFENSIVE_OTHER": 0.0, "FOUL_OFFENSIVE_TOTAL": 0.0, "FOULED_OFFENSIVE_TOTAL": 0.3076923076923077, "FOUL_PERSONAL": 0.21428571428571427, "FOULED_PERSONAL": 0.027777777777777776, "FOUL_PERSONAL_BLOCK": 0.0, "FOULED_PERSONAL_BLOCK": 0.0, "FOUL_PERSONAL_TAKE": 0.0, "FOULED_PERSONAL_TAKE": 0.5, "FOUL_SHOOTING": 0.14545454545454545, "FOULED_SHOOTING": 0.075, "FOUL_SHOOTING_BLOCK": 0.0, "FOULED_SHOOTING_BLOCK": 0.0, "FOUL_TECHNICAL": 0.0, "FT": 0.7142857142857143, "REBOUND_DEFENSIVE": 0.09539473684210527, "REBOUND_OFFENSIVE": 0.015384615384615385, "STEAL": 0.20833333333333334, "SHOT_TYPE_ARC_3_OFFENSIVE": 0.25280898876404495, "SHOT_TYPE_ARC_3_DEFENSIVE": 0.31379962192816635, "SHOT_TYPE_AT_RIM_OFFENSIVE": 0.29775280898876405, "SHOT_TYPE_AT_RIM_DEFENSIVE": 0.277882797731569, "SHOT_TYPE_CORNER_3_OFFENSIVE": 0.1104868913857678, "SHOT_TYPE_CORNER_3_DEFENSIVE": 0.07939508506616257, "SHOT_TYPE_LONG_MID_RANGE_OFFENSIVE": 0.10299625468164794, "SHOT_TYPE_LONG_MID_RANGE_DEFENSIVE": 0.11342155009451796, "SHOT_TYPE_SHORT_MID_RANGE_OFFENSIVE": 0.23595505617977527, "SHOT_TYPE_SHORT_MID_RANGE_DEFENSIVE": 0.21550094517958412, "TURNOVER": 0.24271844660194175, "VIOLATION_DEFENSIVE_GOALTENDING": 0.0, "VIOLATION_DEFENSIVE_KICK_BALL": 0.0}