{"ASSIST": 0.07327586206896551, "BLOCK": 0.1791044776119403, "FG_ARC_3_ATTEMPT": 0.07418397626112759, "FG_ARC_3_BLOCK": 0.0, "FG_ARC_3_MADE": 0.12, "FG_ARC_3_MADE_FOUL": 0.0, "FG_AT_RIM_ATTEMPT": 0.09386281588447654, "FG_AT_RIM_BLOCK": 0.018050541516245487, "FG_AT_RIM_MADE": 0.5384615384615384, "FG_AT_RIM_MADE_FOUL": 0.0036101083032490976, "FG_CORNER_3_ATTEMPT": 0.24731182795698925, "FG_CORNER_3_BLOCK": 0.0, "FG_CORNER_3_MADE": 0.2608695652173913, "FG_CORNER_3_MADE_FOUL": 0.0, "FG_LONG_MID_RANGE_ATTEMPT": 0.028985507246376812, "FG_LONG_MID_RANGE_BLOCK": 0.0, "FG_LONG_MID_RANGE_MADE": 0.0, "FG_LONG_MID_RANGE_MADE_FOUL": 0.0, "FG_SHORT_MID_RANGE_ATTEMPT": 0.15976331360946747, "FG_SHORT_MID_RANGE_BLOCK": 0.03550295857988166, "FG_SHORT_MID_RANGE_MADE": 0.2962962962962963, "FG_SHORT_MID_RANGE_MADE_FOUL": 0.0, "FG_XY": {"ARC_3": {"-179|167": 0.04, "-176|169": 0.04, "172|189": 0.04, "-39|246": 0.04, "138|207": 0.04, "138|210": 0.04, "-163|188": 0.04, "157|193": 0.04, "-88|236": 0.04, "-98|252": 0.04, "136|220": 0.04, "200|180": 0.04, "58|246": 0.04, "-7|241": 0.04, "-124|398": 0.04, "203|157": 0.04, "200|163": 0.04, "89|240": 0.04, "55|242": 0.04, "192|180": 0.04, "170|212": 0.04, "189|185": 0.04, "-191|212": 0.04, "103|235": 0.04, "108|241": 0.04}, "AT_RIM": {"0|11": 0.038461538461538464, "1|-3": 0.038461538461538464, "25|11": 0.038461538461538464, "0|0": 0.19230769230769232, "9|25": 0.038461538461538464, "1|13": 0.038461538461538464, "1|4": 0.038461538461538464, "26|17": 0.038461538461538464, "-1|31": 0.038461538461538464, "-1|10": 0.038461538461538464, "-33|11": 0.038461538461538464, "2|1": 0.038461538461538464, "-6|6": 0.038461538461538464, "0|1": 0.038461538461538464, "9|7": 0.038461538461538464, "31|24": 0.038461538461538464, "-36|11": 0.038461538461538464, "-32|17": 0.038461538461538464, "-23|21": 0.038461538461538464, "21|16": 0.038461538461538464, "2|32": 0.038461538461538464, "18|-3": 0.038461538461538464}, "CORNER_3": {"-235|-14": 0.043478260869565216, "229|-15": 0.043478260869565216, "232|8": 0.043478260869565216, "-227|7": 0.043478260869565216, "238|2": 0.043478260869565216, "-234|11": 0.043478260869565216, "-224|8": 0.043478260869565216, "-229|19": 0.043478260869565216, "-232|68": 0.043478260869565216, "224|0": 0.043478260869565216, "-233|11": 0.043478260869565216, "234|16": 0.043478260869565216, "-227|1": 0.043478260869565216, "232|26": 0.043478260869565216, "-229|87": 0.043478260869565216, "-223|0": 0.043478260869565216, "-230|-1": 0.043478260869565216, "-233|-41": 0.043478260869565216, "-229|-17": 0.043478260869565216, "-221|-10": 0.043478260869565216, "232|41": 0.043478260869565216, "-238|34": 0.043478260869565216, "-239|-7": 0.043478260869565216}, "LONG_MID_RANGE": {"-109|167": 0.5, "143|64": 0.5}, "SHORT_MID_RANGE": {"38|39": 0.037037037037037035, "-16|63": 0.037037037037037035, "15|44": 0.037037037037037035, "58|62": 0.037037037037037035, "-74|12": 0.037037037037037035, "123|8": 0.037037037037037035, "99|68": 0.037037037037037035, "-40|57": 0.037037037037037035, "-42|31": 0.037037037037037035, "-23|41": 0.037037037037037035, "17|63": 0.037037037037037035, "-39|37": 0.037037037037037035, "-32|64": 0.037037037037037035, "-51|44": 0.037037037037037035, "81|46": 0.037037037037037035, "9|94": 0.037037037037037035, "-26|85": 0.037037037037037035, "-1|78": 0.037037037037037035, "-33|24": 0.037037037037037035, "-4|57": 0.037037037037037035, "62|43": 0.037037037037037035, "32|75": 0.037037037037037035, "-43|32": 0.037037037037037035, "-80|78": 0.037037037037037035, "-28|83": 0.037037037037037035, "37|25": 0.037037037037037035, "4|50": 0.037037037037037035}}, "FOUL_AWAY_FROM_PLAY": 0.0, "FOULED_AWAY_FROM_PLAY": 0.0, "FOUL_CLEAR_PATH": 0.0, "FOULED_CLEAR_PATH": 0.0, "FOUL_COUNT_AS_PERSONAL": 0.3333333333333333, "FOULED_COUNT_AS_PERSONAL": 0.09090909090909091, "FOUL_COUNT_TOWARD_PENALTY": 0.3564356435643564, "FOULED_COUNT_TOWARD_PENALTY": 0.07386363636363637, "FOUL_DEFENSIVE_NON_SHOOTING": 0.28846153846153844, "FOULED_DEFENSIVE_NON_SHOOTING": 0.06976744186046512, "FOUL_DOUBLE": 0.0, "FOUL_TECHNICAL_DOUBLE": 0.0, "FOUL_FLAGRANT": 0.0, "FOULED_FLAGRANT": 0.0, "FOUL_FLAGRANT_1": 0.0, "FOULED_FLAGRANT_1": 0.0, "FOUL_FLAGRANT_2": 0.0, "FOULED_FLAGRANT_2": 0.0, "FOUL_INBOUND": 0.0, "FOULED_INBOUND": 0.0, "FOUL_LOOSE_BALL": 0.0, "FOULED_LOOSE_BALL": 0.06666666666666667, "FOUL_OFFENSIVE_CHARGE": 0.5, "FOULED_OFFENSIVE_CHARGE": 0.0, "FOUL_OFFENSIVE_OTHER": 0.0, "FOULED_OFFENSIVE_OTHER": 0.0, "FOUL_OFFENSIVE_TOTAL": 0.15384615384615385, "FOULED_OFFENSIVE_TOTAL": 0.22727272727272727, "FOUL_PERSONAL": 0.2891566265060241, "FOULED_PERSONAL": 0.06451612903225806, "FOUL_PERSONAL_BLOCK": 0.0, "FOULED_PERSONAL_BLOCK": 0.0, "FOUL_PERSONAL_TAKE": 0.2, "FOULED_PERSONAL_TAKE": 0.14285714285714285, "FOUL_SHOOTING": 0.4375, "FOULED_SHOOTING": 0.07777777777777778, "FOUL_SHOOTING_BLOCK": 0.0, "FOULED_SHOOTING_BLOCK": 0.0, "FOUL_TECHNICAL": 0.0, "FT": 0.6363636363636364, "REBOUND_DEFENSIVE": 0.10545454545454545, "REBOUND_OFFENSIVE": 0.05555555555555555, "STEAL": 0.20652173913043478, "SHOT_TYPE_ARC_3_OFFENSIVE": 0.3566137566137566, "SHOT_TYPE_ARC_3_DEFENSIVE": 0.27292110874200426, "SHOT_TYPE_AT_RIM_OFFENSIVE": 0.2931216931216931, "SHOT_TYPE_AT_RIM_DEFENSIVE": 0.2867803837953092, "SHOT_TYPE_CORNER_3_OFFENSIVE": 0.09841269841269841, "SHOT_TYPE_CORNER_3_DEFENSIVE": 0.12473347547974413, "SHOT_TYPE_LONG_MID_RANGE_OFFENSIVE": 0.07301587301587302, "SHOT_TYPE_LONG_MID_RANGE_DEFENSIVE": 0.11087420042643924, "SHOT_TYPE_SHORT_MID_RANGE_OFFENSIVE": 0.17883597883597885, "SHOT_TYPE_SHORT_MID_RANGE_DEFENSIVE": 0.2046908315565032, "TURNOVER": 0.10857142857142857, "VIOLATION_DEFENSIVE_GOALTENDING": 0.0, "VIOLATION_DEFENSIVE_KICK_BALL": 0.3333333333333333}