{"ASSIST": 0.24444444444444444, "BLOCK": 0.1111111111111111, "FG_ARC_3_ATTEMPT": 0.2413793103448276, "FG_ARC_3_BLOCK": 0.0, "FG_ARC_3_MADE": 0.35714285714285715, "FG_ARC_3_MADE_FOUL": 0.0, "FG_AT_RIM_ATTEMPT": 0.10344827586206896, "FG_AT_RIM_BLOCK": 0.017241379310344827, "FG_AT_RIM_MADE": 0.8333333333333334, "FG_AT_RIM_MADE_FOUL": 0.0, "FG_CORNER_3_ATTEMPT": 0.18181818181818182, "FG_CORNER_3_BLOCK": 0.0, "FG_CORNER_3_MADE": 0.5, "FG_CORNER_3_MADE_FOUL": 0.0, "FG_LONG_MID_RANGE_ATTEMPT": 0.3076923076923077, "FG_LONG_MID_RANGE_BLOCK": 0.0, "FG_LONG_MID_RANGE_MADE": 0.25, "FG_LONG_MID_RANGE_MADE_FOUL": 0.0, "FG_SHORT_MID_RANGE_ATTEMPT": 0.2, "FG_SHORT_MID_RANGE_BLOCK": 0.0, "FG_SHORT_MID_RANGE_MADE": 0.4444444444444444, "FG_SHORT_MID_RANGE_MADE_FOUL": 0.0, "FG_XY": {"ARC_3": {"-6|261": 0.07142857142857142, "-82|234": 0.07142857142857142, "185|470": 0.07142857142857142, "76|250": 0.07142857142857142, "-202|158": 0.07142857142857142, "-217|127": 0.07142857142857142, "-26|254": 0.07142857142857142, "33|242": 0.07142857142857142, "102|236": 0.07142857142857142, "105|231": 0.07142857142857142, "115|222": 0.07142857142857142, "75|235": 0.07142857142857142, "152|244": 0.07142857142857142, "15|252": 0.07142857142857142}, "AT_RIM": {"26|16": 0.16666666666666666, "7|4": 0.16666666666666666, "9|5": 0.16666666666666666, "26|1": 0.16666666666666666, "-25|22": 0.16666666666666666, "-9|7": 0.16666666666666666}, "CORNER_3": {"-233|78": 0.5, "-225|5": 0.5}, "LONG_MID_RANGE": {"-96|137": 0.125, "172|127": 0.125, "93|152": 0.125, "-118|165": 0.125, "-54|169": 0.125, "32|196": 0.125, "-21|157": 0.125, "-167|67": 0.125}, "SHORT_MID_RANGE": {"-40|62": 0.1111111111111111, "11|92": 0.1111111111111111, "2|73": 0.1111111111111111, "88|39": 0.1111111111111111, "51|22": 0.1111111111111111, "-53|121": 0.1111111111111111, "48|29": 0.1111111111111111, "0|55": 0.1111111111111111, "-64|78": 0.1111111111111111}}, "FOUL_AWAY_FROM_PLAY": 0.0, "FOULED_AWAY_FROM_PLAY": 0.0, "FOUL_CLEAR_PATH": 0.0, "FOULED_CLEAR_PATH": 0.0, "FOUL_COUNT_AS_PERSONAL": 0.24390243902439024, "FOULED_COUNT_AS_PERSONAL": 0.17647058823529413, "FOUL_COUNT_TOWARD_PENALTY": 0.2702702702702703, "FOULED_COUNT_TOWARD_PENALTY": 0.1875, "FOUL_DEFENSIVE_NON_SHOOTING": 0.2857142857142857, "FOULED_DEFENSIVE_NON_SHOOTING": 0.38461538461538464, "FOUL_DOUBLE": 0.0, "FOUL_TECHNICAL_DOUBLE": 0.0, "FOUL_FLAGRANT": 1.0, "FOULED_FLAGRANT": 0.0, "FOUL_FLAGRANT_1": 1.0, "FOULED_FLAGRANT_1": 0.0, "FOUL_FLAGRANT_2": 0.0, "FOULED_FLAGRANT_2": 0.0, "FOUL_INBOUND": 0.0, "FOULED_INBOUND": 0.0, "FOUL_LOOSE_BALL": 0.0, "FOULED_LOOSE_BALL": 0.5, "FOUL_OFFENSIVE_CHARGE": 0.0, "FOULED_OFFENSIVE_CHARGE": 0.0, "FOUL_OFFENSIVE_OTHER": 0.0, "FOULED_OFFENSIVE_OTHER": 0.0, "FOUL_OFFENSIVE_TOTAL": 0.0, "FOULED_OFFENSIVE_TOTAL": 0.0, "FOUL_PERSONAL": 0.3333333333333333, "FOULED_PERSONAL": 0.5714285714285714, "FOUL_PERSONAL_BLOCK": 0.0, "FOULED_PERSONAL_BLOCK": 0.0, "FOUL_PERSONAL_TAKE": 0.0, "FOULED_PERSONAL_TAKE": 0.0, "FOUL_SHOOTING": 0.2608695652173913, "FOULED_SHOOTING": 0.05263157894736842, "FOUL_SHOOTING_BLOCK": 0.0, "FOULED_SHOOTING_BLOCK": 0.0, "FOUL_TECHNICAL": 0.0, "FT": 0.5, "REBOUND_DEFENSIVE": 0.12, "REBOUND_OFFENSIVE": 0.03389830508474576, "STEAL": 0.28, "SHOT_TYPE_ARC_3_OFFENSIVE": 0.29292929292929293, "SHOT_TYPE_ARC_3_DEFENSIVE": 0.34269662921348315, "SHOT_TYPE_AT_RIM_OFFENSIVE": 0.29292929292929293, "SHOT_TYPE_AT_RIM_DEFENSIVE": 0.25842696629213485, "SHOT_TYPE_CORNER_3_OFFENSIVE": 0.05555555555555555, "SHOT_TYPE_CORNER_3_DEFENSIVE": 0.12921348314606743, "SHOT_TYPE_LONG_MID_RANGE_OFFENSIVE": 0.13131313131313133, "SHOT_TYPE_LONG_MID_RANGE_DEFENSIVE": 0.08426966292134831, "SHOT_TYPE_SHORT_MID_RANGE_OFFENSIVE": 0.22727272727272727, "SHOT_TYPE_SHORT_MID_RANGE_DEFENSIVE": 0.1853932584269663, "TURNOVER": 0.08695652173913043, "VIOLATION_DEFENSIVE_GOALTENDING": 0.0, "VIOLATION_DEFENSIVE_KICK_BALL": 0.0}