{"ASSIST": 0.13043478260869565, "BLOCK": 0.16666666666666666, "FG_ARC_3_ATTEMPT": 0.25925925925925924, "FG_ARC_3_BLOCK": 0.0, "FG_ARC_3_MADE": 0.42857142857142855, "FG_ARC_3_MADE_FOUL": 0.0, "FG_AT_RIM_ATTEMPT": 0.18518518518518517, "FG_AT_RIM_BLOCK": 0.14814814814814814, "FG_AT_RIM_MADE": 0.2, "FG_AT_RIM_MADE_FOUL": 0.0, "FG_CORNER_3_ATTEMPT": 0.0, "FG_CORNER_3_BLOCK": 0.0, "FG_CORNER_3_MADE": 0.0, "FG_CORNER_3_MADE_FOUL": 0.0, "FG_LONG_MID_RANGE_ATTEMPT": 0.21428571428571427, "FG_LONG_MID_RANGE_BLOCK": 0.0, "FG_LONG_MID_RANGE_MADE": 0.0, "FG_LONG_MID_RANGE_MADE_FOUL": 0.0, "FG_SHORT_MID_RANGE_ATTEMPT": 0.11538461538461539, "FG_SHORT_MID_RANGE_BLOCK": 0.0, "FG_SHORT_MID_RANGE_MADE": 0.0, "FG_SHORT_MID_RANGE_MADE_FOUL": 0.0, "FG_XY": {"ARC_3": {"194|178": 0.14285714285714285, "-129|583": 0.14285714285714285, "-50|253": 0.14285714285714285, "-45|263": 0.14285714285714285, "98|243": 0.14285714285714285, "112|233": 0.14285714285714285, "97|235": 0.14285714285714285}, "AT_RIM": {"16|29": 0.2, "10|19": 0.2, "-20|4": 0.2, "9|10": 0.2, "-7|12": 0.2}, "CORNER_3": {}, "LONG_MID_RANGE": {"140|167": 0.3333333333333333, "-5|159": 0.3333333333333333, "138|146": 0.3333333333333333}, "SHORT_MID_RANGE": {"36|17": 0.3333333333333333, "-48|87": 0.3333333333333333, "-15|127": 0.3333333333333333}}, "FOUL_AWAY_FROM_PLAY": 0.0, "FOULED_AWAY_FROM_PLAY": 0.0, "FOUL_CLEAR_PATH": 0.0, "FOULED_CLEAR_PATH": 0.0, "FOUL_COUNT_AS_PERSONAL": 0.1, "FOULED_COUNT_AS_PERSONAL": 0.16666666666666666, "FOUL_COUNT_TOWARD_PENALTY": 0.1, "FOULED_COUNT_TOWARD_PENALTY": 0.2, "FOUL_DEFENSIVE_NON_SHOOTING": 0.16666666666666666, "FOULED_DEFENSIVE_NON_SHOOTING": 0.125, "FOUL_DOUBLE": 0.0, "FOUL_TECHNICAL_DOUBLE": 0.0, "FOUL_FLAGRANT": 0.0, "FOULED_FLAGRANT": 0.0, "FOUL_FLAGRANT_1": 0.0, "FOULED_FLAGRANT_1": 0.0, "FOUL_FLAGRANT_2": 0.0, "FOULED_FLAGRANT_2": 0.0, "FOUL_INBOUND": 0.0, "FOULED_INBOUND": 0.0, "FOUL_LOOSE_BALL": 0.0, "FOULED_LOOSE_BALL": 0.0, "FOUL_OFFENSIVE_CHARGE": 0.0, "FOULED_OFFENSIVE_CHARGE": 0.0, "FOUL_OFFENSIVE_OTHER": 0.0, "FOULED_OFFENSIVE_OTHER": 0.0, "FOUL_OFFENSIVE_TOTAL": 0.0, "FOULED_OFFENSIVE_TOTAL": 0.0, "FOUL_PERSONAL": 0.2222222222222222, "FOULED_PERSONAL": 0.2, "FOUL_PERSONAL_BLOCK": 0.0, "FOULED_PERSONAL_BLOCK": 0.0, "FOUL_PERSONAL_TAKE": 0.0, "FOULED_PERSONAL_TAKE": 0.0, "FOUL_SHOOTING": 0.0, "FOULED_SHOOTING": 0.2857142857142857, "FOUL_SHOOTING_BLOCK": 0.0, "FOULED_SHOOTING_BLOCK": 0.0, "FOUL_TECHNICAL": 0.0, "FT": 0.8, "REBOUND_DEFENSIVE": 0.11864406779661017, "REBOUND_OFFENSIVE": 0.0, "STEAL": 0.3076923076923077, "SHOT_TYPE_ARC_3_OFFENSIVE": 0.2727272727272727, "SHOT_TYPE_ARC_3_DEFENSIVE": 0.22330097087378642, "SHOT_TYPE_AT_RIM_OFFENSIVE": 0.2727272727272727, "SHOT_TYPE_AT_RIM_DEFENSIVE": 0.33980582524271846, "SHOT_TYPE_CORNER_3_OFFENSIVE": 0.050505050505050504, "SHOT_TYPE_CORNER_3_DEFENSIVE": 0.0970873786407767, "SHOT_TYPE_LONG_MID_RANGE_OFFENSIVE": 0.1414141414141414, "SHOT_TYPE_LONG_MID_RANGE_DEFENSIVE": 0.07766990291262135, "SHOT_TYPE_SHORT_MID_RANGE_OFFENSIVE": 0.26262626262626265, "SHOT_TYPE_SHORT_MID_RANGE_DEFENSIVE": 0.2621359223300971, "TURNOVER": 0.08695652173913043, "VIOLATION_DEFENSIVE_GOALTENDING": 0.0, "VIOLATION_DEFENSIVE_KICK_BALL": 0.0}