{"ASSIST": 0.14754098360655737, "BLOCK": 0.13333333333333333, "FG_ARC_3_ATTEMPT": 0.13636363636363635, "FG_ARC_3_BLOCK": 0.0, "FG_ARC_3_MADE": 0.4444444444444444, "FG_ARC_3_MADE_FOUL": 0.0, "FG_AT_RIM_ATTEMPT": 0.10256410256410256, "FG_AT_RIM_BLOCK": 0.02564102564102564, "FG_AT_RIM_MADE": 0.75, "FG_AT_RIM_MADE_FOUL": 0.0, "FG_CORNER_3_ATTEMPT": 0.20833333333333334, "FG_CORNER_3_BLOCK": 0.0, "FG_CORNER_3_MADE": 0.4, "FG_CORNER_3_MADE_FOUL": 0.041666666666666664, "FG_LONG_MID_RANGE_ATTEMPT": 0.8333333333333334, "FG_LONG_MID_RANGE_BLOCK": 0.0, "FG_LONG_MID_RANGE_MADE": 0.2, "FG_LONG_MID_RANGE_MADE_FOUL": 0.0, "FG_SHORT_MID_RANGE_ATTEMPT": 0.16363636363636364, "FG_SHORT_MID_RANGE_BLOCK": 0.0, "FG_SHORT_MID_RANGE_MADE": 0.6666666666666666, "FG_SHORT_MID_RANGE_MADE_FOUL": 0.0, "FG_XY": {"ARC_3": {"200|162": 0.1111111111111111, "110|227": 0.1111111111111111, "-168|189": 0.1111111111111111, "194|215": 0.1111111111111111, "-9|248": 0.1111111111111111, "-188|176": 0.1111111111111111, "152|206": 0.1111111111111111, "10|252": 0.1111111111111111, "-216|116": 0.1111111111111111}, "AT_RIM": {"4|26": 0.25, "-7|14": 0.25, "0|0": 0.25, "9|21": 0.25}, "CORNER_3": {"230|74": 0.2, "-234|82": 0.2, "238|1": 0.2, "-237|85": 0.2, "-237|4": 0.2}, "LONG_MID_RANGE": {"-28|187": 0.2, "-26|187": 0.2, "64|145": 0.2, "-107|127": 0.2, "173|47": 0.2}, "SHORT_MID_RANGE": {"78|48": 0.1111111111111111, "5|119": 0.1111111111111111, "-40|97": 0.1111111111111111, "2|118": 0.1111111111111111, "-62|-5": 0.1111111111111111, "-26|126": 0.1111111111111111, "-34|73": 0.1111111111111111, "-45|19": 0.1111111111111111, "-4|64": 0.1111111111111111}}, "FOUL_AWAY_FROM_PLAY": 0.0, "FOULED_AWAY_FROM_PLAY": 0.0, "FOUL_CLEAR_PATH": 0.0, "FOULED_CLEAR_PATH": 0.0, "FOUL_COUNT_AS_PERSONAL": 0.16666666666666666, "FOULED_COUNT_AS_PERSONAL": 0.11904761904761904, "FOUL_COUNT_TOWARD_PENALTY": 0.1891891891891892, "FOULED_COUNT_TOWARD_PENALTY": 0.1, "FOUL_DEFENSIVE_NON_SHOOTING": 0.16666666666666666, "FOULED_DEFENSIVE_NON_SHOOTING": 0.0625, "FOUL_DOUBLE": 0.0, "FOUL_TECHNICAL_DOUBLE": 0.0, "FOUL_FLAGRANT": 0.0, "FOULED_FLAGRANT": 0.0, "FOUL_FLAGRANT_1": 0.0, "FOULED_FLAGRANT_1": 0.0, "FOUL_FLAGRANT_2": 0.0, "FOULED_FLAGRANT_2": 0.0, "FOUL_INBOUND": 0.0, "FOULED_INBOUND": 0.0, "FOUL_LOOSE_BALL": 0.0, "FOULED_LOOSE_BALL": 0.0, "FOUL_OFFENSIVE_CHARGE": 0.0, "FOULED_OFFENSIVE_CHARGE": 0.0, "FOUL_OFFENSIVE_OTHER": 0.0, "FOULED_OFFENSIVE_OTHER": 0.0, "FOUL_OFFENSIVE_TOTAL": 0.0, "FOULED_OFFENSIVE_TOTAL": 0.5, "FOUL_PERSONAL": 0.2, "FOULED_PERSONAL": 0.07142857142857142, "FOUL_PERSONAL_BLOCK": 0.0, "FOULED_PERSONAL_BLOCK": 0.0, "FOUL_PERSONAL_TAKE": 0.0, "FOULED_PERSONAL_TAKE": 0.0, "FOUL_SHOOTING": 0.21052631578947367, "FOULED_SHOOTING": 0.125, "FOUL_SHOOTING_BLOCK": 0.0, "FOULED_SHOOTING_BLOCK": 0.0, "FOUL_TECHNICAL": 0.0, "FT": 0.6666666666666666, "REBOUND_DEFENSIVE": 0.21138211382113822, "REBOUND_OFFENSIVE": 0.03260869565217391, "STEAL": 0.06666666666666667, "SHOT_TYPE_ARC_3_OFFENSIVE": 0.3473684210526316, "SHOT_TYPE_ARC_3_DEFENSIVE": 0.32057416267942584, "SHOT_TYPE_AT_RIM_OFFENSIVE": 0.20526315789473684, "SHOT_TYPE_AT_RIM_DEFENSIVE": 0.22009569377990432, "SHOT_TYPE_CORNER_3_OFFENSIVE": 0.12631578947368421, "SHOT_TYPE_CORNER_3_DEFENSIVE": 0.08133971291866028, "SHOT_TYPE_LONG_MID_RANGE_OFFENSIVE": 0.031578947368421054, "SHOT_TYPE_LONG_MID_RANGE_DEFENSIVE": 0.11004784688995216, "SHOT_TYPE_SHORT_MID_RANGE_OFFENSIVE": 0.2894736842105263, "SHOT_TYPE_SHORT_MID_RANGE_DEFENSIVE": 0.2679425837320574, "TURNOVER": 0.18181818181818182, "VIOLATION_DEFENSIVE_GOALTENDING": 0.0, "VIOLATION_DEFENSIVE_KICK_BALL": 0.5}