{"ASSIST": 0.4249201277955272, "BLOCK": 0.17647058823529413, "FG_ARC_3_ATTEMPT": 0.33444816053511706, "FG_ARC_3_BLOCK": 0.0033444816053511705, "FG_ARC_3_MADE": 0.32, "FG_ARC_3_MADE_FOUL": 0.0033444816053511705, "FG_AT_RIM_ATTEMPT": 0.3007246376811594, "FG_AT_RIM_BLOCK": 0.007246376811594203, "FG_AT_RIM_MADE": 0.927710843373494, "FG_AT_RIM_MADE_FOUL": 0.025362318840579712, "FG_CORNER_3_ATTEMPT": 0.19424460431654678, "FG_CORNER_3_BLOCK": 0.0, "FG_CORNER_3_MADE": 0.6666666666666666, "FG_CORNER_3_MADE_FOUL": 0.0, "FG_LONG_MID_RANGE_ATTEMPT": 0.2809917355371901, "FG_LONG_MID_RANGE_BLOCK": 0.008264462809917356, "FG_LONG_MID_RANGE_MADE": 0.6176470588235294, "FG_LONG_MID_RANGE_MADE_FOUL": 0.0, "FG_SHORT_MID_RANGE_ATTEMPT": 0.16129032258064516, "FG_SHORT_MID_RANGE_BLOCK": 0.0, "FG_SHORT_MID_RANGE_MADE": 0.7, "FG_SHORT_MID_RANGE_MADE_FOUL": 0.0, "FG_XY": {"ARC_3": {"201|176": 0.01, "16|262": 0.01, "22|252": 0.01, "-96|236": 0.01, "157|211": 0.01, "-154|218": 0.01, "-98|259": 0.01, "-158|203": 0.01, "-129|215": 0.01, "65|263": 0.01, "4|251": 0.01, "-70|241": 0.01, "100|231": 0.01, "-23|252": 0.01, "156|195": 0.01, "94|230": 0.01, "25|281": 0.01, "142|224": 0.01, "7|282": 0.01, "-165|205": 0.01, "0|256": 0.01, "34|256": 0.01, "87|247": 0.01, "89|240": 0.01, "94|234": 0.01, "77|234": 0.01, "183|192": 0.01, "76|250": 0.01, "110|249": 0.01, "5|314": 0.01, "-116|237": 0.01, "-154|209": 0.01, "-203|151": 0.01, "-1|253": 0.01, "110|230": 0.01, "27|252": 0.01, "-192|180": 0.01, "-2|260": 0.01, "5|262": 0.01, "100|230": 0.01, "-186|171": 0.01, "-156|197": 0.01, "163|190": 0.01, "167|197": 0.01, "-61|259": 0.01, "-89|238": 0.01, "104|256": 0.01, "-64|254": 0.01, "227|94": 0.01, "-157|200": 0.01, "-13|256": 0.01, "10|262": 0.01, "-183|160": 0.01, "-207|164": 0.01, "-28|278": 0.01, "135|266": 0.01, "-105|250": 0.01, "8|261": 0.01, "-109|237": 0.01, "-47|257": 0.01, "50|245": 0.01, "16|269": 0.01, "157|209": 0.01, "26|253": 0.01, "-162|205": 0.01, "-222|142": 0.01, "-121|284": 0.01, "217|125": 0.01, "227|107": 0.01, "87|263": 0.01, "203|163": 0.01, "-5|324": 0.01, "136|215": 0.01, "82|235": 0.01, "131|241": 0.01, "-147|208": 0.01, "191|195": 0.01, "0|259": 0.01, "113|235": 0.01, "188|157": 0.01, "-168|457": 0.01, "-44|258": 0.01, "-173|231": 0.01, "-72|283": 0.01, "-137|231": 0.01, "72|251": 0.01, "-216|137": 0.01, "214|143": 0.01, "210|158": 0.01, "-141|209": 0.01, "-88|236": 0.01, "195|173": 0.01, "-80|291": 0.01, "39|262": 0.01, "31|257": 0.01, "112|240": 0.01, "188|205": 0.01, "-69|242": 0.01, "-10|257": 0.01, "-27|251": 0.01}, "AT_RIM": {"18|21": 0.012048192771084338, "16|5": 0.024096385542168676, "12|15": 0.012048192771084338, "-23|18": 0.012048192771084338, "25|11": 0.012048192771084338, "-16|25": 0.012048192771084338, "-6|21": 0.012048192771084338, "11|21": 0.012048192771084338, "6|6": 0.012048192771084338, "9|-1": 0.012048192771084338, "11|9": 0.012048192771084338, "-5|2": 0.012048192771084338, "-9|7": 0.012048192771084338, "-7|11": 0.012048192771084338, "17|8": 0.012048192771084338, "16|9": 0.012048192771084338, "-12|25": 0.012048192771084338, "6|5": 0.012048192771084338, "6|7": 0.012048192771084338, "13|15": 0.012048192771084338, "-5|6": 0.012048192771084338, "-2|6": 0.012048192771084338, "5|3": 0.012048192771084338, "0|5": 0.012048192771084338, "-2|4": 0.012048192771084338, "6|9": 0.012048192771084338, "-4|4": 0.012048192771084338, "-4|5": 0.012048192771084338, "16|6": 0.024096385542168676, "27|13": 0.012048192771084338, "-15|16": 0.012048192771084338, "12|9": 0.012048192771084338, "-21|22": 0.012048192771084338, "-1|10": 0.012048192771084338, "10|4": 0.012048192771084338, "21|9": 0.012048192771084338, "0|13": 0.012048192771084338, "-28|8": 0.012048192771084338, "-28|14": 0.012048192771084338, "-6|29": 0.012048192771084338, "23|20": 0.012048192771084338, "-6|15": 0.012048192771084338, "4|-4": 0.012048192771084338, "1|22": 0.012048192771084338, "-7|13": 0.012048192771084338, "0|32": 0.012048192771084338, "6|25": 0.012048192771084338, "2|15": 0.012048192771084338, "-13|5": 0.012048192771084338, "4|27": 0.012048192771084338, "12|10": 0.012048192771084338, "28|-2": 0.012048192771084338, "-23|-1": 0.012048192771084338, "-21|9": 0.012048192771084338, "17|18": 0.012048192771084338, "17|16": 0.012048192771084338, "26|28": 0.012048192771084338, "-9|37": 0.012048192771084338, "-4|16": 0.012048192771084338, "-7|0": 0.012048192771084338, "15|1": 0.012048192771084338, "-10|13": 0.012048192771084338, "23|11": 0.012048192771084338, "16|15": 0.012048192771084338, "9|5": 0.012048192771084338, "5|13": 0.012048192771084338, "7|3": 0.012048192771084338, "-9|14": 0.012048192771084338, "-15|10": 0.012048192771084338, "15|6": 0.012048192771084338, "-5|19": 0.012048192771084338, "-9|18": 0.012048192771084338, "31|17": 0.012048192771084338, "-17|29": 0.012048192771084338, "13|8": 0.012048192771084338, "-17|15": 0.012048192771084338, "25|13": 0.012048192771084338, "26|11": 0.012048192771084338, "0|7": 0.012048192771084338, "-6|27": 0.012048192771084338, "32|8": 0.012048192771084338}, "CORNER_3": {"-239|12": 0.037037037037037035, "233|-11": 0.037037037037037035, "-232|43": 0.037037037037037035, "-232|73": 0.037037037037037035, "-238|10": 0.037037037037037035, "-235|23": 0.037037037037037035, "-230|27": 0.037037037037037035, "-227|14": 0.037037037037037035, "233|71": 0.037037037037037035, "-232|-5": 0.037037037037037035, "-237|85": 0.037037037037037035, "-229|72": 0.037037037037037035, "-233|22": 0.037037037037037035, "234|43": 0.037037037037037035, "-225|8": 0.037037037037037035, "234|46": 0.037037037037037035, "-237|27": 0.037037037037037035, "225|32": 0.037037037037037035, "227|7": 0.037037037037037035, "233|5": 0.037037037037037035, "-235|7": 0.037037037037037035, "-229|15": 0.037037037037037035, "-224|-13": 0.037037037037037035, "-227|12": 0.037037037037037035, "-234|55": 0.037037037037037035, "227|16": 0.037037037037037035, "224|16": 0.037037037037037035}, "LONG_MID_RANGE": {"-47|135": 0.029411764705882353, "61|177": 0.029411764705882353, "153|48": 0.029411764705882353, "18|158": 0.029411764705882353, "-86|164": 0.029411764705882353, "-123|73": 0.029411764705882353, "191|0": 0.029411764705882353, "-5|210": 0.029411764705882353, "-172|19": 0.029411764705882353, "126|89": 0.029411764705882353, "-103|196": 0.029411764705882353, "94|159": 0.029411764705882353, "6|185": 0.029411764705882353, "75|157": 0.029411764705882353, "0|153": 0.029411764705882353, "-107|153": 0.029411764705882353, "2|178": 0.029411764705882353, "-165|21": 0.029411764705882353, "-82|188": 0.029411764705882353, "28|137": 0.029411764705882353, "165|88": 0.029411764705882353, "126|132": 0.029411764705882353, "113|150": 0.029411764705882353, "136|127": 0.029411764705882353, "168|150": 0.029411764705882353, "-129|134": 0.029411764705882353, "-163|86": 0.029411764705882353, "-31|150": 0.029411764705882353, "-4|222": 0.029411764705882353, "-89|158": 0.029411764705882353, "-77|221": 0.029411764705882353, "-42|183": 0.029411764705882353, "-136|153": 0.029411764705882353, "-138|62": 0.029411764705882353}, "SHORT_MID_RANGE": {"127|37": 0.025, "56|22": 0.025, "-60|100": 0.025, "112|47": 0.025, "-48|105": 0.025, "109|58": 0.025, "39|111": 0.025, "-16|88": 0.025, "2|99": 0.025, "-6|130": 0.025, "44|96": 0.025, "49|89": 0.025, "120|17": 0.025, "-1|50": 0.025, "-39|124": 0.025, "40|69": 0.025, "-71|120": 0.025, "71|110": 0.025, "-5|43": 0.025, "-45|109": 0.025, "48|99": 0.025, "56|116": 0.025, "-72|27": 0.025, "-12|94": 0.025, "-1|115": 0.025, "43|129": 0.025, "1|58": 0.025, "-54|20": 0.025, "10|79": 0.025, "-26|62": 0.025, "21|39": 0.025, "42|57": 0.025, "-130|8": 0.025, "-15|51": 0.025, "-23|48": 0.025, "-43|43": 0.025, "53|21": 0.025, "18|42": 0.025, "82|109": 0.025, "-11|79": 0.025}}, "FOUL_AWAY_FROM_PLAY": 0.0, "FOULED_AWAY_FROM_PLAY": 0.0, "FOUL_CLEAR_PATH": 0.0, "FOULED_CLEAR_PATH": 0.0, "FOUL_COUNT_AS_PERSONAL": 0.1893939393939394, "FOULED_COUNT_AS_PERSONAL": 0.18421052631578946,