{"ASSIST": 0.11510791366906475, "BLOCK": 0.2, "FG_ARC_3_ATTEMPT": 0.035856573705179286, "FG_ARC_3_BLOCK": 0.0, "FG_ARC_3_MADE": 0.6666666666666666, "FG_ARC_3_MADE_FOUL": 0.0, "FG_AT_RIM_ATTEMPT": 0.09090909090909091, "FG_AT_RIM_BLOCK": 0.008658008658008658, "FG_AT_RIM_MADE": 0.7142857142857143, "FG_AT_RIM_MADE_FOUL": 0.004329004329004329, "FG_CORNER_3_ATTEMPT": 0.22302158273381295, "FG_CORNER_3_BLOCK": 0.007194244604316547, "FG_CORNER_3_MADE": 0.22580645161290322, "FG_CORNER_3_MADE_FOUL": 0.0, "FG_LONG_MID_RANGE_ATTEMPT": 0.04310344827586207, "FG_LONG_MID_RANGE_BLOCK": 0.0, "FG_LONG_MID_RANGE_MADE": 0.8, "FG_LONG_MID_RANGE_MADE_FOUL": 0.0, "FG_SHORT_MID_RANGE_ATTEMPT": 0.08403361344537816, "FG_SHORT_MID_RANGE_BLOCK": 0.008403361344537815, "FG_SHORT_MID_RANGE_MADE": 0.3, "FG_SHORT_MID_RANGE_MADE_FOUL": 0.004201680672268907, "FG_XY": {"ARC_3": {"72|253": 0.1111111111111111, "202|142": 0.1111111111111111, "5|253": 0.1111111111111111, "232|98": 0.1111111111111111, "-240|109": 0.1111111111111111, "205|138": 0.1111111111111111, "227|126": 0.1111111111111111, "192|163": 0.1111111111111111, "88|239": 0.1111111111111111}, "AT_RIM": {"-9|7": 0.047619047619047616, "18|12": 0.047619047619047616, "1|19": 0.047619047619047616, "16|25": 0.047619047619047616, "21|25": 0.047619047619047616, "12|34": 0.047619047619047616, "15|10": 0.047619047619047616, "15|0": 0.047619047619047616, "-31|20": 0.047619047619047616, "0|0": 0.14285714285714285, "-5|15": 0.047619047619047616, "-2|19": 0.047619047619047616, "33|8": 0.047619047619047616, "21|-2": 0.047619047619047616, "-34|11": 0.047619047619047616, "10|4": 0.047619047619047616, "13|10": 0.047619047619047616, "7|6": 0.047619047619047616, "22|11": 0.047619047619047616}, "CORNER_3": {"-235|-6": 0.03225806451612903, "-228|31": 0.03225806451612903, "-225|27": 0.03225806451612903, "-239|16": 0.03225806451612903, "229|-4": 0.03225806451612903, "-230|-22": 0.03225806451612903, "-229|10": 0.03225806451612903, "233|17": 0.03225806451612903, "-229|29": 0.03225806451612903, "232|-5": 0.03225806451612903, "-238|10": 0.03225806451612903, "-229|36": 0.03225806451612903, "-235|4": 0.03225806451612903, "-227|37": 0.03225806451612903, "-229|23": 0.03225806451612903, "225|-11": 0.03225806451612903, "233|23": 0.03225806451612903, "225|7": 0.03225806451612903, "-240|61": 0.03225806451612903, "235|10": 0.03225806451612903, "232|19": 0.03225806451612903, "-225|-17": 0.03225806451612903, "-230|-13": 0.03225806451612903, "-238|9": 0.03225806451612903, "-235|73": 0.03225806451612903, "-235|66": 0.03225806451612903, "-249|20": 0.03225806451612903, "-234|31": 0.03225806451612903, "-229|8": 0.03225806451612903, "-240|-5": 0.03225806451612903, "-241|-8": 0.03225806451612903}, "LONG_MID_RANGE": {"49|222": 0.2, "13|166": 0.2, "74|153": 0.2, "-105|152": 0.2, "173|11": 0.2}, "SHORT_MID_RANGE": {"-118|21": 0.05, "34|85": 0.05, "-47|84": 0.05, "-34|44": 0.05, "-74|50": 0.05, "33|22": 0.05, "-49|31": 0.05, "-118|5": 0.05, "-15|47": 0.05, "-7|63": 0.05, "-49|68": 0.05, "88|20": 0.05, "85|23": 0.05, "0|63": 0.05, "-9|42": 0.05, "-123|16": 0.05, "-51|5": 0.05, "102|19": 0.05, "-15|118": 0.05, "10|94": 0.05}}, "FOUL_AWAY_FROM_PLAY": 0.0, "FOULED_AWAY_FROM_PLAY": 0.0, "FOUL_CLEAR_PATH": 0.0, "FOULED_CLEAR_PATH": 0.0, "FOUL_COUNT_AS_PERSONAL": 0.20647773279352227, "FOULED_COUNT_AS_PERSONAL": 0.100418410041841, "FOUL_COUNT_TOWARD_PENALTY": 0.22119815668202766, "FOULED_COUNT_TOWARD_PENALTY": 0.07692307692307693, "FOUL_DEFENSIVE_NON_SHOOTING": 0.24166666666666667, "FOULED_DEFENSIVE_NON_SHOOTING": 0.16666666666666666, "FOUL_DOUBLE": 0.0, "FOUL_TECHNICAL_DOUBLE": 0.0, "FOUL_FLAGRANT": 0.0, "FOULED_FLAGRANT": 0.0, "FOUL_FLAGRANT_1": 0.0, "FOULED_FLAGRANT_1": 0.0, "FOUL_FLAGRANT_2": 0.0, "FOULED_FLAGRANT_2": 0.0, "FOUL_INBOUND": 0.0, "FOULED_INBOUND": 0.0, "FOUL_LOOSE_BALL": 0.0, "FOULED_LOOSE_BALL": 0.23809523809523808, "FOUL_OFFENSIVE_CHARGE": 0.0, "FOULED_OFFENSIVE_CHARGE": 0.25, "FOUL_OFFENSIVE_OTHER": 0.0, "FOULED_OFFENSIVE_OTHER": 0.0, "FOUL_OFFENSIVE_TOTAL": 0.1, "FOULED_OFFENSIVE_TOTAL": 0.25806451612903225, "FOUL_PERSONAL": 0.2857142857142857, "FOULED_PERSONAL": 0.16071428571428573, "FOUL_PERSONAL_BLOCK": 0.0, "FOULED_PERSONAL_BLOCK": 0.0, "FOUL_PERSONAL_TAKE": 0.09090909090909091, "FOULED_PERSONAL_TAKE": 0.09090909090909091, "FOUL_SHOOTING": 0.19791666666666666, "FOULED_SHOOTING": 0.008620689655172414, "FOUL_SHOOTING_BLOCK": 0.0, "FOULED_SHOOTING_BLOCK": 0.0, "FOUL_TECHNICAL": 0.09090909090909091, "FT": 0.8181818181818182, "REBOUND_DEFENSIVE": 0.14862385321100918, "REBOUND_OFFENSIVE": 0.06474820143884892, "STEAL": 0.10638297872340426, "SHOT_TYPE_ARC_3_OFFENSIVE": 0.25743589743589745, "SHOT_TYPE_ARC_3_DEFENSIVE": 0.34067085953878407, "SHOT_TYPE_AT_RIM_OFFENSIVE": 0.23692307692307693, "SHOT_TYPE_AT_RIM_DEFENSIVE": 0.24947589098532494, "SHOT_TYPE_CORNER_3_OFFENSIVE": 0.14256410256410257, "SHOT_TYPE_CORNER_3_DEFENSIVE": 0.1310272536687631, "SHOT_TYPE_LONG_MID_RANGE_OFFENSIVE": 0.11897435897435897, "SHOT_TYPE_LONG_MID_RANGE_DEFENSIVE": 0.09014675052410902, "SHOT_TYPE_SHORT_MID_RANGE_OFFENSIVE": 0.2441025641025641, "SHOT_TYPE_SHORT_MID_RANGE_DEFENSIVE": 0.18867924528301888, "TURNOVER": 0.10240963855421686, "VIOLATION_DEFENSIVE_GOALTENDING": 0.0, "VIOLATION_DEFENSIVE_KICK_BALL": 0.3333333333333333}