{"ASSIST": 0.09345794392523364, "BLOCK": 0.24242424242424243, "FG_ARC_3_ATTEMPT": 0.11065573770491803, "FG_ARC_3_BLOCK": 0.0, "FG_ARC_3_MADE": 0.1111111111111111, "FG_ARC_3_MADE_FOUL": 0.0, "FG_AT_RIM_ATTEMPT": 0.1323529411764706, "FG_AT_RIM_BLOCK": 0.014705882352941176, "FG_AT_RIM_MADE": 0.5925925925925926, "FG_AT_RIM_MADE_FOUL": 0.00980392156862745, "FG_CORNER_3_ATTEMPT": 0.2, "FG_CORNER_3_BLOCK": 0.0, "FG_CORNER_3_MADE": 0.21428571428571427, "FG_CORNER_3_MADE_FOUL": 0.0, "FG_LONG_MID_RANGE_ATTEMPT": 0.0851063829787234, "FG_LONG_MID_RANGE_BLOCK": 0.010638297872340425, "FG_LONG_MID_RANGE_MADE": 0.375, "FG_LONG_MID_RANGE_MADE_FOUL": 0.0, "FG_SHORT_MID_RANGE_ATTEMPT": 0.19298245614035087, "FG_SHORT_MID_RANGE_BLOCK": 0.029239766081871343, "FG_SHORT_MID_RANGE_MADE": 0.30303030303030304, "FG_SHORT_MID_RANGE_MADE_FOUL": 0.005847953216374269, "FG_XY": {"ARC_3": {"-186|166": 0.037037037037037035, "67|250": 0.037037037037037035, "-23|258": 0.037037037037037035, "-42|251": 0.037037037037037035, "18|256": 0.037037037037037035, "168|194": 0.037037037037037035, "180|179": 0.037037037037037035, "26|270": 0.037037037037037035, "-185|174": 0.037037037037037035, "-146|214": 0.037037037037037035, "88|237": 0.037037037037037035, "-114|238": 0.037037037037037035, "-218|126": 0.037037037037037035, "80|241": 0.037037037037037035, "51|278": 0.037037037037037035, "-102|249": 0.037037037037037035, "-77|260": 0.037037037037037035, "-131|218": 0.037037037037037035, "165|199": 0.037037037037037035, "-4|260": 0.037037037037037035, "-120|239": 0.037037037037037035, "212|134": 0.037037037037037035, "225|91": 0.037037037037037035, "-40|251": 0.037037037037037035, "-44|252": 0.037037037037037035, "-47|255": 0.037037037037037035, "-91|243": 0.037037037037037035}, "AT_RIM": {"-15|4": 0.07407407407407407, "23|11": 0.037037037037037035, "28|10": 0.037037037037037035, "-31|13": 0.037037037037037035, "-26|17": 0.037037037037037035, "29|15": 0.037037037037037035, "-11|4": 0.037037037037037035, "4|0": 0.037037037037037035, "-1|17": 0.037037037037037035, "0|0": 0.1111111111111111, "12|15": 0.037037037037037035, "17|28": 0.037037037037037035, "10|12": 0.037037037037037035, "29|18": 0.037037037037037035, "6|11": 0.037037037037037035, "1|26": 0.037037037037037035, "21|14": 0.037037037037037035, "-26|11": 0.037037037037037035, "-10|16": 0.037037037037037035, "7|9": 0.037037037037037035, "-18|24": 0.037037037037037035, "-5|13": 0.037037037037037035, "-4|4": 0.037037037037037035, "-5|0": 0.037037037037037035}, "CORNER_3": {"229|26": 0.07142857142857142, "232|26": 0.07142857142857142, "229|-20": 0.07142857142857142, "-228|11": 0.07142857142857142, "228|15": 0.07142857142857142, "223|20": 0.07142857142857142, "-233|50": 0.07142857142857142, "-227|6": 0.07142857142857142, "237|26": 0.07142857142857142, "-232|12": 0.07142857142857142, "-221|-5": 0.07142857142857142, "-239|0": 0.07142857142857142, "-235|42": 0.07142857142857142, "234|48": 0.07142857142857142}, "LONG_MID_RANGE": {"-121|138": 0.125, "45|138": 0.125, "6|188": 0.125, "36|188": 0.125, "2|172": 0.125, "83|156": 0.125, "-168|146": 0.125, "89|135": 0.125}, "SHORT_MID_RANGE": {"-18|95": 0.030303030303030304, "-58|20": 0.030303030303030304, "2|44": 0.030303030303030304, "-20|108": 0.030303030303030304, "-9|98": 0.030303030303030304, "-131|23": 0.030303030303030304, "-69|71": 0.030303030303030304, "116|41": 0.030303030303030304, "-114|27": 0.030303030303030304, "-66|21": 0.030303030303030304, "-20|44": 0.030303030303030304, "10|80": 0.030303030303030304, "-9|49": 0.030303030303030304, "116|10": 0.030303030303030304, "-78|25": 0.030303030303030304, "-17|43": 0.030303030303030304, "67|35": 0.030303030303030304, "4|73": 0.030303030303030304, "48|49": 0.030303030303030304, "11|64": 0.030303030303030304, "5|95": 0.030303030303030304, "-2|63": 0.030303030303030304, "26|75": 0.030303030303030304, "69|7": 0.030303030303030304, "-43|90": 0.030303030303030304, "76|74": 0.030303030303030304, "-16|55": 0.030303030303030304, "-99|69": 0.030303030303030304, "1|41": 0.030303030303030304, "-61|53": 0.030303030303030304, "96|80": 0.030303030303030304, "-58|69": 0.030303030303030304, "-13|47": 0.030303030303030304}}, "FOUL_AWAY_FROM_PLAY": 0.0, "FOULED_AWAY_FROM_PLAY": 0.0, "FOUL_CLEAR_PATH": 0.0, "FOULED_CLEAR_PATH": 0.0, "FOUL_COUNT_AS_PERSONAL": 0.21794871794871795, "FOULED_COUNT_AS_PERSONAL": 0.2303370786516854, "FOUL_COUNT_TOWARD_PENALTY": 0.1956521739130435, "FOULED_COUNT_TOWARD_PENALTY": 0.21656050955414013, "FOUL_DEFENSIVE_NON_SHOOTING": 0.125, "FOULED_DEFENSIVE_NON_SHOOTING": 0.1125, "FOUL_DOUBLE": 0.0, "FOUL_TECHNICAL_DOUBLE": 0.0, "FOUL_FLAGRANT": 0.0, "FOULED_FLAGRANT": 0.0, "FOUL_FLAGRANT_1": 0.0, "FOULED_FLAGRANT_1": 0.0, "FOUL_FLAGRANT_2": 0.0, "FOULED_FLAGRANT_2": 0.0, "FOUL_INBOUND": 0.0, "FOULED_INBOUND": 0.0, "FOUL_LOOSE_BALL": 0.0, "FOULED_LOOSE_BALL": 0.0, "FOUL_OFFENSIVE_CHARGE": 0.0, "FOULED_OFFENSIVE_CHARGE": 0.3333333333333333, "FOUL_OFFENSIVE_OTHER": 0.0, "FOULED_OFFENSIVE_OTHER": 0.0, "FOUL_OFFENSIVE_TOTAL": 0.4117647058823529, "FOULED_OFFENSIVE_TOTAL": 0.3333333333333333, "FOUL_PERSONAL": 0.1590909090909091, "FOULED_PERSONAL": 0.15254237288135594, "FOUL_PERSONAL_BLOCK": 0.0, "FOULED_PERSONAL_BLOCK": 0.0, "FOUL_PERSONAL_TAKE": 0.07692307692307693, "FOULED_PERSONAL_TAKE": 0.0, "FOUL_SHOOTING": 0.25333333333333335, "FOULED_SHOOTING": 0.3246753246753247, "FOUL_SHOOTING_BLOCK": 0.0, "FOULED_SHOOTING_BLOCK": 0.0, "FOUL_TECHNICAL": 0.0, "FT": 0.8076923076923077, "REBOUND_DEFENSIVE": 0.1037037037037037, "REBOUND_OFFENSIVE": 0.018604651162790697, "STEAL": 0.07575757575757576, "SHOT_TYPE_ARC_3_OFFENSIVE": 0.3116219667943806, "SHOT_TYPE_ARC_3_DEFENSIVE": 0.30479896238651105, "SHOT_TYPE_AT_RIM_OFFENSIVE": 0.26053639846743293, "SHOT_TYPE_AT_RIM_DEFENSIVE": 0.2490272373540856, "SHOT_TYPE_CORNER_3_OFFENSIVE": 0.08939974457215837, "SHOT_TYPE_CORNER_3_DEFENSIVE": 0.11932555123216602, "SHOT_TYPE_LONG_MID_RANGE_OFFENSIVE": 0.12005108556832694, "SHOT_TYPE_LONG_MID_RANGE_DEFENSIVE": 0.09208819714656291, "SHOT_TYPE_SHORT_MID_RANGE_OFFENSIVE": 0.21839080459770116, "SHOT_TYPE_SHORT_MID_RANGE_DEFENSIVE": 0.23476005188067445, "TURNOVER": 0.14285714285714285, "VIOLATION_DEFENSIVE_GOALTENDING": 0.0, "VIOLATION_DEFENSIVE_KICK_BALL": 0.0}