{"ASSIST": 0.3142857142857143, "BLOCK": 0.25, "FG_ARC_3_ATTEMPT": 0.14583333333333334, "FG_ARC_3_BLOCK": 0.0, "FG_ARC_3_MADE": 0.9285714285714286, "FG_ARC_3_MADE_FOUL": 0.0, "FG_AT_RIM_ATTEMPT": 0.35766423357664234, "FG_AT_RIM_BLOCK": 0.029197080291970802, "FG_AT_RIM_MADE": 0.6530612244897959, "FG_AT_RIM_MADE_FOUL": 0.029197080291970802, "FG_CORNER_3_ATTEMPT": 0.06666666666666667, "FG_CORNER_3_BLOCK": 0.0, "FG_CORNER_3_MADE": 0.5, "FG_CORNER_3_MADE_FOUL": 0.0, "FG_LONG_MID_RANGE_ATTEMPT": 0.14754098360655737, "FG_LONG_MID_RANGE_BLOCK": 0.0, "FG_LONG_MID_RANGE_MADE": 0.6666666666666666, "FG_LONG_MID_RANGE_MADE_FOUL": 0.0, "FG_SHORT_MID_RANGE_ATTEMPT": 0.17391304347826086, "FG_SHORT_MID_RANGE_BLOCK": 0.014492753623188406, "FG_SHORT_MID_RANGE_MADE": 0.4166666666666667, "FG_SHORT_MID_RANGE_MADE_FOUL": 0.021739130434782608, "FG_XY": {"ARC_3": {"100|371": 0.07142857142857142, "-17|250": 0.07142857142857142, "159|191": 0.07142857142857142, "118|217": 0.07142857142857142, "217|121": 0.07142857142857142, "64|250": 0.07142857142857142, "-16|241": 0.07142857142857142, "-7|247": 0.07142857142857142, "118|244": 0.07142857142857142, "2|263": 0.07142857142857142, "217|113": 0.07142857142857142, "108|238": 0.07142857142857142, "130|212": 0.07142857142857142, "-92|238": 0.07142857142857142}, "AT_RIM": {"-1|27": 0.02040816326530612, "6|29": 0.02040816326530612, "2|6": 0.02040816326530612, "0|0": 0.20408163265306123, "15|20": 0.02040816326530612, "7|11": 0.02040816326530612, "-4|29": 0.02040816326530612, "1|6": 0.02040816326530612, "-21|17": 0.02040816326530612, "-16|12": 0.02040816326530612, "-4|13": 0.02040816326530612, "-18|21": 0.02040816326530612, "17|28": 0.02040816326530612, "-32|4": 0.02040816326530612, "13|23": 0.02040816326530612, "-5|13": 0.02040816326530612, "-13|4": 0.02040816326530612, "-28|18": 0.02040816326530612, "-26|1": 0.02040816326530612, "-9|38": 0.02040816326530612, "6|8": 0.02040816326530612, "4|1": 0.02040816326530612, "-2|15": 0.02040816326530612, "-28|21": 0.02040816326530612, "25|13": 0.02040816326530612, "-17|8": 0.02040816326530612, "-12|21": 0.02040816326530612, "-9|6": 0.02040816326530612, "-6|6": 0.04081632653061224, "6|38": 0.02040816326530612, "2|15": 0.02040816326530612, "-13|34": 0.02040816326530612, "-1|38": 0.02040816326530612, "-34|13": 0.02040816326530612, "0|17": 0.02040816326530612, "-28|25": 0.02040816326530612, "-22|6": 0.02040816326530612, "27|27": 0.02040816326530612, "7|34": 0.02040816326530612}, "CORNER_3": {"237|1": 0.5, "-227|10": 0.5}, "LONG_MID_RANGE": {"141|21": 0.1111111111111111, "-21|175": 0.1111111111111111, "70|152": 0.1111111111111111, "-121|120": 0.1111111111111111, "103|149": 0.1111111111111111, "-83|139": 0.1111111111111111, "23|152": 0.1111111111111111, "-1|167": 0.1111111111111111, "115|109": 0.1111111111111111}, "SHORT_MID_RANGE": {"-64|77": 0.041666666666666664, "-6|105": 0.041666666666666664, "86|105": 0.041666666666666664, "-48|52": 0.041666666666666664, "-28|96": 0.041666666666666664, "-1|62": 0.041666666666666664, "-17|46": 0.041666666666666664, "-40|5": 0.041666666666666664, "66|42": 0.041666666666666664, "36|115": 0.041666666666666664, "-9|45": 0.041666666666666664, "49|108": 0.041666666666666664, "-33|90": 0.041666666666666664, "-21|37": 0.041666666666666664, "-49|28": 0.041666666666666664, "-99|76": 0.041666666666666664, "-22|47": 0.041666666666666664, "-2|45": 0.041666666666666664, "-51|16": 0.041666666666666664, "0|71": 0.041666666666666664, "-31|49": 0.041666666666666664, "2|82": 0.041666666666666664, "-69|32": 0.041666666666666664, "-11|62": 0.041666666666666664}}, "FOUL_AWAY_FROM_PLAY": 0.0, "FOULED_AWAY_FROM_PLAY": 0.0, "FOUL_CLEAR_PATH": 0.0, "FOULED_CLEAR_PATH": 0.0, "FOUL_COUNT_AS_PERSONAL": 0.26506024096385544, "FOULED_COUNT_AS_PERSONAL": 0.1839080459770115, "FOUL_COUNT_TOWARD_PENALTY": 0.24691358024691357, "FOULED_COUNT_TOWARD_PENALTY": 0.14864864864864866, "FOUL_DEFENSIVE_NON_SHOOTING": 0.21951219512195122, "FOULED_DEFENSIVE_NON_SHOOTING": 0.15384615384615385, "FOUL_DOUBLE": 0.0, "FOUL_TECHNICAL_DOUBLE": 0.0, "FOUL_FLAGRANT": 0.0, "FOULED_FLAGRANT": 0.0, "FOUL_FLAGRANT_1": 0.0, "FOULED_FLAGRANT_1": 0.0, "FOUL_FLAGRANT_2": 0.0, "FOULED_FLAGRANT_2": 0.0, "FOUL_INBOUND": 0.0, "FOULED_INBOUND": 0.0, "FOUL_LOOSE_BALL": 0.0, "FOULED_LOOSE_BALL": 0.3333333333333333, "FOUL_OFFENSIVE_CHARGE": 0.0, "FOULED_OFFENSIVE_CHARGE": 0.6666666666666666, "FOUL_OFFENSIVE_OTHER": 0.0, "FOULED_OFFENSIVE_OTHER": 0.0, "FOUL_OFFENSIVE_TOTAL": 1.0, "FOULED_OFFENSIVE_TOTAL": 0.38461538461538464, "FOUL_PERSONAL": 0.24242424242424243, "FOULED_PERSONAL": 0.15384615384615385, "FOUL_PERSONAL_BLOCK": 0.0, "FOULED_PERSONAL_BLOCK": 0.0, "FOUL_PERSONAL_TAKE": 0.2, "FOULED_PERSONAL_TAKE": 0.0, "FOUL_SHOOTING": 0.275, "FOULED_SHOOTING": 0.14285714285714285, "FOUL_SHOOTING_BLOCK": 0.0, "FOULED_SHOOTING_BLOCK": 0.0, "FOUL_TECHNICAL": 0.0, "FT": 0.35714285714285715, "REBOUND_DEFENSIVE": 0.12396694214876033, "REBOUND_OFFENSIVE": 0.0916030534351145, "STEAL": 0.3191489361702128, "SHOT_TYPE_ARC_3_OFFENSIVE": 0.2077922077922078, "SHOT_TYPE_ARC_3_DEFENSIVE": 0.3847980997624703, "SHOT_TYPE_AT_RIM_OFFENSIVE": 0.29653679653679654, "SHOT_TYPE_AT_RIM_DEFENSIVE": 0.29691211401425177, "SHOT_TYPE_CORNER_3_OFFENSIVE": 0.06493506493506493, "SHOT_TYPE_CORNER_3_DEFENSIVE": 0.09501187648456057, "SHOT_TYPE_LONG_MID_RANGE_OFFENSIVE": 0.13203463203463203, "SHOT_TYPE_LONG_MID_RANGE_DEFENSIVE": 0.06413301662707839, "SHOT_TYPE_SHORT_MID_RANGE_OFFENSIVE": 0.2987012987012987, "SHOT_TYPE_SHORT_MID_RANGE_DEFENSIVE": 0.15914489311163896, "TURNOVER": 0.2727272727272727, "VIOLATION_DEFENSIVE_GOALTENDING": 0.0, "VIOLATION_DEFENSIVE_KICK_BALL": 1.0}