{"ASSIST": 0.3815261044176707, "BLOCK": 0.09615384615384616, "FG_ARC_3_ATTEMPT": 0.29003021148036257, "FG_ARC_3_BLOCK": 0.0, "FG_ARC_3_MADE": 0.4583333333333333, "FG_ARC_3_MADE_FOUL": 0.0, "FG_AT_RIM_ATTEMPT": 0.2702702702702703, "FG_AT_RIM_BLOCK": 0.0045045045045045045, "FG_AT_RIM_MADE": 0.8833333333333333, "FG_AT_RIM_MADE_FOUL": 0.02252252252252252, "FG_CORNER_3_ATTEMPT": 0.16101694915254236, "FG_CORNER_3_BLOCK": 0.0, "FG_CORNER_3_MADE": 0.631578947368421, "FG_CORNER_3_MADE_FOUL": 0.0, "FG_LONG_MID_RANGE_ATTEMPT": 0.12121212121212122, "FG_LONG_MID_RANGE_BLOCK": 0.0, "FG_LONG_MID_RANGE_MADE": 0.5, "FG_LONG_MID_RANGE_MADE_FOUL": 0.0, "FG_SHORT_MID_RANGE_ATTEMPT": 0.3333333333333333, "FG_SHORT_MID_RANGE_BLOCK": 0.005376344086021506, "FG_SHORT_MID_RANGE_MADE": 0.6290322580645161, "FG_SHORT_MID_RANGE_MADE_FOUL": 0.005376344086021506, "FG_XY": {"ARC_3": {"96|232": 0.010416666666666666, "-233|96": 0.010416666666666666, "-76|243": 0.010416666666666666, "-60|254": 0.010416666666666666, "-138|215": 0.010416666666666666, "-125|221": 0.010416666666666666, "170|206": 0.010416666666666666, "179|208": 0.010416666666666666, "-186|175": 0.010416666666666666, "-145|209": 0.010416666666666666, "83|237": 0.010416666666666666, "105|231": 0.010416666666666666, "183|176": 0.010416666666666666, "224|109": 0.010416666666666666, "-25|262": 0.010416666666666666, "-195|170": 0.010416666666666666, "-230|94": 0.010416666666666666, "-67|264": 0.010416666666666666, "-224|109": 0.010416666666666666, "-67|266": 0.010416666666666666, "-37|268": 0.010416666666666666, "-158|200": 0.010416666666666666, "-58|284": 0.010416666666666666, "-26|258": 0.010416666666666666, "-120|225": 0.010416666666666666, "189|205": 0.010416666666666666, "120|221": 0.010416666666666666, "-197|146": 0.010416666666666666, "150|204": 0.010416666666666666, "165|193": 0.010416666666666666, "197|148": 0.010416666666666666, "-102|235": 0.010416666666666666, "228|99": 0.010416666666666666, "-39|260": 0.010416666666666666, "142|214": 0.010416666666666666, "167|199": 0.010416666666666666, "60|235": 0.010416666666666666, "138|199": 0.010416666666666666, "102|232": 0.010416666666666666, "-203|129": 0.010416666666666666, "78|240": 0.010416666666666666, "229|89": 0.010416666666666666, "109|243": 0.010416666666666666, "147|220": 0.010416666666666666, "21|259": 0.010416666666666666, "176|184": 0.010416666666666666, "-87|254": 0.010416666666666666, "67|290": 0.010416666666666666, "47|254": 0.010416666666666666, "-132|233": 0.010416666666666666, "-159|207": 0.010416666666666666, "125|226": 0.010416666666666666, "116|255": 0.010416666666666666, "-176|195": 0.010416666666666666, "-10|246": 0.010416666666666666, "199|246": 0.010416666666666666, "-199|159": 0.010416666666666666, "219|109": 0.010416666666666666, "141|204": 0.010416666666666666, "124|218": 0.010416666666666666, "-181|195": 0.010416666666666666, "-147|222": 0.010416666666666666, "-217|142": 0.010416666666666666, "-123|215": 0.010416666666666666, "-131|260": 0.010416666666666666, "110|235": 0.010416666666666666, "-113|225": 0.010416666666666666, "157|184": 0.010416666666666666, "-213|149": 0.010416666666666666, "-135|220": 0.010416666666666666, "71|241": 0.010416666666666666, "-1|263": 0.010416666666666666, "42|246": 0.010416666666666666, "-130|222": 0.010416666666666666, "-203|138": 0.010416666666666666, "178|211": 0.010416666666666666, "43|278": 0.010416666666666666, "194|190": 0.010416666666666666, "74|242": 0.010416666666666666, "99|241": 0.010416666666666666, "93|237": 0.010416666666666666, "230|103": 0.010416666666666666, "34|248": 0.010416666666666666, "38|265": 0.010416666666666666, "-195|167": 0.010416666666666666, "164|190": 0.010416666666666666, "164|196": 0.010416666666666666, "-194|193": 0.010416666666666666, "-93|227": 0.010416666666666666, "69|237": 0.010416666666666666, "-137|204": 0.010416666666666666, "21|250": 0.010416666666666666, "110|239": 0.010416666666666666, "-200|172": 0.010416666666666666, "-163|190": 0.010416666666666666, "108|246": 0.010416666666666666}, "AT_RIM": {"-23|6": 0.016666666666666666, "18|35": 0.016666666666666666, "-1|25": 0.016666666666666666, "-25|17": 0.016666666666666666, "32|11": 0.016666666666666666, "1|28": 0.016666666666666666, "-22|22": 0.016666666666666666, "16|7": 0.016666666666666666, "-26|0": 0.016666666666666666, "-20|4": 0.016666666666666666, "18|12": 0.016666666666666666, "17|5": 0.03333333333333333, "1|25": 0.016666666666666666, "0|8": 0.016666666666666666, "2|16": 0.016666666666666666, "18|32": 0.016666666666666666, "-17|7": 0.016666666666666666, "22|6": 0.016666666666666666, "37|5": 0.016666666666666666, "5|37": 0.016666666666666666, "2|-4": 0.016666666666666666, "0|1": 0.016666666666666666, "1|-4": 0.016666666666666666, "-28|13": 0.016666666666666666, "-16|13": 0.016666666666666666, "7|13": 0.016666666666666666, "-13|17": 0.016666666666666666, "9|25": 0.016666666666666666, "-13|23": 0.016666666666666666, "21|16": 0.016666666666666666, "31|10": 0.016666666666666666, "-20|20": 0.016666666666666666, "-2|10": 0.016666666666666666, "22|4": 0.016666666666666666, "-16|-1": 0.016666666666666666, "-21|5": 0.016666666666666666, "-33|-1": 0.016666666666666666, "27|20": 0.016666666666666666, "-29|18": 0.016666666666666666, "-25|25": 0.016666666666666666, "21|22": 0.016666666666666666, "-18|11": 0.016666666666666666, "13|16": 0.016666666666666666, "26|1": 0.016666666666666666, "-28|16": 0.016666666666666666, "-31|17": 0.016666666666666666, "-17|13": 0.016666666666666666, "29|5": 0.016666666666666666, "-18|3": 0.016666666666666666, "-22|6": 0.016666666666666666, "-34|4": 0.016666666666666666, "22|3": 0.016666666666666666, "27|6": 0.016666666666666666, "-26|21": 0.016666666666666666, "23|21": 0.016666666666666666, "-7|-4": 0.016666666666666666, "10|9": 0.016666666666666666, "-16|16": 0.016666666666666666, "-9|34": 0.016666666666666666}, "CORNER_3": {"-237|23": 0.05263157894736842, "-229|52": 0.05263157894736842, "227|-20": 0.05263157894736842, "235|-26": 0.05263157894736842, "-222|-8": 0.05263157894736842, "228|31": 0.05263157894736842, "-234|-5": 0.05263157894736842, "-225|-5": 0.05263157894736842, "227|5": 0.05263157894736842, "234|0": 0.05263157894736842, "-234|-3": 0.05263157894736842, "235|-6": 0.05263157894736842, "-228|-8": 0.05263157894736842, "229|-24": 0.05263157894736842, "232|10": 0.05263157894736842, "233|3": 0.05263157894736842, "-233|13": 0.05263157894736842, "-225|55": 0.05263157894736842, "229|64": 0.05263157894736842}, "LONG_MID_RANGE": {"-94|104": 0.25, "15|194": 0.25, "-170|84": 0.25, "72|131": 0.25}, "SHORT_MID_RANGE": {"44|118": 0.016129032258064516, "28|53": 0.016129032258064516, "-94|68": 0.016129032258064516, "109|32": 0.016129032258064516, "11|58": 0.016129032258064516, "-4|92": 0.016129032258064516, "-39|20": 0.016129032258064516, "45|21": 0.016129032258064516, "-132|9": 0.016129032258064516, "-48|63": 0.016129032258064516, "0|95": 0.016129032258064516, "40|80": 0.016129032258064516, "-26|95": 0.016129032258064516, "-28|90": 0.016129032258064516, "99|83": 0.016129032258064516, "7|103": 0.016129032258064516, "-51|21": 0.016129032258064516, "53|68": 0.016129032258064516, "-49|32": 0.016129032258064516, "-10|102": 0.016129032258064516, "45|120": 0.016129032258064516, "-16|79": 0.016129032258064516, "-23|74": 0.016129032258064516, "20|98": 0.016129032258064516, "70|86": 0.016129032258064516, "39|69": 0.016129032258064516, "-53|15": 0.016129032258064516, "-37|75": 0.016129032258064516, "-22|64": 0.016129032258064516, "-40|62": 0.016129032258064516, "-7|117": 0.016129032258064516, "5|99": 0.016129032258064516, "51|25": 0.016129032258064516, "-27|110": 0.016129032258064516, "28|88": 0.016129032258064516, "-23|63": 0.016129032258064516, "43|95": 0.016129032258064516, "37|93": 0.016129032258064516, "50|53": 0.016129032258064516, "12|100": 0.016129032258064516, "-109|75": 0.016129032258064516, "37|113": 0.016129032258064516, "39|37": 0.016129032258064516, "96|13": 0.016129032258064516,