{"ASSIST": 0.2638888888888889, "BLOCK": 0.4918032786885246, "FG_ARC_3_ATTEMPT": 0.19771863117870722, "FG_ARC_3_BLOCK": 0.0, "FG_ARC_3_MADE": 0.23076923076923078, "FG_ARC_3_MADE_FOUL": 0.0, "FG_AT_RIM_ATTEMPT": 0.18385650224215247, "FG_AT_RIM_BLOCK": 0.004484304932735426, "FG_AT_RIM_MADE": 0.8536585365853658, "FG_AT_RIM_MADE_FOUL": 0.013452914798206279, "FG_CORNER_3_ATTEMPT": 0.1875, "FG_CORNER_3_BLOCK": 0.0, "FG_CORNER_3_MADE": 0.3888888888888889, "FG_CORNER_3_MADE_FOUL": 0.0, "FG_LONG_MID_RANGE_ATTEMPT": 0.11224489795918367, "FG_LONG_MID_RANGE_BLOCK": 0.0, "FG_LONG_MID_RANGE_MADE": 0.6363636363636364, "FG_LONG_MID_RANGE_MADE_FOUL": 0.0, "FG_SHORT_MID_RANGE_ATTEMPT": 0.26842105263157895, "FG_SHORT_MID_RANGE_BLOCK": 0.021052631578947368, "FG_SHORT_MID_RANGE_MADE": 0.3333333333333333, "FG_SHORT_MID_RANGE_MADE_FOUL": 0.015789473684210527, "FG_XY": {"ARC_3": {"140|225": 0.019230769230769232, "-147|215": 0.019230769230769232, "153|201": 0.019230769230769232, "105|239": 0.019230769230769232, "100|239": 0.019230769230769232, "70|253": 0.019230769230769232, "-89|237": 0.019230769230769232, "-210|151": 0.019230769230769232, "132|239": 0.019230769230769232, "179|173": 0.019230769230769232, "29|253": 0.019230769230769232, "-121|221": 0.019230769230769232, "158|192": 0.019230769230769232, "142|210": 0.019230769230769232, "114|231": 0.019230769230769232, "-214|149": 0.019230769230769232, "-2|275": 0.019230769230769232, "134|231": 0.019230769230769232, "151|209": 0.019230769230769232, "113|243": 0.019230769230769232, "22|255": 0.019230769230769232, "152|199": 0.019230769230769232, "-9|256": 0.019230769230769232, "174|181": 0.019230769230769232, "142|222": 0.019230769230769232, "54|247": 0.019230769230769232, "-174|171": 0.019230769230769232, "-161|184": 0.019230769230769232, "-147|225": 0.019230769230769232, "-40|269": 0.019230769230769232, "-164|192": 0.019230769230769232, "-167|189": 0.019230769230769232, "-195|153": 0.019230769230769232, "-164|221": 0.019230769230769232, "112|248": 0.019230769230769232, "-147|227": 0.019230769230769232, "178|198": 0.019230769230769232, "-17|263": 0.019230769230769232, "-32|252": 0.019230769230769232, "-81|242": 0.019230769230769232, "66|242": 0.019230769230769232, "65|269": 0.019230769230769232, "-156|216": 0.019230769230769232, "-48|273": 0.019230769230769232, "-81|265": 0.019230769230769232, "-176|225": 0.019230769230769232, "196|174": 0.019230769230769232, "70|246": 0.019230769230769232, "105|241": 0.019230769230769232, "-218|122": 0.019230769230769232, "-129|249": 0.019230769230769232, "38|267": 0.019230769230769232}, "AT_RIM": {"-29|21": 0.024390243902439025, "21|10": 0.024390243902439025, "11|0": 0.024390243902439025, "33|-9": 0.024390243902439025, "9|13": 0.024390243902439025, "0|10": 0.024390243902439025, "0|0": 0.12195121951219512, "-28|8": 0.024390243902439025, "-22|13": 0.024390243902439025, "-17|20": 0.024390243902439025, "-28|16": 0.024390243902439025, "-28|10": 0.024390243902439025, "10|26": 0.024390243902439025, "-22|19": 0.024390243902439025, "26|16": 0.024390243902439025, "-13|16": 0.024390243902439025, "-17|15": 0.024390243902439025, "13|1": 0.024390243902439025, "6|2": 0.024390243902439025, "17|5": 0.024390243902439025, "-2|20": 0.024390243902439025, "28|26": 0.024390243902439025, "1|7": 0.024390243902439025, "2|9": 0.024390243902439025, "15|-8": 0.024390243902439025, "-1|-5": 0.024390243902439025, "0|4": 0.024390243902439025, "-1|-1": 0.024390243902439025, "12|0": 0.024390243902439025, "-18|32": 0.024390243902439025, "37|13": 0.024390243902439025, "-21|26": 0.024390243902439025, "6|22": 0.024390243902439025, "1|18": 0.024390243902439025, "17|21": 0.024390243902439025, "18|15": 0.024390243902439025, "1|36": 0.024390243902439025}, "CORNER_3": {"233|75": 0.05555555555555555, "-238|34": 0.05555555555555555, "-222|1": 0.05555555555555555, "222|71": 0.05555555555555555, "223|71": 0.05555555555555555, "-234|16": 0.05555555555555555, "234|21": 0.05555555555555555, "223|47": 0.05555555555555555, "238|32": 0.05555555555555555, "-232|65": 0.05555555555555555, "-228|6": 0.05555555555555555, "233|12": 0.05555555555555555, "227|60": 0.05555555555555555, "229|22": 0.05555555555555555, "-227|20": 0.05555555555555555, "229|2": 0.05555555555555555, "-234|60": 0.05555555555555555, "-234|2": 0.05555555555555555}, "LONG_MID_RANGE": {"-39|169": 0.09090909090909091, "-175|-5": 0.09090909090909091, "72|187": 0.09090909090909091, "17|155": 0.09090909090909091, "132|68": 0.09090909090909091, "4|195": 0.09090909090909091, "108|169": 0.09090909090909091, "-87|169": 0.09090909090909091, "-36|221": 0.09090909090909091, "164|31": 0.09090909090909091, "-18|200": 0.09090909090909091}, "SHORT_MID_RANGE": {"86|2": 0.0196078431372549, "64|28": 0.0196078431372549, "-58|73": 0.0196078431372549, "45|25": 0.0196078431372549, "44|41": 0.0196078431372549, "64|45": 0.0196078431372549, "62|78": 0.0196078431372549, "104|12": 0.0196078431372549, "33|67": 0.0196078431372549, "-6|62": 0.0196078431372549, "74|4": 0.0196078431372549, "-65|67": 0.0196078431372549, "7|77": 0.0196078431372549, "1|57": 0.0196078431372549, "-28|81": 0.0196078431372549, "-6|44": 0.0196078431372549, "80|-25": 0.0196078431372549, "78|27": 0.0196078431372549, "107|5": 0.0196078431372549, "-6|71": 0.0196078431372549, "32|34": 0.0196078431372549, "-4|79": 0.0196078431372549, "10|96": 0.0196078431372549, "116|22": 0.0196078431372549, "29|36": 0.0196078431372549, "60|74": 0.0196078431372549, "88|20": 0.0196078431372549, "-5|67": 0.0196078431372549, "-7|105": 0.0196078431372549, "75|33": 0.0196078431372549, "66|109": 0.0196078431372549, "-108|43": 0.0196078431372549, "44|62": 0.0196078431372549, "36|53": 0.0196078431372549, "-26|68": 0.0196078431372549, "40|44": 0.0196078431372549, "97|34": 0.0196078431372549, "29|51": 0.0196078431372549, "-21|87": 0.0196078431372549, "-55|26": 0.0196078431372549, "72|47": 0.0196078431372549, "-6|41": 0.0196078431372549, "-48|20": 0.0196078431372549, "-23|70": 0.0196078431372549, "43|63": 0.0196078431372549, "11|43": 0.0196078431372549, "-113|5": 0.0196078431372549, "25|73": 0.0196078431372549, "50|24": 0.0196078431372549, "92|23": 0.0196078431372549, "-1|67": 0.0196078431372549}}, "FOUL_AWAY_FROM_PLAY": 0.0, "FOULED_AWAY_FROM_PLAY": 0.5, "FOUL_CLEAR_PATH": 0.0, "FOULED_CLEAR_PATH": 0.0, "FOUL_COUNT_AS_PERSONAL": 0.21839080459770116, "FOULED_COUNT_AS_PERSONAL": 0.1891891891891892, "FOUL_COUNT_TOWARD_PENALTY": 0.22560975609756098, "FOULED_COUNT_TOWARD_PENALTY": 0.20114942528735633, "FOUL_DEFENSIVE_NON_SHOOTING": 0.175, "FOULED_DEFENSIVE_NON_SHOOTING": 0.1951219512195122, "FOUL_DOUBLE": 0.0, "FOUL_TECHNICAL_DOUBLE": 0.0, "FOUL_FLAGRANT": 0.5, "FOULED_FLAGRANT": 0.0, "FOUL_FLAGRANT_1": 0.5, "FOULED_FLAGRANT_1": 0.0, "FOUL_FLAGRANT_2": 0.0, "FOULED_FLAGRANT_2": 0.0, "FOUL_INBOUND": 0.0, "FOULED_INBOUND": 0.0, "FOUL_LOOSE_BALL": 0.0, "FOULED_LOOSE_BALL": 0.3333333333333333, "FOUL_OFFENSIVE_CHARGE": 0.25, "FOULED_OFFENSIVE_CHARGE": 0.0, "FOUL_OFFENSIVE_OTHER": 0.0, "FOULED_OFFENSIVE_OTHER": 0.0, "FOUL_OFFENSIVE_TOTAL": 0.1, "FOULED_OFFENSIVE_TOTAL": 0.0, "FOUL_PERSONAL": 0.1724137931034483, "FOULED_PERSONAL": 0.20634920634920634, "FOUL_PERSONAL_BLOCK": 0.0, "FOULED_PERSONAL_BLOCK": 0.0, "FOUL_PERSONAL_TAKE": 0.0, "FOULED_PERSONAL_TAKE": 0.0, "FOUL_SHOOTING": 0.2804878048780488, "FOULED_SHOOTING": 0.2, "FOUL_SHOOTING_BLOCK": 0.0, "FOULED_SHOOTING_BLOCK": 0.0, "FOUL_TECHNICAL": 0.0, "FT": 0.825, "REBOUND_DEFENSIVE": 0.22764227642276422, "REBOUND_OFFENSIVE": 0.053784860557768925, "STEAL": 0.19444444444444445, "SHOT_TYPE_ARC_3_OFFENSIVE": 0.3022988505747126, "SHOT_TYPE_ARC_3_DEFENSIVE": 0.314878892733564, "SHOT_TYPE_AT_RIM_OFFENSIVE": 0.25632183908045975, "SHOT_TYPE_AT_RIM_DEFENSIVE": 0.2122260668973472, "SHOT_TYPE_CORNER_3_OFFENSIVE": 0.1103448275862069, "SHOT_TYPE_CORNER_3_DEFENSIVE": 0.08996539792387544, "SHOT_TYPE_LONG_MID_RANGE_OFFENSIVE": 0.11264367816091954, "SHOT_TYPE_LONG_MID_RANGE_DEFENSIVE": 0.12918108419838523,