{"ASSIST": 0.36363636363636365, "BLOCK": 0.5, "FG_ARC_3_ATTEMPT": 0.5, "FG_ARC_3_BLOCK": 0.0, "FG_ARC_3_MADE": 0.42857142857142855, "FG_ARC_3_MADE_FOUL": 0.0, "FG_AT_RIM_ATTEMPT": 0.5384615384615384, "FG_AT_RIM_BLOCK": 0.07692307692307693, "FG_AT_RIM_MADE": 0.7142857142857143, "FG_AT_RIM_MADE_FOUL": 0.0, "FG_CORNER_3_ATTEMPT": 0.0, "FG_CORNER_3_BLOCK": 0.0, "FG_CORNER_3_MADE": 0.0, "FG_CORNER_3_MADE_FOUL": 0.0, "FG_LONG_MID_RANGE_ATTEMPT": 0.5714285714285714, "FG_LONG_MID_RANGE_BLOCK": 0.14285714285714285, "FG_LONG_MID_RANGE_MADE": 0.75, "FG_LONG_MID_RANGE_MADE_FOUL": 0.0, "FG_SHORT_MID_RANGE_ATTEMPT": 0.5294117647058824, "FG_SHORT_MID_RANGE_BLOCK": 0.058823529411764705, "FG_SHORT_MID_RANGE_MADE": 0.4444444444444444, "FG_SHORT_MID_RANGE_MADE_FOUL": 0.0, "FG_XY": {"ARC_3": {"-218|143": 0.14285714285714285, "148|222": 0.14285714285714285, "16|273": 0.14285714285714285, "-216|159": 0.14285714285714285, "89|248": 0.14285714285714285, "168|227": 0.14285714285714285, "-60|257": 0.14285714285714285}, "AT_RIM": {"21|15": 0.14285714285714285, "7|15": 0.14285714285714285, "-2|20": 0.14285714285714285, "-21|20": 0.14285714285714285, "6|22": 0.14285714285714285, "-5|20": 0.14285714285714285, "2|4": 0.14285714285714285}, "CORNER_3": {}, "LONG_MID_RANGE": {"-124|96": 0.25, "-83|124": 0.25, "-1|211": 0.25, "-15|169": 0.25}, "SHORT_MID_RANGE": {"-2|109": 0.1111111111111111, "-69|15": 0.1111111111111111, "-70|17": 0.1111111111111111, "-60|32": 0.1111111111111111, "-43|76": 0.1111111111111111, "88|94": 0.1111111111111111, "-64|115": 0.1111111111111111, "6|40": 0.1111111111111111, "12|132": 0.1111111111111111}}, "FOUL_AWAY_FROM_PLAY": 0.0, "FOULED_AWAY_FROM_PLAY": 0.0, "FOUL_CLEAR_PATH": 0.0, "FOULED_CLEAR_PATH": 0.0, "FOUL_COUNT_AS_PERSONAL": 0.16666666666666666, "FOULED_COUNT_AS_PERSONAL": 0.35714285714285715, "FOUL_COUNT_TOWARD_PENALTY": 0.18181818181818182, "FOULED_COUNT_TOWARD_PENALTY": 0.38461538461538464, "FOUL_DEFENSIVE_NON_SHOOTING": 0.25, "FOULED_DEFENSIVE_NON_SHOOTING": 0.5, "FOUL_DOUBLE": 0.0, "FOUL_TECHNICAL_DOUBLE": 0.0, "FOUL_FLAGRANT": 0.0, "FOULED_FLAGRANT": 0.0, "FOUL_FLAGRANT_1": 0.0, "FOULED_FLAGRANT_1": 0.0, "FOUL_FLAGRANT_2": 0.0, "FOULED_FLAGRANT_2": 0.0, "FOUL_INBOUND": 0.0, "FOULED_INBOUND": 0.0, "FOUL_LOOSE_BALL": 0.0, "FOULED_LOOSE_BALL": 0.0, "FOUL_OFFENSIVE_CHARGE": 0.0, "FOULED_OFFENSIVE_CHARGE": 0.0, "FOUL_OFFENSIVE_OTHER": 0.0, "FOULED_OFFENSIVE_OTHER": 0.0, "FOUL_OFFENSIVE_TOTAL": 0.0, "FOULED_OFFENSIVE_TOTAL": 0.0, "FOUL_PERSONAL": 0.5, "FOULED_PERSONAL": 0.5, "FOUL_PERSONAL_BLOCK": 0.0, "FOULED_PERSONAL_BLOCK": 0.0, "FOUL_PERSONAL_TAKE": 0.0, "FOULED_PERSONAL_TAKE": 0.0, "FOUL_SHOOTING": 0.14285714285714285, "FOULED_SHOOTING": 0.3333333333333333, "FOUL_SHOOTING_BLOCK": 0.0, "FOULED_SHOOTING_BLOCK": 0.0, "FOUL_TECHNICAL": 0.0, "FT": 0.5, "REBOUND_DEFENSIVE": 0.3055555555555556, "REBOUND_OFFENSIVE": 0.0, "STEAL": 0.0, "SHOT_TYPE_ARC_3_OFFENSIVE": 0.2641509433962264, "SHOT_TYPE_ARC_3_DEFENSIVE": 0.390625, "SHOT_TYPE_AT_RIM_OFFENSIVE": 0.24528301886792453, "SHOT_TYPE_AT_RIM_DEFENSIVE": 0.171875, "SHOT_TYPE_CORNER_3_OFFENSIVE": 0.03773584905660377, "SHOT_TYPE_CORNER_3_DEFENSIVE": 0.09375, "SHOT_TYPE_LONG_MID_RANGE_OFFENSIVE": 0.1320754716981132, "SHOT_TYPE_LONG_MID_RANGE_DEFENSIVE": 0.203125, "SHOT_TYPE_SHORT_MID_RANGE_OFFENSIVE": 0.32075471698113206, "SHOT_TYPE_SHORT_MID_RANGE_DEFENSIVE": 0.140625, "TURNOVER": 0.14285714285714285, "VIOLATION_DEFENSIVE_GOALTENDING": 0.0, "VIOLATION_DEFENSIVE_KICK_BALL": 0.0}