{"ASSIST": 0.12658227848101267, "BLOCK": 0.14285714285714285, "FG_ARC_3_ATTEMPT": 0.2, "FG_ARC_3_BLOCK": 0.0, "FG_ARC_3_MADE": 0.2, "FG_ARC_3_MADE_FOUL": 0.0, "FG_AT_RIM_ATTEMPT": 0.07407407407407407, "FG_AT_RIM_BLOCK": 0.006172839506172839, "FG_AT_RIM_MADE": 0.75, "FG_AT_RIM_MADE_FOUL": 0.0, "FG_CORNER_3_ATTEMPT": 0.19298245614035087, "FG_CORNER_3_BLOCK": 0.0, "FG_CORNER_3_MADE": 0.36363636363636365, "FG_CORNER_3_MADE_FOUL": 0.0, "FG_LONG_MID_RANGE_ATTEMPT": 0.19753086419753085, "FG_LONG_MID_RANGE_BLOCK": 0.0, "FG_LONG_MID_RANGE_MADE": 0.375, "FG_LONG_MID_RANGE_MADE_FOUL": 0.012345679012345678, "FG_SHORT_MID_RANGE_ATTEMPT": 0.15555555555555556, "FG_SHORT_MID_RANGE_BLOCK": 0.011111111111111112, "FG_SHORT_MID_RANGE_MADE": 0.25, "FG_SHORT_MID_RANGE_MADE_FOUL": 0.0, "FG_XY": {"ARC_3": {"72|256": 0.025, "-38|257": 0.025, "207|134": 0.025, "214|124": 0.025, "-161|186": 0.025, "-78|235": 0.025, "86|245": 0.025, "100|229": 0.025, "55|242": 0.025, "-179|185": 0.025, "164|180": 0.025, "-17|259": 0.025, "190|434": 0.025, "-191|162": 0.025, "-130|221": 0.025, "-181|190": 0.025, "-126|227": 0.025, "-77|251": 0.025, "-199|162": 0.025, "107|237": 0.025, "-62|236": 0.025, "5|391": 0.025, "121|211": 0.025, "-88|227": 0.025, "-98|232": 0.025, "-96|249": 0.025, "92|244": 0.025, "-223|120": 0.025, "-25|258": 0.025, "-21|300": 0.025, "56|245": 0.025, "-161|197": 0.025, "-197|179": 0.025, "-141|214": 0.025, "-20|247": 0.025, "72|241": 0.025, "-142|208": 0.025, "-116|222": 0.025, "-89|241": 0.025, "71|240": 0.025}, "AT_RIM": {"-15|2": 0.08333333333333333, "20|11": 0.08333333333333333, "0|0": 0.08333333333333333, "5|1": 0.08333333333333333, "0|13": 0.08333333333333333, "17|0": 0.08333333333333333, "6|15": 0.08333333333333333, "-2|8": 0.08333333333333333, "0|7": 0.08333333333333333, "-1|-1": 0.08333333333333333, "-13|7": 0.08333333333333333, "1|0": 0.08333333333333333}, "CORNER_3": {"-225|41": 0.09090909090909091, "-221|3": 0.09090909090909091, "-239|5": 0.09090909090909091, "229|35": 0.09090909090909091, "-232|-14": 0.09090909090909091, "232|49": 0.09090909090909091, "-233|1": 0.09090909090909091, "228|71": 0.09090909090909091, "-229|27": 0.09090909090909091, "-234|-16": 0.09090909090909091, "-237|5": 0.09090909090909091}, "LONG_MID_RANGE": {"-152|30": 0.0625, "-126|89": 0.0625, "-173|-14": 0.0625, "-88|172": 0.0625, "-159|112": 0.0625, "-169|0": 0.0625, "-92|218": 0.0625, "-218|-6": 0.0625, "20|164": 0.0625, "86|164": 0.0625, "-131|138": 0.0625, "119|186": 0.0625, "-99|189": 0.0625, "-102|199": 0.0625, "-103|211": 0.0625, "7|207": 0.0625}, "SHORT_MID_RANGE": {"-76|51": 0.03571428571428571, "-65|68": 0.03571428571428571, "107|46": 0.03571428571428571, "50|22": 0.03571428571428571, "22|33": 0.03571428571428571, "37|68": 0.03571428571428571, "-9|121": 0.03571428571428571, "10|106": 0.03571428571428571, "5|74": 0.03571428571428571, "-137|26": 0.03571428571428571, "-48|76": 0.03571428571428571, "-7|113": 0.03571428571428571, "-40|35": 0.03571428571428571, "-103|58": 0.03571428571428571, "126|9": 0.03571428571428571, "-23|123": 0.03571428571428571, "-107|68": 0.03571428571428571, "6|56": 0.03571428571428571, "40|114": 0.03571428571428571, "-59|55": 0.03571428571428571, "43|117": 0.03571428571428571, "-134|34": 0.03571428571428571, "0|110": 0.03571428571428571, "-88|1": 0.03571428571428571, "4|130": 0.03571428571428571, "-47|71": 0.03571428571428571, "-81|38": 0.03571428571428571, "-1|110": 0.03571428571428571}}, "FOUL_AWAY_FROM_PLAY": 0.0, "FOULED_AWAY_FROM_PLAY": 0.0, "FOUL_CLEAR_PATH": 0.0, "FOULED_CLEAR_PATH": 0.0, "FOUL_COUNT_AS_PERSONAL": 0.16, "FOULED_COUNT_AS_PERSONAL": 0.2138364779874214, "FOUL_COUNT_TOWARD_PENALTY": 0.15254237288135594, "FOULED_COUNT_TOWARD_PENALTY": 0.22448979591836735, "FOUL_DEFENSIVE_NON_SHOOTING": 0.15254237288135594, "FOULED_DEFENSIVE_NON_SHOOTING": 0.21428571428571427, "FOUL_DOUBLE": 0.0, "FOUL_TECHNICAL_DOUBLE": 0.0, "FOUL_FLAGRANT": 1.0, "FOULED_FLAGRANT": 0.0, "FOUL_FLAGRANT_1": 1.0, "FOULED_FLAGRANT_1": 0.0, "FOUL_FLAGRANT_2": 0.0, "FOULED_FLAGRANT_2": 0.0, "FOUL_INBOUND": 0.0, "FOULED_INBOUND": 0.0, "FOUL_LOOSE_BALL": 0.0, "FOULED_LOOSE_BALL": 0.16666666666666666, "FOUL_OFFENSIVE_CHARGE": 0.3333333333333333, "FOULED_OFFENSIVE_CHARGE": 0.2, "FOUL_OFFENSIVE_OTHER": 0.0, "FOULED_OFFENSIVE_OTHER": 0.0, "FOUL_OFFENSIVE_TOTAL": 0.2857142857142857, "FOULED_OFFENSIVE_TOTAL": 0.08333333333333333, "FOUL_PERSONAL": 0.11764705882352941, "FOULED_PERSONAL": 0.24, "FOUL_PERSONAL_BLOCK": 0.0, "FOULED_PERSONAL_BLOCK": 0.0, "FOUL_PERSONAL_TAKE": 0.11764705882352941, "FOULED_PERSONAL_TAKE": 0.09090909090909091, "FOUL_SHOOTING": 0.15254237288135594, "FOULED_SHOOTING": 0.24489795918367346, "FOUL_SHOOTING_BLOCK": 0.0, "FOULED_SHOOTING_BLOCK": 0.0, "FOUL_TECHNICAL": 0.125, "FT": 0.9090909090909091, "REBOUND_DEFENSIVE": 0.144, "REBOUND_OFFENSIVE": 0.028205128205128206, "STEAL": 0.18867924528301888, "SHOT_TYPE_ARC_3_OFFENSIVE": 0.29411764705882354, "SHOT_TYPE_ARC_3_DEFENSIVE": 0.336283185840708, "SHOT_TYPE_AT_RIM_OFFENSIVE": 0.23823529411764705, "SHOT_TYPE_AT_RIM_DEFENSIVE": 0.2861356932153392, "SHOT_TYPE_CORNER_3_OFFENSIVE": 0.0838235294117647, "SHOT_TYPE_CORNER_3_DEFENSIVE": 0.10766961651917405, "SHOT_TYPE_LONG_MID_RANGE_OFFENSIVE": 0.11911764705882352, "SHOT_TYPE_LONG_MID_RANGE_DEFENSIVE": 0.084070796460177, "SHOT_TYPE_SHORT_MID_RANGE_OFFENSIVE": 0.2647058823529412, "SHOT_TYPE_SHORT_MID_RANGE_DEFENSIVE": 0.18584070796460178, "TURNOVER": 0.09090909090909091, "VIOLATION_DEFENSIVE_GOALTENDING": 0.0, "VIOLATION_DEFENSIVE_KICK_BALL": 1.0}