{"ASSIST": 0.11170212765957446, "BLOCK": 0.3055555555555556, "FG_ARC_3_ATTEMPT": 0.1308016877637131, "FG_ARC_3_BLOCK": 0.0, "FG_ARC_3_MADE": 0.16129032258064516, "FG_ARC_3_MADE_FOUL": 0.0, "FG_AT_RIM_ATTEMPT": 0.05263157894736842, "FG_AT_RIM_BLOCK": 0.005263157894736842, "FG_AT_RIM_MADE": 0.9, "FG_AT_RIM_MADE_FOUL": 0.005263157894736842, "FG_CORNER_3_ATTEMPT": 0.24096385542168675, "FG_CORNER_3_BLOCK": 0.0, "FG_CORNER_3_MADE": 0.25, "FG_CORNER_3_MADE_FOUL": 0.0, "FG_LONG_MID_RANGE_ATTEMPT": 0.054945054945054944, "FG_LONG_MID_RANGE_BLOCK": 0.0, "FG_LONG_MID_RANGE_MADE": 0.6, "FG_LONG_MID_RANGE_MADE_FOUL": 0.0, "FG_SHORT_MID_RANGE_ATTEMPT": 0.05263157894736842, "FG_SHORT_MID_RANGE_BLOCK": 0.0, "FG_SHORT_MID_RANGE_MADE": 0.6666666666666666, "FG_SHORT_MID_RANGE_MADE_FOUL": 0.0, "FG_XY": {"ARC_3": {"-28|254": 0.03225806451612903, "-190|156": 0.03225806451612903, "138|209": 0.03225806451612903, "233|112": 0.03225806451612903, "-173|195": 0.03225806451612903, "-214|159": 0.03225806451612903, "167|212": 0.03225806451612903, "-82|249": 0.03225806451612903, "16|277": 0.03225806451612903, "233|131": 0.03225806451612903, "120|226": 0.03225806451612903, "223|130": 0.03225806451612903, "152|202": 0.03225806451612903, "-180|184": 0.03225806451612903, "74|250": 0.03225806451612903, "-135|224": 0.03225806451612903, "-147|230": 0.03225806451612903, "115|225": 0.03225806451612903, "109|227": 0.03225806451612903, "-153|210": 0.03225806451612903, "-227|97": 0.03225806451612903, "240|144": 0.03225806451612903, "-110|239": 0.03225806451612903, "-221|155": 0.03225806451612903, "234|100": 0.03225806451612903, "205|168": 0.03225806451612903, "6|257": 0.03225806451612903, "129|226": 0.03225806451612903, "-53|247": 0.03225806451612903, "218|137": 0.03225806451612903, "18|252": 0.03225806451612903}, "AT_RIM": {"-2|5": 0.1, "10|10": 0.1, "15|21": 0.1, "0|0": 0.1, "2|-5": 0.1, "-17|27": 0.1, "-7|20": 0.1, "-13|11": 0.1, "4|10": 0.1, "-21|32": 0.1}, "CORNER_3": {"-229|-22": 0.05, "225|27": 0.05, "232|78": 0.05, "-233|69": 0.05, "233|34": 0.05, "234|39": 0.05, "229|65": 0.05, "-227|-1": 0.05, "225|6": 0.05, "-227|0": 0.05, "-224|-16": 0.05, "225|10": 0.05, "234|14": 0.05, "-230|25": 0.05, "-233|41": 0.05, "229|1": 0.05, "240|23": 0.05, "222|12": 0.05, "-235|6": 0.05, "-227|19": 0.05}, "LONG_MID_RANGE": {"-175|50": 0.2, "188|95": 0.2, "110|153": 0.2, "100|130": 0.2, "102|164": 0.2}, "SHORT_MID_RANGE": {"-80|53": 0.16666666666666666, "-28|43": 0.16666666666666666, "56|59": 0.16666666666666666, "109|27": 0.16666666666666666, "1|99": 0.16666666666666666, "-51|109": 0.16666666666666666}}, "FOUL_AWAY_FROM_PLAY": 0.0, "FOULED_AWAY_FROM_PLAY": 0.0, "FOUL_CLEAR_PATH": 0.0, "FOULED_CLEAR_PATH": 0.0, "FOUL_COUNT_AS_PERSONAL": 0.13385826771653545, "FOULED_COUNT_AS_PERSONAL": 0.06535947712418301, "FOUL_COUNT_TOWARD_PENALTY": 0.1452991452991453, "FOULED_COUNT_TOWARD_PENALTY": 0.050724637681159424, "FOUL_DEFENSIVE_NON_SHOOTING": 0.23728813559322035, "FOULED_DEFENSIVE_NON_SHOOTING": 0.0273972602739726, "FOUL_DOUBLE": 0.0, "FOUL_TECHNICAL_DOUBLE": 0.0, "FOUL_FLAGRANT": 0.0, "FOULED_FLAGRANT": 0.0, "FOUL_FLAGRANT_1": 0.0, "FOULED_FLAGRANT_1": 0.0, "FOUL_FLAGRANT_2": 0.0, "FOULED_FLAGRANT_2": 0.0, "FOUL_INBOUND": 0.0, "FOULED_INBOUND": 0.0, "FOUL_LOOSE_BALL": 0.0, "FOULED_LOOSE_BALL": 0.2, "FOUL_OFFENSIVE_CHARGE": 0.0, "FOULED_OFFENSIVE_CHARGE": 0.2857142857142857, "FOUL_OFFENSIVE_OTHER": 0.0, "FOULED_OFFENSIVE_OTHER": 0.0, "FOUL_OFFENSIVE_TOTAL": 0.0, "FOULED_OFFENSIVE_TOTAL": 0.2, "FOUL_PERSONAL": 0.3181818181818182, "FOULED_PERSONAL": 0.0, "FOUL_PERSONAL_BLOCK": 0.0, "FOULED_PERSONAL_BLOCK": 0.0, "FOUL_PERSONAL_TAKE": 0.0, "FOULED_PERSONAL_TAKE": 0.0, "FOUL_SHOOTING": 0.05172413793103448, "FOULED_SHOOTING": 0.07692307692307693, "FOUL_SHOOTING_BLOCK": 0.0, "FOULED_SHOOTING_BLOCK": 0.0, "FOUL_TECHNICAL": 0.0, "FT": 0.5, "REBOUND_DEFENSIVE": 0.17114914425427874, "REBOUND_OFFENSIVE": 0.017326732673267328, "STEAL": 0.21621621621621623, "SHOT_TYPE_ARC_3_OFFENSIVE": 0.33146853146853145, "SHOT_TYPE_ARC_3_DEFENSIVE": 0.3103448275862069, "SHOT_TYPE_AT_RIM_OFFENSIVE": 0.26573426573426573, "SHOT_TYPE_AT_RIM_DEFENSIVE": 0.29517241379310344, "SHOT_TYPE_CORNER_3_OFFENSIVE": 0.11608391608391608, "SHOT_TYPE_CORNER_3_DEFENSIVE": 0.0910344827586207, "SHOT_TYPE_LONG_MID_RANGE_OFFENSIVE": 0.12727272727272726, "SHOT_TYPE_LONG_MID_RANGE_DEFENSIVE": 0.09517241379310344, "SHOT_TYPE_SHORT_MID_RANGE_OFFENSIVE": 0.15944055944055943, "SHOT_TYPE_SHORT_MID_RANGE_DEFENSIVE": 0.2082758620689655, "TURNOVER": 0.09401709401709402, "VIOLATION_DEFENSIVE_GOALTENDING": 1.0, "VIOLATION_DEFENSIVE_KICK_BALL": 0.5}