{"ASSIST": 0.31666666666666665, "BLOCK": 0.18032786885245902, "FG_ARC_3_ATTEMPT": 0.2191780821917808, "FG_ARC_3_BLOCK": 0.0, "FG_ARC_3_MADE": 0.3958333333333333, "FG_ARC_3_MADE_FOUL": 0.0, "FG_AT_RIM_ATTEMPT": 0.32608695652173914, "FG_AT_RIM_BLOCK": 0.02608695652173913, "FG_AT_RIM_MADE": 0.7066666666666667, "FG_AT_RIM_MADE_FOUL": 0.02608695652173913, "FG_CORNER_3_ATTEMPT": 0.21212121212121213, "FG_CORNER_3_BLOCK": 0.015151515151515152, "FG_CORNER_3_MADE": 0.5, "FG_CORNER_3_MADE_FOUL": 0.0, "FG_LONG_MID_RANGE_ATTEMPT": 0.4153846153846154, "FG_LONG_MID_RANGE_BLOCK": 0.015384615384615385, "FG_LONG_MID_RANGE_MADE": 0.25925925925925924, "FG_LONG_MID_RANGE_MADE_FOUL": 0.0, "FG_SHORT_MID_RANGE_ATTEMPT": 0.3225806451612903, "FG_SHORT_MID_RANGE_BLOCK": 0.03225806451612903, "FG_SHORT_MID_RANGE_MADE": 0.475, "FG_SHORT_MID_RANGE_MADE_FOUL": 0.016129032258064516, "FG_XY": {"ARC_3": {"-70|237": 0.020833333333333332, "115|230": 0.020833333333333332, "-189|184": 0.020833333333333332, "-116|232": 0.020833333333333332, "51|259": 0.020833333333333332, "154|206": 0.020833333333333332, "129|211": 0.020833333333333332, "-191|169": 0.020833333333333332, "114|224": 0.020833333333333332, "12|248": 0.020833333333333332, "134|215": 0.020833333333333332, "-114|238": 0.020833333333333332, "-43|247": 0.020833333333333332, "70|267": 0.020833333333333332, "-85|236": 0.020833333333333332, "197|150": 0.020833333333333332, "158|213": 0.020833333333333332, "-132|221": 0.020833333333333332, "-218|164": 0.020833333333333332, "-126|237": 0.020833333333333332, "-83|241": 0.020833333333333332, "-86|245": 0.020833333333333332, "-29|256": 0.020833333333333332, "-85|254": 0.020833333333333332, "5|274": 0.020833333333333332, "148|197": 0.020833333333333332, "-129|215": 0.020833333333333332, "-178|181": 0.020833333333333332, "129|209": 0.020833333333333332, "-148|207": 0.020833333333333332, "-26|262": 0.020833333333333332, "-5|257": 0.020833333333333332, "86|242": 0.020833333333333332, "203|151": 0.020833333333333332, "-170|226": 0.020833333333333332, "-150|202": 0.020833333333333332, "-113|277": 0.020833333333333332, "-134|209": 0.041666666666666664, "112|235": 0.020833333333333332, "-126|214": 0.020833333333333332, "-135|228": 0.020833333333333332, "-189|164": 0.020833333333333332, "-167|190": 0.020833333333333332, "-99|226": 0.020833333333333332, "-168|197": 0.020833333333333332, "6|262": 0.020833333333333332, "-216|135": 0.020833333333333332}, "AT_RIM": {"-22|16": 0.013333333333333334, "4|3": 0.013333333333333334, "-27|11": 0.013333333333333334, "5|6": 0.013333333333333334, "-13|12": 0.02666666666666667, "-2|2": 0.013333333333333334, "16|20": 0.013333333333333334, "5|4": 0.013333333333333334, "17|11": 0.013333333333333334, "-26|5": 0.013333333333333334, "-32|16": 0.013333333333333334, "1|20": 0.013333333333333334, "1|-2": 0.013333333333333334, "-9|20": 0.013333333333333334, "12|12": 0.013333333333333334, "2|19": 0.013333333333333334, "-2|1": 0.013333333333333334, "7|4": 0.013333333333333334, "-22|2": 0.013333333333333334, "11|0": 0.013333333333333334, "15|1": 0.013333333333333334, "-11|7": 0.013333333333333334, "-17|0": 0.013333333333333334, "-5|17": 0.013333333333333334, "1|25": 0.013333333333333334, "13|9": 0.013333333333333334, "20|5": 0.013333333333333334, "-21|13": 0.013333333333333334, "10|11": 0.013333333333333334, "-16|21": 0.013333333333333334, "7|16": 0.013333333333333334, "10|35": 0.013333333333333334, "2|6": 0.013333333333333334, "2|13": 0.013333333333333334, "12|15": 0.013333333333333334, "9|22": 0.013333333333333334, "20|6": 0.013333333333333334, "-4|6": 0.013333333333333334, "-2|7": 0.013333333333333334, "-25|-1": 0.013333333333333334, "-6|38": 0.013333333333333334, "-17|4": 0.013333333333333334, "-10|27": 0.013333333333333334, "-26|7": 0.013333333333333334, "10|-7": 0.013333333333333334, "-5|26": 0.013333333333333334, "-12|14": 0.013333333333333334, "-10|4": 0.013333333333333334, "-11|-5": 0.013333333333333334, "-12|20": 0.013333333333333334, "-2|4": 0.013333333333333334, "-12|17": 0.013333333333333334, "-12|6": 0.013333333333333334, "26|29": 0.013333333333333334, "11|20": 0.013333333333333334, "-11|8": 0.013333333333333334, "-25|8": 0.013333333333333334, "-28|16": 0.013333333333333334, "2|0": 0.013333333333333334, "-9|1": 0.013333333333333334, "-12|2": 0.013333333333333334, "0|0": 0.013333333333333334, "4|9": 0.013333333333333334, "0|5": 0.02666666666666667, "-7|12": 0.013333333333333334, "-1|-5": 0.013333333333333334, "4|-6": 0.013333333333333334, "-2|13": 0.013333333333333334, "-2|15": 0.013333333333333334, "-25|6": 0.013333333333333334, "13|27": 0.013333333333333334, "18|20": 0.013333333333333334, "-9|14": 0.013333333333333334}, "CORNER_3": {"-227|-26": 0.07142857142857142, "-232|15": 0.07142857142857142, "-234|20": 0.07142857142857142, "239|21": 0.07142857142857142, "234|20": 0.07142857142857142, "-233|15": 0.07142857142857142, "-229|23": 0.07142857142857142, "-223|1": 0.07142857142857142, "229|55": 0.07142857142857142, "-235|70": 0.07142857142857142, "238|24": 0.07142857142857142, "240|13": 0.07142857142857142, "223|15": 0.07142857142857142, "-227|53": 0.07142857142857142}, "LONG_MID_RANGE": {"93|169": 0.037037037037037035, "158|154": 0.037037037037037035, "-12|180": 0.037037037037037035, "-85|137": 0.037037037037037035, "1|151": 0.037037037037037035, "104|122": 0.037037037037037035, "120|145": 0.037037037037037035, "-71|147": 0.037037037037037035, "2|185": 0.037037037037037035, "154|36": 0.037037037037037035, "-69|185": 0.037037037037037035, "-4|196": 0.037037037037037035, "-22|185": 0.037037037037037035, "162|80": 0.037037037037037035, "-17|173": 0.037037037037037035, "-6|199": 0.037037037037037035, "112|125": 0.037037037037037035, "58|164": 0.037037037037037035, "-110|115": 0.037037037037037035, "137|151": 0.037037037037037035, "72|141": 0.037037037037037035, "-6|168": 0.037037037037037035, "129|149": 0.037037037037037035, "28|155": 0.037037037037037035, "-85|143": 0.037037037037037035, "4|213": 0.037037037037037035, "186|48": 0.037037037037037035}, "SHORT_MID_RANGE": {"20|113": 0.025, "-43|66": 0.025, "18|95": 0.025, "-2|85": 0.025, "-34|90": 0.025, "-53|73": 0.025, "11|137": 0.025, "21|34": 0.025, "43|23": 0.025, "-27|71": 0.025, "1|47": 0.025, "44|-4": 0.025, "31|49": 0.025, "-13|39": 0.025, "-66|32": 0.025, "-118|27": 0.025, "97|53": 0.025, "32|77": 0.025, "-31|95": 0.025, "22|44": 0.025, "2|116": 0.025, "39|90": 0.025, "96|43": 0.025, "-4|104": 0.025, "-6|81": 0.025, "-27|95": 0.025, "37|18": 0.025, "32|31": 0.025, "64|46": 0.025, "48|13": 0.025, "-22|96": 0.025, "-16|96": 0.025, "-37|115": 0.025, "12|56": 0.025, "12|88": 0.025, "-91|82": 0.025, "-71|105": 0.025, "-2|75": 0.025, "4|127": 0.025, "76|43": 0.025}}, "FOUL_AWAY_FROM_PLAY": 0.0, "FOULED_AWAY_FROM_PLAY": 0.0, "FOUL_CLEAR_PATH": 0.0, "FOULED_CLEAR_PATH": 0.0, "FOUL_COUNT_AS_PERSONAL": 0.06134969325153374, "FOULED_COUNT_AS_PERSONAL": 0.09933774834437085, "FOUL_COUNT_TOWARD_PENALTY": 0.0684931506849315, "FOULED_COUNT_TOWARD_PENALTY": 0.09090909090909091, "FOUL_DEFENSIVE_NON_SHOOTING": 0.08641975308641975, "FOULED_DEFENSIVE_NON_SHOOTING": 0.06779661016949153, "FOUL_DOUBLE": 0.0, "FOUL_TECHNICAL_DOUBLE": 0.0, "FOUL_FLAGRANT": 0.0, "FOULED_FLAGRANT": 0.0, "FOUL_FLAGRANT_1": 0.0, "FOULED_FLAGRANT_1": 0.0, "FOUL_FLAGRANT_2": 0.0, "FOULED_FLAGRANT_2": 0.0, "FOUL_INBOUND": 0.0, "FOULED_INBOUND": 0.0, "FOUL_LOOSE_BALL": 0.0, "FOULED_LOOSE_BALL": 0.0, "FOUL_OFFENSIVE_CHARGE": 0.0, "FOULED_OFFENSIVE_CHARGE": 0.0, "FOUL_OFFENSIVE_OTHER": 0.0, "FOULED_OFFENSIVE_OTHER": 0.0, "FOUL_OFFENSIVE_TOTAL": 0.0, "FOULED_OFFENSIVE_TOTAL": 0.25, "FOUL_PERSONAL": 0.057692307692307696, "FOULED_PERSONAL": 0.09302325581395349, "FOUL_PERSONAL_BLOCK": 0.0, "FOULED_PERSONAL_BLOCK": 0.0, "FOUL_PERSONAL_TAKE": 0.16666666666666666, "FOULED_PERSONAL_TAKE": 0.0, "FOUL_SHOOTING": 0.046153846153846156, "FOULED_SHOOTING": 0.10714285714285714, "FOUL_SHOOTING_BLOCK": 0.0, "FOULED_SHOOTING_BLOCK": 0.0, "FOUL_TECHNICAL": 0.0,