{"ASSIST": 0.3595505617977528, "BLOCK": 0.0, "FG_ARC_3_ATTEMPT": 0.23846153846153847, "FG_ARC_3_BLOCK": 0.0, "FG_ARC_3_MADE": 0.3870967741935484, "FG_ARC_3_MADE_FOUL": 0.007692307692307693, "FG_AT_RIM_ATTEMPT": 0.15833333333333333, "FG_AT_RIM_BLOCK": 0.0, "FG_AT_RIM_MADE": 0.8947368421052632, "FG_AT_RIM_MADE_FOUL": 0.016666666666666666, "FG_CORNER_3_ATTEMPT": 0.1891891891891892, "FG_CORNER_3_BLOCK": 0.0, "FG_CORNER_3_MADE": 0.7142857142857143, "FG_CORNER_3_MADE_FOUL": 0.0, "FG_LONG_MID_RANGE_ATTEMPT": 0.2, "FG_LONG_MID_RANGE_BLOCK": 0.0, "FG_LONG_MID_RANGE_MADE": 0.0, "FG_LONG_MID_RANGE_MADE_FOUL": 0.0, "FG_SHORT_MID_RANGE_ATTEMPT": 0.13636363636363635, "FG_SHORT_MID_RANGE_BLOCK": 0.0, "FG_SHORT_MID_RANGE_MADE": 0.6666666666666666, "FG_SHORT_MID_RANGE_MADE_FOUL": 0.0, "FG_XY": {"ARC_3": {"45|242": 0.03225806451612903, "-184|173": 0.03225806451612903, "-163|204": 0.03225806451612903, "70|243": 0.03225806451612903, "20|253": 0.03225806451612903, "153|219": 0.03225806451612903, "-131|215": 0.03225806451612903, "99|247": 0.03225806451612903, "50|260": 0.03225806451612903, "-170|211": 0.03225806451612903, "-200|200": 0.03225806451612903, "-154|203": 0.03225806451612903, "39|251": 0.03225806451612903, "145|224": 0.03225806451612903, "-5|259": 0.03225806451612903, "91|268": 0.03225806451612903, "-44|277": 0.03225806451612903, "80|247": 0.03225806451612903, "72|263": 0.03225806451612903, "93|260": 0.03225806451612903, "116|240": 0.03225806451612903, "136|205": 0.03225806451612903, "-137|214": 0.03225806451612903, "145|207": 0.03225806451612903, "-115|227": 0.03225806451612903, "142|226": 0.03225806451612903, "-141|218": 0.03225806451612903, "-40|263": 0.03225806451612903, "-141|249": 0.03225806451612903, "-221|133": 0.03225806451612903, "130|218": 0.03225806451612903}, "AT_RIM": {"-7|10": 0.05263157894736842, "-13|28": 0.05263157894736842, "12|16": 0.05263157894736842, "1|4": 0.05263157894736842, "9|1": 0.05263157894736842, "0|4": 0.05263157894736842, "15|11": 0.05263157894736842, "-34|15": 0.05263157894736842, "11|11": 0.05263157894736842, "-2|6": 0.05263157894736842, "2|11": 0.05263157894736842, "9|5": 0.05263157894736842, "-6|6": 0.05263157894736842, "9|7": 0.05263157894736842, "2|-1": 0.05263157894736842, "9|13": 0.05263157894736842, "-5|5": 0.05263157894736842, "17|-1": 0.05263157894736842, "-2|17": 0.05263157894736842}, "CORNER_3": {"-229|32": 0.14285714285714285, "229|16": 0.14285714285714285, "-224|5": 0.14285714285714285, "-228|-26": 0.14285714285714285, "-233|-15": 0.14285714285714285, "-229|10": 0.14285714285714285, "-224|74": 0.14285714285714285}, "LONG_MID_RANGE": {"102|162": 0.3333333333333333, "127|113": 0.3333333333333333, "-119|148": 0.3333333333333333}, "SHORT_MID_RANGE": {"-9|94": 0.16666666666666666, "-49|115": 0.16666666666666666, "38|13": 0.16666666666666666, "36|32": 0.16666666666666666, "21|69": 0.16666666666666666, "42|37": 0.16666666666666666}}, "FOUL_AWAY_FROM_PLAY": 0.0, "FOULED_AWAY_FROM_PLAY": 0.0, "FOUL_CLEAR_PATH": 1.0, "FOULED_CLEAR_PATH": 0.0, "FOUL_COUNT_AS_PERSONAL": 0.13157894736842105, "FOULED_COUNT_AS_PERSONAL": 0.09345794392523364, "FOUL_COUNT_TOWARD_PENALTY": 0.14084507042253522, "FOULED_COUNT_TOWARD_PENALTY": 0.10752688172043011, "FOUL_DEFENSIVE_NON_SHOOTING": 0.1724137931034483, "FOULED_DEFENSIVE_NON_SHOOTING": 0.20512820512820512, "FOUL_DOUBLE": 0.0, "FOUL_TECHNICAL_DOUBLE": 0.0, "FOUL_FLAGRANT": 0.0, "FOULED_FLAGRANT": 0.0, "FOUL_FLAGRANT_1": 0.0, "FOULED_FLAGRANT_1": 0.0, "FOUL_FLAGRANT_2": 0.0, "FOULED_FLAGRANT_2": 0.0, "FOUL_INBOUND": 0.0, "FOULED_INBOUND": 0.0, "FOUL_LOOSE_BALL": 0.0, "FOULED_LOOSE_BALL": 0.0, "FOUL_OFFENSIVE_CHARGE": 0.0, "FOULED_OFFENSIVE_CHARGE": 0.0, "FOUL_OFFENSIVE_OTHER": 0.0, "FOULED_OFFENSIVE_OTHER": 0.0, "FOUL_OFFENSIVE_TOTAL": 0.0, "FOULED_OFFENSIVE_TOTAL": 0.0, "FOUL_PERSONAL": 0.14285714285714285, "FOULED_PERSONAL": 0.21875, "FOUL_PERSONAL_BLOCK": 0.0, "FOULED_PERSONAL_BLOCK": 0.0, "FOUL_PERSONAL_TAKE": 0.25, "FOULED_PERSONAL_TAKE": 0.3333333333333333, "FOUL_SHOOTING": 0.11904761904761904, "FOULED_SHOOTING": 0.037037037037037035, "FOUL_SHOOTING_BLOCK": 0.0, "FOULED_SHOOTING_BLOCK": 0.0, "FOUL_TECHNICAL": 0.0, "FT": 0.9285714285714286, "REBOUND_DEFENSIVE": 0.05405405405405406, "REBOUND_OFFENSIVE": 0.00966183574879227, "STEAL": 0.10344827586206896, "SHOT_TYPE_ARC_3_OFFENSIVE": 0.37572254335260113, "SHOT_TYPE_ARC_3_DEFENSIVE": 0.33060109289617484, "SHOT_TYPE_AT_RIM_OFFENSIVE": 0.3468208092485549, "SHOT_TYPE_AT_RIM_DEFENSIVE": 0.2978142076502732, "SHOT_TYPE_CORNER_3_OFFENSIVE": 0.1069364161849711, "SHOT_TYPE_CORNER_3_DEFENSIVE": 0.09836065573770492, "SHOT_TYPE_LONG_MID_RANGE_OFFENSIVE": 0.04335260115606936, "SHOT_TYPE_LONG_MID_RANGE_DEFENSIVE": 0.11202185792349727, "SHOT_TYPE_SHORT_MID_RANGE_OFFENSIVE": 0.12716763005780346, "SHOT_TYPE_SHORT_MID_RANGE_DEFENSIVE": 0.16120218579234974, "TURNOVER": 0.25675675675675674, "VIOLATION_DEFENSIVE_GOALTENDING": 0.0, "VIOLATION_DEFENSIVE_KICK_BALL": 0.0}