{"ASSIST": 0.125, "BLOCK": 1.0, "FG_ARC_3_ATTEMPT": 0.15384615384615385, "FG_ARC_3_BLOCK": 0.0, "FG_ARC_3_MADE": 0.16666666666666666, "FG_ARC_3_MADE_FOUL": 0.0, "FG_AT_RIM_ATTEMPT": 0.3333333333333333, "FG_AT_RIM_BLOCK": 0.09523809523809523, "FG_AT_RIM_MADE": 0.42857142857142855, "FG_AT_RIM_MADE_FOUL": 0.0, "FG_CORNER_3_ATTEMPT": 0.08333333333333333, "FG_CORNER_3_BLOCK": 0.0, "FG_CORNER_3_MADE": 0.0, "FG_CORNER_3_MADE_FOUL": 0.0, "FG_LONG_MID_RANGE_ATTEMPT": 0.5, "FG_LONG_MID_RANGE_BLOCK": 0.0, "FG_LONG_MID_RANGE_MADE": 0.25, "FG_LONG_MID_RANGE_MADE_FOUL": 0.0, "FG_SHORT_MID_RANGE_ATTEMPT": 0.25, "FG_SHORT_MID_RANGE_BLOCK": 0.0, "FG_SHORT_MID_RANGE_MADE": 0.0, "FG_SHORT_MID_RANGE_MADE_FOUL": 0.0, "FG_XY": {"ARC_3": {"-136|213": 0.16666666666666666, "-2|272": 0.16666666666666666, "180|176": 0.16666666666666666, "-29|258": 0.16666666666666666, "-15|273": 0.16666666666666666, "82|239": 0.16666666666666666}, "AT_RIM": {"-12|19": 0.14285714285714285, "-10|8": 0.14285714285714285, "0|0": 0.14285714285714285, "-2|5": 0.14285714285714285, "-6|23": 0.14285714285714285, "-9|13": 0.14285714285714285, "0|38": 0.14285714285714285}, "CORNER_3": {"228|11": 1.0}, "LONG_MID_RANGE": {"-85|167": 0.25, "-15|171": 0.25, "-121|133": 0.25, "-23|173": 0.25}, "SHORT_MID_RANGE": {"-62|84": 0.25, "21|85": 0.25, "-45|128": 0.25, "12|51": 0.25}}, "FOUL_AWAY_FROM_PLAY": 0.0, "FOULED_AWAY_FROM_PLAY": 0.0, "FOUL_CLEAR_PATH": 0.0, "FOULED_CLEAR_PATH": 1.0, "FOUL_COUNT_AS_PERSONAL": 0.29411764705882354, "FOULED_COUNT_AS_PERSONAL": 0.21739130434782608, "FOUL_COUNT_TOWARD_PENALTY": 0.3, "FOULED_COUNT_TOWARD_PENALTY": 0.25, "FOUL_DEFENSIVE_NON_SHOOTING": 0.2, "FOULED_DEFENSIVE_NON_SHOOTING": 0.3333333333333333, "FOUL_DOUBLE": 0.0, "FOUL_TECHNICAL_DOUBLE": 0.0, "FOUL_FLAGRANT": 0.0, "FOULED_FLAGRANT": 0.0, "FOUL_FLAGRANT_1": 0.0, "FOULED_FLAGRANT_1": 0.0, "FOUL_FLAGRANT_2": 0.0, "FOULED_FLAGRANT_2": 0.0, "FOUL_INBOUND": 0.0, "FOULED_INBOUND": 0.0, "FOUL_LOOSE_BALL": 0.0, "FOULED_LOOSE_BALL": 0.0, "FOUL_OFFENSIVE_CHARGE": 0.0, "FOULED_OFFENSIVE_CHARGE": 0.0, "FOUL_OFFENSIVE_OTHER": 0.0, "FOULED_OFFENSIVE_OTHER": 0.0, "FOUL_OFFENSIVE_TOTAL": 0.25, "FOULED_OFFENSIVE_TOTAL": 0.0, "FOUL_PERSONAL": 0.16666666666666666, "FOULED_PERSONAL": 0.14285714285714285, "FOUL_PERSONAL_BLOCK": 0.0, "FOULED_PERSONAL_BLOCK": 0.0, "FOUL_PERSONAL_TAKE": 0.0, "FOULED_PERSONAL_TAKE": 1.0, "FOUL_SHOOTING": 0.42857142857142855, "FOULED_SHOOTING": 0.18181818181818182, "FOUL_SHOOTING_BLOCK": 0.0, "FOULED_SHOOTING_BLOCK": 0.0, "FOUL_TECHNICAL": 0.0, "FT": 0.625, "REBOUND_DEFENSIVE": 0.16666666666666666, "REBOUND_OFFENSIVE": 0.06779661016949153, "STEAL": 0.07692307692307693, "SHOT_TYPE_ARC_3_OFFENSIVE": 0.40625, "SHOT_TYPE_ARC_3_DEFENSIVE": 0.32075471698113206, "SHOT_TYPE_AT_RIM_OFFENSIVE": 0.21875, "SHOT_TYPE_AT_RIM_DEFENSIVE": 0.330188679245283, "SHOT_TYPE_CORNER_3_OFFENSIVE": 0.125, "SHOT_TYPE_CORNER_3_DEFENSIVE": 0.08490566037735849, "SHOT_TYPE_LONG_MID_RANGE_OFFENSIVE": 0.08333333333333333, "SHOT_TYPE_LONG_MID_RANGE_DEFENSIVE": 0.11320754716981132, "SHOT_TYPE_SHORT_MID_RANGE_OFFENSIVE": 0.16666666666666666, "SHOT_TYPE_SHORT_MID_RANGE_DEFENSIVE": 0.1509433962264151, "TURNOVER": 0.17857142857142858, "VIOLATION_DEFENSIVE_GOALTENDING": 0.0, "VIOLATION_DEFENSIVE_KICK_BALL": 0.0}