{"ASSIST": 0.07027027027027027, "BLOCK": 0.48717948717948717, "FG_ARC_3_ATTEMPT": 0.029940119760479042, "FG_ARC_3_BLOCK": 0.0, "FG_ARC_3_MADE": 1.0, "FG_ARC_3_MADE_FOUL": 0.0, "FG_AT_RIM_ATTEMPT": 0.27918781725888325, "FG_AT_RIM_BLOCK": 0.005076142131979695, "FG_AT_RIM_MADE": 0.4909090909090909, "FG_AT_RIM_MADE_FOUL": 0.0, "FG_CORNER_3_ATTEMPT": 0.0, "FG_CORNER_3_BLOCK": 0.0, "FG_CORNER_3_MADE": 0.0, "FG_CORNER_3_MADE_FOUL": 0.0, "FG_LONG_MID_RANGE_ATTEMPT": 0.08064516129032258, "FG_LONG_MID_RANGE_BLOCK": 0.0, "FG_LONG_MID_RANGE_MADE": 0.2, "FG_LONG_MID_RANGE_MADE_FOUL": 0.0, "FG_SHORT_MID_RANGE_ATTEMPT": 0.1693548387096774, "FG_SHORT_MID_RANGE_BLOCK": 0.024193548387096774, "FG_SHORT_MID_RANGE_MADE": 0.3333333333333333, "FG_SHORT_MID_RANGE_MADE_FOUL": 0.0, "FG_XY": {"ARC_3": {"77|255": 0.2, "126|249": 0.2, "-151|230": 0.2, "5|262": 0.2, "-178|174": 0.2}, "AT_RIM": {"0|29": 0.01818181818181818, "0|0": 0.41818181818181815, "-1|18": 0.01818181818181818, "-25|4": 0.01818181818181818, "2|25": 0.01818181818181818, "32|12": 0.01818181818181818, "-13|3": 0.01818181818181818, "6|7": 0.01818181818181818, "1|6": 0.01818181818181818, "15|26": 0.01818181818181818, "25|-5": 0.01818181818181818, "0|19": 0.01818181818181818, "-16|21": 0.01818181818181818, "20|27": 0.01818181818181818, "5|-3": 0.01818181818181818, "5|4": 0.01818181818181818, "-18|13": 0.01818181818181818, "-5|-4": 0.01818181818181818, "-5|1": 0.01818181818181818, "-6|7": 0.01818181818181818, "-2|12": 0.01818181818181818, "-4|16": 0.01818181818181818, "-10|37": 0.01818181818181818, "-18|4": 0.01818181818181818, "1|10": 0.01818181818181818, "6|13": 0.01818181818181818, "2|22": 0.01818181818181818, "11|4": 0.01818181818181818, "-23|8": 0.01818181818181818, "2|-1": 0.01818181818181818, "-33|17": 0.01818181818181818, "2|0": 0.01818181818181818, "10|4": 0.01818181818181818}, "CORNER_3": {}, "LONG_MID_RANGE": {"-161|43": 0.2, "15|215": 0.2, "54|145": 0.2, "-27|159": 0.2, "16|159": 0.2}, "SHORT_MID_RANGE": {"-25|40": 0.047619047619047616, "-2|71": 0.047619047619047616, "17|60": 0.047619047619047616, "45|33": 0.047619047619047616, "51|53": 0.047619047619047616, "12|73": 0.047619047619047616, "69|30": 0.047619047619047616, "21|51": 0.047619047619047616, "-83|98": 0.047619047619047616, "-2|49": 0.047619047619047616, "-45|74": 0.047619047619047616, "7|104": 0.047619047619047616, "2|52": 0.047619047619047616, "-94|-4": 0.047619047619047616, "86|29": 0.047619047619047616, "-7|43": 0.047619047619047616, "-21|111": 0.047619047619047616, "66|49": 0.047619047619047616, "37|110": 0.047619047619047616, "47|79": 0.047619047619047616, "34|36": 0.047619047619047616}}, "FOUL_AWAY_FROM_PLAY": 0.0, "FOULED_AWAY_FROM_PLAY": 0.0, "FOUL_CLEAR_PATH": 0.0, "FOULED_CLEAR_PATH": 0.0, "FOUL_COUNT_AS_PERSONAL": 0.35172413793103446, "FOULED_COUNT_AS_PERSONAL": 0.28, "FOUL_COUNT_TOWARD_PENALTY": 0.3178294573643411, "FOULED_COUNT_TOWARD_PENALTY": 0.29770992366412213, "FOUL_DEFENSIVE_NON_SHOOTING": 0.2, "FOULED_DEFENSIVE_NON_SHOOTING": 0.296875, "FOUL_DOUBLE": 0.0, "FOUL_TECHNICAL_DOUBLE": 0.0, "FOUL_FLAGRANT": 0.0, "FOULED_FLAGRANT": 0.0, "FOUL_FLAGRANT_1": 0.0, "FOULED_FLAGRANT_1": 0.0, "FOUL_FLAGRANT_2": 0.0, "FOULED_FLAGRANT_2": 0.0, "FOUL_INBOUND": 0.0, "FOULED_INBOUND": 0.0, "FOUL_LOOSE_BALL": 0.0, "FOULED_LOOSE_BALL": 0.375, "FOUL_OFFENSIVE_CHARGE": 0.5, "FOULED_OFFENSIVE_CHARGE": 0.0, "FOUL_OFFENSIVE_OTHER": 0.0, "FOULED_OFFENSIVE_OTHER": 0.0, "FOUL_OFFENSIVE_TOTAL": 0.625, "FOULED_OFFENSIVE_TOTAL": 0.15789473684210525, "FOUL_PERSONAL": 0.14285714285714285, "FOULED_PERSONAL": 0.32, "FOUL_PERSONAL_BLOCK": 0.0, "FOULED_PERSONAL_BLOCK": 0.0, "FOUL_PERSONAL_TAKE": 0.3333333333333333, "FOULED_PERSONAL_TAKE": 0.0, "FOUL_SHOOTING": 0.4375, "FOULED_SHOOTING": 0.29850746268656714, "FOUL_SHOOTING_BLOCK": 0.0, "FOULED_SHOOTING_BLOCK": 0.0, "FOUL_TECHNICAL": 0.0, "FT": 0.631578947368421, "REBOUND_DEFENSIVE": 0.27887323943661974, "REBOUND_OFFENSIVE": 0.13690476190476192, "STEAL": 0.11666666666666667, "SHOT_TYPE_ARC_3_OFFENSIVE": 0.2724306688417618, "SHOT_TYPE_ARC_3_DEFENSIVE": 0.3221476510067114, "SHOT_TYPE_AT_RIM_OFFENSIVE": 0.32137030995106036, "SHOT_TYPE_AT_RIM_DEFENSIVE": 0.2516778523489933, "SHOT_TYPE_CORNER_3_OFFENSIVE": 0.10277324632952692, "SHOT_TYPE_CORNER_3_DEFENSIVE": 0.09060402684563758, "SHOT_TYPE_LONG_MID_RANGE_OFFENSIVE": 0.10114192495921696, "SHOT_TYPE_LONG_MID_RANGE_DEFENSIVE": 0.12080536912751678, "SHOT_TYPE_SHORT_MID_RANGE_OFFENSIVE": 0.20228384991843393, "SHOT_TYPE_SHORT_MID_RANGE_DEFENSIVE": 0.21476510067114093, "TURNOVER": 0.2962962962962963, "VIOLATION_DEFENSIVE_GOALTENDING": 0.0, "VIOLATION_DEFENSIVE_KICK_BALL": 0.8}