{"ASSIST": 0.4, "BLOCK": 0.0, "FG_ARC_3_ATTEMPT": 0.125, "FG_ARC_3_BLOCK": 0.0, "FG_ARC_3_MADE": 0.3333333333333333, "FG_ARC_3_MADE_FOUL": 0.0, "FG_AT_RIM_ATTEMPT": 0.4117647058823529, "FG_AT_RIM_BLOCK": 0.0, "FG_AT_RIM_MADE": 0.5714285714285714, "FG_AT_RIM_MADE_FOUL": 0.0, "FG_CORNER_3_ATTEMPT": 0.4444444444444444, "FG_CORNER_3_BLOCK": 0.0, "FG_CORNER_3_MADE": 0.5, "FG_CORNER_3_MADE_FOUL": 0.0, "FG_LONG_MID_RANGE_ATTEMPT": 0.2727272727272727, "FG_LONG_MID_RANGE_BLOCK": 0.0, "FG_LONG_MID_RANGE_MADE": 0.3333333333333333, "FG_LONG_MID_RANGE_MADE_FOUL": 0.0, "FG_SHORT_MID_RANGE_ATTEMPT": 0.0, "FG_SHORT_MID_RANGE_BLOCK": 0.0, "FG_SHORT_MID_RANGE_MADE": 0.0, "FG_SHORT_MID_RANGE_MADE_FOUL": 0.0, "FG_XY": {"ARC_3": {"83|247": 0.3333333333333333, "169|195": 0.3333333333333333, "-168|242": 0.3333333333333333}, "AT_RIM": {"22|24": 0.14285714285714285, "4|15": 0.14285714285714285, "0|15": 0.14285714285714285, "10|7": 0.14285714285714285, "-4|17": 0.14285714285714285, "20|16": 0.14285714285714285, "2|38": 0.14285714285714285}, "CORNER_3": {"-227|-1": 0.25, "-227|13": 0.25, "233|44": 0.25, "237|75": 0.25}, "LONG_MID_RANGE": {"-100|161": 0.3333333333333333, "-50|168": 0.3333333333333333, "-125|148": 0.3333333333333333}, "SHORT_MID_RANGE": {}}, "FOUL_AWAY_FROM_PLAY": 0.0, "FOULED_AWAY_FROM_PLAY": 0.0, "FOUL_CLEAR_PATH": 0.0, "FOULED_CLEAR_PATH": 0.0, "FOUL_COUNT_AS_PERSONAL": 0.21052631578947367, "FOULED_COUNT_AS_PERSONAL": 0.08333333333333333, "FOUL_COUNT_TOWARD_PENALTY": 0.17647058823529413, "FOULED_COUNT_TOWARD_PENALTY": 0.09090909090909091, "FOUL_DEFENSIVE_NON_SHOOTING": 0.2, "FOULED_DEFENSIVE_NON_SHOOTING": 0.14285714285714285, "FOUL_DOUBLE": 0.0, "FOUL_TECHNICAL_DOUBLE": 0.0, "FOUL_FLAGRANT": 0.0, "FOULED_FLAGRANT": 0.0, "FOUL_FLAGRANT_1": 0.0, "FOULED_FLAGRANT_1": 0.0, "FOUL_FLAGRANT_2": 0.0, "FOULED_FLAGRANT_2": 0.0, "FOUL_INBOUND": 0.0, "FOULED_INBOUND": 0.0, "FOUL_LOOSE_BALL": 0.0, "FOULED_LOOSE_BALL": 0.0, "FOUL_OFFENSIVE_CHARGE": 1.0, "FOULED_OFFENSIVE_CHARGE": 0.0, "FOUL_OFFENSIVE_OTHER": 0.0, "FOULED_OFFENSIVE_OTHER": 0.0, "FOUL_OFFENSIVE_TOTAL": 0.5, "FOULED_OFFENSIVE_TOTAL": 0.0, "FOUL_PERSONAL": 0.3333333333333333, "FOULED_PERSONAL": 0.25, "FOUL_PERSONAL_BLOCK": 0.0, "FOULED_PERSONAL_BLOCK": 0.0, "FOUL_PERSONAL_TAKE": 0.14285714285714285, "FOULED_PERSONAL_TAKE": 0.0, "FOUL_SHOOTING": 0.14285714285714285, "FOULED_SHOOTING": 0.0, "FOUL_SHOOTING_BLOCK": 0.0, "FOULED_SHOOTING_BLOCK": 0.0, "FOUL_TECHNICAL": 1.0, "FT": 0.0, "REBOUND_DEFENSIVE": 0.10810810810810811, "REBOUND_OFFENSIVE": 0.023255813953488372, "STEAL": 0.0, "SHOT_TYPE_ARC_3_OFFENSIVE": 0.3333333333333333, "SHOT_TYPE_ARC_3_DEFENSIVE": 0.29577464788732394, "SHOT_TYPE_AT_RIM_OFFENSIVE": 0.2361111111111111, "SHOT_TYPE_AT_RIM_DEFENSIVE": 0.38028169014084506, "SHOT_TYPE_CORNER_3_OFFENSIVE": 0.125, "SHOT_TYPE_CORNER_3_DEFENSIVE": 0.1267605633802817, "SHOT_TYPE_LONG_MID_RANGE_OFFENSIVE": 0.1527777777777778, "SHOT_TYPE_LONG_MID_RANGE_DEFENSIVE": 0.1267605633802817, "SHOT_TYPE_SHORT_MID_RANGE_OFFENSIVE": 0.1527777777777778, "SHOT_TYPE_SHORT_MID_RANGE_DEFENSIVE": 0.07042253521126761, "TURNOVER": 0.36363636363636365, "VIOLATION_DEFENSIVE_GOALTENDING": 0.0, "VIOLATION_DEFENSIVE_KICK_BALL": 0.0}