{"ASSIST": 0.18571428571428572, "BLOCK": 0.19607843137254902, "FG_ARC_3_ATTEMPT": 0.2537313432835821, "FG_ARC_3_BLOCK": 0.0, "FG_ARC_3_MADE": 0.35294117647058826, "FG_ARC_3_MADE_FOUL": 0.007462686567164179, "FG_AT_RIM_ATTEMPT": 0.1697530864197531, "FG_AT_RIM_BLOCK": 0.021604938271604937, "FG_AT_RIM_MADE": 0.5818181818181818, "FG_AT_RIM_MADE_FOUL": 0.0030864197530864196, "FG_CORNER_3_ATTEMPT": 0.15714285714285714, "FG_CORNER_3_BLOCK": 0.0, "FG_CORNER_3_MADE": 0.8181818181818182, "FG_CORNER_3_MADE_FOUL": 0.0, "FG_LONG_MID_RANGE_ATTEMPT": 0.08108108108108109, "FG_LONG_MID_RANGE_BLOCK": 0.0, "FG_LONG_MID_RANGE_MADE": 0.3333333333333333, "FG_LONG_MID_RANGE_MADE_FOUL": 0.0, "FG_SHORT_MID_RANGE_ATTEMPT": 0.24369747899159663, "FG_SHORT_MID_RANGE_BLOCK": 0.01680672268907563, "FG_SHORT_MID_RANGE_MADE": 0.41379310344827586, "FG_SHORT_MID_RANGE_MADE_FOUL": 0.0, "FG_XY": {"ARC_3": {"119|228": 0.014705882352941176, "-53|257": 0.014705882352941176, "-202|215": 0.014705882352941176, "-92|251": 0.014705882352941176, "157|222": 0.014705882352941176, "45|274": 0.014705882352941176, "164|216": 0.014705882352941176, "-167|205": 0.014705882352941176, "-67|256": 0.014705882352941176, "227|121": 0.014705882352941176, "161|192": 0.014705882352941176, "223|112": 0.014705882352941176, "196|155": 0.014705882352941176, "217|134": 0.014705882352941176, "-74|264": 0.014705882352941176, "-100|247": 0.014705882352941176, "234|88": 0.014705882352941176, "92|254": 0.014705882352941176, "170|196": 0.014705882352941176, "135|242": 0.014705882352941176, "189|194": 0.014705882352941176, "69|255": 0.014705882352941176, "-170|205": 0.014705882352941176, "-207|217": 0.014705882352941176, "119|289": 0.014705882352941176, "91|242": 0.014705882352941176, "175|180": 0.014705882352941176, "175|206": 0.014705882352941176, "-69|274": 0.014705882352941176, "-152|216": 0.014705882352941176, "217|179": 0.014705882352941176, "153|227": 0.014705882352941176, "-126|248": 0.014705882352941176, "-153|243": 0.014705882352941176, "-74|260": 0.014705882352941176, "-173|201": 0.014705882352941176, "137|236": 0.014705882352941176, "-2|252": 0.014705882352941176, "-136|213": 0.029411764705882353, "-29|265": 0.014705882352941176, "148|212": 0.014705882352941176, "-145|215": 0.014705882352941176, "-185|174": 0.014705882352941176, "-154|225": 0.014705882352941176, "185|178": 0.014705882352941176, "-32|250": 0.014705882352941176, "-44|241": 0.014705882352941176, "203|209": 0.014705882352941176, "113|242": 0.014705882352941176, "199|153": 0.014705882352941176, "-80|236": 0.014705882352941176, "56|272": 0.014705882352941176, "189|167": 0.014705882352941176, "-181|188": 0.014705882352941176, "-48|260": 0.014705882352941176, "-181|174": 0.014705882352941176, "-27|281": 0.014705882352941176, "-225|181": 0.014705882352941176, "213|148": 0.014705882352941176, "-221|157": 0.014705882352941176, "102|233": 0.014705882352941176, "148|217": 0.014705882352941176, "-150|199": 0.014705882352941176, "-181|189": 0.014705882352941176, "156|197": 0.014705882352941176, "-113|216": 0.014705882352941176, "-25|284": 0.014705882352941176}, "AT_RIM": {"-5|5": 0.01818181818181818, "10|15": 0.01818181818181818, "20|13": 0.01818181818181818, "-1|16": 0.01818181818181818, "17|27": 0.01818181818181818, "-9|22": 0.01818181818181818, "-16|27": 0.01818181818181818, "23|6": 0.01818181818181818, "16|11": 0.01818181818181818, "-1|13": 0.01818181818181818, "-9|5": 0.01818181818181818, "1|29": 0.01818181818181818, "13|10": 0.01818181818181818, "1|13": 0.01818181818181818, "-21|17": 0.01818181818181818, "20|29": 0.01818181818181818, "-21|16": 0.01818181818181818, "13|4": 0.01818181818181818, "-20|17": 0.01818181818181818, "4|11": 0.01818181818181818, "-20|8": 0.01818181818181818, "21|20": 0.01818181818181818, "2|5": 0.01818181818181818, "26|17": 0.01818181818181818, "-25|16": 0.01818181818181818, "-16|3": 0.01818181818181818, "-16|10": 0.01818181818181818, "21|3": 0.01818181818181818, "-1|6": 0.01818181818181818, "-2|11": 0.01818181818181818, "0|9": 0.01818181818181818, "-5|20": 0.01818181818181818, "-2|3": 0.01818181818181818, "1|5": 0.01818181818181818, "6|11": 0.01818181818181818, "-4|39": 0.01818181818181818, "12|15": 0.01818181818181818, "-2|26": 0.01818181818181818, "4|3": 0.01818181818181818, "-5|14": 0.01818181818181818, "11|9": 0.01818181818181818, "-9|20": 0.01818181818181818, "11|-7": 0.01818181818181818, "-16|6": 0.01818181818181818, "5|6": 0.01818181818181818, "6|-3": 0.01818181818181818, "11|10": 0.01818181818181818, "20|8": 0.01818181818181818, "2|32": 0.01818181818181818, "36|1": 0.01818181818181818, "23|12": 0.01818181818181818, "0|4": 0.01818181818181818, "-6|15": 0.01818181818181818, "-22|11": 0.01818181818181818, "12|19": 0.01818181818181818}, "CORNER_3": {"-229|71": 0.09090909090909091, "-228|4": 0.09090909090909091, "-228|85": 0.09090909090909091, "224|27": 0.09090909090909091, "-243|55": 0.09090909090909091, "-229|-12": 0.09090909090909091, "237|11": 0.09090909090909091, "224|18": 0.09090909090909091, "-233|2": 0.09090909090909091, "-233|12": 0.09090909090909091, "-222|25": 0.09090909090909091}, "LONG_MID_RANGE": {"98|127": 0.3333333333333333, "72|138": 0.3333333333333333, "119|182": 0.3333333333333333}, "SHORT_MID_RANGE": {"-9|116": 0.034482758620689655, "38|74": 0.034482758620689655, "29|48": 0.034482758620689655, "44|23": 0.034482758620689655, "-5|46": 0.034482758620689655, "28|56": 0.034482758620689655, "-72|16": 0.034482758620689655, "138|14": 0.034482758620689655, "-47|5": 0.034482758620689655, "40|27": 0.034482758620689655, "49|21": 0.034482758620689655, "1|82": 0.034482758620689655, "17|73": 0.034482758620689655, "-48|26": 0.034482758620689655, "-17|50": 0.034482758620689655, "-9|58": 0.034482758620689655, "53|34": 0.034482758620689655, "10|44": 0.034482758620689655, "50|21": 0.034482758620689655, "66|62": 0.034482758620689655, "40|5": 0.034482758620689655, "1|40": 0.034482758620689655, "2|67": 0.034482758620689655, "44|22": 0.034482758620689655, "-138|-2": 0.034482758620689655, "56|26": 0.034482758620689655, "-18|37": 0.034482758620689655, "11|55": 0.034482758620689655, "69|57": 0.034482758620689655}}, "FOUL_AWAY_FROM_PLAY": 0.0, "FOULED_AWAY_FROM_PLAY": 0.0, "FOUL_CLEAR_PATH": 1.0, "FOULED_CLEAR_PATH": 0.0, "FOUL_COUNT_AS_PERSONAL": 0.08888888888888889, "FOULED_COUNT_AS_PERSONAL": 0.11894273127753303, "FOUL_COUNT_TOWARD_PENALTY": 0.0875, "FOULED_COUNT_TOWARD_PENALTY": 0.12807881773399016, "FOUL_DEFENSIVE_NON_SHOOTING": 0.10843373493975904, "FOULED_DEFENSIVE_NON_SHOOTING": 0.06382978723404255, "FOUL_DOUBLE": 0.0, "FOUL_TECHNICAL_DOUBLE": 0.0, "FOUL_FLAGRANT": 0.0, "FOULED_FLAGRANT": 0.0, "FOUL_FLAGRANT_1": 0.0, "FOULED_FLAGRANT_1": 0.0, "FOUL_FLAGRANT_2": 0.0, "FOULED_FLAGRANT_2": 0.0, "FOUL_INBOUND": 0.0, "FOULED_INBOUND": 0.0, "FOUL_LOOSE_BALL": 0.0, "FOULED_LOOSE_BALL": 0.0, "FOUL_OFFENSIVE_CHARGE": 0.14285714285714285, "FOULED_OFFENSIVE_CHARGE": 0.0, "FOUL_OFFENSIVE_OTHER": 0.0, "FOULED_OFFENSIVE_OTHER": 0.0, "FOUL_OFFENSIVE_TOTAL": 0.1, "FOULED_OFFENSIVE_TOTAL": 0.041666666666666664, "FOUL_PERSONAL": 0.08333333333333333, "FOULED_PERSONAL": 0.08108108108108109, "FOUL_PERSONAL_BLOCK": 0.0, "FOULED_PERSONAL_BLOCK": 0.0, "FOUL_PERSONAL_TAKE": 0.16666666666666666, "FOULED_PERSONAL_TAKE": 0.0, "FOUL_SHOOTING": 0.06493506493506493, "FOULED_SHOOTING": 0.1834862385321101, "FOUL_SHOOTING_BLOCK": 0.0, "FOULED_SHOOTING_BLOCK": 0.0, "FOUL_TECHNICAL": 0.0, "FT": 0.6829268292682927, "REBOUND_DEFENSIVE": 0.059961315280464215, "REBOUND_OFFENSIVE": 0.0063025210084033615, "STEAL": 0.2037037037037037, "SHOT_TYPE_ARC_3_OFFENSIVE": 0.3276283618581907, "SHOT_TYPE_ARC_3_DEFENSIVE": 0.32887402452619846, "SHOT_TYPE_AT_RIM_OFFENSIVE": 0.3960880195599022, "SHOT_TYPE_AT_RIM_DEFENSIVE": 0.2987736900780379, "SHOT_TYPE_CORNER_3_OFFENSIVE": 0.08557457212713937, "SHOT_TYPE_CORNER_3_DEFENSIVE": 0.10925306577480491, "SHOT_TYPE_LONG_MID_RANGE_OFFENSIVE": 0.04523227383863081, "SHOT_TYPE_LONG_MID_RANGE_DEFENSIVE": 0.0947603121516165,