{"ASSIST": 0.1568627450980392, "BLOCK": 0.5555555555555556, "FG_ARC_3_ATTEMPT": 0.024390243902439025, "FG_ARC_3_BLOCK": 0.0, "FG_ARC_3_MADE": 0.5, "FG_ARC_3_MADE_FOUL": 0.0, "FG_AT_RIM_ATTEMPT": 0.19047619047619047, "FG_AT_RIM_BLOCK": 0.015873015873015872, "FG_AT_RIM_MADE": 0.5833333333333334, "FG_AT_RIM_MADE_FOUL": 0.015873015873015872, "FG_CORNER_3_ATTEMPT": 0.05263157894736842, "FG_CORNER_3_BLOCK": 0.0, "FG_CORNER_3_MADE": 1.0, "FG_CORNER_3_MADE_FOUL": 0.0, "FG_LONG_MID_RANGE_ATTEMPT": 0.11764705882352941, "FG_LONG_MID_RANGE_BLOCK": 0.0, "FG_LONG_MID_RANGE_MADE": 1.0, "FG_LONG_MID_RANGE_MADE_FOUL": 0.0, "FG_SHORT_MID_RANGE_ATTEMPT": 0.3, "FG_SHORT_MID_RANGE_BLOCK": 0.0, "FG_SHORT_MID_RANGE_MADE": 0.4, "FG_SHORT_MID_RANGE_MADE_FOUL": 0.0, "FG_XY": {"ARC_3": {"-201|184": 0.5, "-85|252": 0.5}, "AT_RIM": {"0|0": 0.5, "-18|33": 0.08333333333333333, "-2|4": 0.08333333333333333, "-31|11": 0.08333333333333333, "-36|11": 0.08333333333333333, "12|37": 0.08333333333333333, "4|4": 0.08333333333333333}, "CORNER_3": {"-234|58": 1.0}, "LONG_MID_RANGE": {"-189|28": 0.5, "-143|25": 0.5}, "SHORT_MID_RANGE": {"0|80": 0.06666666666666667, "38|40": 0.06666666666666667, "47|40": 0.06666666666666667, "0|71": 0.06666666666666667, "-16|54": 0.06666666666666667, "87|38": 0.06666666666666667, "-31|50": 0.06666666666666667, "-47|20": 0.06666666666666667, "-16|37": 0.06666666666666667, "-53|90": 0.06666666666666667, "-47|79": 0.06666666666666667, "44|117": 0.06666666666666667, "-58|19": 0.06666666666666667, "88|26": 0.06666666666666667, "-69|25": 0.06666666666666667}}, "FOUL_AWAY_FROM_PLAY": 0.0, "FOULED_AWAY_FROM_PLAY": 0.0, "FOUL_CLEAR_PATH": 0.0, "FOULED_CLEAR_PATH": 0.0, "FOUL_COUNT_AS_PERSONAL": 0.3111111111111111, "FOULED_COUNT_AS_PERSONAL": 0.27906976744186046, "FOUL_COUNT_TOWARD_PENALTY": 0.23076923076923078, "FOULED_COUNT_TOWARD_PENALTY": 0.3157894736842105, "FOUL_DEFENSIVE_NON_SHOOTING": 0.22727272727272727, "FOULED_DEFENSIVE_NON_SHOOTING": 0.29411764705882354, "FOUL_DOUBLE": 0.0, "FOUL_TECHNICAL_DOUBLE": 0.0, "FOUL_FLAGRANT": 0.0, "FOULED_FLAGRANT": 0.0, "FOUL_FLAGRANT_1": 0.0, "FOULED_FLAGRANT_1": 0.0, "FOUL_FLAGRANT_2": 0.0, "FOULED_FLAGRANT_2": 0.0, "FOUL_INBOUND": 0.0, "FOULED_INBOUND": 0.0, "FOUL_LOOSE_BALL": 0.0, "FOULED_LOOSE_BALL": 0.3333333333333333, "FOUL_OFFENSIVE_CHARGE": 0.0, "FOULED_OFFENSIVE_CHARGE": 0.0, "FOUL_OFFENSIVE_OTHER": 0.0, "FOULED_OFFENSIVE_OTHER": 0.0, "FOUL_OFFENSIVE_TOTAL": 0.8333333333333334, "FOULED_OFFENSIVE_TOTAL": 0.0, "FOUL_PERSONAL": 0.18181818181818182, "FOULED_PERSONAL": 0.3076923076923077, "FOUL_PERSONAL_BLOCK": 0.0, "FOULED_PERSONAL_BLOCK": 0.0, "FOUL_PERSONAL_TAKE": 0.2, "FOULED_PERSONAL_TAKE": 0.0, "FOUL_SHOOTING": 0.23529411764705882, "FOULED_SHOOTING": 0.3333333333333333, "FOUL_SHOOTING_BLOCK": 0.0, "FOULED_SHOOTING_BLOCK": 0.0, "FOUL_TECHNICAL": 1.0, "FT": 0.625, "REBOUND_DEFENSIVE": 0.07377049180327869, "REBOUND_OFFENSIVE": 0.08450704225352113, "STEAL": 0.0, "SHOT_TYPE_ARC_3_OFFENSIVE": 0.354978354978355, "SHOT_TYPE_ARC_3_DEFENSIVE": 0.2907488986784141, "SHOT_TYPE_AT_RIM_OFFENSIVE": 0.2727272727272727, "SHOT_TYPE_AT_RIM_DEFENSIVE": 0.2599118942731278, "SHOT_TYPE_CORNER_3_OFFENSIVE": 0.08225108225108226, "SHOT_TYPE_CORNER_3_DEFENSIVE": 0.1145374449339207, "SHOT_TYPE_LONG_MID_RANGE_OFFENSIVE": 0.0735930735930736, "SHOT_TYPE_LONG_MID_RANGE_DEFENSIVE": 0.12334801762114538, "SHOT_TYPE_SHORT_MID_RANGE_OFFENSIVE": 0.21645021645021645, "SHOT_TYPE_SHORT_MID_RANGE_DEFENSIVE": 0.21145374449339208, "TURNOVER": 0.3, "VIOLATION_DEFENSIVE_GOALTENDING": 0.0, "VIOLATION_DEFENSIVE_KICK_BALL": 0.0}