{"ASSIST": 0.18803418803418803, "BLOCK": 0.21428571428571427, "FG_ARC_3_ATTEMPT": 0.23809523809523808, "FG_ARC_3_BLOCK": 0.0, "FG_ARC_3_MADE": 0.14285714285714285, "FG_ARC_3_MADE_FOUL": 0.0, "FG_AT_RIM_ATTEMPT": 0.14012738853503184, "FG_AT_RIM_BLOCK": 0.0, "FG_AT_RIM_MADE": 0.7272727272727273, "FG_AT_RIM_MADE_FOUL": 0.006369426751592357, "FG_CORNER_3_ATTEMPT": 0.2972972972972973, "FG_CORNER_3_BLOCK": 0.0, "FG_CORNER_3_MADE": 0.18181818181818182, "FG_CORNER_3_MADE_FOUL": 0.0, "FG_LONG_MID_RANGE_ATTEMPT": 0.29545454545454547, "FG_LONG_MID_RANGE_BLOCK": 0.0, "FG_LONG_MID_RANGE_MADE": 0.15384615384615385, "FG_LONG_MID_RANGE_MADE_FOUL": 0.022727272727272728, "FG_SHORT_MID_RANGE_ATTEMPT": 0.22988505747126436, "FG_SHORT_MID_RANGE_BLOCK": 0.022988505747126436, "FG_SHORT_MID_RANGE_MADE": 0.4, "FG_SHORT_MID_RANGE_MADE_FOUL": 0.0, "FG_XY": {"ARC_3": {"142|242": 0.02857142857142857, "150|205": 0.02857142857142857, "151|212": 0.02857142857142857, "2|276": 0.02857142857142857, "-178|172": 0.02857142857142857, "-201|188": 0.02857142857142857, "-43|255": 0.02857142857142857, "197|147": 0.02857142857142857, "-121|228": 0.02857142857142857, "119|225": 0.02857142857142857, "-207|155": 0.02857142857142857, "89|233": 0.02857142857142857, "-96|246": 0.02857142857142857, "-145|220": 0.02857142857142857, "-81|250": 0.02857142857142857, "100|226": 0.02857142857142857, "-148|215": 0.02857142857142857, "-188|176": 0.02857142857142857, "-148|219": 0.02857142857142857, "147|231": 0.02857142857142857, "-124|235": 0.02857142857142857, "-131|253": 0.02857142857142857, "-124|236": 0.02857142857142857, "69|278": 0.02857142857142857, "0|245": 0.02857142857142857, "-165|195": 0.02857142857142857, "-49|248": 0.02857142857142857, "102|245": 0.02857142857142857, "-196|172": 0.02857142857142857, "142|211": 0.02857142857142857, "-147|206": 0.02857142857142857, "-218|122": 0.02857142857142857, "192|230": 0.02857142857142857, "109|231": 0.02857142857142857, "-138|226": 0.02857142857142857}, "AT_RIM": {"7|8": 0.045454545454545456, "-4|1": 0.045454545454545456, "1|10": 0.045454545454545456, "0|0": 0.13636363636363635, "15|36": 0.045454545454545456, "0|18": 0.045454545454545456, "-2|13": 0.045454545454545456, "-5|21": 0.045454545454545456, "-1|22": 0.045454545454545456, "0|13": 0.045454545454545456, "25|27": 0.045454545454545456, "-1|11": 0.045454545454545456, "-10|15": 0.045454545454545456, "6|27": 0.045454545454545456, "-2|0": 0.045454545454545456, "-28|21": 0.045454545454545456, "4|5": 0.045454545454545456, "0|-5": 0.045454545454545456, "1|26": 0.045454545454545456, "12|3": 0.045454545454545456}, "CORNER_3": {"-223|30": 0.09090909090909091, "225|25": 0.09090909090909091, "239|0": 0.09090909090909091, "-228|38": 0.09090909090909091, "-228|13": 0.09090909090909091, "232|24": 0.09090909090909091, "-233|37": 0.09090909090909091, "228|59": 0.09090909090909091, "-233|4": 0.09090909090909091, "-229|-6": 0.09090909090909091, "-234|0": 0.09090909090909091}, "LONG_MID_RANGE": {"188|54": 0.07692307692307693, "-47|215": 0.07692307692307693, "-69|167": 0.07692307692307693, "-134|184": 0.07692307692307693, "-97|150": 0.07692307692307693, "-141|11": 0.07692307692307693, "-55|167": 0.07692307692307693, "-48|159": 0.07692307692307693, "-165|16": 0.07692307692307693, "-108|155": 0.07692307692307693, "-31|193": 0.07692307692307693, "-145|83": 0.07692307692307693, "85|143": 0.07692307692307693}, "SHORT_MID_RANGE": {"56|18": 0.05, "-91|90": 0.05, "-129|39": 0.05, "-97|99": 0.05, "-89|25": 0.05, "-74|42": 0.05, "29|116": 0.05, "1|68": 0.05, "21|68": 0.05, "-107|69": 0.05, "-120|38": 0.05, "119|-13": 0.05, "-34|87": 0.05, "-137|-1": 0.05, "-25|43": 0.05, "113|-11": 0.05, "2|71": 0.05, "70|47": 0.05, "2|114": 0.05, "-58|57": 0.05}}, "FOUL_AWAY_FROM_PLAY": 0.0, "FOULED_AWAY_FROM_PLAY": 0.0, "FOUL_CLEAR_PATH": 0.0, "FOULED_CLEAR_PATH": 0.0, "FOUL_COUNT_AS_PERSONAL": 0.1875, "FOULED_COUNT_AS_PERSONAL": 0.24324324324324326, "FOUL_COUNT_TOWARD_PENALTY": 0.1780821917808219, "FOULED_COUNT_TOWARD_PENALTY": 0.2376237623762376, "FOUL_DEFENSIVE_NON_SHOOTING": 0.20588235294117646, "FOULED_DEFENSIVE_NON_SHOOTING": 0.29310344827586204, "FOUL_DOUBLE": 0.0, "FOUL_TECHNICAL_DOUBLE": 0.0, "FOUL_FLAGRANT": 0.0, "FOULED_FLAGRANT": 0.0, "FOUL_FLAGRANT_1": 0.0, "FOULED_FLAGRANT_1": 0.0, "FOUL_FLAGRANT_2": 0.0, "FOULED_FLAGRANT_2": 0.0, "FOUL_INBOUND": 0.0, "FOULED_INBOUND": 0.0, "FOUL_LOOSE_BALL": 0.0, "FOULED_LOOSE_BALL": 0.42857142857142855, "FOUL_OFFENSIVE_CHARGE": 0.0, "FOULED_OFFENSIVE_CHARGE": 0.3333333333333333, "FOUL_OFFENSIVE_OTHER": 0.0, "FOULED_OFFENSIVE_OTHER": 0.0, "FOUL_OFFENSIVE_TOTAL": 0.2857142857142857, "FOULED_OFFENSIVE_TOTAL": 0.3, "FOUL_PERSONAL": 0.18518518518518517, "FOULED_PERSONAL": 0.2978723404255319, "FOUL_PERSONAL_BLOCK": 0.0, "FOULED_PERSONAL_BLOCK": 0.0, "FOUL_PERSONAL_TAKE": 0.4, "FOULED_PERSONAL_TAKE": 0.0, "FOUL_SHOOTING": 0.15384615384615385, "FOULED_SHOOTING": 0.16666666666666666, "FOUL_SHOOTING_BLOCK": 0.0, "FOULED_SHOOTING_BLOCK": 0.0, "FOUL_TECHNICAL": 0.2, "FT": 0.9310344827586207, "REBOUND_DEFENSIVE": 0.305019305019305, "REBOUND_OFFENSIVE": 0.05244755244755245, "STEAL": 0.05555555555555555, "SHOT_TYPE_ARC_3_OFFENSIVE": 0.3114406779661017, "SHOT_TYPE_ARC_3_DEFENSIVE": 0.2816593886462882, "SHOT_TYPE_AT_RIM_OFFENSIVE": 0.3326271186440678, "SHOT_TYPE_AT_RIM_DEFENSIVE": 0.3165938864628821, "SHOT_TYPE_CORNER_3_OFFENSIVE": 0.07838983050847458, "SHOT_TYPE_CORNER_3_DEFENSIVE": 0.09388646288209607, "SHOT_TYPE_LONG_MID_RANGE_OFFENSIVE": 0.09322033898305085, "SHOT_TYPE_LONG_MID_RANGE_DEFENSIVE": 0.11572052401746726, "SHOT_TYPE_SHORT_MID_RANGE_OFFENSIVE": 0.1843220338983051, "SHOT_TYPE_SHORT_MID_RANGE_DEFENSIVE": 0.19213973799126638, "TURNOVER": 0.13580246913580246, "VIOLATION_DEFENSIVE_GOALTENDING": 0.0, "VIOLATION_DEFENSIVE_KICK_BALL": 0.0}