{"ASSIST": 0.2571428571428571, "BLOCK": 0.14285714285714285, "FG_ARC_3_ATTEMPT": 0.26, "FG_ARC_3_BLOCK": 0.0, "FG_ARC_3_MADE": 0.46153846153846156, "FG_ARC_3_MADE_FOUL": 0.0, "FG_AT_RIM_ATTEMPT": 0.16666666666666666, "FG_AT_RIM_BLOCK": 0.0, "FG_AT_RIM_MADE": 0.5555555555555556, "FG_AT_RIM_MADE_FOUL": 0.0, "FG_CORNER_3_ATTEMPT": 0.16666666666666666, "FG_CORNER_3_BLOCK": 0.0, "FG_CORNER_3_MADE": 0.0, "FG_CORNER_3_MADE_FOUL": 0.0, "FG_LONG_MID_RANGE_ATTEMPT": 0.25, "FG_LONG_MID_RANGE_BLOCK": 0.0, "FG_LONG_MID_RANGE_MADE": 0.6666666666666666, "FG_LONG_MID_RANGE_MADE_FOUL": 0.0, "FG_SHORT_MID_RANGE_ATTEMPT": 0.3333333333333333, "FG_SHORT_MID_RANGE_BLOCK": 0.06060606060606061, "FG_SHORT_MID_RANGE_MADE": 0.45454545454545453, "FG_SHORT_MID_RANGE_MADE_FOUL": 0.0, "FG_XY": {"ARC_3": {"-164|221": 0.07692307692307693, "192|179": 0.07692307692307693, "-148|466": 0.07692307692307693, "-168|192": 0.07692307692307693, "-190|220": 0.07692307692307693, "-27|417": 0.07692307692307693, "-27|256": 0.07692307692307693, "-136|227": 0.07692307692307693, "92|246": 0.07692307692307693, "-53|261": 0.07692307692307693, "-67|264": 0.07692307692307693, "93|250": 0.07692307692307693, "-45|263": 0.07692307692307693}, "AT_RIM": {"-16|13": 0.1111111111111111, "11|6": 0.1111111111111111, "-32|17": 0.1111111111111111, "20|19": 0.1111111111111111, "21|0": 0.1111111111111111, "-17|1": 0.1111111111111111, "-1|5": 0.1111111111111111, "-25|8": 0.1111111111111111, "-13|25": 0.1111111111111111}, "CORNER_3": {"-228|24": 0.3333333333333333, "228|38": 0.3333333333333333, "240|-1": 0.3333333333333333}, "LONG_MID_RANGE": {"-70|144": 0.3333333333333333, "-1|175": 0.3333333333333333, "17|142": 0.3333333333333333}, "SHORT_MID_RANGE": {"-45|47": 0.09090909090909091, "-49|109": 0.09090909090909091, "44|93": 0.09090909090909091, "112|66": 0.09090909090909091, "-1|73": 0.09090909090909091, "-20|109": 0.09090909090909091, "-12|101": 0.09090909090909091, "-119|53": 0.09090909090909091, "-123|24": 0.09090909090909091, "-31|31": 0.09090909090909091, "2|67": 0.09090909090909091}}, "FOUL_AWAY_FROM_PLAY": 0.0, "FOULED_AWAY_FROM_PLAY": 0.0, "FOUL_CLEAR_PATH": 0.0, "FOULED_CLEAR_PATH": 0.0, "FOUL_COUNT_AS_PERSONAL": 0.18181818181818182, "FOULED_COUNT_AS_PERSONAL": 0.1951219512195122, "FOUL_COUNT_TOWARD_PENALTY": 0.21052631578947367, "FOULED_COUNT_TOWARD_PENALTY": 0.18421052631578946, "FOUL_DEFENSIVE_NON_SHOOTING": 0.3157894736842105, "FOULED_DEFENSIVE_NON_SHOOTING": 0.25, "FOUL_DOUBLE": 0.0, "FOUL_TECHNICAL_DOUBLE": 0.0, "FOUL_FLAGRANT": 0.0, "FOULED_FLAGRANT": 0.0, "FOUL_FLAGRANT_1": 0.0, "FOULED_FLAGRANT_1": 0.0, "FOUL_FLAGRANT_2": 0.0, "FOULED_FLAGRANT_2": 0.0, "FOUL_INBOUND": 0.0, "FOULED_INBOUND": 0.0, "FOUL_LOOSE_BALL": 0.0, "FOULED_LOOSE_BALL": 0.0, "FOUL_OFFENSIVE_CHARGE": 0.0, "FOULED_OFFENSIVE_CHARGE": 0.0, "FOUL_OFFENSIVE_OTHER": 0.0, "FOULED_OFFENSIVE_OTHER": 0.0, "FOUL_OFFENSIVE_TOTAL": 0.0, "FOULED_OFFENSIVE_TOTAL": 0.3333333333333333, "FOUL_PERSONAL": 0.38461538461538464, "FOULED_PERSONAL": 0.21428571428571427, "FOUL_PERSONAL_BLOCK": 0.0, "FOULED_PERSONAL_BLOCK": 0.0, "FOUL_PERSONAL_TAKE": 0.0, "FOULED_PERSONAL_TAKE": 0.5, "FOUL_SHOOTING": 0.10526315789473684, "FOULED_SHOOTING": 0.1111111111111111, "FOUL_SHOOTING_BLOCK": 0.0, "FOULED_SHOOTING_BLOCK": 0.0, "FOUL_TECHNICAL": 0.0, "FT": 1.0, "REBOUND_DEFENSIVE": 0.14814814814814814, "REBOUND_OFFENSIVE": 0.019801980198019802, "STEAL": 0.20833333333333334, "SHOT_TYPE_ARC_3_OFFENSIVE": 0.2994011976047904, "SHOT_TYPE_ARC_3_DEFENSIVE": 0.2635135135135135, "SHOT_TYPE_AT_RIM_OFFENSIVE": 0.32335329341317365, "SHOT_TYPE_AT_RIM_DEFENSIVE": 0.31756756756756754, "SHOT_TYPE_CORNER_3_OFFENSIVE": 0.10778443113772455, "SHOT_TYPE_CORNER_3_DEFENSIVE": 0.12162162162162163, "SHOT_TYPE_LONG_MID_RANGE_OFFENSIVE": 0.0718562874251497, "SHOT_TYPE_LONG_MID_RANGE_DEFENSIVE": 0.10135135135135136, "SHOT_TYPE_SHORT_MID_RANGE_OFFENSIVE": 0.19760479041916168, "SHOT_TYPE_SHORT_MID_RANGE_DEFENSIVE": 0.19594594594594594, "TURNOVER": 0.03125, "VIOLATION_DEFENSIVE_GOALTENDING": 0.0, "VIOLATION_DEFENSIVE_KICK_BALL": 0.0}