{"ASSIST": 0.05555555555555555, "BLOCK": 0.034482758620689655, "FG_ARC_3_ATTEMPT": 0.18285714285714286, "FG_ARC_3_BLOCK": 0.0, "FG_ARC_3_MADE": 0.09375, "FG_ARC_3_MADE_FOUL": 0.0, "FG_AT_RIM_ATTEMPT": 0.03278688524590164, "FG_AT_RIM_BLOCK": 0.0, "FG_AT_RIM_MADE": 1.0, "FG_AT_RIM_MADE_FOUL": 0.00819672131147541, "FG_CORNER_3_ATTEMPT": 0.36363636363636365, "FG_CORNER_3_BLOCK": 0.0, "FG_CORNER_3_MADE": 0.0, "FG_CORNER_3_MADE_FOUL": 0.0, "FG_LONG_MID_RANGE_ATTEMPT": 0.043478260869565216, "FG_LONG_MID_RANGE_BLOCK": 0.014492753623188406, "FG_LONG_MID_RANGE_MADE": 0.3333333333333333, "FG_LONG_MID_RANGE_MADE_FOUL": 0.0, "FG_SHORT_MID_RANGE_ATTEMPT": 0.014705882352941176, "FG_SHORT_MID_RANGE_BLOCK": 0.014705882352941176, "FG_SHORT_MID_RANGE_MADE": 0.0, "FG_SHORT_MID_RANGE_MADE_FOUL": 0.0, "FG_XY": {"ARC_3": {"44|245": 0.03125, "197|180": 0.03125, "-156|213": 0.03125, "-165|226": 0.03125, "-141|225": 0.03125, "15|269": 0.03125, "-102|232": 0.03125, "70|246": 0.03125, "88|253": 0.03125, "-89|245": 0.03125, "137|222": 0.03125, "181|185": 0.03125, "11|267": 0.03125, "192|167": 0.03125, "-190|168": 0.03125, "138|212": 0.03125, "180|179": 0.03125, "-109|245": 0.03125, "189|184": 0.03125, "173|207": 0.03125, "229|117": 0.03125, "219|167": 0.03125, "108|276": 0.03125, "176|196": 0.03125, "119|248": 0.03125, "-132|223": 0.03125, "-150|215": 0.03125, "143|218": 0.03125, "43|256": 0.03125, "71|255": 0.03125, "69|253": 0.03125, "-71|257": 0.03125}, "AT_RIM": {"-1|16": 0.25, "-21|29": 0.25, "0|31": 0.25, "-5|15": 0.25}, "CORNER_3": {"-232|16": 0.08333333333333333, "230|58": 0.08333333333333333, "-230|-4": 0.08333333333333333, "223|26": 0.08333333333333333, "230|38": 0.08333333333333333, "228|4": 0.08333333333333333, "222|16": 0.08333333333333333, "230|-4": 0.08333333333333333, "-232|71": 0.08333333333333333, "237|75": 0.08333333333333333, "-237|10": 0.08333333333333333, "-238|-4": 0.08333333333333333}, "LONG_MID_RANGE": {"134|150": 0.3333333333333333, "126|138": 0.3333333333333333, "97|133": 0.3333333333333333}, "SHORT_MID_RANGE": {"23|46": 1.0}}, "FOUL_AWAY_FROM_PLAY": 0.0, "FOULED_AWAY_FROM_PLAY": 0.0, "FOUL_CLEAR_PATH": 0.0, "FOULED_CLEAR_PATH": 0.0, "FOUL_COUNT_AS_PERSONAL": 0.1, "FOULED_COUNT_AS_PERSONAL": 0.0782608695652174, "FOUL_COUNT_TOWARD_PENALTY": 0.10989010989010989, "FOULED_COUNT_TOWARD_PENALTY": 0.0594059405940594, "FOUL_DEFENSIVE_NON_SHOOTING": 0.11764705882352941, "FOULED_DEFENSIVE_NON_SHOOTING": 0.1111111111111111, "FOUL_DOUBLE": 0.0, "FOUL_TECHNICAL_DOUBLE": 0.0, "FOUL_FLAGRANT": 0.0, "FOULED_FLAGRANT": 0.0, "FOUL_FLAGRANT_1": 0.0, "FOULED_FLAGRANT_1": 0.0, "FOUL_FLAGRANT_2": 0.0, "FOULED_FLAGRANT_2": 0.0, "FOUL_INBOUND": 0.0, "FOULED_INBOUND": 0.0, "FOUL_LOOSE_BALL": 0.0, "FOULED_LOOSE_BALL": 0.0, "FOUL_OFFENSIVE_CHARGE": 0.0, "FOULED_OFFENSIVE_CHARGE": 0.0, "FOUL_OFFENSIVE_OTHER": 0.0, "FOULED_OFFENSIVE_OTHER": 0.0, "FOUL_OFFENSIVE_TOTAL": 0.0, "FOULED_OFFENSIVE_TOTAL": 0.21428571428571427, "FOUL_PERSONAL": 0.13636363636363635, "FOULED_PERSONAL": 0.14634146341463414, "FOUL_PERSONAL_BLOCK": 0.0, "FOULED_PERSONAL_BLOCK": 0.0, "FOUL_PERSONAL_TAKE": 0.0, "FOULED_PERSONAL_TAKE": 0.0, "FOUL_SHOOTING": 0.10526315789473684, "FOULED_SHOOTING": 0.0, "FOUL_SHOOTING_BLOCK": 0.0, "FOULED_SHOOTING_BLOCK": 0.0, "FOUL_TECHNICAL": 0.0, "FT": 1.0, "REBOUND_DEFENSIVE": 0.07407407407407407, "REBOUND_OFFENSIVE": 0.01171875, "STEAL": 0.05128205128205128, "SHOT_TYPE_ARC_3_OFFENSIVE": 0.3747323340471092, "SHOT_TYPE_ARC_3_DEFENSIVE": 0.3333333333333333, "SHOT_TYPE_AT_RIM_OFFENSIVE": 0.26124197002141325, "SHOT_TYPE_AT_RIM_DEFENSIVE": 0.30265848670756645, "SHOT_TYPE_CORNER_3_OFFENSIVE": 0.07066381156316917, "SHOT_TYPE_CORNER_3_DEFENSIVE": 0.10429447852760736, "SHOT_TYPE_LONG_MID_RANGE_OFFENSIVE": 0.14775160599571735, "SHOT_TYPE_LONG_MID_RANGE_DEFENSIVE": 0.09406952965235174, "SHOT_TYPE_SHORT_MID_RANGE_OFFENSIVE": 0.145610278372591, "SHOT_TYPE_SHORT_MID_RANGE_DEFENSIVE": 0.1656441717791411, "TURNOVER": 0.075, "VIOLATION_DEFENSIVE_GOALTENDING": 0.0, "VIOLATION_DEFENSIVE_KICK_BALL": 0.0}