{"ASSIST": 0.5333333333333333, "BLOCK": 0.3333333333333333, "FG_ARC_3_ATTEMPT": 0.5882352941176471, "FG_ARC_3_BLOCK": 0.0, "FG_ARC_3_MADE": 0.6, "FG_ARC_3_MADE_FOUL": 0.0, "FG_AT_RIM_ATTEMPT": 0.47368421052631576, "FG_AT_RIM_BLOCK": 0.10526315789473684, "FG_AT_RIM_MADE": 0.6666666666666666, "FG_AT_RIM_MADE_FOUL": 0.05263157894736842, "FG_CORNER_3_ATTEMPT": 1.0, "FG_CORNER_3_BLOCK": 0.0, "FG_CORNER_3_MADE": 1.0, "FG_CORNER_3_MADE_FOUL": 0.0, "FG_LONG_MID_RANGE_ATTEMPT": 0.0, "FG_LONG_MID_RANGE_BLOCK": 0.0, "FG_LONG_MID_RANGE_MADE": 0.0, "FG_LONG_MID_RANGE_MADE_FOUL": 0.0, "FG_SHORT_MID_RANGE_ATTEMPT": 0.3333333333333333, "FG_SHORT_MID_RANGE_BLOCK": 0.08333333333333333, "FG_SHORT_MID_RANGE_MADE": 0.25, "FG_SHORT_MID_RANGE_MADE_FOUL": 0.0, "FG_XY": {"ARC_3": {"-213|172": 0.1, "176|193": 0.1, "152|216": 0.1, "2|268": 0.1, "33|257": 0.1, "-47|264": 0.1, "-110|268": 0.1, "-207|172": 0.1, "-116|253": 0.1, "126|236": 0.1}, "AT_RIM": {"1|4": 0.1111111111111111, "-7|16": 0.1111111111111111, "9|28": 0.1111111111111111, "2|13": 0.1111111111111111, "0|0": 0.1111111111111111, "-28|24": 0.1111111111111111, "-2|19": 0.1111111111111111, "2|5": 0.1111111111111111, "5|32": 0.1111111111111111}, "CORNER_3": {"228|50": 1.0}, "LONG_MID_RANGE": {}, "SHORT_MID_RANGE": {"-21|125": 0.25, "4|70": 0.25, "-26|100": 0.25, "-27|99": 0.25}}, "FOUL_AWAY_FROM_PLAY": 0.0, "FOULED_AWAY_FROM_PLAY": 0.0, "FOUL_CLEAR_PATH": 0.0, "FOULED_CLEAR_PATH": 0.0, "FOUL_COUNT_AS_PERSONAL": 0.3, "FOULED_COUNT_AS_PERSONAL": 0.3, "FOUL_COUNT_TOWARD_PENALTY": 0.3, "FOULED_COUNT_TOWARD_PENALTY": 0.3, "FOUL_DEFENSIVE_NON_SHOOTING": 0.25, "FOULED_DEFENSIVE_NON_SHOOTING": 0.25, "FOUL_DOUBLE": 0.0, "FOUL_TECHNICAL_DOUBLE": 0.0, "FOUL_FLAGRANT": 0.0, "FOULED_FLAGRANT": 0.0, "FOUL_FLAGRANT_1": 0.0, "FOULED_FLAGRANT_1": 0.0, "FOUL_FLAGRANT_2": 0.0, "FOULED_FLAGRANT_2": 0.0, "FOUL_INBOUND": 0.0, "FOULED_INBOUND": 0.0, "FOUL_LOOSE_BALL": 0.0, "FOULED_LOOSE_BALL": 0.0, "FOUL_OFFENSIVE_CHARGE": 0.0, "FOULED_OFFENSIVE_CHARGE": 0.0, "FOUL_OFFENSIVE_OTHER": 0.0, "FOULED_OFFENSIVE_OTHER": 0.0, "FOUL_OFFENSIVE_TOTAL": 0.0, "FOULED_OFFENSIVE_TOTAL": 0.0, "FOUL_PERSONAL": 0.0, "FOULED_PERSONAL": 0.3333333333333333, "FOUL_PERSONAL_BLOCK": 0.0, "FOULED_PERSONAL_BLOCK": 0.0, "FOUL_PERSONAL_TAKE": 0.0, "FOULED_PERSONAL_TAKE": 0.0, "FOUL_SHOOTING": 0.4, "FOULED_SHOOTING": 0.3333333333333333, "FOUL_SHOOTING_BLOCK": 0.0, "FOULED_SHOOTING_BLOCK": 0.0, "FOUL_TECHNICAL": 0.0, "FT": 1.0, "REBOUND_DEFENSIVE": 0.125, "REBOUND_OFFENSIVE": 0.10344827586206896, "STEAL": 0.3333333333333333, "SHOT_TYPE_ARC_3_OFFENSIVE": 0.3148148148148148, "SHOT_TYPE_ARC_3_DEFENSIVE": 0.33783783783783783, "SHOT_TYPE_AT_RIM_OFFENSIVE": 0.35185185185185186, "SHOT_TYPE_AT_RIM_DEFENSIVE": 0.32432432432432434, "SHOT_TYPE_CORNER_3_OFFENSIVE": 0.018518518518518517, "SHOT_TYPE_CORNER_3_DEFENSIVE": 0.0945945945945946, "SHOT_TYPE_LONG_MID_RANGE_OFFENSIVE": 0.09259259259259259, "SHOT_TYPE_LONG_MID_RANGE_DEFENSIVE": 0.12162162162162163, "SHOT_TYPE_SHORT_MID_RANGE_OFFENSIVE": 0.2222222222222222, "SHOT_TYPE_SHORT_MID_RANGE_DEFENSIVE": 0.12162162162162163, "TURNOVER": 0.4444444444444444, "VIOLATION_DEFENSIVE_GOALTENDING": 0.0, "VIOLATION_DEFENSIVE_KICK_BALL": 0.0}