{"ASSIST": 0.1048951048951049, "BLOCK": 0.2564102564102564, "FG_ARC_3_ATTEMPT": 0.18125, "FG_ARC_3_BLOCK": 0.0, "FG_ARC_3_MADE": 0.2413793103448276, "FG_ARC_3_MADE_FOUL": 0.0, "FG_AT_RIM_ATTEMPT": 0.04580152671755725, "FG_AT_RIM_BLOCK": 0.0, "FG_AT_RIM_MADE": 0.8333333333333334, "FG_AT_RIM_MADE_FOUL": 0.0, "FG_CORNER_3_ATTEMPT": 0.3584905660377358, "FG_CORNER_3_BLOCK": 0.0, "FG_CORNER_3_MADE": 0.21052631578947367, "FG_CORNER_3_MADE_FOUL": 0.0, "FG_LONG_MID_RANGE_ATTEMPT": 0.03389830508474576, "FG_LONG_MID_RANGE_BLOCK": 0.0, "FG_LONG_MID_RANGE_MADE": 1.0, "FG_LONG_MID_RANGE_MADE_FOUL": 0.0, "FG_SHORT_MID_RANGE_ATTEMPT": 0.04032258064516129, "FG_SHORT_MID_RANGE_BLOCK": 0.008064516129032258, "FG_SHORT_MID_RANGE_MADE": 0.6, "FG_SHORT_MID_RANGE_MADE_FOUL": 0.0, "FG_XY": {"ARC_3": {"-141|216": 0.034482758620689655, "85|229": 0.034482758620689655, "100|245": 0.034482758620689655, "146|211": 0.034482758620689655, "147|214": 0.034482758620689655, "199|149": 0.034482758620689655, "169|221": 0.034482758620689655, "176|200": 0.034482758620689655, "-140|209": 0.034482758620689655, "-219|120": 0.034482758620689655, "-62|236": 0.034482758620689655, "-175|182": 0.034482758620689655, "38|257": 0.034482758620689655, "189|160": 0.034482758620689655, "191|148": 0.034482758620689655, "43|267": 0.034482758620689655, "137|237": 0.034482758620689655, "-104|239": 0.034482758620689655, "130|245": 0.034482758620689655, "-82|246": 0.034482758620689655, "-86|258": 0.034482758620689655, "-179|217": 0.034482758620689655, "223|93": 0.034482758620689655, "180|182": 0.034482758620689655, "-185|216": 0.034482758620689655, "6|277": 0.034482758620689655, "141|216": 0.034482758620689655, "23|248": 0.034482758620689655, "214|121": 0.034482758620689655}, "AT_RIM": {"0|0": 0.16666666666666666, "27|19": 0.16666666666666666, "0|38": 0.16666666666666666, "-7|10": 0.16666666666666666, "26|21": 0.16666666666666666, "-13|-6": 0.16666666666666666}, "CORNER_3": {"224|-1": 0.05263157894736842, "-234|38": 0.05263157894736842, "230|42": 0.05263157894736842, "-234|11": 0.05263157894736842, "221|27": 0.05263157894736842, "222|63": 0.05263157894736842, "-228|42": 0.05263157894736842, "219|70": 0.05263157894736842, "-225|54": 0.05263157894736842, "222|20": 0.05263157894736842, "-230|27": 0.05263157894736842, "225|16": 0.05263157894736842, "224|18": 0.05263157894736842, "221|6": 0.05263157894736842, "-245|-4": 0.05263157894736842, "230|73": 0.05263157894736842, "-227|5": 0.05263157894736842, "-232|36": 0.05263157894736842, "228|71": 0.05263157894736842}, "LONG_MID_RANGE": {"102|106": 0.5, "-83|125": 0.5}, "SHORT_MID_RANGE": {"-7|121": 0.2, "-26|92": 0.2, "29|36": 0.2, "18|64": 0.2, "48|-18": 0.2}}, "FOUL_AWAY_FROM_PLAY": 0.0, "FOULED_AWAY_FROM_PLAY": 0.0, "FOUL_CLEAR_PATH": 0.0, "FOULED_CLEAR_PATH": 0.0, "FOUL_COUNT_AS_PERSONAL": 0.2727272727272727, "FOULED_COUNT_AS_PERSONAL": 0.07894736842105263, "FOUL_COUNT_TOWARD_PENALTY": 0.27710843373493976, "FOULED_COUNT_TOWARD_PENALTY": 0.06422018348623854, "FOUL_DEFENSIVE_NON_SHOOTING": 0.36585365853658536, "FOULED_DEFENSIVE_NON_SHOOTING": 0.12280701754385964, "FOUL_DOUBLE": 0.0, "FOUL_TECHNICAL_DOUBLE": 0.0, "FOUL_FLAGRANT": 0.0, "FOULED_FLAGRANT": 0.0, "FOUL_FLAGRANT_1": 0.0, "FOULED_FLAGRANT_1": 0.0, "FOUL_FLAGRANT_2": 0.0, "FOULED_FLAGRANT_2": 0.0, "FOUL_INBOUND": 0.0, "FOULED_INBOUND": 0.0, "FOUL_LOOSE_BALL": 0.0, "FOULED_LOOSE_BALL": 0.0, "FOUL_OFFENSIVE_CHARGE": 0.0, "FOULED_OFFENSIVE_CHARGE": 1.0, "FOUL_OFFENSIVE_OTHER": 0.0, "FOULED_OFFENSIVE_OTHER": 0.0, "FOUL_OFFENSIVE_TOTAL": 0.2, "FOULED_OFFENSIVE_TOTAL": 0.4, "FOUL_PERSONAL": 0.40625, "FOULED_PERSONAL": 0.16279069767441862, "FOUL_PERSONAL_BLOCK": 0.0, "FOULED_PERSONAL_BLOCK": 0.0, "FOUL_PERSONAL_TAKE": 0.0, "FOULED_PERSONAL_TAKE": 0.0, "FOUL_SHOOTING": 0.19047619047619047, "FOULED_SHOOTING": 0.0, "FOUL_SHOOTING_BLOCK": 0.0, "FOULED_SHOOTING_BLOCK": 0.0, "FOUL_TECHNICAL": 0.0, "FT": 1.0, "REBOUND_DEFENSIVE": 0.07641196013289037, "REBOUND_OFFENSIVE": 0.03180212014134275, "STEAL": 0.40350877192982454, "SHOT_TYPE_ARC_3_OFFENSIVE": 0.3036053130929791, "SHOT_TYPE_ARC_3_DEFENSIVE": 0.32037037037037036, "SHOT_TYPE_AT_RIM_OFFENSIVE": 0.24857685009487665, "SHOT_TYPE_AT_RIM_DEFENSIVE": 0.24074074074074073, "SHOT_TYPE_CORNER_3_OFFENSIVE": 0.10056925996204934, "SHOT_TYPE_CORNER_3_DEFENSIVE": 0.07592592592592592, "SHOT_TYPE_LONG_MID_RANGE_OFFENSIVE": 0.11195445920303605, "SHOT_TYPE_LONG_MID_RANGE_DEFENSIVE": 0.11296296296296296, "SHOT_TYPE_SHORT_MID_RANGE_OFFENSIVE": 0.23529411764705882, "SHOT_TYPE_SHORT_MID_RANGE_DEFENSIVE": 0.25, "TURNOVER": 0.16666666666666666, "VIOLATION_DEFENSIVE_GOALTENDING": 0.0, "VIOLATION_DEFENSIVE_KICK_BALL": 1.0}