{"ASSIST": 0.34782608695652173, "BLOCK": 0.2962962962962963, "FG_ARC_3_ATTEMPT": 0.19791666666666666, "FG_ARC_3_BLOCK": 0.0, "FG_ARC_3_MADE": 0.45614035087719296, "FG_ARC_3_MADE_FOUL": 0.003472222222222222, "FG_AT_RIM_ATTEMPT": 0.22272727272727272, "FG_AT_RIM_BLOCK": 0.004545454545454545, "FG_AT_RIM_MADE": 0.8571428571428571, "FG_AT_RIM_MADE_FOUL": 0.013636363636363636, "FG_CORNER_3_ATTEMPT": 0.2463768115942029, "FG_CORNER_3_BLOCK": 0.0, "FG_CORNER_3_MADE": 0.6470588235294118, "FG_CORNER_3_MADE_FOUL": 0.0, "FG_LONG_MID_RANGE_ATTEMPT": 0.15, "FG_LONG_MID_RANGE_BLOCK": 0.0, "FG_LONG_MID_RANGE_MADE": 1.0, "FG_LONG_MID_RANGE_MADE_FOUL": 0.025, "FG_SHORT_MID_RANGE_ATTEMPT": 0.19727891156462585, "FG_SHORT_MID_RANGE_BLOCK": 0.006802721088435374, "FG_SHORT_MID_RANGE_MADE": 0.5172413793103449, "FG_SHORT_MID_RANGE_MADE_FOUL": 0.006802721088435374, "FG_XY": {"ARC_3": {"36|267": 0.017543859649122806, "-210|139": 0.017543859649122806, "120|235": 0.017543859649122806, "-210|143": 0.017543859649122806, "-121|221": 0.017543859649122806, "159|211": 0.017543859649122806, "-207|143": 0.017543859649122806, "-165|210": 0.017543859649122806, "-173|216": 0.017543859649122806, "153|222": 0.017543859649122806, "-136|271": 0.017543859649122806, "142|266": 0.017543859649122806, "-10|247": 0.017543859649122806, "-217|115": 0.017543859649122806, "44|248": 0.017543859649122806, "210|113": 0.017543859649122806, "-61|244": 0.017543859649122806, "194|151": 0.017543859649122806, "-199|140": 0.017543859649122806, "130|232": 0.017543859649122806, "-82|238": 0.017543859649122806, "127|212": 0.017543859649122806, "-94|231": 0.017543859649122806, "-29|257": 0.017543859649122806, "-157|193": 0.017543859649122806, "178|253": 0.017543859649122806, "175|220": 0.017543859649122806, "42|281": 0.017543859649122806, "82|242": 0.017543859649122806, "161|199": 0.017543859649122806, "-131|231": 0.017543859649122806, "154|215": 0.017543859649122806, "151|209": 0.017543859649122806, "168|185": 0.017543859649122806, "-179|176": 0.017543859649122806, "202|142": 0.017543859649122806, "206|145": 0.017543859649122806, "140|210": 0.017543859649122806, "6|246": 0.017543859649122806, "44|247": 0.017543859649122806, "-217|134": 0.017543859649122806, "-49|243": 0.017543859649122806, "-138|208": 0.017543859649122806, "214|127": 0.017543859649122806, "211|146": 0.017543859649122806, "142|207": 0.017543859649122806, "44|254": 0.017543859649122806, "26|247": 0.017543859649122806, "203|141": 0.017543859649122806, "-100|253": 0.017543859649122806, "39|247": 0.017543859649122806, "203|183": 0.017543859649122806, "2|263": 0.017543859649122806, "154|206": 0.017543859649122806, "-21|268": 0.017543859649122806, "142|235": 0.017543859649122806, "-197|147": 0.017543859649122806}, "AT_RIM": {"12|33": 0.02040816326530612, "-16|13": 0.02040816326530612, "-17|1": 0.02040816326530612, "-10|23": 0.02040816326530612, "4|1": 0.02040816326530612, "0|17": 0.02040816326530612, "-7|5": 0.02040816326530612, "7|5": 0.02040816326530612, "31|11": 0.02040816326530612, "10|5": 0.02040816326530612, "4|5": 0.02040816326530612, "-32|2": 0.02040816326530612, "-25|5": 0.02040816326530612, "-27|15": 0.02040816326530612, "-21|1": 0.02040816326530612, "-12|6": 0.02040816326530612, "12|27": 0.02040816326530612, "22|17": 0.02040816326530612, "-5|26": 0.02040816326530612, "21|-5": 0.02040816326530612, "-1|36": 0.02040816326530612, "-2|36": 0.02040816326530612, "-6|38": 0.02040816326530612, "2|18": 0.02040816326530612, "11|13": 0.02040816326530612, "-5|14": 0.02040816326530612, "0|0": 0.02040816326530612, "1|6": 0.02040816326530612, "-12|8": 0.02040816326530612, "2|4": 0.02040816326530612, "-7|3": 0.02040816326530612, "1|8": 0.04081632653061224, "2|17": 0.02040816326530612, "-5|11": 0.02040816326530612, "1|15": 0.02040816326530612, "7|7": 0.02040816326530612, "-9|12": 0.02040816326530612, "-4|11": 0.02040816326530612, "-23|32": 0.02040816326530612, "-4|2": 0.02040816326530612, "1|4": 0.02040816326530612, "15|10": 0.02040816326530612, "1|1": 0.02040816326530612, "25|15": 0.02040816326530612, "-4|-2": 0.02040816326530612, "20|5": 0.02040816326530612, "9|11": 0.02040816326530612, "-4|7": 0.02040816326530612}, "CORNER_3": {"-230|16": 0.058823529411764705, "-229|6": 0.058823529411764705, "-225|16": 0.058823529411764705, "230|35": 0.058823529411764705, "-230|11": 0.058823529411764705, "224|28": 0.058823529411764705, "229|67": 0.058823529411764705, "228|5": 0.058823529411764705, "-229|56": 0.058823529411764705, "228|17": 0.058823529411764705, "225|63": 0.058823529411764705, "234|24": 0.058823529411764705, "224|60": 0.058823529411764705, "-232|65": 0.058823529411764705, "230|29": 0.058823529411764705, "228|50": 0.058823529411764705, "229|60": 0.058823529411764705}, "LONG_MID_RANGE": {"-191|43": 0.16666666666666666, "-72|125": 0.16666666666666666, "-130|123": 0.16666666666666666, "126|140": 0.16666666666666666, "-137|70": 0.16666666666666666, "61|127": 0.16666666666666666}, "SHORT_MID_RANGE": {"-50|80": 0.034482758620689655, "-12|43": 0.034482758620689655, "-53|36": 0.034482758620689655, "56|26": 0.034482758620689655, "7|41": 0.034482758620689655, "-80|32": 0.034482758620689655, "-13|95": 0.034482758620689655, "-18|100": 0.034482758620689655, "-9|84": 0.034482758620689655, "20|60": 0.034482758620689655, "2|73": 0.034482758620689655, "53|35": 0.034482758620689655, "4|80": 0.034482758620689655, "45|82": 0.034482758620689655, "-6|74": 0.034482758620689655, "5|55": 0.034482758620689655, "5|80": 0.034482758620689655, "2|41": 0.034482758620689655, "53|37": 0.034482758620689655, "-4|47": 0.034482758620689655, "94|30": 0.034482758620689655, "12|79": 0.034482758620689655, "10|79": 0.034482758620689655, "77|96": 0.034482758620689655, "59|90": 0.034482758620689655, "85|42": 0.034482758620689655, "72|78": 0.034482758620689655, "10|99": 0.034482758620689655, "10|126": 0.034482758620689655}}, "FOUL_AWAY_FROM_PLAY": 0.0, "FOULED_AWAY_FROM_PLAY": 0.0, "FOUL_CLEAR_PATH": 0.0, "FOULED_CLEAR_PATH": 1.0, "FOUL_COUNT_AS_PERSONAL": 0.24154589371980675, "FOULED_COUNT_AS_PERSONAL": 0.18012422360248448, "FOUL_COUNT_TOWARD_PENALTY": 0.2596685082872928, "FOULED_COUNT_TOWARD_PENALTY": 0.1223021582733813, "FOUL_DEFENSIVE_NON_SHOOTING": 0.27884615384615385, "FOULED_DEFENSIVE_NON_SHOOTING": 0.136986301369863, "FOUL_DOUBLE": 1.0, "FOUL_TECHNICAL_DOUBLE": 1.0, "FOUL_FLAGRANT": 0.0, "FOULED_FLAGRANT": 0.0, "FOUL_FLAGRANT_1": 0.0, "FOULED_FLAGRANT_1": 0.0, "FOUL_FLAGRANT_2": 0.0, "FOULED_FLAGRANT_2": 0.0, "FOUL_INBOUND": 0.0, "FOULED_INBOUND": 0.0, "FOUL_LOOSE_BALL": 0.0, "FOULED_LOOSE_BALL": 0.05555555555555555, "FOUL_OFFENSIVE_CHARGE": 0.0, "FOULED_OFFENSIVE_CHARGE": 0.8181818181818182, "FOUL_OFFENSIVE_OTHER": 0.0, "FOULED_OFFENSIVE_OTHER": 0.0, "FOUL_OFFENSIVE_TOTAL": 0.08, "FOULED_OFFENSIVE_TOTAL": 0.5454545454545454, "FOUL_PERSONAL": 0.2923076923076923, "FOULED_PERSONAL": 0.14, "FOUL_PERSONAL_BLOCK": 0.0, "FOULED_PERSONAL_BLOCK": 0.0, "FOUL_PERSONAL_TAKE": 0.38095238095238093, "FOULED_PERSONAL_TAKE": 0.25, "FOUL_SHOOTING": 0.24358974358974358, "FOULED_SHOOTING": 0.10606060606060606, "FOUL_SHOOTING_BLOCK": 0.0, "FOULED_SHOOTING_BLOCK": 0.0, "FOUL_TECHNICAL": 0.1111111111111111, "FT": 0.7058823529411765, "REBOUND_DEFENSIVE": 0.10829493087557604, "REBOUND_OFFENSIVE": 0.05336426914153132, "STEAL": 0.18421052631578946, "SHOT_TYPE_ARC_3_OFFENSIVE": 0.3769633507853403, "SHOT_TYPE_ARC_3_DEFENSIVE": 0.2742155525238745, "SHOT_TYPE_AT_RIM_OFFENSIVE": 0.2879581151832461, "SHOT_TYPE_AT_RIM_DEFENSIVE": 0.2878581173260573, "SHOT_TYPE_CORNER_3_OFFENSIVE": 0.09031413612565445, "SHOT_TYPE_CORNER_3_DEFENSIVE": 0.14597544338335608, "SHOT_TYPE_LONG_MID_RANGE_OFFENSIVE": 0.05235602094240838, "SHOT_TYPE_LONG_MID_RANGE_DEFENSIVE": 0.11732605729877217, "SHOT_TYPE_SHORT_MID_RANGE_OFFENSIVE": 0.19240837696335078, "SHOT_TYPE_SHORT_MID_RANGE_DEFENSIVE": 0.17462482946793997, "TURNOVER": 0.1417910447761194, "VIOLATION_DEFENSIVE_GOALTENDING": 0.0, "VIOLATION_DEFENSIVE_KICK_BALL": 0.0}