{"ASSIST": 0.2536873156342183, "BLOCK": 0.12698412698412698, "FG_ARC_3_ATTEMPT": 0.17263843648208468, "FG_ARC_3_BLOCK": 0.0, "FG_ARC_3_MADE": 0.6981132075471698, "FG_ARC_3_MADE_FOUL": 0.0, "FG_AT_RIM_ATTEMPT": 0.21483375959079284, "FG_AT_RIM_BLOCK": 0.02557544757033248, "FG_AT_RIM_MADE": 0.6547619047619048, "FG_AT_RIM_MADE_FOUL": 0.028132992327365727, "FG_CORNER_3_ATTEMPT": 0.25984251968503935, "FG_CORNER_3_BLOCK": 0.007874015748031496, "FG_CORNER_3_MADE": 0.36363636363636365, "FG_CORNER_3_MADE_FOUL": 0.0, "FG_LONG_MID_RANGE_ATTEMPT": 0.5368852459016393, "FG_LONG_MID_RANGE_BLOCK": 0.0, "FG_LONG_MID_RANGE_MADE": 0.37404580152671757, "FG_LONG_MID_RANGE_MADE_FOUL": 0.004098360655737705, "FG_SHORT_MID_RANGE_ATTEMPT": 0.43333333333333335, "FG_SHORT_MID_RANGE_BLOCK": 0.037037037037037035, "FG_SHORT_MID_RANGE_MADE": 0.5299145299145299, "FG_SHORT_MID_RANGE_MADE_FOUL": 0.014814814814814815, "FG_XY": {"ARC_3": {"-39|268": 0.018867924528301886, "-130|201": 0.018867924528301886, "-11|260": 0.018867924528301886, "-4|255": 0.018867924528301886, "21|256": 0.018867924528301886, "152|199": 0.018867924528301886, "-25|258": 0.018867924528301886, "-147|211": 0.018867924528301886, "-115|238": 0.018867924528301886, "-31|262": 0.018867924528301886, "67|234": 0.018867924528301886, "55|242": 0.018867924528301886, "-154|193": 0.018867924528301886, "-137|216": 0.018867924528301886, "-169|188": 0.018867924528301886, "217|105": 0.018867924528301886, "-183|193": 0.018867924528301886, "67|251": 0.018867924528301886, "-1|252": 0.018867924528301886, "21|252": 0.018867924528301886, "71|240": 0.018867924528301886, "-145|232": 0.018867924528301886, "-56|246": 0.018867924528301886, "-107|237": 0.018867924528301886, "-184|177": 0.018867924528301886, "221|131": 0.018867924528301886, "-190|169": 0.018867924528301886, "114|231": 0.018867924528301886, "-148|210": 0.018867924528301886, "185|183": 0.018867924528301886, "-157|199": 0.018867924528301886, "-134|224": 0.018867924528301886, "-205|180": 0.018867924528301886, "-142|209": 0.018867924528301886, "-77|241": 0.018867924528301886, "-6|268": 0.018867924528301886, "190|172": 0.018867924528301886, "-219|132": 0.018867924528301886, "10|270": 0.018867924528301886, "-98|230": 0.018867924528301886, "148|293": 0.018867924528301886, "181|210": 0.018867924528301886, "69|241": 0.018867924528301886, "28|247": 0.018867924528301886, "109|236": 0.018867924528301886, "200|152": 0.018867924528301886, "-219|134": 0.018867924528301886, "-66|438": 0.018867924528301886, "-102|232": 0.018867924528301886, "-1|243": 0.018867924528301886, "181|183": 0.018867924528301886, "175|192": 0.018867924528301886, "62|233": 0.018867924528301886}, "AT_RIM": {"1|12": 0.011904761904761904, "-23|10": 0.011904761904761904, "-33|-3": 0.011904761904761904, "21|5": 0.011904761904761904, "23|7": 0.011904761904761904, "-2|19": 0.011904761904761904, "-25|9": 0.011904761904761904, "15|24": 0.011904761904761904, "-20|4": 0.011904761904761904, "0|4": 0.011904761904761904, "0|0": 0.03571428571428571, "-2|-2": 0.011904761904761904, "-12|10": 0.011904761904761904, "4|-2": 0.011904761904761904, "-4|11": 0.011904761904761904, "5|5": 0.011904761904761904, "36|5": 0.011904761904761904, "-6|6": 0.011904761904761904, "-9|6": 0.011904761904761904, "16|-10": 0.011904761904761904, "-9|-1": 0.011904761904761904, "-7|5": 0.011904761904761904, "-23|6": 0.011904761904761904, "-6|1": 0.011904761904761904, "0|5": 0.011904761904761904, "7|8": 0.011904761904761904, "-13|0": 0.011904761904761904, "12|16": 0.011904761904761904, "30|15": 0.011904761904761904, "-11|-5": 0.011904761904761904, "16|14": 0.011904761904761904, "-4|-31": 0.011904761904761904, "-36|6": 0.011904761904761904, "2|8": 0.011904761904761904, "-1|5": 0.011904761904761904, "-12|-2": 0.011904761904761904, "-27|14": 0.011904761904761904, "-21|3": 0.023809523809523808, "-20|29": 0.023809523809523808, "1|11": 0.011904761904761904, "-23|-2": 0.011904761904761904, "-9|8": 0.011904761904761904, "-11|22": 0.011904761904761904, "6|5": 0.011904761904761904, "23|10": 0.011904761904761904, "-32|16": 0.011904761904761904, "-18|1": 0.011904761904761904, "-17|5": 0.011904761904761904, "18|10": 0.011904761904761904, "1|15": 0.011904761904761904, "-5|16": 0.011904761904761904, "0|10": 0.011904761904761904, "-9|37": 0.011904761904761904, "12|1": 0.011904761904761904, "26|20": 0.011904761904761904, "15|36": 0.011904761904761904, "-23|22": 0.011904761904761904, "-21|24": 0.011904761904761904, "-4|-1": 0.011904761904761904, "24|20": 0.011904761904761904, "12|4": 0.011904761904761904, "-9|12": 0.011904761904761904, "-10|11": 0.011904761904761904, "-27|9": 0.011904761904761904, "-27|26": 0.011904761904761904, "13|1": 0.011904761904761904, "-18|13": 0.011904761904761904, "-11|11": 0.011904761904761904, "7|12": 0.011904761904761904, "-22|21": 0.011904761904761904, "12|18": 0.011904761904761904, "13|10": 0.011904761904761904, "-18|9": 0.011904761904761904, "-36|8": 0.011904761904761904, "17|10": 0.011904761904761904, "-22|20": 0.011904761904761904, "8|8": 0.011904761904761904, "1|22": 0.011904761904761904, "10|38": 0.011904761904761904, "6|11": 0.011904761904761904}, "CORNER_3": {"225|21": 0.030303030303030304, "-229|-9": 0.030303030303030304, "227|31": 0.030303030303030304, "238|0": 0.030303030303030304, "-234|-6": 0.030303030303030304, "-235|-13": 0.030303030303030304, "233|-29": 0.030303030303030304, "232|-5": 0.030303030303030304, "-238|30": 0.030303030303030304, "224|21": 0.030303030303030304, "-233|21": 0.030303030303030304, "-233|15": 0.030303030303030304, "239|-8": 0.030303030303030304, "232|85": 0.030303030303030304, "224|-25": 0.030303030303030304, "228|1": 0.030303030303030304, "224|-1": 0.030303030303030304, "229|21": 0.030303030303030304, "-228|20": 0.030303030303030304, "-234|80": 0.030303030303030304, "-234|29": 0.030303030303030304, "228|49": 0.030303030303030304, "222|47": 0.030303030303030304, "225|11": 0.030303030303030304, "223|42": 0.030303030303030304, "-235|5": 0.030303030303030304, "-225|-6": 0.030303030303030304, "-229|17": 0.030303030303030304, "-234|10": 0.030303030303030304, "-237|34": 0.030303030303030304, "228|10": 0.030303030303030304, "232|27": 0.030303030303030304, "223|-26": 0.030303030303030304}, "LONG_MID_RANGE": {"87|131": 0.007633587786259542, "124|130": 0.007633587786259542, "-118|165": 0.007633587786259542, "-121|91": 0.007633587786259542, "1|207": 0.007633587786259542, "189|9": 0.007633587786259542, "65|127": 0.007633587786259542, "64|137": 0.007633587786259542, "-140|9": 0.007633587786259542, "126|100": 0.007633587786259542, "-89|146": 0.007633587786259542, "-91|214": 0.007633587786259542, "-153|12": 0.007633587786259542, "49|186": 0.007633587786259542, "-69|126": 0.007633587786259542, "-140|46": 0.007633587786259542, "50|147": 0.007633587786259542, "-5|153": 0.007633587786259542, "112|102": 0.007633587786259542, "4|151": 0.007633587786259542, "113|96": 0.007633587786259542, "27|162": 0.007633587786259542, "2|140": 0.007633587786259542, "-87|180": 0.007633587786259542, "125|116": 0.007633587786259542, "-9|152": 0.007633587786259542, "-83|191": 0.007633587786259542, "-71|205": 0.007633587786259542, "138|58": 0.007633587786259542, "26|168": 0.007633587786259542, "135|158": 0.007633587786259542, "-38|170": 0.007633587786259542, "107|136": 0.007633587786259542, "-89|158": 0.007633587786259542, "6|163": 0.007633587786259542, "-99|137": 0.007633587786259542, "109|167": 0.007633587786259542, "-6|179": 0.007633587786259542, "-65|128": 0.007633587786259542, "-146|79": 0.007633587786259542, "-32|151": 0.007633587786259542, "-6|168": 0.007633587786259542, "-49|135": 0.007633587786259542, "18|158": 0.007633587786259542, "-77|175": 0.007633587786259542, "-23|162": 0.007633587786259542, "67|216": 0.007633587786259542, "194|24": 0.007633587786259542, "119|113": 0.007633587786259542, "-130|57": 0.007633587786259542, "-5|141": 0.007633587786259542, "-114|109": 0.007633587786259542, "33|173": 0.007633587786259542,