{"ASSIST": 0.08695652173913043, "BLOCK": 0.5, "FG_ARC_3_ATTEMPT": 0.05982905982905983, "FG_ARC_3_BLOCK": 0.0, "FG_ARC_3_MADE": 0.8571428571428571, "FG_ARC_3_MADE_FOUL": 0.0, "FG_AT_RIM_ATTEMPT": 0.08823529411764706, "FG_AT_RIM_BLOCK": 0.0196078431372549, "FG_AT_RIM_MADE": 0.7777777777777778, "FG_AT_RIM_MADE_FOUL": 0.00980392156862745, "FG_CORNER_3_ATTEMPT": 0.075, "FG_CORNER_3_BLOCK": 0.0, "FG_CORNER_3_MADE": 0.3333333333333333, "FG_CORNER_3_MADE_FOUL": 0.0, "FG_LONG_MID_RANGE_ATTEMPT": 0.09523809523809523, "FG_LONG_MID_RANGE_BLOCK": 0.0, "FG_LONG_MID_RANGE_MADE": 0.25, "FG_LONG_MID_RANGE_MADE_FOUL": 0.0, "FG_SHORT_MID_RANGE_ATTEMPT": 0.11267605633802817, "FG_SHORT_MID_RANGE_BLOCK": 0.014084507042253521, "FG_SHORT_MID_RANGE_MADE": 0.125, "FG_SHORT_MID_RANGE_MADE_FOUL": 0.0, "FG_XY": {"ARC_3": {"-192|162": 0.14285714285714285, "81|233": 0.14285714285714285, "-190|165": 0.14285714285714285, "105|233": 0.14285714285714285, "-169|222": 0.14285714285714285, "130|219": 0.14285714285714285, "179|200": 0.14285714285714285}, "AT_RIM": {"0|0": 0.5555555555555556, "-4|1": 0.1111111111111111, "-11|22": 0.1111111111111111, "4|3": 0.1111111111111111, "-22|13": 0.1111111111111111}, "CORNER_3": {"229|19": 0.3333333333333333, "232|-12": 0.3333333333333333, "228|13": 0.3333333333333333}, "LONG_MID_RANGE": {"13|161": 0.25, "78|160": 0.25, "190|29": 0.25, "10|156": 0.25}, "SHORT_MID_RANGE": {"-11|55": 0.125, "5|45": 0.125, "34|125": 0.125, "76|87": 0.125, "-62|14": 0.125, "-83|-2": 0.125, "-108|2": 0.125, "-11|78": 0.125}}, "FOUL_AWAY_FROM_PLAY": 0.0, "FOULED_AWAY_FROM_PLAY": 0.0, "FOUL_CLEAR_PATH": 0.0, "FOULED_CLEAR_PATH": 0.0, "FOUL_COUNT_AS_PERSONAL": 0.38202247191011235, "FOULED_COUNT_AS_PERSONAL": 0.16923076923076924, "FOUL_COUNT_TOWARD_PENALTY": 0.3875, "FOULED_COUNT_TOWARD_PENALTY": 0.16393442622950818, "FOUL_DEFENSIVE_NON_SHOOTING": 0.30434782608695654, "FOULED_DEFENSIVE_NON_SHOOTING": 0.2, "FOUL_DOUBLE": 0.0, "FOUL_TECHNICAL_DOUBLE": 0.0, "FOUL_FLAGRANT": 0.0, "FOULED_FLAGRANT": 0.0, "FOUL_FLAGRANT_1": 0.0, "FOULED_FLAGRANT_1": 0.0, "FOUL_FLAGRANT_2": 0.0, "FOULED_FLAGRANT_2": 0.0, "FOUL_INBOUND": 0.0, "FOULED_INBOUND": 0.0, "FOUL_LOOSE_BALL": 0.0, "FOULED_LOOSE_BALL": 0.7142857142857143, "FOUL_OFFENSIVE_CHARGE": 0.0, "FOULED_OFFENSIVE_CHARGE": 0.5, "FOUL_OFFENSIVE_OTHER": 0.0, "FOULED_OFFENSIVE_OTHER": 0.0, "FOUL_OFFENSIVE_TOTAL": 0.3333333333333333, "FOULED_OFFENSIVE_TOTAL": 0.25, "FOUL_PERSONAL": 0.3125, "FOULED_PERSONAL": 0.09090909090909091, "FOUL_PERSONAL_BLOCK": 0.0, "FOULED_PERSONAL_BLOCK": 0.0, "FOUL_PERSONAL_TAKE": 0.0, "FOULED_PERSONAL_TAKE": 0.0, "FOUL_SHOOTING": 0.5, "FOULED_SHOOTING": 0.11538461538461539, "FOUL_SHOOTING_BLOCK": 0.0, "FOULED_SHOOTING_BLOCK": 0.0, "FOUL_TECHNICAL": 0.0, "FT": 0.875, "REBOUND_DEFENSIVE": 0.12345679012345678, "REBOUND_OFFENSIVE": 0.10047846889952153, "STEAL": 0.19047619047619047, "SHOT_TYPE_ARC_3_OFFENSIVE": 0.31451612903225806, "SHOT_TYPE_ARC_3_DEFENSIVE": 0.3248730964467005, "SHOT_TYPE_AT_RIM_OFFENSIVE": 0.27419354838709675, "SHOT_TYPE_AT_RIM_DEFENSIVE": 0.31725888324873097, "SHOT_TYPE_CORNER_3_OFFENSIVE": 0.10752688172043011, "SHOT_TYPE_CORNER_3_DEFENSIVE": 0.09644670050761421, "SHOT_TYPE_LONG_MID_RANGE_OFFENSIVE": 0.11290322580645161, "SHOT_TYPE_LONG_MID_RANGE_DEFENSIVE": 0.09644670050761421, "SHOT_TYPE_SHORT_MID_RANGE_OFFENSIVE": 0.19086021505376344, "SHOT_TYPE_SHORT_MID_RANGE_DEFENSIVE": 0.1649746192893401, "TURNOVER": 0.14754098360655737, "VIOLATION_DEFENSIVE_GOALTENDING": 0.0, "VIOLATION_DEFENSIVE_KICK_BALL": 0.0}