{"ASSIST": 0.43448275862068964, "BLOCK": 0.06382978723404255, "FG_ARC_3_ATTEMPT": 0.30513595166163143, "FG_ARC_3_BLOCK": 0.0, "FG_ARC_3_MADE": 0.4752475247524752, "FG_ARC_3_MADE_FOUL": 0.0, "FG_AT_RIM_ATTEMPT": 0.3514285714285714, "FG_AT_RIM_BLOCK": 0.02, "FG_AT_RIM_MADE": 0.7073170731707317, "FG_AT_RIM_MADE_FOUL": 0.022857142857142857, "FG_CORNER_3_ATTEMPT": 0.2727272727272727, "FG_CORNER_3_BLOCK": 0.00909090909090909, "FG_CORNER_3_MADE": 0.23333333333333334, "FG_CORNER_3_MADE_FOUL": 0.0, "FG_LONG_MID_RANGE_ATTEMPT": 0.45161290322580644, "FG_LONG_MID_RANGE_BLOCK": 0.03225806451612903, "FG_LONG_MID_RANGE_MADE": 0.3333333333333333, "FG_LONG_MID_RANGE_MADE_FOUL": 0.0, "FG_SHORT_MID_RANGE_ATTEMPT": 0.2727272727272727, "FG_SHORT_MID_RANGE_BLOCK": 0.0374331550802139, "FG_SHORT_MID_RANGE_MADE": 0.49019607843137253, "FG_SHORT_MID_RANGE_MADE_FOUL": 0.016042780748663103, "FG_XY": {"ARC_3": {"-159|195": 0.009900990099009901, "-67|263": 0.009900990099009901, "59|254": 0.009900990099009901, "-172|186": 0.009900990099009901, "-80|244": 0.009900990099009901, "-156|194": 0.009900990099009901, "71|250": 0.009900990099009901, "93|255": 0.009900990099009901, "-109|252": 0.009900990099009901, "-228|137": 0.009900990099009901, "121|243": 0.009900990099009901, "114|236": 0.009900990099009901, "-227|131": 0.009900990099009901, "217|102": 0.009900990099009901, "-44|248": 0.009900990099009901, "207|151": 0.009900990099009901, "-186|147": 0.009900990099009901, "-230|111": 0.009900990099009901, "-85|248": 0.009900990099009901, "-164|190": 0.009900990099009901, "-172|184": 0.009900990099009901, "148|204": 0.009900990099009901, "-156|209": 0.009900990099009901, "-148|199": 0.019801980198019802, "-199|153": 0.009900990099009901, "59|253": 0.009900990099009901, "-141|221": 0.009900990099009901, "-127|230": 0.009900990099009901, "-153|220": 0.009900990099009901, "-88|260": 0.009900990099009901, "99|252": 0.009900990099009901, "-186|180": 0.009900990099009901, "-135|237": 0.009900990099009901, "-213|160": 0.009900990099009901, "22|277": 0.009900990099009901, "18|281": 0.009900990099009901, "200|162": 0.009900990099009901, "-223|119": 0.009900990099009901, "-123|227": 0.009900990099009901, "-163|184": 0.009900990099009901, "-190|186": 0.009900990099009901, "-142|217": 0.009900990099009901, "-164|196": 0.009900990099009901, "-150|200": 0.009900990099009901, "134|217": 0.009900990099009901, "-175|191": 0.009900990099009901, "78|256": 0.009900990099009901, "-72|234": 0.009900990099009901, "-115|235": 0.009900990099009901, "-219|111": 0.009900990099009901, "-137|203": 0.009900990099009901, "103|232": 0.009900990099009901, "-105|241": 0.009900990099009901, "218|120": 0.009900990099009901, "115|232": 0.009900990099009901, "120|230": 0.019801980198019802, "223|122": 0.009900990099009901, "-119|227": 0.009900990099009901, "-219|142": 0.009900990099009901, "-119|236": 0.009900990099009901, "-118|233": 0.009900990099009901, "-219|103": 0.009900990099009901, "74|241": 0.009900990099009901, "-212|152": 0.009900990099009901, "-42|258": 0.009900990099009901, "124|224": 0.009900990099009901, "119|239": 0.009900990099009901, "-201|168": 0.009900990099009901, "141|234": 0.009900990099009901, "189|190": 0.009900990099009901, "211|127": 0.009900990099009901, "2|289": 0.009900990099009901, "33|284": 0.009900990099009901, "2|262": 0.009900990099009901, "75|259": 0.009900990099009901, "-205|120": 0.009900990099009901, "-207|168": 0.009900990099009901, "-196|265": 0.009900990099009901, "-206|183": 0.009900990099009901, "-172|526": 0.009900990099009901, "-224|146": 0.009900990099009901, "222|138": 0.009900990099009901, "-100|234": 0.009900990099009901, "199|167": 0.009900990099009901, "-218|96": 0.009900990099009901, "74|242": 0.009900990099009901, "211|151": 0.009900990099009901, "-72|231": 0.009900990099009901, "129|216": 0.009900990099009901, "-214|162": 0.009900990099009901, "-131|225": 0.009900990099009901, "157|200": 0.009900990099009901, "191|263": 0.009900990099009901, "81|242": 0.009900990099009901, "-100|242": 0.009900990099009901, "37|255": 0.009900990099009901, "-208|174": 0.009900990099009901, "116|242": 0.009900990099009901, "123|233": 0.009900990099009901}, "AT_RIM": {"23|0": 0.008130081300813009, "-10|13": 0.008130081300813009, "6|-1": 0.008130081300813009, "11|4": 0.008130081300813009, "1|0": 0.008130081300813009, "-2|8": 0.008130081300813009, "17|25": 0.008130081300813009, "1|6": 0.008130081300813009, "0|5": 0.016260162601626018, "-1|10": 0.008130081300813009, "7|13": 0.008130081300813009, "9|-2": 0.008130081300813009, "2|6": 0.008130081300813009, "-10|-5": 0.008130081300813009, "-12|0": 0.008130081300813009, "6|14": 0.008130081300813009, "6|3": 0.008130081300813009, "-1|0": 0.016260162601626018, "-5|-7": 0.008130081300813009, "-7|8": 0.008130081300813009, "6|25": 0.008130081300813009, "20|8": 0.008130081300813009, "-27|19": 0.008130081300813009, "5|6": 0.008130081300813009, "-20|11": 0.008130081300813009, "22|12": 0.008130081300813009, "-32|-3": 0.008130081300813009, "21|17": 0.008130081300813009, "-21|1": 0.008130081300813009, "28|22": 0.008130081300813009, "-1|20": 0.008130081300813009, "7|22": 0.008130081300813009, "5|18": 0.008130081300813009, "1|9": 0.008130081300813009, "-17|21": 0.008130081300813009, "-4|29": 0.008130081300813009, "-6|31": 0.008130081300813009, "-6|26": 0.008130081300813009, "11|5": 0.008130081300813009, "9|4": 0.008130081300813009, "-4|19": 0.008130081300813009, "21|3": 0.008130081300813009, "5|37": 0.008130081300813009, "37|12": 0.008130081300813009, "-9|8": 0.008130081300813009, "23|15": 0.008130081300813009, "5|15": 0.008130081300813009, "9|20": 0.008130081300813009, "-5|-8": 0.016260162601626018, "-20|1": 0.008130081300813009, "-4|-8": 0.008130081300813009, "2|38": 0.008130081300813009, "-23|17": 0.008130081300813009, "17|34": 0.008130081300813009, "13|-4": 0.008130081300813009, "-7|11": 0.008130081300813009, "4|-4": 0.008130081300813009, "21|6": 0.008130081300813009, "-2|5": 0.008130081300813009, "-7|0": 0.008130081300813009, "0|4": 0.024390243902439025, "2|4": 0.016260162601626018, "18|21": 0.008130081300813009, "-6|15": 0.008130081300813009, "-1|6": 0.016260162601626018, "0|25": 0.008130081300813009, "0|15": 0.016260162601626018, "-2|13": 0.008130081300813009, "4|10": 0.008130081300813009, "15|20": 0.008130081300813009, "5|8": 0.016260162601626018, "0|0": 0.008130081300813009, "-1|11": 0.008130081300813009, "-1|8": 0.008130081300813009, "6|17": 0.008130081300813009, "4|13": 0.008130081300813009, "-6|13": 0.008130081300813009, "2|-5": 0.008130081300813009, "-25|24": 0.008130081300813009, "2|-1": 0.008130081300813009, "6|22": 0.008130081300813009, "-1|17": 0.008130081300813009, "-4|6": 0.008130081300813009, "-7|5": 0.008130081300813009, "2|16": 0.008130081300813009, "17|10": 0.008130081300813009, "9|7": 0.008130081300813009, "-12|10": 0.008130081300813009, "6|20": 0.008130081300813009, "1|17": 0.008130081300813009, "1|18": 0.016260162601626018, "2|11": 0.008130081300813009, "-22|18": 0.008130081300813009, "-11|5": 0.008130081300813009, "-16|6": 0.008130081300813009, "-26|28": 0.008130081300813009, "12|13": 0.008130081300813009, "4|2": 0.008130081300813009, "4|17": 0.008130081300813009, "1|13": 0.008130081300813009, "-7|-4": 0.008130081300813009, "6|-3": 0.008130081300813009, "-6|1": 0.008130081300813009, "1|3": 0.016260162601626018, "2|9": 0.008130081300813009, "-26|17": 0.008130081300813009, "9|12": 0.008130081300813009, "20|5": 0.008130081300813009, "2|1": 0.008130081300813009, "-2|16": 0.008130081300813009, "-1|12": 0.008130081300813009, "2|5": 0.008130081300813009}, "CORNER_3": {"-229|-5": 0.03333333333333333, "-227|-13": 0.03333333333333333, "-232|15": 0.03333333333333333, "241|32": 0.03333333333333333, "230|4": 0.03333333333333333, "-232|7": 0.03333333333333333, "-232|48": 0.03333333333333333, "-235|19": 0.03333333333333333, "-223|29": 0.03333333333333333, "-235|45": 0.03333333333333333, "-230|20": 0.03333333333333333, "230|3": 0.03333333333333333,