{"ASSIST": 0.4166666666666667, "BLOCK": 0.0, "FG_ARC_3_ATTEMPT": 0.42105263157894735, "FG_ARC_3_BLOCK": 0.0, "FG_ARC_3_MADE": 0.5, "FG_ARC_3_MADE_FOUL": 0.0, "FG_AT_RIM_ATTEMPT": 0.42857142857142855, "FG_AT_RIM_BLOCK": 0.10714285714285714, "FG_AT_RIM_MADE": 0.5, "FG_AT_RIM_MADE_FOUL": 0.0, "FG_CORNER_3_ATTEMPT": 0.3333333333333333, "FG_CORNER_3_BLOCK": 0.0, "FG_CORNER_3_MADE": 0.3333333333333333, "FG_CORNER_3_MADE_FOUL": 0.0, "FG_LONG_MID_RANGE_ATTEMPT": 0.4444444444444444, "FG_LONG_MID_RANGE_BLOCK": 0.0, "FG_LONG_MID_RANGE_MADE": 0.25, "FG_LONG_MID_RANGE_MADE_FOUL": 0.0, "FG_SHORT_MID_RANGE_ATTEMPT": 0.3333333333333333, "FG_SHORT_MID_RANGE_BLOCK": 0.0, "FG_SHORT_MID_RANGE_MADE": 0.5, "FG_SHORT_MID_RANGE_MADE_FOUL": 0.0, "FG_XY": {"ARC_3": {"-109|260": 0.125, "48|257": 0.125, "135|228": 0.125, "190|185": 0.125, "-89|247": 0.125, "179|211": 0.125, "-113|242": 0.125, "48|260": 0.125}, "AT_RIM": {"-12|15": 0.08333333333333333, "-13|12": 0.08333333333333333, "-15|22": 0.08333333333333333, "18|16": 0.08333333333333333, "-7|29": 0.08333333333333333, "-9|18": 0.08333333333333333, "-1|10": 0.08333333333333333, "-4|12": 0.08333333333333333, "-1|22": 0.08333333333333333, "-9|27": 0.08333333333333333, "7|21": 0.08333333333333333, "-4|9": 0.08333333333333333}, "CORNER_3": {"228|37": 0.3333333333333333, "-238|11": 0.3333333333333333, "-230|6": 0.3333333333333333}, "LONG_MID_RANGE": {"-26|196": 0.25, "66|130": 0.25, "-98|108": 0.25, "-97|131": 0.25}, "SHORT_MID_RANGE": {"-28|62": 0.5, "4|41": 0.5}}, "FOUL_AWAY_FROM_PLAY": 0.0, "FOULED_AWAY_FROM_PLAY": 0.0, "FOUL_CLEAR_PATH": 0.0, "FOULED_CLEAR_PATH": 0.0, "FOUL_COUNT_AS_PERSONAL": 0.07142857142857142, "FOULED_COUNT_AS_PERSONAL": 0.3684210526315789, "FOUL_COUNT_TOWARD_PENALTY": 0.08333333333333333, "FOULED_COUNT_TOWARD_PENALTY": 0.3888888888888889, "FOUL_DEFENSIVE_NON_SHOOTING": 0.125, "FOULED_DEFENSIVE_NON_SHOOTING": 0.45454545454545453, "FOUL_DOUBLE": 0.0, "FOUL_TECHNICAL_DOUBLE": 0.0, "FOUL_FLAGRANT": 0.0, "FOULED_FLAGRANT": 0.0, "FOUL_FLAGRANT_1": 0.0, "FOULED_FLAGRANT_1": 0.0, "FOUL_FLAGRANT_2": 0.0, "FOULED_FLAGRANT_2": 0.0, "FOUL_INBOUND": 0.0, "FOULED_INBOUND": 0.0, "FOUL_LOOSE_BALL": 0.0, "FOULED_LOOSE_BALL": 0.0, "FOUL_OFFENSIVE_CHARGE": 0.0, "FOULED_OFFENSIVE_CHARGE": 0.0, "FOUL_OFFENSIVE_OTHER": 0.0, "FOULED_OFFENSIVE_OTHER": 0.0, "FOUL_OFFENSIVE_TOTAL": 0.0, "FOULED_OFFENSIVE_TOTAL": 0.0, "FOUL_PERSONAL": 0.16666666666666666, "FOULED_PERSONAL": 0.5, "FOUL_PERSONAL_BLOCK": 0.0, "FOULED_PERSONAL_BLOCK": 0.0, "FOUL_PERSONAL_TAKE": 0.0, "FOULED_PERSONAL_TAKE": 0.42857142857142855, "FOUL_SHOOTING": 0.0, "FOULED_SHOOTING": 0.2857142857142857, "FOUL_SHOOTING_BLOCK": 0.0, "FOULED_SHOOTING_BLOCK": 0.0, "FOUL_TECHNICAL": 0.0, "FT": 1.0, "REBOUND_DEFENSIVE": 0.225, "REBOUND_OFFENSIVE": 0.02564102564102564, "STEAL": 0.6, "SHOT_TYPE_ARC_3_OFFENSIVE": 0.2676056338028169, "SHOT_TYPE_ARC_3_DEFENSIVE": 0.32, "SHOT_TYPE_AT_RIM_OFFENSIVE": 0.39436619718309857, "SHOT_TYPE_AT_RIM_DEFENSIVE": 0.24, "SHOT_TYPE_CORNER_3_OFFENSIVE": 0.1267605633802817, "SHOT_TYPE_CORNER_3_DEFENSIVE": 0.12, "SHOT_TYPE_LONG_MID_RANGE_OFFENSIVE": 0.1267605633802817, "SHOT_TYPE_LONG_MID_RANGE_DEFENSIVE": 0.16, "SHOT_TYPE_SHORT_MID_RANGE_OFFENSIVE": 0.08450704225352113, "SHOT_TYPE_SHORT_MID_RANGE_DEFENSIVE": 0.16, "TURNOVER": 0.3076923076923077, "VIOLATION_DEFENSIVE_GOALTENDING": 0.0, "VIOLATION_DEFENSIVE_KICK_BALL": 0.0}