{"ASSIST": 0.13068181818181818, "BLOCK": 0.3793103448275862, "FG_ARC_3_ATTEMPT": 0.12886597938144329, "FG_ARC_3_BLOCK": 0.0, "FG_ARC_3_MADE": 0.24, "FG_ARC_3_MADE_FOUL": 0.0, "FG_AT_RIM_ATTEMPT": 0.11235955056179775, "FG_AT_RIM_BLOCK": 0.016853932584269662, "FG_AT_RIM_MADE": 0.55, "FG_AT_RIM_MADE_FOUL": 0.0, "FG_CORNER_3_ATTEMPT": 0.2753623188405797, "FG_CORNER_3_BLOCK": 0.028985507246376812, "FG_CORNER_3_MADE": 0.15789473684210525, "FG_CORNER_3_MADE_FOUL": 0.0, "FG_LONG_MID_RANGE_ATTEMPT": 0.07575757575757576, "FG_LONG_MID_RANGE_BLOCK": 0.0, "FG_LONG_MID_RANGE_MADE": 0.0, "FG_LONG_MID_RANGE_MADE_FOUL": 0.0, "FG_SHORT_MID_RANGE_ATTEMPT": 0.12578616352201258, "FG_SHORT_MID_RANGE_BLOCK": 0.0, "FG_SHORT_MID_RANGE_MADE": 0.55, "FG_SHORT_MID_RANGE_MADE_FOUL": 0.006289308176100629, "FG_XY": {"ARC_3": {"-185|223": 0.04, "-219|124": 0.04, "178|185": 0.04, "-127|238": 0.04, "-43|255": 0.04, "136|234": 0.04, "142|219": 0.04, "-206|140": 0.04, "-32|256": 0.04, "96|246": 0.04, "-214|165": 0.04, "-151|224": 0.04, "-54|253": 0.04, "217|138": 0.04, "194|165": 0.04, "134|219": 0.04, "-151|225": 0.04, "-150|225": 0.04, "-151|223": 0.04, "232|95": 0.04, "127|226": 0.04, "197|224": 0.04, "-169|178": 0.04, "-80|262": 0.04, "-156|209": 0.04}, "AT_RIM": {"1|0": 0.05, "-10|5": 0.05, "-25|-1": 0.05, "-23|6": 0.05, "23|15": 0.05, "18|20": 0.05, "0|15": 0.05, "-29|18": 0.05, "2|2": 0.05, "2|6": 0.05, "-26|15": 0.05, "-2|20": 0.05, "13|4": 0.05, "-16|10": 0.05, "10|24": 0.05, "17|21": 0.05, "-16|5": 0.05, "15|11": 0.05, "-16|0": 0.05, "18|18": 0.05}, "CORNER_3": {"-224|-15": 0.05263157894736842, "-225|66": 0.05263157894736842, "-224|42": 0.05263157894736842, "-225|37": 0.05263157894736842, "230|87": 0.05263157894736842, "-233|17": 0.05263157894736842, "234|31": 0.05263157894736842, "225|27": 0.05263157894736842, "-222|20": 0.05263157894736842, "230|-16": 0.05263157894736842, "228|54": 0.05263157894736842, "-234|-27": 0.05263157894736842, "-234|5": 0.05263157894736842, "230|-4": 0.05263157894736842, "223|-13": 0.05263157894736842, "-229|20": 0.05263157894736842, "-229|50": 0.05263157894736842, "-229|34": 0.05263157894736842, "-233|-11": 0.05263157894736842}, "LONG_MID_RANGE": {"24|146": 0.2, "-175|51": 0.2, "162|36": 0.2, "176|1": 0.2, "97|140": 0.2}, "SHORT_MID_RANGE": {"114|32": 0.05, "27|32": 0.05, "13|111": 0.05, "36|42": 0.05, "36|43": 0.05, "31|27": 0.05, "-11|127": 0.05, "-1|71": 0.05, "-71|95": 0.05, "-77|113": 0.05, "-31|52": 0.05, "-28|29": 0.05, "-56|95": 0.05, "-21|36": 0.05, "15|83": 0.05, "9|105": 0.05, "11|101": 0.05, "-2|74": 0.05, "47|99": 0.05, "-71|37": 0.05}}, "FOUL_AWAY_FROM_PLAY": 0.0, "FOULED_AWAY_FROM_PLAY": 0.0, "FOUL_CLEAR_PATH": 0.0, "FOULED_CLEAR_PATH": 0.0, "FOUL_COUNT_AS_PERSONAL": 0.2077922077922078, "FOULED_COUNT_AS_PERSONAL": 0.15384615384615385, "FOUL_COUNT_TOWARD_PENALTY": 0.2158273381294964, "FOULED_COUNT_TOWARD_PENALTY": 0.14728682170542637, "FOUL_DEFENSIVE_NON_SHOOTING": 0.23943661971830985, "FOULED_DEFENSIVE_NON_SHOOTING": 0.13580246913580246, "FOUL_DOUBLE": 0.0, "FOUL_TECHNICAL_DOUBLE": 0.0, "FOUL_FLAGRANT": 0.0, "FOULED_FLAGRANT": 0.0, "FOUL_FLAGRANT_1": 0.0, "FOULED_FLAGRANT_1": 0.0, "FOUL_FLAGRANT_2": 0.0, "FOULED_FLAGRANT_2": 0.0, "FOUL_INBOUND": 0.0, "FOULED_INBOUND": 0.0, "FOUL_LOOSE_BALL": 0.0, "FOULED_LOOSE_BALL": 0.2857142857142857, "FOUL_OFFENSIVE_CHARGE": 0.0, "FOULED_OFFENSIVE_CHARGE": 0.0, "FOUL_OFFENSIVE_OTHER": 0.0, "FOULED_OFFENSIVE_OTHER": 0.0, "FOUL_OFFENSIVE_TOTAL": 0.13333333333333333, "FOULED_OFFENSIVE_TOTAL": 0.21428571428571427, "FOUL_PERSONAL": 0.3018867924528302, "FOULED_PERSONAL": 0.08064516129032258, "FOUL_PERSONAL_BLOCK": 0.0, "FOULED_PERSONAL_BLOCK": 0.0, "FOUL_PERSONAL_TAKE": 0.125, "FOULED_PERSONAL_TAKE": 0.3333333333333333, "FOUL_SHOOTING": 0.19117647058823528, "FOULED_SHOOTING": 0.16666666666666666, "FOUL_SHOOTING_BLOCK": 0.0, "FOULED_SHOOTING_BLOCK": 0.0, "FOUL_TECHNICAL": 0.0, "FT": 0.7727272727272727, "REBOUND_DEFENSIVE": 0.10826210826210826, "REBOUND_OFFENSIVE": 0.03258145363408521, "STEAL": 0.3333333333333333, "SHOT_TYPE_ARC_3_OFFENSIVE": 0.2912912912912913, "SHOT_TYPE_ARC_3_DEFENSIVE": 0.32540861812778604, "SHOT_TYPE_AT_RIM_OFFENSIVE": 0.2672672672672673, "SHOT_TYPE_AT_RIM_DEFENSIVE": 0.2526002971768202, "SHOT_TYPE_CORNER_3_OFFENSIVE": 0.1036036036036036, "SHOT_TYPE_CORNER_3_DEFENSIVE": 0.09658246656760773, "SHOT_TYPE_LONG_MID_RANGE_OFFENSIVE": 0.0990990990990991, "SHOT_TYPE_LONG_MID_RANGE_DEFENSIVE": 0.11144130757800892, "SHOT_TYPE_SHORT_MID_RANGE_OFFENSIVE": 0.23873873873873874, "SHOT_TYPE_SHORT_MID_RANGE_DEFENSIVE": 0.2139673105497771, "TURNOVER": 0.13768115942028986, "VIOLATION_DEFENSIVE_GOALTENDING": 0.0, "VIOLATION_DEFENSIVE_KICK_BALL": 0.2}