{"ASSIST": 0.0594059405940594, "BLOCK": 0.10526315789473684, "FG_ARC_3_ATTEMPT": 0.02666666666666667, "FG_ARC_3_BLOCK": 0.0, "FG_ARC_3_MADE": 0.75, "FG_ARC_3_MADE_FOUL": 0.0, "FG_AT_RIM_ATTEMPT": 0.11940298507462686, "FG_AT_RIM_BLOCK": 0.022388059701492536, "FG_AT_RIM_MADE": 0.1875, "FG_AT_RIM_MADE_FOUL": 0.0, "FG_CORNER_3_ATTEMPT": 0.1282051282051282, "FG_CORNER_3_BLOCK": 0.0, "FG_CORNER_3_MADE": 0.0, "FG_CORNER_3_MADE_FOUL": 0.0, "FG_LONG_MID_RANGE_ATTEMPT": 0.3541666666666667, "FG_LONG_MID_RANGE_BLOCK": 0.0, "FG_LONG_MID_RANGE_MADE": 0.23529411764705882, "FG_LONG_MID_RANGE_MADE_FOUL": 0.0, "FG_SHORT_MID_RANGE_ATTEMPT": 0.11016949152542373, "FG_SHORT_MID_RANGE_BLOCK": 0.025423728813559324, "FG_SHORT_MID_RANGE_MADE": 0.15384615384615385, "FG_SHORT_MID_RANGE_MADE_FOUL": 0.0, "FG_XY": {"ARC_3": {"112|251": 0.25, "-213|119": 0.25, "-138|219": 0.25, "212|132": 0.25}, "AT_RIM": {"-21|-5": 0.0625, "20|10": 0.0625, "0|0": 0.25, "-25|17": 0.0625, "-7|29": 0.0625, "-5|8": 0.0625, "-6|-2": 0.0625, "-6|1": 0.0625, "11|34": 0.0625, "22|28": 0.0625, "-17|6": 0.0625, "1|10": 0.0625, "1|26": 0.0625}, "CORNER_3": {"223|15": 0.2, "232|-13": 0.2, "-230|22": 0.2, "228|17": 0.2, "235|14": 0.2}, "LONG_MID_RANGE": {"-72|157": 0.058823529411764705, "-83|133": 0.058823529411764705, "5|182": 0.058823529411764705, "164|-15": 0.058823529411764705, "143|0": 0.058823529411764705, "31|146": 0.058823529411764705, "-167|-17": 0.058823529411764705, "-152|136": 0.058823529411764705, "43|169": 0.058823529411764705, "-148|113": 0.058823529411764705, "33|186": 0.058823529411764705, "29|167": 0.058823529411764705, "-176|-15": 0.058823529411764705, "94|158": 0.058823529411764705, "191|26": 0.058823529411764705, "-54|165": 0.058823529411764705, "4|206": 0.058823529411764705}, "SHORT_MID_RANGE": {"-32|115": 0.07692307692307693, "96|58": 0.07692307692307693, "77|17": 0.07692307692307693, "-42|46": 0.07692307692307693, "6|64": 0.07692307692307693, "25|46": 0.07692307692307693, "-113|56": 0.07692307692307693, "-12|53": 0.07692307692307693, "-5|80": 0.07692307692307693, "-118|10": 0.07692307692307693, "47|11": 0.07692307692307693, "47|104": 0.07692307692307693, "47|66": 0.07692307692307693}}, "FOUL_AWAY_FROM_PLAY": 0.0, "FOULED_AWAY_FROM_PLAY": 0.0, "FOUL_CLEAR_PATH": 0.0, "FOULED_CLEAR_PATH": 0.0, "FOUL_COUNT_AS_PERSONAL": 0.23529411764705882, "FOULED_COUNT_AS_PERSONAL": 0.17391304347826086, "FOUL_COUNT_TOWARD_PENALTY": 0.2631578947368421, "FOULED_COUNT_TOWARD_PENALTY": 0.16666666666666666, "FOUL_DEFENSIVE_NON_SHOOTING": 0.175, "FOULED_DEFENSIVE_NON_SHOOTING": 0.1794871794871795, "FOUL_DOUBLE": 0.0, "FOUL_TECHNICAL_DOUBLE": 0.0, "FOUL_FLAGRANT": 0.0, "FOULED_FLAGRANT": 0.0, "FOUL_FLAGRANT_1": 0.0, "FOULED_FLAGRANT_1": 0.0, "FOUL_FLAGRANT_2": 0.0, "FOULED_FLAGRANT_2": 0.0, "FOUL_INBOUND": 0.0, "FOULED_INBOUND": 0.0, "FOUL_LOOSE_BALL": 0.0, "FOULED_LOOSE_BALL": 0.6666666666666666, "FOUL_OFFENSIVE_CHARGE": 0.0, "FOULED_OFFENSIVE_CHARGE": 0.0, "FOUL_OFFENSIVE_OTHER": 0.0, "FOULED_OFFENSIVE_OTHER": 0.0, "FOUL_OFFENSIVE_TOTAL": 0.0, "FOULED_OFFENSIVE_TOTAL": 0.25, "FOUL_PERSONAL": 0.20833333333333334, "FOULED_PERSONAL": 0.19230769230769232, "FOUL_PERSONAL_BLOCK": 0.0, "FOULED_PERSONAL_BLOCK": 0.0, "FOUL_PERSONAL_TAKE": 0.2222222222222222, "FOULED_PERSONAL_TAKE": 0.0, "FOUL_SHOOTING": 0.3611111111111111, "FOULED_SHOOTING": 0.1590909090909091, "FOUL_SHOOTING_BLOCK": 0.0, "FOULED_SHOOTING_BLOCK": 0.0, "FOUL_TECHNICAL": 0.0, "FT": 0.5714285714285714, "REBOUND_DEFENSIVE": 0.19444444444444445, "REBOUND_OFFENSIVE": 0.07973421926910298, "STEAL": 0.19047619047619047, "SHOT_TYPE_ARC_3_OFFENSIVE": 0.3067484662576687, "SHOT_TYPE_ARC_3_DEFENSIVE": 0.33267716535433073, "SHOT_TYPE_AT_RIM_OFFENSIVE": 0.2740286298568507, "SHOT_TYPE_AT_RIM_DEFENSIVE": 0.2125984251968504, "SHOT_TYPE_CORNER_3_OFFENSIVE": 0.07975460122699386, "SHOT_TYPE_CORNER_3_DEFENSIVE": 0.12598425196850394, "SHOT_TYPE_LONG_MID_RANGE_OFFENSIVE": 0.09815950920245399, "SHOT_TYPE_LONG_MID_RANGE_DEFENSIVE": 0.1377952755905512, "SHOT_TYPE_SHORT_MID_RANGE_OFFENSIVE": 0.24130879345603273, "SHOT_TYPE_SHORT_MID_RANGE_DEFENSIVE": 0.19094488188976377, "TURNOVER": 0.06756756756756757, "VIOLATION_DEFENSIVE_GOALTENDING": 0.0, "VIOLATION_DEFENSIVE_KICK_BALL": 0.6666666666666666}