{"ASSIST": 0.2574626865671642, "BLOCK": 0.23404255319148937, "FG_ARC_3_ATTEMPT": 0.20195439739413681, "FG_ARC_3_BLOCK": 0.0, "FG_ARC_3_MADE": 0.3548387096774194, "FG_ARC_3_MADE_FOUL": 0.0, "FG_AT_RIM_ATTEMPT": 0.24262295081967214, "FG_AT_RIM_BLOCK": 0.01639344262295082, "FG_AT_RIM_MADE": 0.6216216216216216, "FG_AT_RIM_MADE_FOUL": 0.013114754098360656, "FG_CORNER_3_ATTEMPT": 0.16521739130434782, "FG_CORNER_3_BLOCK": 0.0, "FG_CORNER_3_MADE": 0.5789473684210527, "FG_CORNER_3_MADE_FOUL": 0.0, "FG_LONG_MID_RANGE_ATTEMPT": 0.136, "FG_LONG_MID_RANGE_BLOCK": 0.0, "FG_LONG_MID_RANGE_MADE": 0.47058823529411764, "FG_LONG_MID_RANGE_MADE_FOUL": 0.0, "FG_SHORT_MID_RANGE_ATTEMPT": 0.2154696132596685, "FG_SHORT_MID_RANGE_BLOCK": 0.016574585635359115, "FG_SHORT_MID_RANGE_MADE": 0.46153846153846156, "FG_SHORT_MID_RANGE_MADE_FOUL": 0.011049723756906077, "FG_XY": {"ARC_3": {"125|230": 0.016129032258064516, "-180|187": 0.016129032258064516, "120|224": 0.016129032258064516, "117|228": 0.016129032258064516, "36|262": 0.016129032258064516, "45|255": 0.016129032258064516, "-153|211": 0.016129032258064516, "-123|253": 0.016129032258064516, "148|225": 0.016129032258064516, "-164|215": 0.016129032258064516, "-151|231": 0.016129032258064516, "91|246": 0.016129032258064516, "195|174": 0.016129032258064516, "208|156": 0.016129032258064516, "-154|198": 0.016129032258064516, "157|235": 0.016129032258064516, "-36|275": 0.016129032258064516, "-60|268": 0.016129032258064516, "-43|261": 0.016129032258064516, "118|232": 0.016129032258064516, "-195|181": 0.016129032258064516, "113|248": 0.016129032258064516, "116|233": 0.016129032258064516, "-174|205": 0.016129032258064516, "-191|142": 0.016129032258064516, "-227|111": 0.016129032258064516, "-93|242": 0.016129032258064516, "-142|208": 0.016129032258064516, "-131|228": 0.016129032258064516, "164|214": 0.016129032258064516, "140|221": 0.016129032258064516, "-195|159": 0.016129032258064516, "43|245": 0.016129032258064516, "159|190": 0.016129032258064516, "142|232": 0.016129032258064516, "163|204": 0.016129032258064516, "183|205": 0.016129032258064516, "-135|216": 0.016129032258064516, "66|242": 0.016129032258064516, "-115|239": 0.016129032258064516, "-137|225": 0.016129032258064516, "109|247": 0.016129032258064516, "-184|192": 0.016129032258064516, "-189|179": 0.016129032258064516, "-94|244": 0.016129032258064516, "91|244": 0.016129032258064516, "-156|225": 0.016129032258064516, "-181|193": 0.016129032258064516, "186|183": 0.016129032258064516, "66|264": 0.016129032258064516, "-54|243": 0.016129032258064516, "186|189": 0.016129032258064516, "-143|221": 0.016129032258064516, "115|233": 0.016129032258064516, "118|220": 0.016129032258064516, "-164|194": 0.016129032258064516, "-25|270": 0.016129032258064516, "158|199": 0.016129032258064516, "-115|236": 0.016129032258064516, "194|182": 0.016129032258064516, "-27|248": 0.016129032258064516, "161|198": 0.016129032258064516}, "AT_RIM": {"-12|17": 0.013513513513513514, "-17|31": 0.013513513513513514, "-2|17": 0.013513513513513514, "22|20": 0.013513513513513514, "-5|0": 0.013513513513513514, "13|5": 0.013513513513513514, "-2|1": 0.013513513513513514, "-13|7": 0.013513513513513514, "-5|21": 0.013513513513513514, "-7|10": 0.013513513513513514, "-2|4": 0.013513513513513514, "-5|11": 0.02702702702702703, "16|9": 0.013513513513513514, "0|22": 0.013513513513513514, "10|38": 0.013513513513513514, "2|20": 0.013513513513513514, "-5|16": 0.02702702702702703, "1|11": 0.013513513513513514, "22|15": 0.013513513513513514, "5|0": 0.013513513513513514, "4|35": 0.013513513513513514, "-16|13": 0.02702702702702703, "21|16": 0.013513513513513514, "-18|5": 0.013513513513513514, "26|10": 0.013513513513513514, "6|23": 0.013513513513513514, "-27|20": 0.013513513513513514, "-18|25": 0.013513513513513514, "-5|20": 0.013513513513513514, "4|22": 0.013513513513513514, "16|18": 0.013513513513513514, "0|0": 0.02702702702702703, "5|33": 0.013513513513513514, "1|17": 0.02702702702702703, "7|15": 0.013513513513513514, "5|7": 0.013513513513513514, "-12|13": 0.013513513513513514, "20|10": 0.013513513513513514, "18|32": 0.013513513513513514, "-11|11": 0.013513513513513514, "-21|16": 0.013513513513513514, "7|32": 0.013513513513513514, "-1|14": 0.013513513513513514, "-11|22": 0.013513513513513514, "-7|6": 0.013513513513513514, "-5|9": 0.013513513513513514, "16|13": 0.013513513513513514, "-10|5": 0.013513513513513514, "-12|-1": 0.013513513513513514, "-1|10": 0.013513513513513514, "25|13": 0.013513513513513514, "2|5": 0.013513513513513514, "27|7": 0.013513513513513514, "-17|12": 0.013513513513513514, "-27|23": 0.013513513513513514, "-20|-2": 0.013513513513513514, "-20|10": 0.013513513513513514, "-2|15": 0.013513513513513514, "-6|9": 0.013513513513513514, "2|26": 0.013513513513513514, "18|20": 0.013513513513513514, "5|10": 0.013513513513513514, "22|-1": 0.013513513513513514, "17|5": 0.013513513513513514, "22|8": 0.013513513513513514, "-12|1": 0.013513513513513514, "-5|19": 0.013513513513513514, "-31|11": 0.013513513513513514, "0|30": 0.013513513513513514}, "CORNER_3": {"232|22": 0.05263157894736842, "234|-18": 0.05263157894736842, "-225|13": 0.05263157894736842, "-235|61": 0.05263157894736842, "-230|20": 0.05263157894736842, "229|19": 0.05263157894736842, "227|21": 0.05263157894736842, "221|18": 0.05263157894736842, "233|52": 0.05263157894736842, "-234|-8": 0.05263157894736842, "224|-1": 0.05263157894736842, "235|9": 0.05263157894736842, "230|14": 0.05263157894736842, "233|27": 0.05263157894736842, "-235|64": 0.05263157894736842, "-224|10": 0.05263157894736842, "228|23": 0.05263157894736842, "223|48": 0.05263157894736842, "-224|75": 0.05263157894736842}, "LONG_MID_RANGE": {"-87|164": 0.058823529411764705, "80|189": 0.058823529411764705, "-98|134": 0.058823529411764705, "-170|117": 0.058823529411764705, "-130|150": 0.058823529411764705, "130|165": 0.058823529411764705, "127|139": 0.058823529411764705, "-40|192": 0.058823529411764705, "7|199": 0.058823529411764705, "-112|115": 0.058823529411764705, "39|167": 0.058823529411764705, "96|176": 0.058823529411764705, "50|181": 0.058823529411764705, "126|140": 0.058823529411764705, "-119|109": 0.058823529411764705, "54|165": 0.058823529411764705, "114|148": 0.058823529411764705}, "SHORT_MID_RANGE": {"121|57": 0.02564102564102564, "26|44": 0.02564102564102564, "63|35": 0.02564102564102564, "-29|43": 0.02564102564102564, "31|105": 0.02564102564102564, "94|79": 0.02564102564102564, "31|29": 0.02564102564102564, "-34|134": 0.02564102564102564, "60|72": 0.02564102564102564, "23|84": 0.02564102564102564, "-81|82": 0.02564102564102564, "36|18": 0.02564102564102564, "-13|64": 0.02564102564102564, "-103|24": 0.02564102564102564, "26|46": 0.02564102564102564, "-45|15": 0.02564102564102564, "-72|2": 0.02564102564102564, "-26|100": 0.02564102564102564, "-10|110": 0.02564102564102564, "50|24": 0.02564102564102564, "-21|78": 0.02564102564102564, "-32|35": 0.02564102564102564, "-21|48": 0.02564102564102564, "-71|95": 0.02564102564102564, "25|48": 0.02564102564102564, "35|56": 0.02564102564102564, "-11|43": 0.02564102564102564, "-10|86": 0.02564102564102564, "-92|100": 0.02564102564102564, "4|122": 0.02564102564102564, "1|60": 0.02564102564102564, "-87|6": 0.02564102564102564, "-9|47": 0.02564102564102564, "58|105": 0.02564102564102564, "-36|126": 0.02564102564102564, "-7|75": 0.02564102564102564, "-27|80": 0.02564102564102564, "60|116": 0.02564102564102564, "-21|100": 0.02564102564102564}}, "FOUL_AWAY_FROM_PLAY": 0.0, "FOULED_AWAY_FROM_PLAY": 0.0, "FOUL_CLEAR_PATH": 0.3333333333333333, "FOULED_CLEAR_PATH": 0.0, "FOUL_COUNT_AS_PERSONAL": 0.16744186046511628, "FOULED_COUNT_AS_PERSONAL": 0.2217391304347826, "FOUL_COUNT_TOWARD_PENALTY": 0.1658291457286432, "FOULED_COUNT_TOWARD_PENALTY": 0.2, "FOUL_DEFENSIVE_NON_SHOOTING": 0.21296296296296297, "FOULED_DEFENSIVE_NON_SHOOTING": 0.19047619047619047, "FOUL_DOUBLE": 0.0, "FOUL_TECHNICAL_DOUBLE": 0.0, "FOUL_FLAGRANT": 0.0, "FOULED_FLAGRANT": 0.0, "FOUL_FLAGRANT_1": 0.0,