{"ASSIST": 0.34285714285714286, "BLOCK": 0.21052631578947367, "FG_ARC_3_ATTEMPT": 0.08571428571428572, "FG_ARC_3_BLOCK": 0.0, "FG_ARC_3_MADE": 0.8888888888888888, "FG_ARC_3_MADE_FOUL": 0.0, "FG_AT_RIM_ATTEMPT": 0.33587786259541985, "FG_AT_RIM_BLOCK": 0.007633587786259542, "FG_AT_RIM_MADE": 0.6818181818181818, "FG_AT_RIM_MADE_FOUL": 0.022900763358778626, "FG_CORNER_3_ATTEMPT": 0.07407407407407407, "FG_CORNER_3_BLOCK": 0.0, "FG_CORNER_3_MADE": 1.0, "FG_CORNER_3_MADE_FOUL": 0.0, "FG_LONG_MID_RANGE_ATTEMPT": 0.5869565217391305, "FG_LONG_MID_RANGE_BLOCK": 0.0, "FG_LONG_MID_RANGE_MADE": 0.4074074074074074, "FG_LONG_MID_RANGE_MADE_FOUL": 0.0, "FG_SHORT_MID_RANGE_ATTEMPT": 0.37037037037037035, "FG_SHORT_MID_RANGE_BLOCK": 0.024691358024691357, "FG_SHORT_MID_RANGE_MADE": 0.36666666666666664, "FG_SHORT_MID_RANGE_MADE_FOUL": 0.012345679012345678, "FG_XY": {"ARC_3": {"96|256": 0.1111111111111111, "-179|167": 0.1111111111111111, "163|192": 0.1111111111111111, "103|232": 0.1111111111111111, "230|90": 0.1111111111111111, "-47|248": 0.1111111111111111, "-114|247": 0.1111111111111111, "-96|241": 0.1111111111111111, "114|229": 0.1111111111111111}, "AT_RIM": {"25|16": 0.022727272727272728, "-10|17": 0.022727272727272728, "-1|5": 0.022727272727272728, "4|7": 0.045454545454545456, "-2|1": 0.022727272727272728, "-4|9": 0.022727272727272728, "1|6": 0.022727272727272728, "2|-1": 0.022727272727272728, "12|5": 0.022727272727272728, "10|0": 0.022727272727272728, "11|5": 0.022727272727272728, "1|10": 0.022727272727272728, "5|5": 0.022727272727272728, "10|19": 0.022727272727272728, "31|5": 0.022727272727272728, "0|8": 0.022727272727272728, "-22|11": 0.022727272727272728, "-6|0": 0.022727272727272728, "1|8": 0.022727272727272728, "5|11": 0.022727272727272728, "-1|6": 0.022727272727272728, "22|10": 0.022727272727272728, "-21|5": 0.022727272727272728, "4|16": 0.022727272727272728, "5|6": 0.022727272727272728, "-4|15": 0.022727272727272728, "-15|20": 0.022727272727272728, "-18|15": 0.022727272727272728, "21|1": 0.022727272727272728, "11|0": 0.022727272727272728, "1|11": 0.022727272727272728, "-16|6": 0.022727272727272728, "0|24": 0.022727272727272728, "-27|21": 0.022727272727272728, "-12|13": 0.022727272727272728, "25|17": 0.022727272727272728, "13|22": 0.022727272727272728, "28|27": 0.022727272727272728, "11|11": 0.022727272727272728, "-7|22": 0.022727272727272728, "1|22": 0.022727272727272728, "1|15": 0.022727272727272728, "-5|13": 0.022727272727272728}, "CORNER_3": {"-234|43": 0.5, "225|64": 0.5}, "LONG_MID_RANGE": {"103|167": 0.037037037037037035, "2|159": 0.037037037037037035, "0|209": 0.037037037037037035, "136|88": 0.037037037037037035, "135|109": 0.037037037037037035, "81|159": 0.037037037037037035, "-164|88": 0.037037037037037035, "100|167": 0.037037037037037035, "-47|176": 0.037037037037037035, "-109|151": 0.037037037037037035, "82|170": 0.037037037037037035, "-45|158": 0.037037037037037035, "100|200": 0.037037037037037035, "-175|23": 0.037037037037037035, "1|141": 0.037037037037037035, "-51|158": 0.037037037037037035, "-115|181": 0.037037037037037035, "99|189": 0.037037037037037035, "62|186": 0.037037037037037035, "-141|11": 0.037037037037037035, "-12|152": 0.037037037037037035, "69|184": 0.037037037037037035, "141|-11": 0.037037037037037035, "-4|158": 0.037037037037037035, "-16|185": 0.037037037037037035, "-105|154": 0.037037037037037035, "83|158": 0.037037037037037035}, "SHORT_MID_RANGE": {"-42|83": 0.03333333333333333, "-136|25": 0.03333333333333333, "103|18": 0.03333333333333333, "-65|111": 0.03333333333333333, "-36|21": 0.03333333333333333, "-9|71": 0.03333333333333333, "-56|119": 0.03333333333333333, "0|78": 0.03333333333333333, "118|-22": 0.03333333333333333, "-109|57": 0.03333333333333333, "-49|73": 0.03333333333333333, "-1|104": 0.03333333333333333, "70|107": 0.03333333333333333, "44|98": 0.03333333333333333, "-9|77": 0.03333333333333333, "25|119": 0.03333333333333333, "-10|76": 0.03333333333333333, "2|69": 0.03333333333333333, "-66|122": 0.03333333333333333, "115|29": 0.03333333333333333, "-2|85": 0.03333333333333333, "39|113": 0.03333333333333333, "-6|75": 0.03333333333333333, "-47|119": 0.03333333333333333, "-9|131": 0.03333333333333333, "-29|54": 0.03333333333333333, "-64|64": 0.03333333333333333, "-62|57": 0.03333333333333333, "2|137": 0.03333333333333333, "-5|67": 0.03333333333333333}}, "FOUL_AWAY_FROM_PLAY": 0.0, "FOULED_AWAY_FROM_PLAY": 0.0, "FOUL_CLEAR_PATH": 0.0, "FOULED_CLEAR_PATH": 0.0, "FOUL_COUNT_AS_PERSONAL": 0.12987012987012986, "FOULED_COUNT_AS_PERSONAL": 0.0989010989010989, "FOUL_COUNT_TOWARD_PENALTY": 0.13432835820895522, "FOULED_COUNT_TOWARD_PENALTY": 0.08974358974358974, "FOUL_DEFENSIVE_NON_SHOOTING": 0.09090909090909091, "FOULED_DEFENSIVE_NON_SHOOTING": 0.07894736842105263, "FOUL_DOUBLE": 0.0, "FOUL_TECHNICAL_DOUBLE": 0.0, "FOUL_FLAGRANT": 0.0, "FOULED_FLAGRANT": 0.0, "FOUL_FLAGRANT_1": 0.0, "FOULED_FLAGRANT_1": 0.0, "FOUL_FLAGRANT_2": 0.0, "FOULED_FLAGRANT_2": 0.0, "FOUL_INBOUND": 0.0, "FOULED_INBOUND": 0.0, "FOUL_LOOSE_BALL": 0.0, "FOULED_LOOSE_BALL": 0.0, "FOUL_OFFENSIVE_CHARGE": 0.0, "FOULED_OFFENSIVE_CHARGE": 0.14285714285714285, "FOUL_OFFENSIVE_OTHER": 0.0, "FOULED_OFFENSIVE_OTHER": 0.0, "FOUL_OFFENSIVE_TOTAL": 0.1, "FOULED_OFFENSIVE_TOTAL": 0.15384615384615385, "FOUL_PERSONAL": 0.10344827586206896, "FOULED_PERSONAL": 0.04, "FOUL_PERSONAL_BLOCK": 0.0, "FOULED_PERSONAL_BLOCK": 0.0, "FOUL_PERSONAL_TAKE": 0.0, "FOULED_PERSONAL_TAKE": 0.4, "FOUL_SHOOTING": 0.17647058823529413, "FOULED_SHOOTING": 0.1, "FOUL_SHOOTING_BLOCK": 0.0, "FOULED_SHOOTING_BLOCK": 0.0, "FOUL_TECHNICAL": 0.0, "FT": 0.375, "REBOUND_DEFENSIVE": 0.08374384236453201, "REBOUND_OFFENSIVE": 0.004291845493562232, "STEAL": 0.23333333333333334, "SHOT_TYPE_ARC_3_OFFENSIVE": 0.2692307692307692, "SHOT_TYPE_ARC_3_DEFENSIVE": 0.3462532299741602, "SHOT_TYPE_AT_RIM_OFFENSIVE": 0.33589743589743587, "SHOT_TYPE_AT_RIM_DEFENSIVE": 0.268733850129199, "SHOT_TYPE_CORNER_3_OFFENSIVE": 0.06923076923076923, "SHOT_TYPE_CORNER_3_DEFENSIVE": 0.09560723514211886, "SHOT_TYPE_LONG_MID_RANGE_OFFENSIVE": 0.11794871794871795, "SHOT_TYPE_LONG_MID_RANGE_DEFENSIVE": 0.1111111111111111, "SHOT_TYPE_SHORT_MID_RANGE_OFFENSIVE": 0.2076923076923077, "SHOT_TYPE_SHORT_MID_RANGE_DEFENSIVE": 0.17829457364341086, "TURNOVER": 0.22388059701492538, "VIOLATION_DEFENSIVE_GOALTENDING": 0.0, "VIOLATION_DEFENSIVE_KICK_BALL": 0.0}