{"ASSIST": 0.031746031746031744, "BLOCK": 0.6046511627906976, "FG_ARC_3_ATTEMPT": 0.011560693641618497, "FG_ARC_3_BLOCK": 0.0, "FG_ARC_3_MADE": 1.0, "FG_ARC_3_MADE_FOUL": 0.0, "FG_AT_RIM_ATTEMPT": 0.21875, "FG_AT_RIM_BLOCK": 0.025, "FG_AT_RIM_MADE": 0.5428571428571428, "FG_AT_RIM_MADE_FOUL": 0.00625, "FG_CORNER_3_ATTEMPT": 0.013513513513513514, "FG_CORNER_3_BLOCK": 0.0, "FG_CORNER_3_MADE": 1.0, "FG_CORNER_3_MADE_FOUL": 0.0, "FG_LONG_MID_RANGE_ATTEMPT": 0.05, "FG_LONG_MID_RANGE_BLOCK": 0.0, "FG_LONG_MID_RANGE_MADE": 0.0, "FG_LONG_MID_RANGE_MADE_FOUL": 0.0, "FG_SHORT_MID_RANGE_ATTEMPT": 0.18120805369127516, "FG_SHORT_MID_RANGE_BLOCK": 0.03355704697986577, "FG_SHORT_MID_RANGE_MADE": 0.14814814814814814, "FG_SHORT_MID_RANGE_MADE_FOUL": 0.0, "FG_XY": {"ARC_3": {"159|201": 0.5, "-237|91": 0.5}, "AT_RIM": {"0|11": 0.02857142857142857, "-2|17": 0.02857142857142857, "17|18": 0.02857142857142857, "13|16": 0.02857142857142857, "4|27": 0.02857142857142857, "16|11": 0.02857142857142857, "11|7": 0.02857142857142857, "0|0": 0.22857142857142856, "2|9": 0.02857142857142857, "12|15": 0.02857142857142857, "20|23": 0.02857142857142857, "5|29": 0.02857142857142857, "18|22": 0.02857142857142857, "11|20": 0.02857142857142857, "-6|16": 0.02857142857142857, "17|17": 0.02857142857142857, "-4|17": 0.02857142857142857, "-28|-4": 0.02857142857142857, "23|23": 0.02857142857142857, "-27|6": 0.02857142857142857, "11|23": 0.02857142857142857, "0|17": 0.02857142857142857, "12|37": 0.02857142857142857, "25|27": 0.02857142857142857, "20|13": 0.02857142857142857, "21|-3": 0.02857142857142857, "17|-5": 0.02857142857142857, "2|8": 0.02857142857142857}, "CORNER_3": {"-235|55": 1.0}, "LONG_MID_RANGE": {"-53|194": 1.0}, "SHORT_MID_RANGE": {"80|53": 0.037037037037037035, "-61|86": 0.037037037037037035, "55|50": 0.037037037037037035, "62|4": 0.037037037037037035, "44|95": 0.037037037037037035, "6|51": 0.037037037037037035, "-64|40": 0.037037037037037035, "26|51": 0.037037037037037035, "-16|104": 0.037037037037037035, "5|56": 0.037037037037037035, "-29|34": 0.037037037037037035, "5|61": 0.037037037037037035, "-36|19": 0.037037037037037035, "-40|29": 0.037037037037037035, "4|55": 0.037037037037037035, "-27|31": 0.037037037037037035, "20|47": 0.037037037037037035, "-97|63": 0.037037037037037035, "1|50": 0.037037037037037035, "25|69": 0.037037037037037035, "2|67": 0.037037037037037035, "-25|130": 0.037037037037037035, "33|23": 0.037037037037037035, "56|30": 0.037037037037037035, "23|50": 0.037037037037037035, "-49|6": 0.037037037037037035, "20|42": 0.037037037037037035}}, "FOUL_AWAY_FROM_PLAY": 0.0, "FOULED_AWAY_FROM_PLAY": 0.0, "FOUL_CLEAR_PATH": 0.0, "FOULED_CLEAR_PATH": 0.0, "FOUL_COUNT_AS_PERSONAL": 0.41333333333333333, "FOULED_COUNT_AS_PERSONAL": 0.3089430894308943, "FOUL_COUNT_TOWARD_PENALTY": 0.39416058394160586, "FOULED_COUNT_TOWARD_PENALTY": 0.3247863247863248, "FOUL_DEFENSIVE_NON_SHOOTING": 0.24242424242424243, "FOULED_DEFENSIVE_NON_SHOOTING": 0.3137254901960784, "FOUL_DOUBLE": 0.0, "FOUL_TECHNICAL_DOUBLE": 0.5, "FOUL_FLAGRANT": 0.0, "FOULED_FLAGRANT": 0.0, "FOUL_FLAGRANT_1": 0.0, "FOULED_FLAGRANT_1": 0.0, "FOUL_FLAGRANT_2": 0.0, "FOULED_FLAGRANT_2": 0.0, "FOUL_INBOUND": 0.0, "FOULED_INBOUND": 0.0, "FOUL_LOOSE_BALL": 0.0, "FOULED_LOOSE_BALL": 0.8181818181818182, "FOUL_OFFENSIVE_CHARGE": 1.0, "FOULED_OFFENSIVE_CHARGE": 0.0, "FOUL_OFFENSIVE_OTHER": 0.0, "FOULED_OFFENSIVE_OTHER": 0.0, "FOUL_OFFENSIVE_TOTAL": 0.6153846153846154, "FOULED_OFFENSIVE_TOTAL": 0.0, "FOUL_PERSONAL": 0.21428571428571427, "FOULED_PERSONAL": 0.19444444444444445, "FOUL_PERSONAL_BLOCK": 0.0, "FOULED_PERSONAL_BLOCK": 0.0, "FOUL_PERSONAL_TAKE": 0.08333333333333333, "FOULED_PERSONAL_TAKE": 0.0, "FOUL_SHOOTING": 0.5352112676056338, "FOULED_SHOOTING": 0.3333333333333333, "FOUL_SHOOTING_BLOCK": 0.0, "FOULED_SHOOTING_BLOCK": 0.0, "FOUL_TECHNICAL": 0.3333333333333333, "FT": 0.7073170731707317, "REBOUND_DEFENSIVE": 0.26512968299711814, "REBOUND_OFFENSIVE": 0.134185303514377, "STEAL": 0.08333333333333333, "SHOT_TYPE_ARC_3_OFFENSIVE": 0.3003472222222222, "SHOT_TYPE_ARC_3_DEFENSIVE": 0.3181818181818182, "SHOT_TYPE_AT_RIM_OFFENSIVE": 0.2777777777777778, "SHOT_TYPE_AT_RIM_DEFENSIVE": 0.2534965034965035, "SHOT_TYPE_CORNER_3_OFFENSIVE": 0.1284722222222222, "SHOT_TYPE_CORNER_3_DEFENSIVE": 0.04895104895104895, "SHOT_TYPE_LONG_MID_RANGE_OFFENSIVE": 0.034722222222222224, "SHOT_TYPE_LONG_MID_RANGE_DEFENSIVE": 0.1258741258741259, "SHOT_TYPE_SHORT_MID_RANGE_OFFENSIVE": 0.2586805555555556, "SHOT_TYPE_SHORT_MID_RANGE_DEFENSIVE": 0.2534965034965035, "TURNOVER": 0.22580645161290322, "VIOLATION_DEFENSIVE_GOALTENDING": 2.0, "VIOLATION_DEFENSIVE_KICK_BALL": 0.0}