{"ASSIST": 0.32398753894080995, "BLOCK": 0.140625, "FG_ARC_3_ATTEMPT": 0.36538461538461536, "FG_ARC_3_BLOCK": 0.004807692307692308, "FG_ARC_3_MADE": 0.34868421052631576, "FG_ARC_3_MADE_FOUL": 0.002403846153846154, "FG_AT_RIM_ATTEMPT": 0.33620689655172414, "FG_AT_RIM_BLOCK": 0.028735632183908046, "FG_AT_RIM_MADE": 0.7008547008547008, "FG_AT_RIM_MADE_FOUL": 0.028735632183908046, "FG_CORNER_3_ATTEMPT": 0.23972602739726026, "FG_CORNER_3_BLOCK": 0.00684931506849315, "FG_CORNER_3_MADE": 0.5142857142857142, "FG_CORNER_3_MADE_FOUL": 0.0, "FG_LONG_MID_RANGE_ATTEMPT": 0.5142857142857142, "FG_LONG_MID_RANGE_BLOCK": 0.022857142857142857, "FG_LONG_MID_RANGE_MADE": 0.4, "FG_LONG_MID_RANGE_MADE_FOUL": 0.005714285714285714, "FG_SHORT_MID_RANGE_ATTEMPT": 0.4147465437788018, "FG_SHORT_MID_RANGE_BLOCK": 0.03225806451612903, "FG_SHORT_MID_RANGE_MADE": 0.4666666666666667, "FG_SHORT_MID_RANGE_MADE_FOUL": 0.004608294930875576, "FG_XY": {"ARC_3": {"43|244": 0.006578947368421052, "148|206": 0.006578947368421052, "96|242": 0.006578947368421052, "-11|250": 0.006578947368421052, "-45|255": 0.006578947368421052, "115|224": 0.006578947368421052, "-33|261": 0.006578947368421052, "71|257": 0.006578947368421052, "77|236": 0.006578947368421052, "-154|232": 0.006578947368421052, "223|99": 0.006578947368421052, "67|260": 0.006578947368421052, "141|225": 0.006578947368421052, "-97|234": 0.006578947368421052, "-98|231": 0.006578947368421052, "152|208": 0.006578947368421052, "-141|210": 0.006578947368421052, "148|204": 0.006578947368421052, "-148|231": 0.006578947368421052, "-92|258": 0.006578947368421052, "-91|259": 0.006578947368421052, "-195|169": 0.006578947368421052, "-170|225": 0.006578947368421052, "148|218": 0.006578947368421052, "-82|247": 0.006578947368421052, "157|220": 0.006578947368421052, "-165|195": 0.006578947368421052, "-161|201": 0.006578947368421052, "168|174": 0.006578947368421052, "129|248": 0.006578947368421052, "164|206": 0.006578947368421052, "212|127": 0.006578947368421052, "203|151": 0.006578947368421052, "-178|175": 0.006578947368421052, "-140|213": 0.006578947368421052, "-159|195": 0.006578947368421052, "126|274": 0.006578947368421052, "-208|132": 0.006578947368421052, "-78|241": 0.006578947368421052, "123|236": 0.006578947368421052, "-87|262": 0.006578947368421052, "140|217": 0.006578947368421052, "213|138": 0.006578947368421052, "-26|263": 0.006578947368421052, "78|243": 0.006578947368421052, "44|248": 0.006578947368421052, "210|146": 0.006578947368421052, "178|171": 0.006578947368421052, "114|243": 0.006578947368421052, "-189|163": 0.006578947368421052, "-188|148": 0.006578947368421052, "2|253": 0.006578947368421052, "-99|260": 0.006578947368421052, "156|193": 0.006578947368421052, "-2|254": 0.006578947368421052, "11|242": 0.006578947368421052, "121|208": 0.006578947368421052, "-50|264": 0.006578947368421052, "-33|241": 0.006578947368421052, "203|158": 0.006578947368421052, "-114|239": 0.006578947368421052, "25|262": 0.006578947368421052, "-176|199": 0.006578947368421052, "77|248": 0.006578947368421052, "-77|261": 0.006578947368421052, "94|242": 0.006578947368421052, "37|260": 0.006578947368421052, "152|209": 0.006578947368421052, "-157|204": 0.006578947368421052, "227|164": 0.006578947368421052, "-214|180": 0.006578947368421052, "130|262": 0.006578947368421052, "-88|239": 0.006578947368421052, "-207|149": 0.006578947368421052, "-26|257": 0.006578947368421052, "141|214": 0.006578947368421052, "59|266": 0.006578947368421052, "-12|246": 0.006578947368421052, "165|219": 0.006578947368421052, "105|258": 0.006578947368421052, "-172|196": 0.006578947368421052, "-112|232": 0.006578947368421052, "146|214": 0.006578947368421052, "40|250": 0.006578947368421052, "135|227": 0.006578947368421052, "-119|243": 0.006578947368421052, "-5|256": 0.006578947368421052, "-184|178": 0.006578947368421052, "32|251": 0.006578947368421052, "119|243": 0.006578947368421052, "-28|253": 0.006578947368421052, "85|245": 0.006578947368421052, "93|236": 0.006578947368421052, "118|220": 0.006578947368421052, "-217|125": 0.006578947368421052, "-96|236": 0.006578947368421052, "-114|236": 0.006578947368421052, "9|262": 0.006578947368421052, "-69|247": 0.006578947368421052, "85|251": 0.006578947368421052, "116|224": 0.006578947368421052, "-159|235": 0.006578947368421052, "183|181": 0.006578947368421052, "109|231": 0.006578947368421052, "127|219": 0.013157894736842105, "36|253": 0.006578947368421052, "110|241": 0.006578947368421052, "148|236": 0.006578947368421052, "219|118": 0.006578947368421052, "-161|214": 0.006578947368421052, "93|241": 0.006578947368421052, "48|251": 0.006578947368421052, "5|259": 0.006578947368421052, "174|195": 0.006578947368421052, "-10|260": 0.006578947368421052, "78|238": 0.006578947368421052, "1|252": 0.006578947368421052, "147|204": 0.006578947368421052, "150|204": 0.006578947368421052, "22|245": 0.006578947368421052, "102|251": 0.006578947368421052, "21|276": 0.006578947368421052, "-154|197": 0.006578947368421052, "129|229": 0.006578947368421052, "-109|234": 0.006578947368421052, "-192|177": 0.006578947368421052, "143|221": 0.006578947368421052, "123|237": 0.006578947368421052, "-153|218": 0.006578947368421052, "47|253": 0.006578947368421052, "174|217": 0.006578947368421052, "92|256": 0.006578947368421052, "-163|215": 0.006578947368421052, "165|198": 0.006578947368421052, "-135|222": 0.006578947368421052, "167|193": 0.006578947368421052, "-45|270": 0.006578947368421052, "-131|219": 0.006578947368421052, "-100|242": 0.006578947368421052, "-138|232": 0.006578947368421052, "141|231": 0.006578947368421052, "-147|242": 0.006578947368421052, "210|173": 0.006578947368421052, "22|267": 0.006578947368421052, "54|251": 0.006578947368421052, "129|220": 0.006578947368421052, "125|249": 0.006578947368421052, "-39|253": 0.006578947368421052, "127|225": 0.006578947368421052, "88|251": 0.006578947368421052, "-199|155": 0.006578947368421052}, "AT_RIM": {"-1|18": 0.008547008547008548, "-10|1": 0.008547008547008548, "22|8": 0.008547008547008548, "13|8": 0.008547008547008548, "25|11": 0.008547008547008548, "-11|13": 0.008547008547008548, "-1|20": 0.008547008547008548, "-13|17": 0.008547008547008548, "-12|5": 0.008547008547008548, "13|1": 0.008547008547008548, "4|10": 0.008547008547008548, "25|19": 0.008547008547008548, "-10|15": 0.008547008547008548, "-2|31": 0.008547008547008548, "18|26": 0.008547008547008548, "4|23": 0.008547008547008548, "-12|-13": 0.008547008547008548, "-1|15": 0.008547008547008548, "0|11": 0.017094017094017096, "-15|8": 0.008547008547008548, "-6|5": 0.008547008547008548, "-18|15": 0.008547008547008548, "7|19": 0.008547008547008548, "0|25": 0.008547008547008548, "-28|21": 0.008547008547008548, "12|11": 0.008547008547008548, "12|2": 0.008547008547008548, "23|4": 0.008547008547008548, "11|2": 0.008547008547008548, "-2|1": 0.008547008547008548, "10|15": 0.008547008547008548, "-6|4": 0.008547008547008548, "-25|10": 0.008547008547008548, "20|22": 0.008547008547008548, "18|23": 0.008547008547008548, "6|15": 0.008547008547008548, "-12|8": 0.008547008547008548, "-9|26": 0.008547008547008548, "21|11": 0.008547008547008548, "-23|17": 0.008547008547008548, "1|17": 0.008547008547008548, "2|25": 0.008547008547008548, "-16|11": 0.008547008547008548, "20|20": 0.008547008547008548, "16|4": 0.008547008547008548, "-1|3": 0.008547008547008548, "1|8": 0.008547008547008548, "5|14": 0.008547008547008548, "-4|3": 0.008547008547008548, "-6|35": 0.008547008547008548, "12|10": 0.008547008547008548, "1|13": 0.008547008547008548, "-13|-1": 0.008547008547008548, "17|5": 0.008547008547008548, "23|12": 0.008547008547008548, "-12|13": 0.008547008547008548, "-2|29": 0.008547008547008548, "1|21": 0.008547008547008548, "16|9": 0.008547008547008548, "10|29": 0.008547008547008548, "4|21": 0.008547008547008548, "15|8": 0.008547008547008548, "0|0": 0.017094017094017096, "13|12": 0.008547008547008548, "5|10": 0.008547008547008548, "-11|15": 0.008547008547008548, "-7|10": 0.008547008547008548,