{"ASSIST": 0.1925133689839572, "BLOCK": 0.09836065573770492, "FG_ARC_3_ATTEMPT": 0.22568093385214008, "FG_ARC_3_BLOCK": 0.0038910505836575876, "FG_ARC_3_MADE": 0.43103448275862066, "FG_ARC_3_MADE_FOUL": 0.0, "FG_AT_RIM_ATTEMPT": 0.144, "FG_AT_RIM_BLOCK": 0.004, "FG_AT_RIM_MADE": 0.5833333333333334, "FG_AT_RIM_MADE_FOUL": 0.0, "FG_CORNER_3_ATTEMPT": 0.3013698630136986, "FG_CORNER_3_BLOCK": 0.0, "FG_CORNER_3_MADE": 0.22727272727272727, "FG_CORNER_3_MADE_FOUL": 0.0, "FG_LONG_MID_RANGE_ATTEMPT": 0.21052631578947367, "FG_LONG_MID_RANGE_BLOCK": 0.013157894736842105, "FG_LONG_MID_RANGE_MADE": 0.25, "FG_LONG_MID_RANGE_MADE_FOUL": 0.0, "FG_SHORT_MID_RANGE_ATTEMPT": 0.16923076923076924, "FG_SHORT_MID_RANGE_BLOCK": 0.0, "FG_SHORT_MID_RANGE_MADE": 0.45454545454545453, "FG_SHORT_MID_RANGE_MADE_FOUL": 0.007692307692307693, "FG_XY": {"ARC_3": {"186|174": 0.017241379310344827, "178|188": 0.017241379310344827, "-13|260": 0.017241379310344827, "143|238": 0.017241379310344827, "-194|152": 0.017241379310344827, "127|220": 0.017241379310344827, "34|289": 0.017241379310344827, "49|252": 0.017241379310344827, "-112|219": 0.017241379310344827, "120|214": 0.017241379310344827, "163|203": 0.017241379310344827, "39|253": 0.017241379310344827, "-66|237": 0.017241379310344827, "-169|202": 0.017241379310344827, "9|265": 0.017241379310344827, "42|259": 0.017241379310344827, "72|247": 0.017241379310344827, "146|211": 0.017241379310344827, "-148|220": 0.017241379310344827, "-222|116": 0.017241379310344827, "191|170": 0.017241379310344827, "-143|206": 0.017241379310344827, "-114|218": 0.017241379310344827, "162|192": 0.017241379310344827, "107|240": 0.017241379310344827, "-11|251": 0.017241379310344827, "82|237": 0.017241379310344827, "-55|239": 0.017241379310344827, "-18|260": 0.017241379310344827, "-28|265": 0.017241379310344827, "99|238": 0.017241379310344827, "173|173": 0.017241379310344827, "-81|232": 0.017241379310344827, "-141|206": 0.017241379310344827, "-159|194": 0.017241379310344827, "-13|248": 0.017241379310344827, "-97|237": 0.017241379310344827, "17|257": 0.017241379310344827, "-51|256": 0.017241379310344827, "143|202": 0.017241379310344827, "123|220": 0.017241379310344827, "-78|244": 0.017241379310344827, "168|179": 0.017241379310344827, "-11|256": 0.017241379310344827, "76|239": 0.017241379310344827, "94|243": 0.017241379310344827, "130|206": 0.017241379310344827, "-100|255": 0.017241379310344827, "-161|221": 0.017241379310344827, "103|244": 0.017241379310344827, "-17|260": 0.017241379310344827, "-16|247": 0.017241379310344827, "-156|201": 0.017241379310344827, "-145|208": 0.017241379310344827, "-42|245": 0.017241379310344827, "-33|259": 0.017241379310344827, "134|215": 0.017241379310344827, "114|225": 0.017241379310344827}, "AT_RIM": {"-20|1": 0.027777777777777776, "-22|31": 0.027777777777777776, "1|-1": 0.027777777777777776, "-6|11": 0.027777777777777776, "11|22": 0.027777777777777776, "22|26": 0.027777777777777776, "0|-1": 0.027777777777777776, "6|11": 0.05555555555555555, "-20|9": 0.027777777777777776, "26|18": 0.027777777777777776, "25|2": 0.027777777777777776, "1|10": 0.027777777777777776, "-25|-2": 0.027777777777777776, "-12|9": 0.027777777777777776, "15|4": 0.027777777777777776, "6|16": 0.027777777777777776, "21|13": 0.027777777777777776, "22|22": 0.027777777777777776, "23|6": 0.027777777777777776, "-37|13": 0.027777777777777776, "-33|5": 0.027777777777777776, "-26|13": 0.027777777777777776, "-6|6": 0.027777777777777776, "9|1": 0.027777777777777776, "0|0": 0.027777777777777776, "-10|-8": 0.027777777777777776, "-6|0": 0.027777777777777776, "-2|3": 0.027777777777777776, "-4|16": 0.027777777777777776, "11|5": 0.027777777777777776, "10|13": 0.027777777777777776, "-27|27": 0.027777777777777776, "12|3": 0.027777777777777776, "-6|3": 0.027777777777777776, "-2|-5": 0.027777777777777776}, "CORNER_3": {"223|3": 0.045454545454545456, "235|77": 0.045454545454545456, "-227|-26": 0.045454545454545456, "235|-2": 0.045454545454545456, "234|-7": 0.045454545454545456, "234|55": 0.045454545454545456, "229|-5": 0.045454545454545456, "228|15": 0.045454545454545456, "227|2": 0.045454545454545456, "-239|8": 0.045454545454545456, "-228|2": 0.045454545454545456, "-243|-1": 0.045454545454545456, "223|17": 0.045454545454545456, "-232|85": 0.045454545454545456, "-230|1": 0.045454545454545456, "-232|65": 0.045454545454545456, "-235|-10": 0.045454545454545456, "223|0": 0.045454545454545456, "-239|-4": 0.045454545454545456, "-229|52": 0.045454545454545456, "-230|40": 0.045454545454545456, "229|-16": 0.045454545454545456}, "LONG_MID_RANGE": {"103|158": 0.0625, "15|147": 0.0625, "-107|95": 0.0625, "-109|145": 0.0625, "66|163": 0.0625, "138|135": 0.0625, "-49|201": 0.0625, "118|147": 0.0625, "47|140": 0.0625, "178|71": 0.0625, "-78|121": 0.0625, "82|117": 0.0625, "-89|187": 0.0625, "1|148": 0.0625, "-34|145": 0.0625, "70|164": 0.0625}, "SHORT_MID_RANGE": {"51|25": 0.045454545454545456, "96|37": 0.045454545454545456, "62|64": 0.045454545454545456, "-55|57": 0.045454545454545456, "-36|110": 0.045454545454545456, "100|50": 0.045454545454545456, "40|48": 0.045454545454545456, "-31|95": 0.045454545454545456, "-102|-1": 0.045454545454545456, "29|119": 0.045454545454545456, "48|34": 0.045454545454545456, "-37|76": 0.045454545454545456, "47|75": 0.045454545454545456, "42|132": 0.045454545454545456, "-6|50": 0.045454545454545456, "45|20": 0.045454545454545456, "-11|102": 0.045454545454545456, "131|31": 0.045454545454545456, "43|64": 0.045454545454545456, "15|115": 0.045454545454545456, "6|109": 0.045454545454545456, "-28|118": 0.045454545454545456}}, "FOUL_AWAY_FROM_PLAY": 0.0, "FOULED_AWAY_FROM_PLAY": 0.0, "FOUL_CLEAR_PATH": 0.0, "FOULED_CLEAR_PATH": 1.0, "FOUL_COUNT_AS_PERSONAL": 0.21212121212121213, "FOULED_COUNT_AS_PERSONAL": 0.21428571428571427, "FOUL_COUNT_TOWARD_PENALTY": 0.2247191011235955, "FOULED_COUNT_TOWARD_PENALTY": 0.21511627906976744, "FOUL_DEFENSIVE_NON_SHOOTING": 0.25, "FOULED_DEFENSIVE_NON_SHOOTING": 0.2236842105263158, "FOUL_DOUBLE": 0.0, "FOUL_TECHNICAL_DOUBLE": 0.0, "FOUL_FLAGRANT": 0.0, "FOULED_FLAGRANT": 0.0, "FOUL_FLAGRANT_1": 0.0, "FOULED_FLAGRANT_1": 0.0, "FOUL_FLAGRANT_2": 0.0, "FOULED_FLAGRANT_2": 0.0, "FOUL_INBOUND": 0.0, "FOULED_INBOUND": 0.0, "FOUL_LOOSE_BALL": 0.0, "FOULED_LOOSE_BALL": 0.0, "FOUL_OFFENSIVE_CHARGE": 0.0, "FOULED_OFFENSIVE_CHARGE": 0.0, "FOUL_OFFENSIVE_OTHER": 0.0, "FOULED_OFFENSIVE_OTHER": 0.0, "FOUL_OFFENSIVE_TOTAL": 0.1, "FOULED_OFFENSIVE_TOTAL": 0.2, "FOUL_PERSONAL": 0.2571428571428571, "FOULED_PERSONAL": 0.2222222222222222, "FOUL_PERSONAL_BLOCK": 0.0, "FOULED_PERSONAL_BLOCK": 0.0, "FOUL_PERSONAL_TAKE": 0.3125, "FOULED_PERSONAL_TAKE": 0.3076923076923077, "FOUL_SHOOTING": 0.1951219512195122, "FOULED_SHOOTING": 0.20833333333333334, "FOUL_SHOOTING_BLOCK": 0.0, "FOULED_SHOOTING_BLOCK": 0.0, "FOUL_TECHNICAL": 0.0, "FT": 0.8, "REBOUND_DEFENSIVE": 0.14198782961460446, "REBOUND_OFFENSIVE": 0.013186813186813187, "STEAL": 0.3013698630136986, "SHOT_TYPE_ARC_3_OFFENSIVE": 0.32697201017811706, "SHOT_TYPE_ARC_3_DEFENSIVE": 0.3182926829268293, "SHOT_TYPE_AT_RIM_OFFENSIVE": 0.31806615776081426, "SHOT_TYPE_AT_RIM_DEFENSIVE": 0.32195121951219513, "SHOT_TYPE_CORNER_3_OFFENSIVE": 0.09287531806615776, "SHOT_TYPE_CORNER_3_DEFENSIVE": 0.11463414634146342, "SHOT_TYPE_LONG_MID_RANGE_OFFENSIVE": 0.09669211195928754, "SHOT_TYPE_LONG_MID_RANGE_DEFENSIVE": 0.1024390243902439, "SHOT_TYPE_SHORT_MID_RANGE_OFFENSIVE": 0.16539440203562342, "SHOT_TYPE_SHORT_MID_RANGE_DEFENSIVE": 0.14268292682926828, "TURNOVER": 0.1171875, "VIOLATION_DEFENSIVE_GOALTENDING": 0.0, "VIOLATION_DEFENSIVE_KICK_BALL": 1.0}