{"ASSIST": 0.047619047619047616, "BLOCK": 0.4, "FG_ARC_3_ATTEMPT": 0.03125, "FG_ARC_3_BLOCK": 0.0, "FG_ARC_3_MADE": 0.5, "FG_ARC_3_MADE_FOUL": 0.0, "FG_AT_RIM_ATTEMPT": 0.36363636363636365, "FG_AT_RIM_BLOCK": 0.05454545454545454, "FG_AT_RIM_MADE": 0.45, "FG_AT_RIM_MADE_FOUL": 0.03636363636363636, "FG_CORNER_3_ATTEMPT": 0.0, "FG_CORNER_3_BLOCK": 0.0, "FG_CORNER_3_MADE": 0.0, "FG_CORNER_3_MADE_FOUL": 0.0, "FG_LONG_MID_RANGE_ATTEMPT": 0.0, "FG_LONG_MID_RANGE_BLOCK": 0.0, "FG_LONG_MID_RANGE_MADE": 0.0, "FG_LONG_MID_RANGE_MADE_FOUL": 0.0, "FG_SHORT_MID_RANGE_ATTEMPT": 0.18604651162790697, "FG_SHORT_MID_RANGE_BLOCK": 0.046511627906976744, "FG_SHORT_MID_RANGE_MADE": 0.125, "FG_SHORT_MID_RANGE_MADE_FOUL": 0.0, "FG_XY": {"ARC_3": {"70|273": 0.5, "37|263": 0.5}, "AT_RIM": {"0|0": 0.55, "11|27": 0.05, "6|21": 0.05, "5|8": 0.05, "-20|28": 0.05, "-15|36": 0.05, "16|13": 0.05, "17|1": 0.05, "21|5": 0.05, "-10|3": 0.05}, "CORNER_3": {}, "LONG_MID_RANGE": {}, "SHORT_MID_RANGE": {"49|69": 0.125, "-34|101": 0.125, "17|47": 0.125, "12|74": 0.125, "13|114": 0.125, "-17|63": 0.125, "33|25": 0.125, "-120|29": 0.125}}, "FOUL_AWAY_FROM_PLAY": 0.0, "FOULED_AWAY_FROM_PLAY": 0.0, "FOUL_CLEAR_PATH": 0.0, "FOULED_CLEAR_PATH": 0.0, "FOUL_COUNT_AS_PERSONAL": 0.27906976744186046, "FOULED_COUNT_AS_PERSONAL": 0.1956521739130435, "FOUL_COUNT_TOWARD_PENALTY": 0.24324324324324326, "FOULED_COUNT_TOWARD_PENALTY": 0.20454545454545456, "FOUL_DEFENSIVE_NON_SHOOTING": 0.23076923076923078, "FOULED_DEFENSIVE_NON_SHOOTING": 0.13043478260869565, "FOUL_DOUBLE": 0.0, "FOUL_TECHNICAL_DOUBLE": 0.0, "FOUL_FLAGRANT": 0.0, "FOULED_FLAGRANT": 0.0, "FOUL_FLAGRANT_1": 0.0, "FOULED_FLAGRANT_1": 0.0, "FOUL_FLAGRANT_2": 0.0, "FOULED_FLAGRANT_2": 0.0, "FOUL_INBOUND": 0.0, "FOULED_INBOUND": 0.0, "FOUL_LOOSE_BALL": 0.0, "FOULED_LOOSE_BALL": 0.3333333333333333, "FOUL_OFFENSIVE_CHARGE": 0.0, "FOULED_OFFENSIVE_CHARGE": 0.0, "FOUL_OFFENSIVE_OTHER": 0.0, "FOULED_OFFENSIVE_OTHER": 0.0, "FOUL_OFFENSIVE_TOTAL": 0.5, "FOULED_OFFENSIVE_TOTAL": 0.0, "FOUL_PERSONAL": 0.09090909090909091, "FOULED_PERSONAL": 0.125, "FOUL_PERSONAL_BLOCK": 0.0, "FOULED_PERSONAL_BLOCK": 0.0, "FOUL_PERSONAL_TAKE": 1.0, "FOULED_PERSONAL_TAKE": 0.0, "FOUL_SHOOTING": 0.25, "FOULED_SHOOTING": 0.2857142857142857, "FOUL_SHOOTING_BLOCK": 0.0, "FOULED_SHOOTING_BLOCK": 0.0, "FOUL_TECHNICAL": 0.0, "FT": 0.8461538461538461, "REBOUND_DEFENSIVE": 0.23423423423423423, "REBOUND_OFFENSIVE": 0.17647058823529413, "STEAL": 0.1111111111111111, "SHOT_TYPE_ARC_3_OFFENSIVE": 0.31840796019900497, "SHOT_TYPE_ARC_3_DEFENSIVE": 0.3258426966292135, "SHOT_TYPE_AT_RIM_OFFENSIVE": 0.2736318407960199, "SHOT_TYPE_AT_RIM_DEFENSIVE": 0.1853932584269663, "SHOT_TYPE_CORNER_3_OFFENSIVE": 0.07960199004975124, "SHOT_TYPE_CORNER_3_DEFENSIVE": 0.07303370786516854, "SHOT_TYPE_LONG_MID_RANGE_OFFENSIVE": 0.11442786069651742, "SHOT_TYPE_LONG_MID_RANGE_DEFENSIVE": 0.14606741573033707, "SHOT_TYPE_SHORT_MID_RANGE_OFFENSIVE": 0.21393034825870647, "SHOT_TYPE_SHORT_MID_RANGE_DEFENSIVE": 0.2696629213483146, "TURNOVER": 0.25925925925925924, "VIOLATION_DEFENSIVE_GOALTENDING": 0.0, "VIOLATION_DEFENSIVE_KICK_BALL": 0.0}