{"ASSIST": 0.1346153846153846, "BLOCK": 0.16666666666666666, "FG_ARC_3_ATTEMPT": 0.12359550561797752, "FG_ARC_3_BLOCK": 0.0, "FG_ARC_3_MADE": 0.45454545454545453, "FG_ARC_3_MADE_FOUL": 0.0, "FG_AT_RIM_ATTEMPT": 0.1111111111111111, "FG_AT_RIM_BLOCK": 0.011111111111111112, "FG_AT_RIM_MADE": 0.5, "FG_AT_RIM_MADE_FOUL": 0.011111111111111112, "FG_CORNER_3_ATTEMPT": 0.3235294117647059, "FG_CORNER_3_BLOCK": 0.0, "FG_CORNER_3_MADE": 0.2727272727272727, "FG_CORNER_3_MADE_FOUL": 0.0, "FG_LONG_MID_RANGE_ATTEMPT": 0.23684210526315788, "FG_LONG_MID_RANGE_BLOCK": 0.0, "FG_LONG_MID_RANGE_MADE": 0.3333333333333333, "FG_LONG_MID_RANGE_MADE_FOUL": 0.0, "FG_SHORT_MID_RANGE_ATTEMPT": 0.22826086956521738, "FG_SHORT_MID_RANGE_BLOCK": 0.0, "FG_SHORT_MID_RANGE_MADE": 0.38095238095238093, "FG_SHORT_MID_RANGE_MADE_FOUL": 0.010869565217391304, "FG_XY": {"ARC_3": {"6|258": 0.09090909090909091, "-196|163": 0.09090909090909091, "-179|182": 0.09090909090909091, "-26|257": 0.09090909090909091, "27|255": 0.09090909090909091, "113|227": 0.09090909090909091, "-202|137": 0.09090909090909091, "31|260": 0.09090909090909091, "152|197": 0.09090909090909091, "109|341": 0.09090909090909091, "-224|155": 0.09090909090909091}, "AT_RIM": {"10|19": 0.1, "25|8": 0.1, "5|0": 0.1, "-21|1": 0.1, "11|33": 0.1, "-1|1": 0.1, "-1|10": 0.1, "-6|13": 0.1, "0|0": 0.1, "13|8": 0.1}, "CORNER_3": {"-233|29": 0.09090909090909091, "-237|36": 0.09090909090909091, "-229|48": 0.09090909090909091, "229|20": 0.09090909090909091, "-232|-12": 0.09090909090909091, "229|73": 0.09090909090909091, "228|-11": 0.09090909090909091, "-240|26": 0.09090909090909091, "233|-1": 0.09090909090909091, "222|-9": 0.09090909090909091, "229|42": 0.09090909090909091}, "LONG_MID_RANGE": {"123|86": 0.1111111111111111, "-174|71": 0.1111111111111111, "183|22": 0.1111111111111111, "-32|136": 0.1111111111111111, "154|12": 0.1111111111111111, "170|50": 0.1111111111111111, "-104|122": 0.1111111111111111, "-125|129": 0.1111111111111111, "7|155": 0.1111111111111111}, "SHORT_MID_RANGE": {"4|132": 0.047619047619047616, "94|46": 0.047619047619047616, "-22|130": 0.047619047619047616, "26|104": 0.047619047619047616, "44|106": 0.047619047619047616, "-93|-5": 0.047619047619047616, "-125|13": 0.047619047619047616, "-32|59": 0.047619047619047616, "11|109": 0.047619047619047616, "-42|33": 0.047619047619047616, "93|67": 0.047619047619047616, "26|61": 0.047619047619047616, "70|17": 0.047619047619047616, "119|32": 0.047619047619047616, "-6|113": 0.047619047619047616, "-94|10": 0.047619047619047616, "93|88": 0.047619047619047616, "98|63": 0.047619047619047616, "-42|8": 0.047619047619047616, "-5|71": 0.047619047619047616, "105|9": 0.047619047619047616}}, "FOUL_AWAY_FROM_PLAY": 0.0, "FOULED_AWAY_FROM_PLAY": 0.0, "FOUL_CLEAR_PATH": 0.0, "FOULED_CLEAR_PATH": 0.0, "FOUL_COUNT_AS_PERSONAL": 0.3188405797101449, "FOULED_COUNT_AS_PERSONAL": 0.11428571428571428, "FOUL_COUNT_TOWARD_PENALTY": 0.3220338983050847, "FOULED_COUNT_TOWARD_PENALTY": 0.11475409836065574, "FOUL_DEFENSIVE_NON_SHOOTING": 0.27586206896551724, "FOULED_DEFENSIVE_NON_SHOOTING": 0.14814814814814814, "FOUL_DOUBLE": 0.0, "FOUL_TECHNICAL_DOUBLE": 0.0, "FOUL_FLAGRANT": 1.0, "FOULED_FLAGRANT": 0.0, "FOUL_FLAGRANT_1": 0.0, "FOULED_FLAGRANT_1": 0.0, "FOUL_FLAGRANT_2": 1.0, "FOULED_FLAGRANT_2": 0.0, "FOUL_INBOUND": 0.0, "FOULED_INBOUND": 0.0, "FOUL_LOOSE_BALL": 0.0, "FOULED_LOOSE_BALL": 0.0, "FOUL_OFFENSIVE_CHARGE": 0.0, "FOULED_OFFENSIVE_CHARGE": 0.25, "FOUL_OFFENSIVE_OTHER": 0.0, "FOULED_OFFENSIVE_OTHER": 0.0, "FOUL_OFFENSIVE_TOTAL": 0.3, "FOULED_OFFENSIVE_TOTAL": 0.1111111111111111, "FOUL_PERSONAL": 0.2916666666666667, "FOULED_PERSONAL": 0.2, "FOUL_PERSONAL_BLOCK": 0.0, "FOULED_PERSONAL_BLOCK": 0.0, "FOUL_PERSONAL_TAKE": 0.0, "FOULED_PERSONAL_TAKE": 0.0, "FOUL_SHOOTING": 0.36666666666666664, "FOULED_SHOOTING": 0.08823529411764706, "FOUL_SHOOTING_BLOCK": 0.0, "FOULED_SHOOTING_BLOCK": 0.0, "FOUL_TECHNICAL": 0.16666666666666666, "FT": 1.0, "REBOUND_DEFENSIVE": 0.07575757575757576, "REBOUND_OFFENSIVE": 0.07386363636363637, "STEAL": 0.125, "SHOT_TYPE_ARC_3_OFFENSIVE": 0.2594752186588921, "SHOT_TYPE_ARC_3_DEFENSIVE": 0.3936781609195402, "SHOT_TYPE_AT_RIM_OFFENSIVE": 0.26239067055393583, "SHOT_TYPE_AT_RIM_DEFENSIVE": 0.27298850574712646, "SHOT_TYPE_CORNER_3_OFFENSIVE": 0.09912536443148688, "SHOT_TYPE_CORNER_3_DEFENSIVE": 0.11781609195402298, "SHOT_TYPE_LONG_MID_RANGE_OFFENSIVE": 0.11078717201166181, "SHOT_TYPE_LONG_MID_RANGE_DEFENSIVE": 0.07471264367816093, "SHOT_TYPE_SHORT_MID_RANGE_OFFENSIVE": 0.26822157434402333, "SHOT_TYPE_SHORT_MID_RANGE_DEFENSIVE": 0.14080459770114942, "TURNOVER": 0.21428571428571427, "VIOLATION_DEFENSIVE_GOALTENDING": 0.0, "VIOLATION_DEFENSIVE_KICK_BALL": 0.0}