{"ASSIST": 0.0963855421686747, "BLOCK": 0.35714285714285715, "FG_ARC_3_ATTEMPT": 0.028037383177570093, "FG_ARC_3_BLOCK": 0.0, "FG_ARC_3_MADE": 1.0, "FG_ARC_3_MADE_FOUL": 0.0, "FG_AT_RIM_ATTEMPT": 0.25925925925925924, "FG_AT_RIM_BLOCK": 0.06481481481481481, "FG_AT_RIM_MADE": 0.4642857142857143, "FG_AT_RIM_MADE_FOUL": 0.0, "FG_CORNER_3_ATTEMPT": 0.0625, "FG_CORNER_3_BLOCK": 0.0, "FG_CORNER_3_MADE": 1.0, "FG_CORNER_3_MADE_FOUL": 0.0, "FG_LONG_MID_RANGE_ATTEMPT": 0.0, "FG_LONG_MID_RANGE_BLOCK": 0.0, "FG_LONG_MID_RANGE_MADE": 0.0, "FG_LONG_MID_RANGE_MADE_FOUL": 0.0, "FG_SHORT_MID_RANGE_ATTEMPT": 0.18181818181818182, "FG_SHORT_MID_RANGE_BLOCK": 0.0, "FG_SHORT_MID_RANGE_MADE": 0.14285714285714285, "FG_SHORT_MID_RANGE_MADE_FOUL": 0.0, "FG_XY": {"ARC_3": {"138|207": 0.3333333333333333, "192|166": 0.3333333333333333, "129|224": 0.3333333333333333}, "AT_RIM": {"16|8": 0.03571428571428571, "-12|11": 0.03571428571428571, "0|0": 0.25, "37|8": 0.03571428571428571, "2|17": 0.03571428571428571, "-2|0": 0.03571428571428571, "-2|14": 0.03571428571428571, "-9|11": 0.03571428571428571, "-18|24": 0.03571428571428571, "-27|20": 0.03571428571428571, "7|27": 0.03571428571428571, "16|34": 0.03571428571428571, "-4|21": 0.03571428571428571, "1|11": 0.03571428571428571, "-5|31": 0.03571428571428571, "-7|10": 0.03571428571428571, "20|32": 0.03571428571428571, "-22|11": 0.03571428571428571, "-2|25": 0.03571428571428571, "-10|15": 0.03571428571428571, "-2|15": 0.03571428571428571, "-9|13": 0.03571428571428571}, "CORNER_3": {"-232|11": 0.5, "227|47": 0.5}, "LONG_MID_RANGE": {}, "SHORT_MID_RANGE": {"-48|16": 0.07142857142857142, "0|73": 0.07142857142857142, "-10|53": 0.07142857142857142, "27|48": 0.07142857142857142, "42|41": 0.07142857142857142, "22|90": 0.07142857142857142, "-21|50": 0.07142857142857142, "2|84": 0.07142857142857142, "0|75": 0.07142857142857142, "50|121": 0.07142857142857142, "-33|49": 0.07142857142857142, "-2|79": 0.07142857142857142, "53|14": 0.07142857142857142, "-38|38": 0.07142857142857142}}, "FOUL_AWAY_FROM_PLAY": 0.0, "FOULED_AWAY_FROM_PLAY": 0.0, "FOUL_CLEAR_PATH": 0.0, "FOULED_CLEAR_PATH": 0.0, "FOUL_COUNT_AS_PERSONAL": 0.3333333333333333, "FOULED_COUNT_AS_PERSONAL": 0.24358974358974358, "FOUL_COUNT_TOWARD_PENALTY": 0.2857142857142857, "FOULED_COUNT_TOWARD_PENALTY": 0.25675675675675674, "FOUL_DEFENSIVE_NON_SHOOTING": 0.2564102564102564, "FOULED_DEFENSIVE_NON_SHOOTING": 0.3125, "FOUL_DOUBLE": 0.0, "FOUL_TECHNICAL_DOUBLE": 0.0, "FOUL_FLAGRANT": 0.0, "FOULED_FLAGRANT": 0.0, "FOUL_FLAGRANT_1": 0.0, "FOULED_FLAGRANT_1": 0.0, "FOUL_FLAGRANT_2": 0.0, "FOULED_FLAGRANT_2": 0.0, "FOUL_INBOUND": 0.0, "FOULED_INBOUND": 0.0, "FOUL_LOOSE_BALL": 0.0, "FOULED_LOOSE_BALL": 1.0, "FOUL_OFFENSIVE_CHARGE": 0.75, "FOULED_OFFENSIVE_CHARGE": 0.0, "FOUL_OFFENSIVE_OTHER": 0.0, "FOULED_OFFENSIVE_OTHER": 0.0, "FOUL_OFFENSIVE_TOTAL": 0.75, "FOULED_OFFENSIVE_TOTAL": 0.0, "FOUL_PERSONAL": 0.2608695652173913, "FOULED_PERSONAL": 0.25, "FOUL_PERSONAL_BLOCK": 0.0, "FOULED_PERSONAL_BLOCK": 0.0, "FOUL_PERSONAL_TAKE": 0.0, "FOULED_PERSONAL_TAKE": 0.0, "FOUL_SHOOTING": 0.3225806451612903, "FOULED_SHOOTING": 0.21428571428571427, "FOUL_SHOOTING_BLOCK": 0.0, "FOULED_SHOOTING_BLOCK": 0.0, "FOUL_TECHNICAL": 0.0, "FT": 0.5714285714285714, "REBOUND_DEFENSIVE": 0.22916666666666666, "REBOUND_OFFENSIVE": 0.16097560975609757, "STEAL": 0.17391304347826086, "SHOT_TYPE_ARC_3_OFFENSIVE": 0.300561797752809, "SHOT_TYPE_ARC_3_DEFENSIVE": 0.30327868852459017, "SHOT_TYPE_AT_RIM_OFFENSIVE": 0.30337078651685395, "SHOT_TYPE_AT_RIM_DEFENSIVE": 0.3469945355191257, "SHOT_TYPE_CORNER_3_OFFENSIVE": 0.0898876404494382, "SHOT_TYPE_CORNER_3_DEFENSIVE": 0.09836065573770492, "SHOT_TYPE_LONG_MID_RANGE_OFFENSIVE": 0.0898876404494382, "SHOT_TYPE_LONG_MID_RANGE_DEFENSIVE": 0.08469945355191257, "SHOT_TYPE_SHORT_MID_RANGE_OFFENSIVE": 0.21629213483146068, "SHOT_TYPE_SHORT_MID_RANGE_DEFENSIVE": 0.16666666666666666, "TURNOVER": 0.17543859649122806, "VIOLATION_DEFENSIVE_GOALTENDING": 1.0, "VIOLATION_DEFENSIVE_KICK_BALL": 0.25}