{"ASSIST": 0.13793103448275862, "BLOCK": 0.3333333333333333, "FG_ARC_3_ATTEMPT": 0.16455696202531644, "FG_ARC_3_BLOCK": 0.0, "FG_ARC_3_MADE": 0.07692307692307693, "FG_ARC_3_MADE_FOUL": 0.0, "FG_AT_RIM_ATTEMPT": 0.08823529411764706, "FG_AT_RIM_BLOCK": 0.0, "FG_AT_RIM_MADE": 0.6666666666666666, "FG_AT_RIM_MADE_FOUL": 0.014705882352941176, "FG_CORNER_3_ATTEMPT": 0.3333333333333333, "FG_CORNER_3_BLOCK": 0.0, "FG_CORNER_3_MADE": 0.2222222222222222, "FG_CORNER_3_MADE_FOUL": 0.0, "FG_LONG_MID_RANGE_ATTEMPT": 0.2, "FG_LONG_MID_RANGE_BLOCK": 0.0, "FG_LONG_MID_RANGE_MADE": 0.25, "FG_LONG_MID_RANGE_MADE_FOUL": 0.0, "FG_SHORT_MID_RANGE_ATTEMPT": 0.20408163265306123, "FG_SHORT_MID_RANGE_BLOCK": 0.0, "FG_SHORT_MID_RANGE_MADE": 0.5, "FG_SHORT_MID_RANGE_MADE_FOUL": 0.0, "FG_XY": {"ARC_3": {"-217|130": 0.07692307692307693, "-152|190": 0.07692307692307693, "-183|174": 0.07692307692307693, "-165|205": 0.07692307692307693, "-54|243": 0.07692307692307693, "-129|211": 0.07692307692307693, "-113|221": 0.07692307692307693, "-212|130": 0.07692307692307693, "-213|157": 0.07692307692307693, "124|216": 0.07692307692307693, "-180|185": 0.07692307692307693, "-83|241": 0.07692307692307693, "-153|194": 0.07692307692307693}, "AT_RIM": {"-15|11": 0.16666666666666666, "-17|14": 0.16666666666666666, "-2|36": 0.16666666666666666, "12|8": 0.16666666666666666, "0|0": 0.16666666666666666, "-20|12": 0.16666666666666666}, "CORNER_3": {"-229|3": 0.1111111111111111, "232|45": 0.1111111111111111, "-234|-32": 0.1111111111111111, "-234|4": 0.1111111111111111, "-233|5": 0.1111111111111111, "-245|-27": 0.1111111111111111, "-227|27": 0.1111111111111111, "-233|23": 0.1111111111111111, "225|75": 0.1111111111111111}, "LONG_MID_RANGE": {"39|216": 0.125, "-83|176": 0.125, "-75|144": 0.125, "-195|57": 0.125, "-25|178": 0.125, "97|151": 0.125, "-158|33": 0.125, "-142|67": 0.125}, "SHORT_MID_RANGE": {"-33|74": 0.1, "2|123": 0.1, "67|122": 0.1, "58|100": 0.1, "-16|114": 0.1, "-75|43": 0.1, "-50|4": 0.1, "16|106": 0.1, "20|47": 0.1, "-6|54": 0.1}}, "FOUL_AWAY_FROM_PLAY": 0.0, "FOULED_AWAY_FROM_PLAY": 0.0, "FOUL_CLEAR_PATH": 0.0, "FOULED_CLEAR_PATH": 0.0, "FOUL_COUNT_AS_PERSONAL": 0.265625, "FOULED_COUNT_AS_PERSONAL": 0.125, "FOUL_COUNT_TOWARD_PENALTY": 0.25, "FOULED_COUNT_TOWARD_PENALTY": 0.11320754716981132, "FOUL_DEFENSIVE_NON_SHOOTING": 0.21951219512195122, "FOULED_DEFENSIVE_NON_SHOOTING": 0.06896551724137931, "FOUL_DOUBLE": 0.0, "FOUL_TECHNICAL_DOUBLE": 0.0, "FOUL_FLAGRANT": 0.0, "FOULED_FLAGRANT": 0.0, "FOUL_FLAGRANT_1": 0.0, "FOULED_FLAGRANT_1": 0.0, "FOUL_FLAGRANT_2": 0.0, "FOULED_FLAGRANT_2": 0.0, "FOUL_INBOUND": 0.0, "FOULED_INBOUND": 0.0, "FOUL_LOOSE_BALL": 0.0, "FOULED_LOOSE_BALL": 0.0, "FOUL_OFFENSIVE_CHARGE": 1.0, "FOULED_OFFENSIVE_CHARGE": 0.0, "FOUL_OFFENSIVE_OTHER": 0.0, "FOULED_OFFENSIVE_OTHER": 0.0, "FOUL_OFFENSIVE_TOTAL": 0.5, "FOULED_OFFENSIVE_TOTAL": 0.18181818181818182, "FOUL_PERSONAL": 0.25925925925925924, "FOULED_PERSONAL": 0.10526315789473684, "FOUL_PERSONAL_BLOCK": 0.0, "FOULED_PERSONAL_BLOCK": 0.0, "FOUL_PERSONAL_TAKE": 0.2, "FOULED_PERSONAL_TAKE": 0.0, "FOUL_SHOOTING": 0.3157894736842105, "FOULED_SHOOTING": 0.16666666666666666, "FOUL_SHOOTING_BLOCK": 0.0, "FOULED_SHOOTING_BLOCK": 0.0, "FOUL_TECHNICAL": 0.0, "FT": 0.8333333333333334, "REBOUND_DEFENSIVE": 0.10135135135135136, "REBOUND_OFFENSIVE": 0.012578616352201259, "STEAL": 0.15789473684210525, "SHOT_TYPE_ARC_3_OFFENSIVE": 0.30038022813688214, "SHOT_TYPE_ARC_3_DEFENSIVE": 0.32706766917293234, "SHOT_TYPE_AT_RIM_OFFENSIVE": 0.2585551330798479, "SHOT_TYPE_AT_RIM_DEFENSIVE": 0.2932330827067669, "SHOT_TYPE_CORNER_3_OFFENSIVE": 0.10266159695817491, "SHOT_TYPE_CORNER_3_DEFENSIVE": 0.11654135338345864, "SHOT_TYPE_LONG_MID_RANGE_OFFENSIVE": 0.1520912547528517, "SHOT_TYPE_LONG_MID_RANGE_DEFENSIVE": 0.08646616541353383, "SHOT_TYPE_SHORT_MID_RANGE_OFFENSIVE": 0.18631178707224336, "SHOT_TYPE_SHORT_MID_RANGE_DEFENSIVE": 0.17669172932330826, "TURNOVER": 0.1951219512195122, "VIOLATION_DEFENSIVE_GOALTENDING": 0.0, "VIOLATION_DEFENSIVE_KICK_BALL": 0.0}