{"ASSIST": 0.23265306122448978, "BLOCK": 0.3333333333333333, "FG_ARC_3_ATTEMPT": 0.24423963133640553, "FG_ARC_3_BLOCK": 0.0, "FG_ARC_3_MADE": 0.24528301886792453, "FG_ARC_3_MADE_FOUL": 0.0, "FG_AT_RIM_ATTEMPT": 0.21621621621621623, "FG_AT_RIM_BLOCK": 0.023166023166023165, "FG_AT_RIM_MADE": 0.5357142857142857, "FG_AT_RIM_MADE_FOUL": 0.011583011583011582, "FG_CORNER_3_ATTEMPT": 0.14285714285714285, "FG_CORNER_3_BLOCK": 0.0, "FG_CORNER_3_MADE": 0.8181818181818182, "FG_CORNER_3_MADE_FOUL": 0.012987012987012988, "FG_LONG_MID_RANGE_ATTEMPT": 0.216, "FG_LONG_MID_RANGE_BLOCK": 0.0, "FG_LONG_MID_RANGE_MADE": 0.4074074074074074, "FG_LONG_MID_RANGE_MADE_FOUL": 0.0, "FG_SHORT_MID_RANGE_ATTEMPT": 0.2848101265822785, "FG_SHORT_MID_RANGE_BLOCK": 0.012658227848101266, "FG_SHORT_MID_RANGE_MADE": 0.26666666666666666, "FG_SHORT_MID_RANGE_MADE_FOUL": 0.0, "FG_XY": {"ARC_3": {"105|247": 0.018867924528301886, "-105|239": 0.018867924528301886, "-77|240": 0.018867924528301886, "-212|169": 0.018867924528301886, "91|235": 0.018867924528301886, "-115|233": 0.018867924528301886, "152|200": 0.018867924528301886, "-1|256": 0.018867924528301886, "74|235": 0.018867924528301886, "54|249": 0.018867924528301886, "23|278": 0.018867924528301886, "47|258": 0.018867924528301886, "-105|242": 0.018867924528301886, "-119|250": 0.018867924528301886, "-192|176": 0.018867924528301886, "51|243": 0.018867924528301886, "103|226": 0.018867924528301886, "-96|263": 0.018867924528301886, "-22|269": 0.018867924528301886, "-47|253": 0.018867924528301886, "-112|234": 0.018867924528301886, "-216|122": 0.018867924528301886, "17|247": 0.018867924528301886, "107|248": 0.018867924528301886, "42|270": 0.018867924528301886, "-56|259": 0.018867924528301886, "45|250": 0.018867924528301886, "218|151": 0.018867924528301886, "-18|273": 0.018867924528301886, "-72|250": 0.018867924528301886, "-118|235": 0.018867924528301886, "175|194": 0.018867924528301886, "98|237": 0.018867924528301886, "-31|261": 0.018867924528301886, "-34|257": 0.018867924528301886, "192|170": 0.018867924528301886, "-9|272": 0.018867924528301886, "27|262": 0.018867924528301886, "60|242": 0.018867924528301886, "-17|268": 0.018867924528301886, "-7|250": 0.018867924528301886, "207|133": 0.018867924528301886, "-127|238": 0.018867924528301886, "-70|257": 0.018867924528301886, "-138|218": 0.018867924528301886, "-22|261": 0.018867924528301886, "-1|258": 0.018867924528301886, "121|222": 0.018867924528301886, "-97|229": 0.018867924528301886, "-174|206": 0.018867924528301886, "1|265": 0.018867924528301886, "192|153": 0.018867924528301886, "-119|262": 0.018867924528301886}, "AT_RIM": {"-1|23": 0.017857142857142856, "32|5": 0.017857142857142856, "-21|20": 0.017857142857142856, "22|5": 0.017857142857142856, "0|0": 0.19642857142857142, "21|4": 0.017857142857142856, "21|22": 0.017857142857142856, "-27|10": 0.017857142857142856, "16|36": 0.017857142857142856, "-2|31": 0.017857142857142856, "21|16": 0.017857142857142856, "-26|-8": 0.017857142857142856, "1|26": 0.017857142857142856, "-5|38": 0.017857142857142856, "4|34": 0.017857142857142856, "-5|37": 0.017857142857142856, "-13|9": 0.017857142857142856, "-23|1": 0.03571428571428571, "1|10": 0.017857142857142856, "9|-3": 0.017857142857142856, "-1|31": 0.017857142857142856, "-23|5": 0.017857142857142856, "16|25": 0.017857142857142856, "-11|10": 0.017857142857142856, "-1|21": 0.017857142857142856, "-33|3": 0.017857142857142856, "-7|5": 0.017857142857142856, "28|1": 0.017857142857142856, "-17|-5": 0.017857142857142856, "-4|25": 0.017857142857142856, "-2|1": 0.017857142857142856, "-2|6": 0.017857142857142856, "5|0": 0.017857142857142856, "-28|4": 0.017857142857142856, "0|12": 0.017857142857142856, "2|10": 0.017857142857142856, "11|4": 0.017857142857142856, "12|6": 0.017857142857142856, "-29|22": 0.017857142857142856, "-2|11": 0.017857142857142856, "12|1": 0.017857142857142856, "-22|18": 0.017857142857142856, "18|3": 0.017857142857142856, "16|5": 0.017857142857142856, "-10|3": 0.017857142857142856}, "CORNER_3": {"229|1": 0.09090909090909091, "232|17": 0.09090909090909091, "-233|1": 0.09090909090909091, "229|3": 0.09090909090909091, "221|-22": 0.09090909090909091, "-239|-7": 0.09090909090909091, "-228|-4": 0.09090909090909091, "-235|43": 0.09090909090909091, "234|6": 0.09090909090909091, "229|12": 0.09090909090909091, "-230|-19": 0.09090909090909091}, "LONG_MID_RANGE": {"-132|62": 0.037037037037037035, "-54|166": 0.037037037037037035, "78|197": 0.037037037037037035, "-158|138": 0.037037037037037035, "22|159": 0.037037037037037035, "148|8": 0.037037037037037035, "-142|13": 0.037037037037037035, "-70|193": 0.037037037037037035, "-89|159": 0.037037037037037035, "-15|148": 0.037037037037037035, "145|52": 0.037037037037037035, "-45|194": 0.037037037037037035, "-148|31": 0.037037037037037035, "-49|187": 0.037037037037037035, "147|30": 0.037037037037037035, "-29|153": 0.037037037037037035, "-156|44": 0.037037037037037035, "141|95": 0.037037037037037035, "0|153": 0.037037037037037035, "-13|200": 0.037037037037037035, "-17|225": 0.037037037037037035, "-82|141": 0.037037037037037035, "-141|31": 0.037037037037037035, "169|84": 0.037037037037037035, "190|14": 0.037037037037037035, "-141|34": 0.037037037037037035, "140|71": 0.037037037037037035}, "SHORT_MID_RANGE": {"-43|4": 0.022222222222222223, "48|21": 0.022222222222222223, "-20|78": 0.022222222222222223, "-124|10": 0.022222222222222223, "-6|82": 0.022222222222222223, "21|74": 0.022222222222222223, "45|19": 0.022222222222222223, "-11|50": 0.022222222222222223, "123|60": 0.022222222222222223, "-2|52": 0.022222222222222223, "119|39": 0.022222222222222223, "2|50": 0.022222222222222223, "-36|52": 0.022222222222222223, "-31|82": 0.022222222222222223, "-136|-11": 0.022222222222222223, "-108|53": 0.022222222222222223, "-22|53": 0.022222222222222223, "7|54": 0.022222222222222223, "15|106": 0.022222222222222223, "-43|59": 0.022222222222222223, "-13|98": 0.022222222222222223, "-113|2": 0.022222222222222223, "40|15": 0.022222222222222223, "115|30": 0.022222222222222223, "-98|4": 0.022222222222222223, "21|48": 0.022222222222222223, "1|119": 0.022222222222222223, "130|28": 0.022222222222222223, "7|47": 0.022222222222222223, "-5|52": 0.022222222222222223, "1|56": 0.022222222222222223, "-91|15": 0.022222222222222223, "39|48": 0.022222222222222223, "-44|72": 0.022222222222222223, "-9|72": 0.022222222222222223, "-59|22": 0.022222222222222223, "48|11": 0.022222222222222223, "-53|71": 0.022222222222222223, "1|118": 0.022222222222222223, "109|21": 0.022222222222222223, "-1|49": 0.022222222222222223, "2|116": 0.022222222222222223, "43|55": 0.022222222222222223, "81|59": 0.022222222222222223, "0|67": 0.022222222222222223}}, "FOUL_AWAY_FROM_PLAY": 0.0, "FOULED_AWAY_FROM_PLAY": 0.0, "FOUL_CLEAR_PATH": 0.0, "FOULED_CLEAR_PATH": 0.0, "FOUL_COUNT_AS_PERSONAL": 0.21710526315789475, "FOULED_COUNT_AS_PERSONAL": 0.16560509554140126, "FOUL_COUNT_TOWARD_PENALTY": 0.21678321678321677, "FOULED_COUNT_TOWARD_PENALTY": 0.1780821917808219, "FOUL_DEFENSIVE_NON_SHOOTING": 0.11475409836065574, "FOULED_DEFENSIVE_NON_SHOOTING": 0.23880597014925373, "FOUL_DOUBLE": 0.0, "FOUL_TECHNICAL_DOUBLE": 0.0, "FOUL_FLAGRANT": 0.5, "FOULED_FLAGRANT": 0.0, "FOUL_FLAGRANT_1": 0.5, "FOULED_FLAGRANT_1": 0.0, "FOUL_FLAGRANT_2": 0.0, "FOULED_FLAGRANT_2": 0.0, "FOUL_INBOUND": 0.0, "FOULED_INBOUND": 0.0, "FOUL_LOOSE_BALL": 0.0, "FOULED_LOOSE_BALL": 0.2, "FOUL_OFFENSIVE_CHARGE": 0.0, "FOULED_OFFENSIVE_CHARGE": 0.0, "FOUL_OFFENSIVE_OTHER": 0.0, "FOULED_OFFENSIVE_OTHER": 0.0, "FOUL_OFFENSIVE_TOTAL": 0.2222222222222222, "FOULED_OFFENSIVE_TOTAL": 0.0, "FOUL_PERSONAL": 0.10638297872340426, "FOULED_PERSONAL": 0.3111111111111111, "FOUL_PERSONAL_BLOCK": 0.0, "FOULED_PERSONAL_BLOCK": 0.0, "FOUL_PERSONAL_TAKE": 0.1, "FOULED_PERSONAL_TAKE": 0.0, "FOUL_SHOOTING": 0.2926829268292683, "FOULED_SHOOTING": 0.12658227848101267, "FOUL_SHOOTING_BLOCK": 0.0, "FOULED_SHOOTING_BLOCK": 0.0, "FOUL_TECHNICAL": 0.2857142857142857, "FT": 0.6153846153846154,