{"ASSIST": 0.28350515463917525, "BLOCK": 0.1111111111111111, "FG_ARC_3_ATTEMPT": 0.33093525179856115, "FG_ARC_3_BLOCK": 0.0035971223021582736, "FG_ARC_3_MADE": 0.43478260869565216, "FG_ARC_3_MADE_FOUL": 0.0, "FG_AT_RIM_ATTEMPT": 0.22488038277511962, "FG_AT_RIM_BLOCK": 0.023923444976076555, "FG_AT_RIM_MADE": 0.6170212765957447, "FG_AT_RIM_MADE_FOUL": 0.014354066985645933, "FG_CORNER_3_ATTEMPT": 0.07894736842105263, "FG_CORNER_3_BLOCK": 0.0, "FG_CORNER_3_MADE": 0.6666666666666666, "FG_CORNER_3_MADE_FOUL": 0.0, "FG_LONG_MID_RANGE_ATTEMPT": 0.2736842105263158, "FG_LONG_MID_RANGE_BLOCK": 0.0, "FG_LONG_MID_RANGE_MADE": 0.46153846153846156, "FG_LONG_MID_RANGE_MADE_FOUL": 0.0, "FG_SHORT_MID_RANGE_ATTEMPT": 0.23741007194244604, "FG_SHORT_MID_RANGE_BLOCK": 0.007194244604316547, "FG_SHORT_MID_RANGE_MADE": 0.5454545454545454, "FG_SHORT_MID_RANGE_MADE_FOUL": 0.014388489208633094, "FG_XY": {"ARC_3": {"-62|243": 0.010869565217391304, "-6|246": 0.010869565217391304, "33|253": 0.010869565217391304, "72|241": 0.010869565217391304, "-77|251": 0.010869565217391304, "126|238": 0.010869565217391304, "-114|247": 0.010869565217391304, "87|231": 0.010869565217391304, "-60|245": 0.010869565217391304, "-167|197": 0.010869565217391304, "115|238": 0.010869565217391304, "-93|235": 0.010869565217391304, "154|193": 0.010869565217391304, "120|222": 0.010869565217391304, "-76|235": 0.010869565217391304, "-154|192": 0.010869565217391304, "86|242": 0.010869565217391304, "141|220": 0.010869565217391304, "126|218": 0.010869565217391304, "103|227": 0.010869565217391304, "-51|262": 0.010869565217391304, "-1|256": 0.010869565217391304, "120|233": 0.010869565217391304, "119|215": 0.010869565217391304, "119|227": 0.010869565217391304, "-229|110": 0.010869565217391304, "26|248": 0.010869565217391304, "143|205": 0.010869565217391304, "-172|171": 0.010869565217391304, "217|137": 0.010869565217391304, "-126|256": 0.010869565217391304, "-88|244": 0.010869565217391304, "-167|214": 0.010869565217391304, "131|226": 0.010869565217391304, "-78|258": 0.010869565217391304, "96|231": 0.010869565217391304, "77|243": 0.010869565217391304, "161|189": 0.010869565217391304, "121|232": 0.010869565217391304, "-162|193": 0.010869565217391304, "36|253": 0.010869565217391304, "-33|242": 0.010869565217391304, "140|209": 0.010869565217391304, "60|265": 0.010869565217391304, "-121|237": 0.010869565217391304, "-120|242": 0.010869565217391304, "77|267": 0.010869565217391304, "186|187": 0.010869565217391304, "134|243": 0.010869565217391304, "38|257": 0.010869565217391304, "-23|262": 0.010869565217391304, "70|263": 0.010869565217391304, "137|256": 0.010869565217391304, "121|208": 0.010869565217391304, "173|201": 0.010869565217391304, "0|251": 0.010869565217391304, "-120|216": 0.010869565217391304, "-87|245": 0.010869565217391304, "104|229": 0.010869565217391304, "-51|251": 0.010869565217391304, "-140|216": 0.010869565217391304, "-127|237": 0.010869565217391304, "129|236": 0.010869565217391304, "168|201": 0.010869565217391304, "136|216": 0.010869565217391304, "78|248": 0.010869565217391304, "123|237": 0.010869565217391304, "-186|199": 0.010869565217391304, "-137|210": 0.010869565217391304, "-164|205": 0.010869565217391304, "85|237": 0.010869565217391304, "165|209": 0.010869565217391304, "83|243": 0.010869565217391304, "-16|250": 0.010869565217391304, "55|241": 0.010869565217391304, "151|200": 0.010869565217391304, "140|211": 0.010869565217391304, "-27|245": 0.010869565217391304, "-83|241": 0.010869565217391304, "126|222": 0.010869565217391304, "-109|231": 0.010869565217391304, "9|249": 0.010869565217391304, "-88|231": 0.010869565217391304, "83|239": 0.010869565217391304, "49|254": 0.010869565217391304, "156|221": 0.010869565217391304, "-216|141": 0.010869565217391304, "-127|215": 0.010869565217391304, "114|226": 0.010869565217391304, "-43|243": 0.010869565217391304, "156|199": 0.010869565217391304, "-141|205": 0.010869565217391304}, "AT_RIM": {"2|3": 0.0425531914893617, "12|9": 0.02127659574468085, "-10|12": 0.02127659574468085, "26|25": 0.02127659574468085, "4|8": 0.02127659574468085, "16|0": 0.02127659574468085, "-1|3": 0.0425531914893617, "-11|16": 0.02127659574468085, "5|37": 0.02127659574468085, "1|4": 0.0425531914893617, "-20|-1": 0.02127659574468085, "-9|4": 0.02127659574468085, "25|3": 0.02127659574468085, "-12|-1": 0.02127659574468085, "2|7": 0.02127659574468085, "-12|18": 0.02127659574468085, "10|10": 0.02127659574468085, "4|4": 0.02127659574468085, "-10|35": 0.02127659574468085, "-23|17": 0.02127659574468085, "23|-1": 0.02127659574468085, "1|16": 0.02127659574468085, "-10|11": 0.02127659574468085, "1|22": 0.02127659574468085, "-9|22": 0.02127659574468085, "11|-3": 0.02127659574468085, "18|18": 0.02127659574468085, "23|26": 0.02127659574468085, "-23|12": 0.02127659574468085, "-26|-8": 0.02127659574468085, "11|4": 0.02127659574468085, "0|-4": 0.02127659574468085, "-20|6": 0.02127659574468085, "-2|0": 0.02127659574468085, "4|-1": 0.02127659574468085, "5|6": 0.02127659574468085, "23|10": 0.02127659574468085, "-7|7": 0.02127659574468085, "7|5": 0.02127659574468085, "-4|13": 0.02127659574468085, "-7|8": 0.02127659574468085, "10|0": 0.02127659574468085, "-16|-1": 0.02127659574468085, "5|-3": 0.02127659574468085}, "CORNER_3": {"227|4": 0.16666666666666666, "-230|2": 0.16666666666666666, "225|-21": 0.16666666666666666, "-241|-1": 0.16666666666666666, "219|52": 0.16666666666666666, "227|5": 0.16666666666666666}, "LONG_MID_RANGE": {"-140|159": 0.038461538461538464, "100|111": 0.038461538461538464, "-138|136": 0.038461538461538464, "50|142": 0.038461538461538464, "119|114": 0.038461538461538464, "-119|111": 0.038461538461538464, "48|183": 0.038461538461538464, "37|179": 0.038461538461538464, "75|171": 0.038461538461538464, "-102|138": 0.038461538461538464, "129|105": 0.038461538461538464, "-89|115": 0.038461538461538464, "-158|41": 0.038461538461538464, "11|205": 0.038461538461538464, "15|211": 0.038461538461538464, "140|32": 0.038461538461538464, "65|135": 0.038461538461538464, "-23|168": 0.038461538461538464, "-50|203": 0.038461538461538464, "-36|166": 0.038461538461538464, "120|178": 0.038461538461538464, "2|166": 0.038461538461538464, "130|63": 0.038461538461538464, "168|61": 0.038461538461538464, "-130|63": 0.038461538461538464, "-13|183": 0.038461538461538464}, "SHORT_MID_RANGE": {"-12|56": 0.030303030303030304, "36|105": 0.030303030303030304, "-27|94": 0.030303030303030304, "13|72": 0.030303030303030304, "12|114": 0.030303030303030304, "-12|45": 0.030303030303030304, "-16|51": 0.030303030303030304, "-36|75": 0.030303030303030304, "-43|98": 0.030303030303030304, "-26|59": 0.030303030303030304, "70|77": 0.030303030303030304, "70|104": 0.030303030303030304, "-11|48": 0.030303030303030304, "42|37": 0.030303030303030304, "28|110": 0.030303030303030304, "-31|66": 0.030303030303030304, "38|13": 0.030303030303030304, "-51|116": 0.030303030303030304, "129|-1": 0.030303030303030304, "-49|17": 0.030303030303030304, "-53|62": 0.030303030303030304, "-44|105": 0.030303030303030304, "74|90": 0.030303030303030304, "-21|96": 0.030303030303030304, "-20|76": 0.030303030303030304, "29|95": 0.030303030303030304, "33|25": 0.030303030303030304, "-136|13": 0.030303030303030304, "-26|38": 0.030303030303030304, "-105|71": 0.030303030303030304, "1|125": 0.030303030303030304, "29|62": 0.030303030303030304, "13|79": 0.030303030303030304}}, "FOUL_AWAY_FROM_PLAY": 0.0, "FOULED_AWAY_FROM_PLAY": 0.0, "FOUL_CLEAR_PATH": 0.0, "FOULED_CLEAR_PATH": 0.0, "FOUL_COUNT_AS_PERSONAL": 0.11801242236024845, "FOULED_COUNT_AS_PERSONAL": 0.2727272727272727, "FOUL_COUNT_TOWARD_PENALTY": 0.12837837837837837, "FOULED_COUNT_TOWARD_PENALTY": 0.2088607594936709, "FOUL_DEFENSIVE_NON_SHOOTING": 0.09722222222222222, "FOULED_DEFENSIVE_NON_SHOOTING": 0.25, "FOUL_DOUBLE": 0.0, "FOUL_TECHNICAL_DOUBLE": 0.0, "FOUL_FLAGRANT": 0.0, "FOULED_FLAGRANT": 0.0, "FOUL_FLAGRANT_1": 0.0, "FOULED_FLAGRANT_1": 0.0, "FOUL_FLAGRANT_2": 0.0, "FOULED_FLAGRANT_2": 0.0, "FOUL_INBOUND": 0.0,