{"ASSIST": 0.27071823204419887, "BLOCK": 0.13333333333333333, "FG_ARC_3_ATTEMPT": 0.26900584795321636, "FG_ARC_3_BLOCK": 0.0, "FG_ARC_3_MADE": 0.391304347826087, "FG_ARC_3_MADE_FOUL": 0.005847953216374269, "FG_AT_RIM_ATTEMPT": 0.29292929292929293, "FG_AT_RIM_BLOCK": 0.06565656565656566, "FG_AT_RIM_MADE": 0.603448275862069, "FG_AT_RIM_MADE_FOUL": 0.025252525252525252, "FG_CORNER_3_ATTEMPT": 0.27692307692307694, "FG_CORNER_3_BLOCK": 0.0, "FG_CORNER_3_MADE": 0.7222222222222222, "FG_CORNER_3_MADE_FOUL": 0.0, "FG_LONG_MID_RANGE_ATTEMPT": 0.15217391304347827, "FG_LONG_MID_RANGE_BLOCK": 0.010869565217391304, "FG_LONG_MID_RANGE_MADE": 0.35714285714285715, "FG_LONG_MID_RANGE_MADE_FOUL": 0.0, "FG_SHORT_MID_RANGE_ATTEMPT": 0.34594594594594597, "FG_SHORT_MID_RANGE_BLOCK": 0.03783783783783784, "FG_SHORT_MID_RANGE_MADE": 0.4375, "FG_SHORT_MID_RANGE_MADE_FOUL": 0.005405405405405406, "FG_XY": {"ARC_3": {"-135|211": 0.021739130434782608, "-196|169": 0.021739130434782608, "-184|184": 0.021739130434782608, "59|235": 0.021739130434782608, "-31|254": 0.021739130434782608, "224|139": 0.021739130434782608, "-132|246": 0.021739130434782608, "-53|256": 0.021739130434782608, "-168|209": 0.021739130434782608, "202|172": 0.021739130434782608, "-109|250": 0.021739130434782608, "99|232": 0.021739130434782608, "121|229": 0.021739130434782608, "136|206": 0.021739130434782608, "-202|155": 0.021739130434782608, "70|251": 0.021739130434782608, "-169|189": 0.021739130434782608, "164|182": 0.021739130434782608, "-89|280": 0.021739130434782608, "107|244": 0.021739130434782608, "-143|242": 0.021739130434782608, "-172|193": 0.021739130434782608, "169|194": 0.021739130434782608, "-140|221": 0.021739130434782608, "-153|213": 0.021739130434782608, "-62|245": 0.021739130434782608, "-61|272": 0.021739130434782608, "167|201": 0.021739130434782608, "146|210": 0.021739130434782608, "-47|258": 0.021739130434782608, "-158|207": 0.021739130434782608, "50|257": 0.021739130434782608, "49|247": 0.021739130434782608, "-55|256": 0.021739130434782608, "227|116": 0.021739130434782608, "-113|215": 0.021739130434782608, "78|238": 0.021739130434782608, "223|105": 0.021739130434782608, "-148|206": 0.021739130434782608, "23|261": 0.021739130434782608, "-219|116": 0.021739130434782608, "-123|246": 0.021739130434782608, "72|237": 0.021739130434782608, "-158|226": 0.021739130434782608, "-228|105": 0.021739130434782608, "-175|189": 0.021739130434782608}, "AT_RIM": {"22|9": 0.017241379310344827, "-6|0": 0.017241379310344827, "0|0": 0.05172413793103448, "-18|-1": 0.017241379310344827, "-5|22": 0.017241379310344827, "-5|16": 0.017241379310344827, "16|5": 0.017241379310344827, "-11|-7": 0.017241379310344827, "-33|-10": 0.017241379310344827, "-16|-2": 0.017241379310344827, "-2|8": 0.017241379310344827, "-16|26": 0.017241379310344827, "10|0": 0.017241379310344827, "-6|15": 0.017241379310344827, "6|38": 0.017241379310344827, "26|25": 0.017241379310344827, "-1|22": 0.017241379310344827, "16|13": 0.017241379310344827, "-11|19": 0.017241379310344827, "-9|13": 0.017241379310344827, "2|1": 0.017241379310344827, "27|21": 0.017241379310344827, "0|-4": 0.017241379310344827, "-11|5": 0.017241379310344827, "11|-5": 0.017241379310344827, "27|-2": 0.017241379310344827, "29|3": 0.017241379310344827, "2|32": 0.017241379310344827, "9|1": 0.017241379310344827, "1|17": 0.017241379310344827, "18|16": 0.017241379310344827, "1|29": 0.017241379310344827, "15|4": 0.017241379310344827, "12|20": 0.017241379310344827, "20|13": 0.017241379310344827, "-5|18": 0.017241379310344827, "-11|18": 0.017241379310344827, "-21|0": 0.017241379310344827, "-10|-2": 0.017241379310344827, "-21|5": 0.017241379310344827, "26|4": 0.017241379310344827, "-32|13": 0.017241379310344827, "-9|4": 0.017241379310344827, "-27|26": 0.017241379310344827, "9|17": 0.017241379310344827, "-5|-1": 0.017241379310344827, "1|-4": 0.017241379310344827, "-11|2": 0.017241379310344827, "1|18": 0.017241379310344827, "-13|37": 0.017241379310344827, "9|5": 0.017241379310344827, "-27|20": 0.017241379310344827, "-5|32": 0.017241379310344827, "-10|15": 0.017241379310344827, "12|37": 0.017241379310344827, "1|37": 0.017241379310344827}, "CORNER_3": {"225|4": 0.05555555555555555, "-225|-4": 0.05555555555555555, "-233|-7": 0.05555555555555555, "229|4": 0.05555555555555555, "-230|-14": 0.05555555555555555, "230|5": 0.05555555555555555, "227|-6": 0.05555555555555555, "-232|5": 0.05555555555555555, "221|4": 0.05555555555555555, "224|15": 0.05555555555555555, "222|5": 0.05555555555555555, "229|44": 0.05555555555555555, "-224|49": 0.05555555555555555, "225|11": 0.05555555555555555, "-234|30": 0.05555555555555555, "235|75": 0.05555555555555555, "-235|57": 0.05555555555555555, "-227|65": 0.05555555555555555}, "LONG_MID_RANGE": {"-167|63": 0.07142857142857142, "-72|165": 0.07142857142857142, "-146|15": 0.07142857142857142, "137|115": 0.07142857142857142, "21|166": 0.07142857142857142, "-108|150": 0.07142857142857142, "150|62": 0.07142857142857142, "-136|77": 0.07142857142857142, "-2|152": 0.07142857142857142, "-124|93": 0.07142857142857142, "132|77": 0.07142857142857142, "76|141": 0.07142857142857142, "-125|164": 0.07142857142857142, "45|188": 0.07142857142857142}, "SHORT_MID_RANGE": {"-135|10": 0.015625, "0|74": 0.015625, "53|122": 0.015625, "48|125": 0.015625, "65|120": 0.015625, "-7|71": 0.015625, "11|100": 0.015625, "-4|84": 0.015625, "-83|80": 0.015625, "-102|63": 0.015625, "27|109": 0.015625, "43|41": 0.015625, "20|49": 0.015625, "67|39": 0.015625, "-17|50": 0.015625, "53|66": 0.015625, "9|50": 0.015625, "27|80": 0.015625, "-116|38": 0.015625, "31|57": 0.015625, "-5|71": 0.015625, "-9|138": 0.015625, "49|116": 0.015625, "123|21": 0.015625, "-25|59": 0.015625, "20|48": 0.015625, "37|27": 0.015625, "-7|84": 0.015625, "-105|-16": 0.015625, "-15|84": 0.015625, "69|25": 0.015625, "-47|4": 0.015625, "-104|-7": 0.015625, "39|88": 0.015625, "-44|-4": 0.015625, "-20|36": 0.015625, "-1|61": 0.015625, "38|67": 0.015625, "72|77": 0.015625, "-62|37": 0.015625, "15|112": 0.015625, "-59|79": 0.015625, "114|70": 0.015625, "34|23": 0.015625, "-47|74": 0.015625, "44|57": 0.015625, "23|58": 0.015625, "53|52": 0.015625, "-64|14": 0.015625, "-34|46": 0.015625, "-48|57": 0.015625, "51|43": 0.015625, "-71|91": 0.015625, "21|92": 0.015625, "60|70": 0.015625, "-39|57": 0.015625, "-11|69": 0.015625, "-66|43": 0.015625, "6|58": 0.015625, "-9|132": 0.015625, "-62|105": 0.015625, "-51|24": 0.015625, "-64|78": 0.015625, "-59|104": 0.015625}}, "FOUL_AWAY_FROM_PLAY": 0.0, "FOULED_AWAY_FROM_PLAY": 0.0, "FOUL_CLEAR_PATH": 0.0, "FOULED_CLEAR_PATH": 0.0, "FOUL_COUNT_AS_PERSONAL": 0.1118421052631579, "FOULED_COUNT_AS_PERSONAL": 0.17142857142857143, "FOUL_COUNT_TOWARD_PENALTY": 0.09859154929577464, "FOULED_COUNT_TOWARD_PENALTY": 0.17575757575757575, "FOUL_DEFENSIVE_NON_SHOOTING": 0.10126582278481013, "FOULED_DEFENSIVE_NON_SHOOTING": 0.11842105263157894, "FOUL_DOUBLE": 0.0, "FOUL_TECHNICAL_DOUBLE": 0.0, "FOUL_FLAGRANT": 0.0, "FOULED_FLAGRANT": 0.0, "FOUL_FLAGRANT_1": 0.0, "FOULED_FLAGRANT_1": 0.0, "FOUL_FLAGRANT_2": 0.0, "FOULED_FLAGRANT_2": 0.0, "FOUL_INBOUND": 0.0, "FOULED_INBOUND": 0.0, "FOUL_LOOSE_BALL": 0.0, "FOULED_LOOSE_BALL": 0.14285714285714285, "FOUL_OFFENSIVE_CHARGE": 0.6666666666666666, "FOULED_OFFENSIVE_CHARGE": 0.0, "FOUL_OFFENSIVE_OTHER": 0.0, "FOULED_OFFENSIVE_OTHER": 0.0, "FOUL_OFFENSIVE_TOTAL": 0.3, "FOULED_OFFENSIVE_TOTAL": 0.1, "FOUL_PERSONAL": 0.11475409836065574, "FOULED_PERSONAL": 0.125, "FOUL_PERSONAL_BLOCK": 0.0, "FOULED_PERSONAL_BLOCK": 0.0, "FOUL_PERSONAL_TAKE": 0.06666666666666667, "FOULED_PERSONAL_TAKE": 0.07692307692307693, "FOUL_SHOOTING": 0.0967741935483871, "FOULED_SHOOTING": 0.2247191011235955, "FOUL_SHOOTING_BLOCK": 0.0, "FOULED_SHOOTING_BLOCK": 0.0, "FOUL_TECHNICAL": 0.08333333333333333, "FT": 0.8292682926829268, "REBOUND_DEFENSIVE": 0.2123456790123457, "REBOUND_OFFENSIVE": 0.03553299492385787, "STEAL": 0.06451612903225806, "SHOT_TYPE_ARC_3_OFFENSIVE": 0.24050632911392406,