{"ASSIST": 0.1536231884057971, "BLOCK": 0.37037037037037035, "FG_ARC_3_ATTEMPT": 0.10840108401084012, "FG_ARC_3_BLOCK": 0.0, "FG_ARC_3_MADE": 0.325, "FG_ARC_3_MADE_FOUL": 0.0, "FG_AT_RIM_ATTEMPT": 0.3055555555555556, "FG_AT_RIM_BLOCK": 0.025, "FG_AT_RIM_MADE": 0.5363636363636364, "FG_AT_RIM_MADE_FOUL": 0.011111111111111112, "FG_CORNER_3_ATTEMPT": 0.011904761904761904, "FG_CORNER_3_BLOCK": 0.0, "FG_CORNER_3_MADE": 1.0, "FG_CORNER_3_MADE_FOUL": 0.0, "FG_LONG_MID_RANGE_ATTEMPT": 0.1125, "FG_LONG_MID_RANGE_BLOCK": 0.00625, "FG_LONG_MID_RANGE_MADE": 0.2777777777777778, "FG_LONG_MID_RANGE_MADE_FOUL": 0.0, "FG_SHORT_MID_RANGE_ATTEMPT": 0.2783171521035599, "FG_SHORT_MID_RANGE_BLOCK": 0.025889967637540454, "FG_SHORT_MID_RANGE_MADE": 0.27906976744186046, "FG_SHORT_MID_RANGE_MADE_FOUL": 0.009708737864077669, "FG_XY": {"ARC_3": {"69|242": 0.025, "145|218": 0.025, "69|256": 0.025, "7|263": 0.025, "195|173": 0.025, "38|250": 0.025, "133|196": 0.025, "16|251": 0.025, "118|225": 0.025, "110|253": 0.025, "-40|265": 0.025, "131|246": 0.025, "142|211": 0.025, "120|228": 0.025, "-227|95": 0.025, "-39|259": 0.025, "100|239": 0.025, "-83|257": 0.025, "161|232": 0.025, "-130|211": 0.025, "173|201": 0.025, "-97|249": 0.025, "214|190": 0.025, "158|213": 0.025, "-23|253": 0.025, "127|221": 0.025, "165|196": 0.025, "214|131": 0.025, "-82|247": 0.025, "-201|147": 0.025, "18|256": 0.025, "11|256": 0.025, "-114|231": 0.025, "17|253": 0.025, "-161|196": 0.025, "27|245": 0.025, "27|253": 0.025, "131|227": 0.025, "-88|238": 0.025, "92|247": 0.025}, "AT_RIM": {"9|8": 0.01818181818181818, "0|0": 0.36363636363636365, "-18|12": 0.00909090909090909, "-22|4": 0.00909090909090909, "-1|28": 0.00909090909090909, "-23|-4": 0.00909090909090909, "37|11": 0.00909090909090909, "38|9": 0.00909090909090909, "-37|-1": 0.00909090909090909, "18|21": 0.00909090909090909, "-10|-4": 0.00909090909090909, "6|4": 0.01818181818181818, "9|-2": 0.00909090909090909, "6|5": 0.00909090909090909, "-4|15": 0.00909090909090909, "27|28": 0.00909090909090909, "-7|13": 0.00909090909090909, "25|19": 0.00909090909090909, "-1|6": 0.00909090909090909, "7|18": 0.00909090909090909, "-22|15": 0.00909090909090909, "10|10": 0.00909090909090909, "-1|21": 0.00909090909090909, "-22|20": 0.00909090909090909, "-27|-6": 0.00909090909090909, "21|11": 0.00909090909090909, "-33|21": 0.00909090909090909, "-25|-3": 0.00909090909090909, "-13|8": 0.00909090909090909, "-13|3": 0.00909090909090909, "-2|20": 0.00909090909090909, "-2|22": 0.00909090909090909, "-31|15": 0.00909090909090909, "25|11": 0.00909090909090909, "-32|8": 0.00909090909090909, "4|2": 0.00909090909090909, "7|4": 0.00909090909090909, "1|-1": 0.00909090909090909, "-17|16": 0.00909090909090909, "23|2": 0.00909090909090909, "-9|31": 0.00909090909090909, "-26|-2": 0.00909090909090909, "-10|1": 0.00909090909090909, "13|13": 0.00909090909090909, "25|16": 0.00909090909090909, "22|23": 0.00909090909090909, "-37|7": 0.00909090909090909, "-20|8": 0.00909090909090909, "-29|1": 0.00909090909090909, "-4|19": 0.00909090909090909, "13|20": 0.00909090909090909, "27|1": 0.00909090909090909, "10|5": 0.00909090909090909, "7|1": 0.00909090909090909, "16|13": 0.00909090909090909, "23|4": 0.00909090909090909, "16|18": 0.00909090909090909, "1|12": 0.00909090909090909, "26|10": 0.00909090909090909, "-11|28": 0.00909090909090909, "32|11": 0.00909090909090909, "1|15": 0.00909090909090909, "12|8": 0.00909090909090909, "17|4": 0.00909090909090909, "-4|20": 0.00909090909090909, "-7|15": 0.00909090909090909, "18|-4": 0.00909090909090909, "-17|4": 0.00909090909090909, "-9|25": 0.00909090909090909}, "CORNER_3": {"-224|43": 1.0}, "LONG_MID_RANGE": {"91|177": 0.05555555555555555, "-2|172": 0.05555555555555555, "125|115": 0.05555555555555555, "-197|66": 0.05555555555555555, "140|3": 0.05555555555555555, "-167|12": 0.05555555555555555, "12|162": 0.05555555555555555, "39|197": 0.05555555555555555, "-186|84": 0.05555555555555555, "112|87": 0.05555555555555555, "173|16": 0.05555555555555555, "-36|205": 0.05555555555555555, "2|189": 0.05555555555555555, "-170|15": 0.05555555555555555, "145|157": 0.05555555555555555, "165|116": 0.05555555555555555, "26|142": 0.05555555555555555, "0|178": 0.05555555555555555}, "SHORT_MID_RANGE": {"-2|89": 0.011627906976744186, "0|101": 0.011627906976744186, "-104|4": 0.011627906976744186, "15|47": 0.011627906976744186, "43|15": 0.011627906976744186, "-99|4": 0.011627906976744186, "11|81": 0.011627906976744186, "-80|47": 0.011627906976744186, "20|52": 0.011627906976744186, "-53|50": 0.011627906976744186, "-9|41": 0.011627906976744186, "91|80": 0.011627906976744186, "-28|73": 0.011627906976744186, "109|69": 0.011627906976744186, "1|90": 0.011627906976744186, "53|66": 0.011627906976744186, "-7|62": 0.011627906976744186, "1|48": 0.011627906976744186, "-18|100": 0.011627906976744186, "18|55": 0.011627906976744186, "37|25": 0.011627906976744186, "1|116": 0.011627906976744186, "-22|48": 0.011627906976744186, "15|104": 0.011627906976744186, "-29|94": 0.011627906976744186, "-5|50": 0.011627906976744186, "28|31": 0.011627906976744186, "116|17": 0.011627906976744186, "-102|27": 0.011627906976744186, "-125|46": 0.011627906976744186, "37|53": 0.011627906976744186, "1|97": 0.011627906976744186, "-1|60": 0.011627906976744186, "17|58": 0.011627906976744186, "-110|31": 0.011627906976744186, "16|51": 0.011627906976744186, "-69|41": 0.011627906976744186, "-38|17": 0.011627906976744186, "-80|26": 0.011627906976744186, "-74|101": 0.011627906976744186, "-124|20": 0.011627906976744186, "-11|81": 0.011627906976744186, "-59|12": 0.011627906976744186, "0|111": 0.011627906976744186, "59|38": 0.011627906976744186, "-20|50": 0.011627906976744186, "-2|51": 0.011627906976744186, "39|79": 0.011627906976744186, "11|90": 0.011627906976744186, "-64|107": 0.011627906976744186, "26|36": 0.011627906976744186, "-69|42": 0.011627906976744186, "72|21": 0.011627906976744186, "-27|50": 0.011627906976744186, "-4|57": 0.011627906976744186, "-39|63": 0.011627906976744186, "26|39": 0.011627906976744186, "48|95": 0.011627906976744186, "-44|113": 0.011627906976744186, "-29|68": 0.011627906976744186, "-1|120": 0.011627906976744186, "2|109": 0.011627906976744186, "-54|59": 0.011627906976744186, "-1|122": 0.011627906976744186, "1|77": 0.011627906976744186, "-87|53": 0.011627906976744186, "69|69": 0.011627906976744186, "2|106": 0.011627906976744186, "1|55": 0.011627906976744186, "-10|65": 0.011627906976744186, "2|83": 0.011627906976744186, "55|22": 0.011627906976744186, "-123|6": 0.011627906976744186, "44|25": 0.011627906976744186, "5|79": 0.011627906976744186, "-40|36": 0.011627906976744186, "-4|65": 0.011627906976744186, "31|121": 0.011627906976744186, "6|62": 0.011627906976744186, "40|58": 0.011627906976744186, "12|100": 0.011627906976744186, "-23|41": 0.011627906976744186, "4|51": 0.011627906976744186, "2|55": 0.011627906976744186, "45|28": 0.011627906976744186, "85|108": 0.011627906976744186}}, "FOUL_AWAY_FROM_PLAY": 0.0, "FOULED_AWAY_FROM_PLAY": 0.0, "FOUL_CLEAR_PATH": 0.0, "FOULED_CLEAR_PATH": 0.0, "FOUL_COUNT_AS_PERSONAL": 0.24642857142857144, "FOULED_COUNT_AS_PERSONAL": 0.3382352941176471, "FOUL_COUNT_TOWARD_PENALTY": 0.21074380165289255, "FOULED_COUNT_TOWARD_PENALTY": 0.3625, "FOUL_DEFENSIVE_NON_SHOOTING": 0.12, "FOULED_DEFENSIVE_NON_SHOOTING": 0.3888888888888889, "FOUL_DOUBLE": 1.0, "FOUL_TECHNICAL_DOUBLE": 0.5, "FOUL_FLAGRANT": 0.0, "FOULED_FLAGRANT": 0.0, "FOUL_FLAGRANT_1": 0.0, "FOULED_FLAGRANT_1": 0.0, "FOUL_FLAGRANT_2": 0.0, "FOULED_FLAGRANT_2": 0.0, "FOUL_INBOUND": 0.0, "FOULED_INBOUND": 0.0, "FOUL_LOOSE_BALL": 0.0, "FOULED_LOOSE_BALL": 0.6875, "FOUL_OFFENSIVE_CHARGE": 0.16666666666666666, "FOULED_OFFENSIVE_CHARGE": 0.0, "FOUL_OFFENSIVE_OTHER": 0.0, "FOULED_OFFENSIVE_OTHER": 0.0, "FOUL_OFFENSIVE_TOTAL": 0.47368421052631576, "FOULED_OFFENSIVE_TOTAL": 0.12903225806451613, "FOUL_PERSONAL": 0.07291666666666667, "FOULED_PERSONAL": 0.3829787234042553, "FOUL_PERSONAL_BLOCK": 0.0, "FOULED_PERSONAL_BLOCK": 0.0,