{"ASSIST": 0.13857677902621723, "BLOCK": 0.013888888888888888, "FG_ARC_3_ATTEMPT": 0.1643835616438356, "FG_ARC_3_BLOCK": 0.0, "FG_ARC_3_MADE": 0.25, "FG_ARC_3_MADE_FOUL": 0.0, "FG_AT_RIM_ATTEMPT": 0.17687074829931973, "FG_AT_RIM_BLOCK": 0.027210884353741496, "FG_AT_RIM_MADE": 0.5576923076923077, "FG_AT_RIM_MADE_FOUL": 0.003401360544217687, "FG_CORNER_3_ATTEMPT": 0.2781954887218045, "FG_CORNER_3_BLOCK": 0.0, "FG_CORNER_3_MADE": 0.24324324324324326, "FG_CORNER_3_MADE_FOUL": 0.0, "FG_LONG_MID_RANGE_ATTEMPT": 0.13725490196078433, "FG_LONG_MID_RANGE_BLOCK": 0.0, "FG_LONG_MID_RANGE_MADE": 0.42857142857142855, "FG_LONG_MID_RANGE_MADE_FOUL": 0.0, "FG_SHORT_MID_RANGE_ATTEMPT": 0.20491803278688525, "FG_SHORT_MID_RANGE_BLOCK": 0.04918032786885246, "FG_SHORT_MID_RANGE_MADE": 0.34, "FG_SHORT_MID_RANGE_MADE_FOUL": 0.0, "FG_XY": {"ARC_3": {"-184|226": 0.016666666666666666, "-196|184": 0.016666666666666666, "-121|239": 0.016666666666666666, "-218|134": 0.016666666666666666, "194|147": 0.016666666666666666, "-16|260": 0.016666666666666666, "20|258": 0.016666666666666666, "189|176": 0.016666666666666666, "115|225": 0.016666666666666666, "-203|163": 0.016666666666666666, "-150|209": 0.016666666666666666, "-97|242": 0.016666666666666666, "140|215": 0.016666666666666666, "214|137": 0.016666666666666666, "-22|243": 0.016666666666666666, "173|193": 0.016666666666666666, "186|164": 0.016666666666666666, "-22|262": 0.016666666666666666, "185|178": 0.016666666666666666, "175|206": 0.016666666666666666, "104|256": 0.016666666666666666, "175|190": 0.016666666666666666, "224|95": 0.016666666666666666, "22|257": 0.016666666666666666, "229|99": 0.016666666666666666, "113|227": 0.016666666666666666, "-130|216": 0.016666666666666666, "213|167": 0.016666666666666666, "208|135": 0.016666666666666666, "141|206": 0.016666666666666666, "146|227": 0.016666666666666666, "120|221": 0.016666666666666666, "-158|201": 0.016666666666666666, "-157|210": 0.016666666666666666, "183|172": 0.016666666666666666, "12|245": 0.016666666666666666, "175|188": 0.016666666666666666, "-92|222": 0.016666666666666666, "-138|225": 0.016666666666666666, "91|249": 0.016666666666666666, "-141|218": 0.016666666666666666, "88|242": 0.016666666666666666, "125|226": 0.016666666666666666, "107|239": 0.016666666666666666, "-200|162": 0.016666666666666666, "148|227": 0.016666666666666666, "216|135": 0.016666666666666666, "188|178": 0.016666666666666666, "-185|195": 0.016666666666666666, "179|250": 0.016666666666666666, "-238|90": 0.016666666666666666, "-221|196": 0.016666666666666666, "146|206": 0.016666666666666666, "-189|161": 0.016666666666666666, "103|238": 0.016666666666666666, "-148|249": 0.016666666666666666, "130|228": 0.016666666666666666, "76|245": 0.016666666666666666, "-126|230": 0.016666666666666666, "17|277": 0.016666666666666666}, "AT_RIM": {"26|25": 0.019230769230769232, "-22|15": 0.019230769230769232, "-33|19": 0.019230769230769232, "23|17": 0.019230769230769232, "29|11": 0.019230769230769232, "0|0": 0.11538461538461539, "-25|4": 0.019230769230769232, "-28|21": 0.019230769230769232, "-9|16": 0.019230769230769232, "29|10": 0.019230769230769232, "13|28": 0.019230769230769232, "-20|16": 0.019230769230769232, "15|20": 0.019230769230769232, "10|2": 0.019230769230769232, "15|13": 0.019230769230769232, "21|0": 0.019230769230769232, "-26|10": 0.019230769230769232, "-15|5": 0.019230769230769232, "2|11": 0.019230769230769232, "11|11": 0.019230769230769232, "7|17": 0.019230769230769232, "32|18": 0.019230769230769232, "23|28": 0.019230769230769232, "5|11": 0.019230769230769232, "-11|25": 0.019230769230769232, "10|13": 0.019230769230769232, "6|18": 0.019230769230769232, "4|9": 0.019230769230769232, "-1|-7": 0.019230769230769232, "-4|13": 0.019230769230769232, "-27|10": 0.019230769230769232, "25|18": 0.057692307692307696, "-16|16": 0.019230769230769232, "28|22": 0.019230769230769232, "21|26": 0.019230769230769232, "17|23": 0.019230769230769232, "-4|21": 0.019230769230769232, "22|21": 0.019230769230769232, "20|15": 0.019230769230769232, "-21|22": 0.019230769230769232, "17|8": 0.019230769230769232, "21|-8": 0.019230769230769232, "-12|5": 0.019230769230769232, "2|20": 0.019230769230769232, "-1|11": 0.019230769230769232}, "CORNER_3": {"-221|-1": 0.02702702702702703, "-228|4": 0.02702702702702703, "227|15": 0.02702702702702703, "-238|67": 0.02702702702702703, "224|74": 0.02702702702702703, "-234|38": 0.02702702702702703, "237|57": 0.02702702702702703, "234|73": 0.02702702702702703, "235|5": 0.02702702702702703, "230|64": 0.02702702702702703, "229|43": 0.02702702702702703, "-223|38": 0.02702702702702703, "232|36": 0.02702702702702703, "224|-8": 0.02702702702702703, "237|4": 0.02702702702702703, "230|4": 0.02702702702702703, "-225|85": 0.02702702702702703, "239|35": 0.02702702702702703, "229|30": 0.02702702702702703, "230|36": 0.02702702702702703, "223|0": 0.02702702702702703, "-229|-2": 0.02702702702702703, "-224|3": 0.02702702702702703, "233|5": 0.02702702702702703, "225|7": 0.02702702702702703, "-229|86": 0.02702702702702703, "237|8": 0.02702702702702703, "235|47": 0.02702702702702703, "-225|67": 0.02702702702702703, "-232|1": 0.02702702702702703, "-224|-16": 0.02702702702702703, "225|53": 0.02702702702702703, "234|27": 0.02702702702702703, "232|0": 0.02702702702702703, "230|13": 0.02702702702702703, "232|26": 0.02702702702702703, "229|5": 0.02702702702702703}, "LONG_MID_RANGE": {"-138|115": 0.14285714285714285, "-62|127": 0.14285714285714285, "-168|34": 0.14285714285714285, "7|157": 0.14285714285714285, "-162|98": 0.14285714285714285, "-138|142": 0.14285714285714285, "20|176": 0.14285714285714285}, "SHORT_MID_RANGE": {"99|17": 0.02, "-34|25": 0.02, "27|135": 0.02, "34|64": 0.02, "-62|46": 0.02, "4|68": 0.02, "48|31": 0.02, "2|46": 0.02, "-124|39": 0.02, "-22|40": 0.02, "0|57": 0.02, "-54|99": 0.02, "-23|109": 0.02, "39|15": 0.02, "-13|42": 0.02, "81|74": 0.02, "56|6": 0.02, "-72|82": 0.02, "45|31": 0.02, "-43|75": 0.02, "10|78": 0.02, "34|57": 0.02, "-54|28": 0.02, "-49|55": 0.02, "-27|42": 0.02, "28|118": 0.02, "-50|13": 0.02, "-12|90": 0.02, "89|44": 0.02, "-113|79": 0.02, "12|79": 0.02, "-5|51": 0.02, "-54|70": 0.02, "-21|79": 0.02, "91|7": 0.02, "-89|47": 0.02, "-70|73": 0.02, "-91|38": 0.02, "-45|68": 0.02, "-2|64": 0.02, "-47|73": 0.02, "-45|121": 0.02, "82|41": 0.02, "72|69": 0.02, "12|135": 0.02, "34|89": 0.02, "51|75": 0.02, "-107|-1": 0.02, "-55|15": 0.02, "-15|37": 0.02}}, "FOUL_AWAY_FROM_PLAY": 0.0, "FOULED_AWAY_FROM_PLAY": 0.0, "FOUL_CLEAR_PATH": 0.0, "FOULED_CLEAR_PATH": 0.0, "FOUL_COUNT_AS_PERSONAL": 0.10743801652892562, "FOULED_COUNT_AS_PERSONAL": 0.1937984496124031, "FOUL_COUNT_TOWARD_PENALTY": 0.102803738317757, "FOULED_COUNT_TOWARD_PENALTY": 0.20164609053497942, "FOUL_DEFENSIVE_NON_SHOOTING": 0.14423076923076922, "FOULED_DEFENSIVE_NON_SHOOTING": 0.14615384615384616, "FOUL_DOUBLE": 0.0, "FOUL_TECHNICAL_DOUBLE": 0.0, "FOUL_FLAGRANT": 0.0, "FOULED_FLAGRANT": 0.0, "FOUL_FLAGRANT_1": 0.0, "FOULED_FLAGRANT_1": 0.0, "FOUL_FLAGRANT_2": 0.0, "FOULED_FLAGRANT_2": 0.0, "FOUL_INBOUND": 0.0, "FOULED_INBOUND": 0.0, "FOUL_LOOSE_BALL": 0.0, "FOULED_LOOSE_BALL": 0.10526315789473684, "FOUL_OFFENSIVE_CHARGE": 0.16666666666666666, "FOULED_OFFENSIVE_CHARGE": 0.0, "FOUL_OFFENSIVE_OTHER": 0.0, "FOULED_OFFENSIVE_OTHER": 0.0, "FOUL_OFFENSIVE_TOTAL": 0.14285714285714285, "FOULED_OFFENSIVE_TOTAL": 0.06666666666666667, "FOUL_PERSONAL": 0.06451612903225806, "FOULED_PERSONAL": 0.16494845360824742, "FOUL_PERSONAL_BLOCK": 0.0, "FOULED_PERSONAL_BLOCK": 0.0, "FOUL_PERSONAL_TAKE": 0.2962962962962963, "FOULED_PERSONAL_TAKE": 0.07142857142857142, "FOUL_SHOOTING": 0.06481481481481481, "FOULED_SHOOTING": 0.26548672566371684, "FOUL_SHOOTING_BLOCK": 0.0, "FOULED_SHOOTING_BLOCK": 0.0, "FOUL_TECHNICAL": 0.125, "FT": 0.9315068493150684, "REBOUND_DEFENSIVE": 0.10232558139534884, "REBOUND_OFFENSIVE": 0.027210884353741496, "STEAL": 0.08256880733944955, "SHOT_TYPE_ARC_3_OFFENSIVE": 0.3357865685372585,