{"ASSIST": 0.24836601307189543, "BLOCK": 0.03333333333333333, "FG_ARC_3_ATTEMPT": 0.35038363171355497, "FG_ARC_3_BLOCK": 0.0025575447570332483, "FG_ARC_3_MADE": 0.3357664233576642, "FG_ARC_3_MADE_FOUL": 0.0, "FG_AT_RIM_ATTEMPT": 0.21656050955414013, "FG_AT_RIM_BLOCK": 0.009554140127388535, "FG_AT_RIM_MADE": 0.6764705882352942, "FG_AT_RIM_MADE_FOUL": 0.006369426751592357, "FG_CORNER_3_ATTEMPT": 0.2733812949640288, "FG_CORNER_3_BLOCK": 0.0, "FG_CORNER_3_MADE": 0.39473684210526316, "FG_CORNER_3_MADE_FOUL": 0.007194244604316547, "FG_LONG_MID_RANGE_ATTEMPT": 0.25609756097560976, "FG_LONG_MID_RANGE_BLOCK": 0.0, "FG_LONG_MID_RANGE_MADE": 0.3333333333333333, "FG_LONG_MID_RANGE_MADE_FOUL": 0.0, "FG_SHORT_MID_RANGE_ATTEMPT": 0.31336405529953915, "FG_SHORT_MID_RANGE_BLOCK": 0.009216589861751152, "FG_SHORT_MID_RANGE_MADE": 0.47058823529411764, "FG_SHORT_MID_RANGE_MADE_FOUL": 0.009216589861751152, "FG_XY": {"ARC_3": {"-207|130": 0.0072992700729927005, "-121|235": 0.0072992700729927005, "164|211": 0.0072992700729927005, "-165|204": 0.0072992700729927005, "-189|150": 0.0072992700729927005, "-136|222": 0.0072992700729927005, "77|277": 0.0072992700729927005, "-96|248": 0.0072992700729927005, "-60|252": 0.0072992700729927005, "116|248": 0.0072992700729927005, "-225|180": 0.0072992700729927005, "143|204": 0.0072992700729927005, "-196|199": 0.0072992700729927005, "218|128": 0.0072992700729927005, "-93|260": 0.0072992700729927005, "83|251": 0.0072992700729927005, "-6|264": 0.0072992700729927005, "151|238": 0.0072992700729927005, "150|226": 0.0072992700729927005, "-176|205": 0.0072992700729927005, "-67|263": 0.0072992700729927005, "17|371": 0.0072992700729927005, "-146|229": 0.0072992700729927005, "-143|215": 0.0072992700729927005, "211|159": 0.0072992700729927005, "99|227": 0.0072992700729927005, "-186|184": 0.0072992700729927005, "-26|295": 0.0072992700729927005, "-191|172": 0.0072992700729927005, "216|113": 0.0072992700729927005, "-192|165": 0.0072992700729927005, "188|173": 0.0072992700729927005, "125|227": 0.0072992700729927005, "121|297": 0.0072992700729927005, "195|150": 0.0072992700729927005, "-75|237": 0.0072992700729927005, "185|203": 0.0072992700729927005, "96|237": 0.0072992700729927005, "-188|174": 0.0072992700729927005, "167|196": 0.0072992700729927005, "-119|253": 0.0072992700729927005, "163|216": 0.0072992700729927005, "-167|176": 0.0072992700729927005, "205|137": 0.0072992700729927005, "-2|252": 0.0072992700729927005, "-216|132": 0.0072992700729927005, "-221|115": 0.0072992700729927005, "-176|217": 0.0072992700729927005, "-76|235": 0.0072992700729927005, "-82|235": 0.0072992700729927005, "-200|152": 0.0072992700729927005, "-40|261": 0.0072992700729927005, "78|237": 0.0072992700729927005, "36|251": 0.0072992700729927005, "148|195": 0.0072992700729927005, "-153|209": 0.0072992700729927005, "33|250": 0.0072992700729927005, "-172|201": 0.0072992700729927005, "158|225": 0.0072992700729927005, "233|91": 0.014598540145985401, "-157|273": 0.0072992700729927005, "-165|214": 0.0072992700729927005, "-138|227": 0.0072992700729927005, "-126|279": 0.0072992700729927005, "-116|248": 0.0072992700729927005, "-15|259": 0.0072992700729927005, "125|223": 0.0072992700729927005, "1|268": 0.0072992700729927005, "138|225": 0.0072992700729927005, "99|291": 0.0072992700729927005, "-141|257": 0.0072992700729927005, "-135|243": 0.0072992700729927005, "172|230": 0.0072992700729927005, "12|277": 0.0072992700729927005, "-118|241": 0.0072992700729927005, "77|262": 0.0072992700729927005, "-108|250": 0.0072992700729927005, "-71|261": 0.0072992700729927005, "-183|207": 0.0072992700729927005, "-180|181": 0.0072992700729927005, "-119|237": 0.0072992700729927005, "-141|217": 0.0072992700729927005, "-158|196": 0.0072992700729927005, "-88|242": 0.0072992700729927005, "-6|268": 0.0072992700729927005, "-186|192": 0.0072992700729927005, "134|213": 0.0072992700729927005, "200|158": 0.0072992700729927005, "-131|252": 0.0072992700729927005, "-123|230": 0.0072992700729927005, "-145|203": 0.0072992700729927005, "-10|262": 0.0072992700729927005, "-126|212": 0.0072992700729927005, "21|268": 0.0072992700729927005, "88|252": 0.0072992700729927005, "228|109": 0.0072992700729927005, "-87|254": 0.0072992700729927005, "-165|216": 0.0072992700729927005, "132|216": 0.0072992700729927005, "120|237": 0.0072992700729927005, "70|264": 0.0072992700729927005, "217|138": 0.0072992700729927005, "-163|222": 0.0072992700729927005, "-62|241": 0.0072992700729927005, "-225|100": 0.0072992700729927005, "134|216": 0.0072992700729927005, "105|234": 0.0072992700729927005, "48|258": 0.0072992700729927005, "-162|206": 0.0072992700729927005, "130|218": 0.0072992700729927005, "-184|194": 0.0072992700729927005, "-219|121": 0.0072992700729927005, "-167|180": 0.0072992700729927005, "199|153": 0.0072992700729927005, "147|225": 0.0072992700729927005, "145|227": 0.0072992700729927005, "-120|282": 0.0072992700729927005, "-185|199": 0.0072992700729927005, "-81|258": 0.0072992700729927005, "-55|268": 0.0072992700729927005, "-145|219": 0.0072992700729927005, "186|205": 0.0072992700729927005, "76|292": 0.0072992700729927005, "-162|214": 0.0072992700729927005, "108|253": 0.0072992700729927005, "-142|228": 0.0072992700729927005, "-53|304": 0.0072992700729927005, "1|262": 0.0072992700729927005, "-148|229": 0.0072992700729927005, "-224|98": 0.0072992700729927005, "-115|243": 0.0072992700729927005, "-180|199": 0.0072992700729927005, "124|207": 0.0072992700729927005, "-33|246": 0.0072992700729927005, "-158|262": 0.0072992700729927005, "112|233": 0.0072992700729927005}, "AT_RIM": {"-2|2": 0.014705882352941176, "6|25": 0.014705882352941176, "-4|16": 0.014705882352941176, "-16|17": 0.014705882352941176, "-18|10": 0.014705882352941176, "-4|1": 0.014705882352941176, "13|8": 0.014705882352941176, "15|0": 0.014705882352941176, "-1|19": 0.014705882352941176, "-1|-4": 0.014705882352941176, "1|12": 0.014705882352941176, "-1|18": 0.014705882352941176, "-4|13": 0.014705882352941176, "4|25": 0.014705882352941176, "27|7": 0.014705882352941176, "6|11": 0.014705882352941176, "-16|13": 0.014705882352941176, "13|15": 0.014705882352941176, "16|16": 0.014705882352941176, "-2|16": 0.014705882352941176, "0|0": 0.014705882352941176, "-10|1": 0.014705882352941176, "-1|10": 0.014705882352941176, "4|27": 0.014705882352941176, "1|16": 0.014705882352941176, "0|11": 0.014705882352941176, "20|17": 0.014705882352941176, "6|33": 0.014705882352941176, "5|37": 0.014705882352941176, "0|4": 0.014705882352941176, "16|9": 0.014705882352941176, "25|10": 0.014705882352941176, "-11|13": 0.014705882352941176, "-9|17": 0.014705882352941176, "0|18": 0.014705882352941176, "-10|7": 0.014705882352941176, "10|8": 0.014705882352941176, "6|31": 0.014705882352941176, "17|34": 0.014705882352941176, "6|20": 0.014705882352941176, "-5|18": 0.014705882352941176, "6|13": 0.014705882352941176, "-4|14": 0.014705882352941176, "15|19": 0.014705882352941176, "-7|32": 0.014705882352941176, "-13|17": 0.014705882352941176, "10|6": 0.014705882352941176, "4|38": 0.014705882352941176, "4|0": 0.014705882352941176, "-20|33": 0.014705882352941176, "5|5": 0.014705882352941176, "7|19": 0.014705882352941176, "9|1": 0.014705882352941176, "-20|11": 0.014705882352941176, "1|9": 0.014705882352941176, "-13|16": 0.014705882352941176, "10|26": 0.014705882352941176, "-9|27": 0.014705882352941176, "-2|33": 0.014705882352941176, "-12|11": 0.014705882352941176, "-4|10": 0.014705882352941176, "29|22": 0.014705882352941176, "32|7": 0.014705882352941176, "11|19": 0.014705882352941176, "2|17": 0.014705882352941176, "6|38": 0.014705882352941176, "17|5": 0.014705882352941176, "11|17": 0.014705882352941176}, "CORNER_3": {"-225|21": 0.02631578947368421, "-228|1": 0.02631578947368421, "228|40": 0.02631578947368421, "-229|55": 0.02631578947368421, "225|44": 0.02631578947368421, "225|34": 0.02631578947368421, "232|22": 0.02631578947368421, "-227|-1": 0.02631578947368421, "230|0": 0.02631578947368421, "232|66": 0.02631578947368421,