{"ASSIST": 0.3125, "BLOCK": 0.21739130434782608, "FG_ARC_3_ATTEMPT": 0.18110236220472442, "FG_ARC_3_BLOCK": 0.0, "FG_ARC_3_MADE": 0.6956521739130435, "FG_ARC_3_MADE_FOUL": 0.0, "FG_AT_RIM_ATTEMPT": 0.3142857142857143, "FG_AT_RIM_BLOCK": 0.012244897959183673, "FG_AT_RIM_MADE": 0.6363636363636364, "FG_AT_RIM_MADE_FOUL": 0.0163265306122449, "FG_CORNER_3_ATTEMPT": 0.22627737226277372, "FG_CORNER_3_BLOCK": 0.0, "FG_CORNER_3_MADE": 0.6774193548387096, "FG_CORNER_3_MADE_FOUL": 0.0, "FG_LONG_MID_RANGE_ATTEMPT": 0.24786324786324787, "FG_LONG_MID_RANGE_BLOCK": 0.008547008547008548, "FG_LONG_MID_RANGE_MADE": 0.3793103448275862, "FG_LONG_MID_RANGE_MADE_FOUL": 0.008547008547008548, "FG_SHORT_MID_RANGE_ATTEMPT": 0.3895131086142322, "FG_SHORT_MID_RANGE_BLOCK": 0.02247191011235955, "FG_SHORT_MID_RANGE_MADE": 0.47115384615384615, "FG_SHORT_MID_RANGE_MADE_FOUL": 0.003745318352059925, "FG_XY": {"ARC_3": {"9|260": 0.021739130434782608, "-188|155": 0.021739130434782608, "-86|246": 0.021739130434782608, "-113|220": 0.021739130434782608, "-96|273": 0.021739130434782608, "143|205": 0.021739130434782608, "190|178": 0.021739130434782608, "208|169": 0.021739130434782608, "-203|173": 0.021739130434782608, "54|253": 0.021739130434782608, "-217|126": 0.021739130434782608, "159|205": 0.021739130434782608, "92|251": 0.021739130434782608, "47|248": 0.021739130434782608, "125|222": 0.021739130434782608, "9|256": 0.021739130434782608, "-13|243": 0.021739130434782608, "82|251": 0.021739130434782608, "-44|241": 0.021739130434782608, "176|171": 0.021739130434782608, "147|205": 0.021739130434782608, "-65|256": 0.021739130434782608, "54|247": 0.021739130434782608, "-147|237": 0.021739130434782608, "-1|283": 0.021739130434782608, "-201|153": 0.021739130434782608, "70|252": 0.021739130434782608, "114|232": 0.021739130434782608, "157|205": 0.021739130434782608, "-119|252": 0.021739130434782608, "-159|194": 0.021739130434782608, "158|204": 0.021739130434782608, "183|190": 0.021739130434782608, "-214|106": 0.021739130434782608, "170|218": 0.021739130434782608, "-176|210": 0.021739130434782608, "-238|110": 0.021739130434782608, "-75|267": 0.021739130434782608, "-164|217": 0.021739130434782608, "-228|100": 0.021739130434782608, "-76|259": 0.021739130434782608, "190|169": 0.021739130434782608, "53|487": 0.021739130434782608, "-100|230": 0.021739130434782608, "172|214": 0.021739130434782608, "140|214": 0.021739130434782608}, "AT_RIM": {"27|12": 0.012987012987012988, "18|10": 0.012987012987012988, "1|16": 0.012987012987012988, "22|8": 0.012987012987012988, "21|30": 0.012987012987012988, "-15|20": 0.012987012987012988, "11|8": 0.012987012987012988, "20|21": 0.012987012987012988, "-7|17": 0.012987012987012988, "1|12": 0.012987012987012988, "-10|17": 0.012987012987012988, "15|10": 0.012987012987012988, "22|4": 0.012987012987012988, "11|6": 0.012987012987012988, "5|4": 0.012987012987012988, "9|-7": 0.012987012987012988, "6|9": 0.012987012987012988, "4|5": 0.012987012987012988, "12|5": 0.012987012987012988, "10|22": 0.012987012987012988, "5|6": 0.012987012987012988, "11|7": 0.012987012987012988, "0|5": 0.025974025974025976, "13|20": 0.012987012987012988, "0|0": 0.05194805194805195, "-7|9": 0.012987012987012988, "-4|27": 0.012987012987012988, "23|-6": 0.012987012987012988, "22|1": 0.012987012987012988, "13|15": 0.025974025974025976, "7|17": 0.012987012987012988, "-12|15": 0.012987012987012988, "-12|2": 0.012987012987012988, "18|27": 0.012987012987012988, "7|10": 0.012987012987012988, "2|32": 0.012987012987012988, "-33|8": 0.012987012987012988, "-1|-3": 0.012987012987012988, "9|27": 0.012987012987012988, "15|8": 0.012987012987012988, "0|16": 0.012987012987012988, "16|16": 0.012987012987012988, "37|13": 0.012987012987012988, "4|27": 0.012987012987012988, "16|21": 0.012987012987012988, "22|11": 0.012987012987012988, "22|10": 0.012987012987012988, "15|-4": 0.012987012987012988, "20|6": 0.012987012987012988, "23|7": 0.012987012987012988, "-20|8": 0.012987012987012988, "-10|16": 0.012987012987012988, "-33|13": 0.012987012987012988, "4|14": 0.012987012987012988, "21|11": 0.012987012987012988, "-2|15": 0.012987012987012988, "11|5": 0.012987012987012988, "10|2": 0.012987012987012988, "-7|-6": 0.012987012987012988, "17|29": 0.012987012987012988, "1|27": 0.012987012987012988, "-6|13": 0.012987012987012988, "-23|26": 0.012987012987012988, "11|13": 0.012987012987012988, "-25|19": 0.012987012987012988, "6|24": 0.012987012987012988, "-10|15": 0.012987012987012988, "-28|13": 0.012987012987012988, "-28|5": 0.012987012987012988, "-16|4": 0.012987012987012988, "12|0": 0.012987012987012988, "14|-3": 0.012987012987012988}, "CORNER_3": {"228|47": 0.03225806451612903, "-222|22": 0.03225806451612903, "-222|31": 0.03225806451612903, "-239|17": 0.03225806451612903, "224|5": 0.03225806451612903, "-229|41": 0.03225806451612903, "-229|-10": 0.03225806451612903, "235|55": 0.03225806451612903, "-229|12": 0.03225806451612903, "-229|-5": 0.03225806451612903, "-229|10": 0.03225806451612903, "225|35": 0.03225806451612903, "-230|48": 0.03225806451612903, "230|13": 0.03225806451612903, "-229|33": 0.03225806451612903, "229|17": 0.03225806451612903, "222|10": 0.03225806451612903, "232|74": 0.03225806451612903, "-239|1": 0.03225806451612903, "225|0": 0.03225806451612903, "235|-4": 0.03225806451612903, "225|83": 0.03225806451612903, "-225|55": 0.03225806451612903, "-230|64": 0.03225806451612903, "-228|8": 0.03225806451612903, "228|12": 0.03225806451612903, "232|-21": 0.03225806451612903, "223|19": 0.03225806451612903, "-243|3": 0.03225806451612903, "-235|38": 0.03225806451612903, "-234|-15": 0.03225806451612903}, "LONG_MID_RANGE": {"-148|27": 0.034482758620689655, "-102|96": 0.034482758620689655, "-36|197": 0.034482758620689655, "146|104": 0.034482758620689655, "126|95": 0.034482758620689655, "123|90": 0.034482758620689655, "85|125": 0.034482758620689655, "-99|105": 0.034482758620689655, "-140|27": 0.034482758620689655, "142|26": 0.034482758620689655, "40|145": 0.034482758620689655, "-6|228": 0.034482758620689655, "161|-27": 0.034482758620689655, "2|183": 0.034482758620689655, "-1|152": 0.034482758620689655, "115|116": 0.034482758620689655, "159|-9": 0.034482758620689655, "-165|108": 0.034482758620689655, "-98|135": 0.034482758620689655, "-121|131": 0.034482758620689655, "119|85": 0.034482758620689655, "53|130": 0.034482758620689655, "61|126": 0.034482758620689655, "185|-16": 0.034482758620689655, "159|-11": 0.034482758620689655, "62|125": 0.034482758620689655, "141|56": 0.034482758620689655, "-183|107": 0.034482758620689655, "-140|175": 0.034482758620689655}, "SHORT_MID_RANGE": {"70|59": 0.009615384615384616, "47|23": 0.009615384615384616, "31|54": 0.009615384615384616, "-110|85": 0.009615384615384616, "44|6": 0.009615384615384616, "-18|105": 0.009615384615384616, "97|32": 0.009615384615384616, "-2|58": 0.009615384615384616, "45|84": 0.009615384615384616, "129|11": 0.009615384615384616, "-9|55": 0.009615384615384616, "6|45": 0.009615384615384616, "39|38": 0.009615384615384616, "70|25": 0.009615384615384616, "-28|37": 0.009615384615384616, "55|48": 0.009615384615384616, "40|86": 0.009615384615384616, "105|13": 0.009615384615384616, "71|102": 0.009615384615384616, "48|127": 0.009615384615384616, "134|24": 0.009615384615384616, "81|16": 0.009615384615384616, "67|13": 0.009615384615384616, "-50|26": 0.009615384615384616, "20|40": 0.009615384615384616, "-110|3": 0.009615384615384616, "115|77": 0.009615384615384616, "36|22": 0.009615384615384616, "32|28": 0.009615384615384616, "71|14": 0.009615384615384616, "-4|52": 0.009615384615384616, "53|9": 0.009615384615384616, "67|62": 0.009615384615384616, "-53|104": 0.009615384615384616, "-86|39": 0.009615384615384616, "-115|9": 0.009615384615384616, "-18|104": 0.009615384615384616, "-134|15": 0.009615384615384616, "102|19": 0.009615384615384616, "91|90": 0.009615384615384616, "-31|46": 0.009615384615384616, "137|13": 0.009615384615384616, "-45|17": 0.009615384615384616, "97|-6": 0.009615384615384616,