{"ASSIST": 0.09523809523809523, "BLOCK": 0.0, "FG_ARC_3_ATTEMPT": 0.3548387096774194, "FG_ARC_3_BLOCK": 0.0, "FG_ARC_3_MADE": 0.06060606060606061, "FG_ARC_3_MADE_FOUL": 0.0, "FG_AT_RIM_ATTEMPT": 0.05319148936170213, "FG_AT_RIM_BLOCK": 0.0, "FG_AT_RIM_MADE": 0.4, "FG_AT_RIM_MADE_FOUL": 0.0, "FG_CORNER_3_ATTEMPT": 0.21052631578947367, "FG_CORNER_3_BLOCK": 0.0, "FG_CORNER_3_MADE": 0.0, "FG_CORNER_3_MADE_FOUL": 0.0, "FG_LONG_MID_RANGE_ATTEMPT": 0.08, "FG_LONG_MID_RANGE_BLOCK": 0.0, "FG_LONG_MID_RANGE_MADE": 0.5, "FG_LONG_MID_RANGE_MADE_FOUL": 0.0, "FG_SHORT_MID_RANGE_ATTEMPT": 0.05263157894736842, "FG_SHORT_MID_RANGE_BLOCK": 0.0, "FG_SHORT_MID_RANGE_MADE": 0.25, "FG_SHORT_MID_RANGE_MADE_FOUL": 0.0, "FG_XY": {"ARC_3": {"123|276": 0.030303030303030304, "-168|249": 0.030303030303030304, "-169|223": 0.030303030303030304, "11|253": 0.030303030303030304, "-59|285": 0.030303030303030304, "-140|232": 0.030303030303030304, "5|252": 0.030303030303030304, "70|263": 0.030303030303030304, "-96|268": 0.030303030303030304, "-130|210": 0.030303030303030304, "239|126": 0.030303030303030304, "172|207": 0.030303030303030304, "-152|248": 0.030303030303030304, "181|177": 0.030303030303030304, "-179|227": 0.030303030303030304, "120|238": 0.030303030303030304, "-145|239": 0.030303030303030304, "-207|155": 0.030303030303030304, "-190|186": 0.030303030303030304, "119|233": 0.030303030303030304, "-173|215": 0.030303030303030304, "161|205": 0.030303030303030304, "-222|130": 0.030303030303030304, "185|172": 0.030303030303030304, "-162|208": 0.030303030303030304, "176|201": 0.030303030303030304, "179|181": 0.030303030303030304, "25|268": 0.030303030303030304, "-157|200": 0.030303030303030304, "167|213": 0.030303030303030304, "-199|146": 0.030303030303030304, "-141|253": 0.030303030303030304, "-189|215": 0.030303030303030304}, "AT_RIM": {"1|-1": 0.2, "-5|4": 0.2, "7|12": 0.2, "1|17": 0.2, "11|26": 0.2}, "CORNER_3": {"230|-29": 0.25, "-229|-17": 0.25, "238|-13": 0.25, "-225|5": 0.25}, "LONG_MID_RANGE": {"83|181": 0.5, "152|90": 0.5}, "SHORT_MID_RANGE": {"107|78": 0.25, "-36|34": 0.25, "21|136": 0.25, "53|61": 0.25}}, "FOUL_AWAY_FROM_PLAY": 0.0, "FOULED_AWAY_FROM_PLAY": 0.0, "FOUL_CLEAR_PATH": 0.0, "FOULED_CLEAR_PATH": 0.0, "FOUL_COUNT_AS_PERSONAL": 0.2077922077922078, "FOULED_COUNT_AS_PERSONAL": 0.12162162162162163, "FOUL_COUNT_TOWARD_PENALTY": 0.21621621621621623, "FOULED_COUNT_TOWARD_PENALTY": 0.11764705882352941, "FOUL_DEFENSIVE_NON_SHOOTING": 0.1951219512195122, "FOULED_DEFENSIVE_NON_SHOOTING": 0.10344827586206896, "FOUL_DOUBLE": 0.0, "FOUL_TECHNICAL_DOUBLE": 0.0, "FOUL_FLAGRANT": 0.0, "FOULED_FLAGRANT": 0.0, "FOUL_FLAGRANT_1": 0.0, "FOULED_FLAGRANT_1": 0.0, "FOUL_FLAGRANT_2": 0.0, "FOULED_FLAGRANT_2": 0.0, "FOUL_INBOUND": 0.0, "FOULED_INBOUND": 0.0, "FOUL_LOOSE_BALL": 0.0, "FOULED_LOOSE_BALL": 0.0, "FOUL_OFFENSIVE_CHARGE": 0.0, "FOULED_OFFENSIVE_CHARGE": 0.3333333333333333, "FOUL_OFFENSIVE_OTHER": 0.0, "FOULED_OFFENSIVE_OTHER": 0.0, "FOUL_OFFENSIVE_TOTAL": 0.0, "FOULED_OFFENSIVE_TOTAL": 0.16666666666666666, "FOUL_PERSONAL": 0.18181818181818182, "FOULED_PERSONAL": 0.14285714285714285, "FOUL_PERSONAL_BLOCK": 0.0, "FOULED_PERSONAL_BLOCK": 0.0, "FOUL_PERSONAL_TAKE": 0.0, "FOULED_PERSONAL_TAKE": 0.0, "FOUL_SHOOTING": 0.25, "FOULED_SHOOTING": 0.1282051282051282, "FOUL_SHOOTING_BLOCK": 0.0, "FOULED_SHOOTING_BLOCK": 0.0, "FOUL_TECHNICAL": 0.3333333333333333, "FT": 1.0, "REBOUND_DEFENSIVE": 0.09937888198757763, "REBOUND_OFFENSIVE": 0.017543859649122806, "STEAL": 0.10526315789473684, "SHOT_TYPE_ARC_3_OFFENSIVE": 0.30293159609120524, "SHOT_TYPE_ARC_3_DEFENSIVE": 0.2905405405405405, "SHOT_TYPE_AT_RIM_OFFENSIVE": 0.30618892508143325, "SHOT_TYPE_AT_RIM_DEFENSIVE": 0.2533783783783784, "SHOT_TYPE_CORNER_3_OFFENSIVE": 0.06188925081433225, "SHOT_TYPE_CORNER_3_DEFENSIVE": 0.08445945945945946, "SHOT_TYPE_LONG_MID_RANGE_OFFENSIVE": 0.08143322475570032, "SHOT_TYPE_LONG_MID_RANGE_DEFENSIVE": 0.12837837837837837, "SHOT_TYPE_SHORT_MID_RANGE_OFFENSIVE": 0.247557003257329, "SHOT_TYPE_SHORT_MID_RANGE_DEFENSIVE": 0.24324324324324326, "TURNOVER": 0.08333333333333333, "VIOLATION_DEFENSIVE_GOALTENDING": 0.0, "VIOLATION_DEFENSIVE_KICK_BALL": 1.0}