{"ASSIST": 0.34536082474226804, "BLOCK": 0.06818181818181818, "FG_ARC_3_ATTEMPT": 0.18503937007874016, "FG_ARC_3_BLOCK": 0.0, "FG_ARC_3_MADE": 0.5531914893617021, "FG_ARC_3_MADE_FOUL": 0.0, "FG_AT_RIM_ATTEMPT": 0.1888412017167382, "FG_AT_RIM_BLOCK": 0.008583690987124463, "FG_AT_RIM_MADE": 0.7954545454545454, "FG_AT_RIM_MADE_FOUL": 0.017167381974248927, "FG_CORNER_3_ATTEMPT": 0.16, "FG_CORNER_3_BLOCK": 0.0, "FG_CORNER_3_MADE": 0.5833333333333334, "FG_CORNER_3_MADE_FOUL": 0.0, "FG_LONG_MID_RANGE_ATTEMPT": 0.25862068965517243, "FG_LONG_MID_RANGE_BLOCK": 0.0, "FG_LONG_MID_RANGE_MADE": 0.4666666666666667, "FG_LONG_MID_RANGE_MADE_FOUL": 0.0, "FG_SHORT_MID_RANGE_ATTEMPT": 0.22131147540983606, "FG_SHORT_MID_RANGE_BLOCK": 0.01639344262295082, "FG_SHORT_MID_RANGE_MADE": 0.5185185185185185, "FG_SHORT_MID_RANGE_MADE_FOUL": 0.0, "FG_XY": {"ARC_3": {"-129|224": 0.02127659574468085, "-56|285": 0.02127659574468085, "-162|206": 0.02127659574468085, "178|186": 0.02127659574468085, "-179|179": 0.02127659574468085, "-121|229": 0.02127659574468085, "-142|212": 0.02127659574468085, "21|246": 0.02127659574468085, "-47|271": 0.02127659574468085, "114|232": 0.02127659574468085, "102|237": 0.02127659574468085, "-44|432": 0.02127659574468085, "114|244": 0.02127659574468085, "22|262": 0.02127659574468085, "99|269": 0.02127659574468085, "20|256": 0.02127659574468085, "-70|248": 0.02127659574468085, "-169|187": 0.02127659574468085, "-208|163": 0.02127659574468085, "-21|258": 0.02127659574468085, "-170|201": 0.02127659574468085, "138|248": 0.02127659574468085, "-134|220": 0.02127659574468085, "143|225": 0.02127659574468085, "-224|140": 0.02127659574468085, "54|257": 0.02127659574468085, "66|254": 0.02127659574468085, "170|251": 0.02127659574468085, "216|154": 0.02127659574468085, "-9|469": 0.02127659574468085, "113|237": 0.02127659574468085, "-178|210": 0.02127659574468085, "115|233": 0.02127659574468085, "-162|216": 0.02127659574468085, "-137|256": 0.02127659574468085, "181|181": 0.02127659574468085, "188|186": 0.02127659574468085, "-212|154": 0.02127659574468085, "93|247": 0.02127659574468085, "55|268": 0.02127659574468085, "-82|255": 0.02127659574468085, "183|169": 0.02127659574468085, "54|274": 0.02127659574468085, "-189|191": 0.02127659574468085, "55|257": 0.02127659574468085, "67|283": 0.02127659574468085, "140|217": 0.02127659574468085}, "AT_RIM": {"-20|4": 0.022727272727272728, "25|12": 0.022727272727272728, "-21|2": 0.022727272727272728, "-2|6": 0.022727272727272728, "-6|30": 0.022727272727272728, "1|5": 0.022727272727272728, "13|0": 0.022727272727272728, "17|9": 0.022727272727272728, "-17|6": 0.022727272727272728, "-17|-1": 0.022727272727272728, "17|4": 0.022727272727272728, "-2|16": 0.022727272727272728, "16|-1": 0.022727272727272728, "20|4": 0.022727272727272728, "6|10": 0.022727272727272728, "-12|4": 0.022727272727272728, "27|5": 0.022727272727272728, "-21|11": 0.022727272727272728, "-2|27": 0.022727272727272728, "11|21": 0.022727272727272728, "15|12": 0.022727272727272728, "22|6": 0.022727272727272728, "13|5": 0.022727272727272728, "-1|4": 0.022727272727272728, "13|8": 0.022727272727272728, "25|15": 0.022727272727272728, "0|0": 0.045454545454545456, "1|15": 0.022727272727272728, "16|15": 0.022727272727272728, "12|10": 0.022727272727272728, "-4|18": 0.022727272727272728, "-20|17": 0.022727272727272728, "-26|27": 0.022727272727272728, "20|12": 0.022727272727272728, "18|16": 0.022727272727272728, "-16|10": 0.022727272727272728, "-22|13": 0.022727272727272728, "-22|6": 0.022727272727272728, "17|3": 0.022727272727272728, "27|13": 0.022727272727272728, "-4|21": 0.022727272727272728, "-2|22": 0.022727272727272728, "25|18": 0.022727272727272728}, "CORNER_3": {"230|51": 0.08333333333333333, "234|19": 0.08333333333333333, "-227|-17": 0.08333333333333333, "-235|37": 0.08333333333333333, "233|7": 0.08333333333333333, "235|22": 0.08333333333333333, "-239|-1": 0.08333333333333333, "240|6": 0.08333333333333333, "-223|62": 0.08333333333333333, "-232|-6": 0.08333333333333333, "-230|-8": 0.08333333333333333, "-234|37": 0.08333333333333333}, "LONG_MID_RANGE": {"23|158": 0.06666666666666667, "-65|163": 0.06666666666666667, "49|200": 0.06666666666666667, "185|3": 0.06666666666666667, "141|150": 0.06666666666666667, "140|147": 0.06666666666666667, "-138|55": 0.06666666666666667, "-36|157": 0.06666666666666667, "47|156": 0.06666666666666667, "127|157": 0.06666666666666667, "-71|211": 0.06666666666666667, "-160|62": 0.06666666666666667, "136|126": 0.06666666666666667, "45|190": 0.06666666666666667, "-60|155": 0.06666666666666667}, "SHORT_MID_RANGE": {"-7|136": 0.037037037037037035, "69|42": 0.037037037037037035, "-6|109": 0.037037037037037035, "-28|52": 0.037037037037037035, "-40|45": 0.037037037037037035, "-1|43": 0.037037037037037035, "-11|112": 0.037037037037037035, "-72|73": 0.037037037037037035, "-27|65": 0.037037037037037035, "33|37": 0.037037037037037035, "-100|69": 0.037037037037037035, "23|43": 0.037037037037037035, "-4|74": 0.037037037037037035, "97|85": 0.037037037037037035, "-17|46": 0.037037037037037035, "13|92": 0.037037037037037035, "7|128": 0.037037037037037035, "50|32": 0.037037037037037035, "36|43": 0.037037037037037035, "32|80": 0.037037037037037035, "45|21": 0.037037037037037035, "54|83": 0.037037037037037035, "-21|126": 0.037037037037037035, "20|37": 0.037037037037037035, "39|15": 0.037037037037037035, "37|26": 0.037037037037037035, "99|1": 0.037037037037037035}}, "FOUL_AWAY_FROM_PLAY": 0.0, "FOULED_AWAY_FROM_PLAY": 0.0, "FOUL_CLEAR_PATH": 0.0, "FOULED_CLEAR_PATH": 0.0, "FOUL_COUNT_AS_PERSONAL": 0.17058823529411765, "FOULED_COUNT_AS_PERSONAL": 0.1836734693877551, "FOUL_COUNT_TOWARD_PENALTY": 0.18543046357615894, "FOULED_COUNT_TOWARD_PENALTY": 0.16853932584269662, "FOUL_DEFENSIVE_NON_SHOOTING": 0.24324324324324326, "FOULED_DEFENSIVE_NON_SHOOTING": 0.18604651162790697, "FOUL_DOUBLE": 0.0, "FOUL_TECHNICAL_DOUBLE": 0.0, "FOUL_FLAGRANT": 0.0, "FOULED_FLAGRANT": 0.0, "FOUL_FLAGRANT_1": 0.0, "FOULED_FLAGRANT_1": 0.0, "FOUL_FLAGRANT_2": 0.0, "FOULED_FLAGRANT_2": 0.0, "FOUL_INBOUND": 0.0, "FOULED_INBOUND": 0.0, "FOUL_LOOSE_BALL": 0.0, "FOULED_LOOSE_BALL": 0.0, "FOUL_OFFENSIVE_CHARGE": 0.3333333333333333, "FOULED_OFFENSIVE_CHARGE": 0.16666666666666666, "FOUL_OFFENSIVE_OTHER": 0.0, "FOULED_OFFENSIVE_OTHER": 0.0, "FOUL_OFFENSIVE_TOTAL": 0.05263157894736842, "FOULED_OFFENSIVE_TOTAL": 0.35294117647058826, "FOUL_PERSONAL": 0.2857142857142857, "FOULED_PERSONAL": 0.22950819672131148, "FOUL_PERSONAL_BLOCK": 0.0, "FOULED_PERSONAL_BLOCK": 0.0, "FOUL_PERSONAL_TAKE": 0.16666666666666666, "FOULED_PERSONAL_TAKE": 0.18181818181818182, "FOUL_SHOOTING": 0.12987012987012986, "FOULED_SHOOTING": 0.15053763440860216, "FOUL_SHOOTING_BLOCK": 0.0, "FOULED_SHOOTING_BLOCK": 0.0, "FOUL_TECHNICAL": 0.0, "FT": 0.8333333333333334, "REBOUND_DEFENSIVE": 0.06824146981627296, "REBOUND_OFFENSIVE": 0.01598173515981735, "STEAL": 0.20238095238095238, "SHOT_TYPE_ARC_3_OFFENSIVE": 0.3423180592991914, "SHOT_TYPE_ARC_3_DEFENSIVE": 0.2853146853146853, "SHOT_TYPE_AT_RIM_OFFENSIVE": 0.3140161725067385, "SHOT_TYPE_AT_RIM_DEFENSIVE": 0.29790209790209793, "SHOT_TYPE_CORNER_3_OFFENSIVE": 0.10107816711590296, "SHOT_TYPE_CORNER_3_DEFENSIVE": 0.09090909090909091, "SHOT_TYPE_LONG_MID_RANGE_OFFENSIVE": 0.07816711590296496, "SHOT_TYPE_LONG_MID_RANGE_DEFENSIVE": 0.11608391608391608, "SHOT_TYPE_SHORT_MID_RANGE_OFFENSIVE": 0.16442048517520216, "SHOT_TYPE_SHORT_MID_RANGE_DEFENSIVE": 0.2097902097902098, "TURNOVER": 0.21875, "VIOLATION_DEFENSIVE_GOALTENDING": 0.0, "VIOLATION_DEFENSIVE_KICK_BALL": 0.0}