{"ASSIST": 0.296875, "BLOCK": 0.25, "FG_ARC_3_ATTEMPT": 0.2033898305084746, "FG_ARC_3_BLOCK": 0.0, "FG_ARC_3_MADE": 0.5, "FG_ARC_3_MADE_FOUL": 0.0, "FG_AT_RIM_ATTEMPT": 0.1917808219178082, "FG_AT_RIM_BLOCK": 0.0547945205479452, "FG_AT_RIM_MADE": 0.5714285714285714, "FG_AT_RIM_MADE_FOUL": 0.0136986301369863, "FG_CORNER_3_ATTEMPT": 0.18518518518518517, "FG_CORNER_3_BLOCK": 0.0, "FG_CORNER_3_MADE": 0.8, "FG_CORNER_3_MADE_FOUL": 0.0, "FG_LONG_MID_RANGE_ATTEMPT": 0.4583333333333333, "FG_LONG_MID_RANGE_BLOCK": 0.0, "FG_LONG_MID_RANGE_MADE": 0.36363636363636365, "FG_LONG_MID_RANGE_MADE_FOUL": 0.0, "FG_SHORT_MID_RANGE_ATTEMPT": 0.08695652173913043, "FG_SHORT_MID_RANGE_BLOCK": 0.021739130434782608, "FG_SHORT_MID_RANGE_MADE": 0.0, "FG_SHORT_MID_RANGE_MADE_FOUL": 0.0, "FG_XY": {"ARC_3": {"114|250": 0.08333333333333333, "-170|205": 0.08333333333333333, "72|243": 0.08333333333333333, "87|258": 0.08333333333333333, "98|253": 0.08333333333333333, "2|279": 0.08333333333333333, "-207|158": 0.08333333333333333, "62|276": 0.08333333333333333, "-114|222": 0.08333333333333333, "81|482": 0.08333333333333333, "-184|184": 0.08333333333333333, "28|259": 0.08333333333333333}, "AT_RIM": {"-6|13": 0.07142857142857142, "11|6": 0.07142857142857142, "4|14": 0.07142857142857142, "-13|20": 0.07142857142857142, "21|6": 0.07142857142857142, "-13|-7": 0.07142857142857142, "23|21": 0.07142857142857142, "-5|16": 0.07142857142857142, "2|7": 0.07142857142857142, "7|26": 0.07142857142857142, "1|13": 0.07142857142857142, "10|13": 0.07142857142857142, "12|22": 0.07142857142857142, "-9|14": 0.07142857142857142}, "CORNER_3": {"-233|79": 0.2, "-222|6": 0.2, "227|13": 0.2, "-232|30": 0.2, "-228|37": 0.2}, "LONG_MID_RANGE": {"-113|153": 0.09090909090909091, "-110|120": 0.09090909090909091, "75|190": 0.09090909090909091, "-190|42": 0.09090909090909091, "-10|217": 0.09090909090909091, "-141|149": 0.09090909090909091, "67|197": 0.09090909090909091, "-22|151": 0.09090909090909091, "-130|162": 0.09090909090909091, "9|170": 0.09090909090909091, "91|189": 0.09090909090909091}, "SHORT_MID_RANGE": {"-71|109": 0.25, "45|34": 0.25, "47|29": 0.25, "91|58": 0.25}}, "FOUL_AWAY_FROM_PLAY": 0.0, "FOULED_AWAY_FROM_PLAY": 0.0, "FOUL_CLEAR_PATH": 0.0, "FOULED_CLEAR_PATH": 0.0, "FOUL_COUNT_AS_PERSONAL": 0.2727272727272727, "FOULED_COUNT_AS_PERSONAL": 0.24561403508771928, "FOUL_COUNT_TOWARD_PENALTY": 0.2698412698412698, "FOULED_COUNT_TOWARD_PENALTY": 0.24074074074074073, "FOUL_DEFENSIVE_NON_SHOOTING": 0.3333333333333333, "FOULED_DEFENSIVE_NON_SHOOTING": 0.28, "FOUL_DOUBLE": 0.0, "FOUL_TECHNICAL_DOUBLE": 0.0, "FOUL_FLAGRANT": 0.0, "FOULED_FLAGRANT": 0.0, "FOUL_FLAGRANT_1": 0.0, "FOULED_FLAGRANT_1": 0.0, "FOUL_FLAGRANT_2": 0.0, "FOULED_FLAGRANT_2": 0.0, "FOUL_INBOUND": 0.0, "FOULED_INBOUND": 0.0, "FOUL_LOOSE_BALL": 0.0, "FOULED_LOOSE_BALL": 0.3333333333333333, "FOUL_OFFENSIVE_CHARGE": 0.5, "FOULED_OFFENSIVE_CHARGE": 0.0, "FOUL_OFFENSIVE_OTHER": 0.0, "FOULED_OFFENSIVE_OTHER": 0.0, "FOUL_OFFENSIVE_TOTAL": 0.3333333333333333, "FOULED_OFFENSIVE_TOTAL": 0.3333333333333333, "FOUL_PERSONAL": 0.30434782608695654, "FOULED_PERSONAL": 0.2631578947368421, "FOUL_PERSONAL_BLOCK": 0.0, "FOULED_PERSONAL_BLOCK": 0.0, "FOUL_PERSONAL_TAKE": 0.5714285714285714, "FOULED_PERSONAL_TAKE": 0.3333333333333333, "FOUL_SHOOTING": 0.2, "FOULED_SHOOTING": 0.20689655172413793, "FOUL_SHOOTING_BLOCK": 0.0, "FOULED_SHOOTING_BLOCK": 0.0, "FOUL_TECHNICAL": 0.0, "FT": 0.8666666666666667, "REBOUND_DEFENSIVE": 0.11363636363636363, "REBOUND_OFFENSIVE": 0.022900763358778626, "STEAL": 0.041666666666666664, "SHOT_TYPE_ARC_3_OFFENSIVE": 0.2576419213973799, "SHOT_TYPE_ARC_3_DEFENSIVE": 0.3076923076923077, "SHOT_TYPE_AT_RIM_OFFENSIVE": 0.31877729257641924, "SHOT_TYPE_AT_RIM_DEFENSIVE": 0.2948717948717949, "SHOT_TYPE_CORNER_3_OFFENSIVE": 0.11790393013100436, "SHOT_TYPE_CORNER_3_DEFENSIVE": 0.08547008547008547, "SHOT_TYPE_LONG_MID_RANGE_OFFENSIVE": 0.10480349344978165, "SHOT_TYPE_LONG_MID_RANGE_DEFENSIVE": 0.13675213675213677, "SHOT_TYPE_SHORT_MID_RANGE_OFFENSIVE": 0.20087336244541484, "SHOT_TYPE_SHORT_MID_RANGE_DEFENSIVE": 0.1752136752136752, "TURNOVER": 0.3111111111111111, "VIOLATION_DEFENSIVE_GOALTENDING": 0.0, "VIOLATION_DEFENSIVE_KICK_BALL": 0.0}