{"ASSIST": 0.13513513513513514, "BLOCK": 0.06557377049180328, "FG_ARC_3_ATTEMPT": 0.21714285714285714, "FG_ARC_3_BLOCK": 0.002857142857142857, "FG_ARC_3_MADE": 0.19736842105263158, "FG_ARC_3_MADE_FOUL": 0.0, "FG_AT_RIM_ATTEMPT": 0.13286713286713286, "FG_AT_RIM_BLOCK": 0.006993006993006993, "FG_AT_RIM_MADE": 0.631578947368421, "FG_AT_RIM_MADE_FOUL": 0.013986013986013986, "FG_CORNER_3_ATTEMPT": 0.20408163265306123, "FG_CORNER_3_BLOCK": 0.0, "FG_CORNER_3_MADE": 0.15, "FG_CORNER_3_MADE_FOUL": 0.0, "FG_LONG_MID_RANGE_ATTEMPT": 0.16, "FG_LONG_MID_RANGE_BLOCK": 0.0, "FG_LONG_MID_RANGE_MADE": 0.2, "FG_LONG_MID_RANGE_MADE_FOUL": 0.0, "FG_SHORT_MID_RANGE_ATTEMPT": 0.18229166666666666, "FG_SHORT_MID_RANGE_BLOCK": 0.015625, "FG_SHORT_MID_RANGE_MADE": 0.2857142857142857, "FG_SHORT_MID_RANGE_MADE_FOUL": 0.0, "FG_XY": {"ARC_3": {"157|200": 0.013157894736842105, "-225|109": 0.013157894736842105, "-170|181": 0.013157894736842105, "211|126": 0.013157894736842105, "-93|236": 0.013157894736842105, "-217|136": 0.013157894736842105, "-92|251": 0.013157894736842105, "156|216": 0.013157894736842105, "119|221": 0.013157894736842105, "-113|219": 0.013157894736842105, "186|180": 0.013157894736842105, "-228|94": 0.013157894736842105, "-89|232": 0.013157894736842105, "-54|236": 0.013157894736842105, "-196|164": 0.013157894736842105, "44|254": 0.013157894736842105, "-181|175": 0.013157894736842105, "-151|201": 0.013157894736842105, "153|193": 0.013157894736842105, "-167|197": 0.013157894736842105, "4|267": 0.013157894736842105, "-164|432": 0.013157894736842105, "-99|227": 0.013157894736842105, "-135|203": 0.013157894736842105, "-39|245": 0.013157894736842105, "99|251": 0.013157894736842105, "228|99": 0.013157894736842105, "-113|233": 0.013157894736842105, "173|207": 0.013157894736842105, "-102|244": 0.013157894736842105, "141|218": 0.013157894736842105, "-62|249": 0.013157894736842105, "-110|224": 0.013157894736842105, "-83|237": 0.013157894736842105, "-184|182": 0.013157894736842105, "123|230": 0.013157894736842105, "108|260": 0.013157894736842105, "-126|247": 0.013157894736842105, "-42|278": 0.013157894736842105, "-165|231": 0.013157894736842105, "-213|142": 0.013157894736842105, "-174|184": 0.013157894736842105, "-65|304": 0.013157894736842105, "-229|121": 0.013157894736842105, "-210|134": 0.013157894736842105, "161|208": 0.013157894736842105, "-58|268": 0.013157894736842105, "-217|141": 0.013157894736842105, "-66|250": 0.013157894736842105, "81|269": 0.013157894736842105, "-126|214": 0.013157894736842105, "2|250": 0.013157894736842105, "-131|215": 0.013157894736842105, "148|215": 0.013157894736842105, "94|237": 0.013157894736842105, "-138|203": 0.013157894736842105, "1|250": 0.013157894736842105, "-116|214": 0.013157894736842105, "93|230": 0.013157894736842105, "-94|226": 0.013157894736842105, "-102|224": 0.013157894736842105, "74|285": 0.013157894736842105, "-222|122": 0.013157894736842105, "-109|221": 0.013157894736842105, "-50|241": 0.013157894736842105, "140|222": 0.013157894736842105, "152|196": 0.013157894736842105, "185|170": 0.013157894736842105, "-178|164": 0.013157894736842105, "-103|232": 0.013157894736842105, "-29|248": 0.013157894736842105, "-180|179": 0.013157894736842105, "-194|146": 0.013157894736842105, "-178|188": 0.013157894736842105, "-16|251": 0.013157894736842105, "9|253": 0.013157894736842105}, "AT_RIM": {"26|19": 0.02631578947368421, "-1|1": 0.02631578947368421, "12|10": 0.02631578947368421, "4|7": 0.02631578947368421, "-6|6": 0.02631578947368421, "-17|1": 0.02631578947368421, "5|8": 0.02631578947368421, "-32|16": 0.02631578947368421, "28|27": 0.02631578947368421, "-28|-1": 0.02631578947368421, "1|-8": 0.02631578947368421, "4|5": 0.02631578947368421, "17|15": 0.02631578947368421, "-2|8": 0.02631578947368421, "-13|6": 0.02631578947368421, "-2|11": 0.02631578947368421, "7|21": 0.02631578947368421, "4|14": 0.02631578947368421, "6|22": 0.02631578947368421, "-5|-5": 0.02631578947368421, "13|0": 0.02631578947368421, "-4|0": 0.02631578947368421, "15|16": 0.02631578947368421, "0|0": 0.07894736842105263, "-10|17": 0.02631578947368421, "-12|8": 0.02631578947368421, "16|35": 0.02631578947368421, "-26|6": 0.02631578947368421, "-10|4": 0.02631578947368421, "-21|18": 0.02631578947368421, "-22|9": 0.02631578947368421, "1|31": 0.02631578947368421, "4|-3": 0.02631578947368421, "11|5": 0.02631578947368421, "-11|11": 0.02631578947368421, "-9|13": 0.02631578947368421}, "CORNER_3": {"-232|73": 0.05, "-233|-5": 0.05, "224|67": 0.05, "-238|-11": 0.05, "-238|-1": 0.05, "-232|0": 0.05, "-230|6": 0.05, "230|21": 0.05, "-230|22": 0.05, "232|-17": 0.05, "228|65": 0.05, "-244|38": 0.05, "-233|2": 0.05, "219|74": 0.05, "-237|12": 0.05, "-239|7": 0.05, "223|-13": 0.05, "235|4": 0.05, "-239|3": 0.05, "-232|-2": 0.05}, "LONG_MID_RANGE": {"-29|228": 0.05, "202|-1": 0.05, "-50|172": 0.05, "109|169": 0.05, "92|136": 0.05, "-162|-16": 0.05, "-120|193": 0.05, "-2|203": 0.05, "2|238": 0.05, "36|185": 0.05, "-118|89": 0.05, "-206|-33": 0.05, "-59|195": 0.05, "-191|-13": 0.05, "129|139": 0.05, "-168|-12": 0.05, "-172|17": 0.05, "-140|51": 0.05, "20|166": 0.05, "-161|159": 0.05}, "SHORT_MID_RANGE": {"-48|23": 0.02857142857142857, "-62|69": 0.02857142857142857, "-26|44": 0.02857142857142857, "69|9": 0.02857142857142857, "10|90": 0.02857142857142857, "-6|63": 0.02857142857142857, "-123|32": 0.02857142857142857, "-45|50": 0.02857142857142857, "1|74": 0.02857142857142857, "5|131": 0.02857142857142857, "0|59": 0.02857142857142857, "2|92": 0.02857142857142857, "-116|75": 0.02857142857142857, "74|109": 0.02857142857142857, "-25|99": 0.02857142857142857, "87|-30": 0.02857142857142857, "58|123": 0.02857142857142857, "-10|74": 0.02857142857142857, "5|100": 0.02857142857142857, "-36|95": 0.02857142857142857, "-43|105": 0.02857142857142857, "-78|101": 0.02857142857142857, "34|83": 0.02857142857142857, "2|62": 0.02857142857142857, "28|99": 0.02857142857142857, "50|13": 0.02857142857142857, "21|50": 0.02857142857142857, "-45|32": 0.02857142857142857, "-50|121": 0.02857142857142857, "45|25": 0.02857142857142857, "-45|10": 0.02857142857142857, "1|103": 0.02857142857142857, "-6|105": 0.02857142857142857, "40|60": 0.02857142857142857, "-77|70": 0.02857142857142857}}, "FOUL_AWAY_FROM_PLAY": 0.0, "FOULED_AWAY_FROM_PLAY": 0.0, "FOUL_CLEAR_PATH": 0.0, "FOULED_CLEAR_PATH": 0.0, "FOUL_COUNT_AS_PERSONAL": 0.15346534653465346, "FOULED_COUNT_AS_PERSONAL": 0.10222222222222223, "FOUL_COUNT_TOWARD_PENALTY": 0.15425531914893617, "FOULED_COUNT_TOWARD_PENALTY": 0.10679611650485436, "FOUL_DEFENSIVE_NON_SHOOTING": 0.22580645161290322, "FOULED_DEFENSIVE_NON_SHOOTING": 0.09433962264150944, "FOUL_DOUBLE": 0.0, "FOUL_TECHNICAL_DOUBLE": 0.0, "FOUL_FLAGRANT": 0.0, "FOULED_FLAGRANT": 0.0, "FOUL_FLAGRANT_1": 0.0, "FOULED_FLAGRANT_1": 0.0, "FOUL_FLAGRANT_2": 0.0, "FOULED_FLAGRANT_2": 0.0, "FOUL_INBOUND": 0.0, "FOULED_INBOUND": 0.0, "FOUL_LOOSE_BALL": 0.0, "FOULED_LOOSE_BALL": 0.05555555555555555, "FOUL_OFFENSIVE_CHARGE": 0.0, "FOULED_OFFENSIVE_CHARGE": 0.1111111111111111, "FOUL_OFFENSIVE_OTHER": 0.0, "FOULED_OFFENSIVE_OTHER": 0.0, "FOUL_OFFENSIVE_TOTAL": 0.14285714285714285, "FOULED_OFFENSIVE_TOTAL": 0.05263157894736842, "FOUL_PERSONAL": 0.22413793103448276, "FOULED_PERSONAL": 0.10606060606060606, "FOUL_PERSONAL_BLOCK": 0.0, "FOULED_PERSONAL_BLOCK": 0.0, "FOUL_PERSONAL_TAKE": 0.38095238095238093, "FOULED_PERSONAL_TAKE": 0.1, "FOUL_SHOOTING": 0.08421052631578947, "FOULED_SHOOTING": 0.12, "FOUL_SHOOTING_BLOCK": 0.0, "FOULED_SHOOTING_BLOCK": 0.0, "FOUL_TECHNICAL": 0.0, "FT": 0.7666666666666667, "REBOUND_DEFENSIVE": 0.08139534883720931, "REBOUND_OFFENSIVE": 0.01800327332242226, "STEAL": 0.2647058823529412, "SHOT_TYPE_ARC_3_OFFENSIVE": 0.3330161750713606, "SHOT_TYPE_ARC_3_DEFENSIVE": 0.3293023255813953, "SHOT_TYPE_AT_RIM_OFFENSIVE": 0.2721217887725975, "SHOT_TYPE_AT_RIM_DEFENSIVE": 0.3125581395348837, "SHOT_TYPE_CORNER_3_OFFENSIVE": 0.09324452901998097, "SHOT_TYPE_CORNER_3_DEFENSIVE": 0.1013953488372093,