{"ASSIST": 0.1503267973856209, "BLOCK": 0.043478260869565216, "FG_ARC_3_ATTEMPT": 0.1523545706371191, "FG_ARC_3_BLOCK": 0.0, "FG_ARC_3_MADE": 0.2545454545454545, "FG_ARC_3_MADE_FOUL": 0.0, "FG_AT_RIM_ATTEMPT": 0.20630372492836677, "FG_AT_RIM_BLOCK": 0.02865329512893983, "FG_AT_RIM_MADE": 0.5138888888888888, "FG_AT_RIM_MADE_FOUL": 0.008595988538681949, "FG_CORNER_3_ATTEMPT": 0.21212121212121213, "FG_CORNER_3_BLOCK": 0.010101010101010102, "FG_CORNER_3_MADE": 0.2857142857142857, "FG_CORNER_3_MADE_FOUL": 0.0, "FG_LONG_MID_RANGE_ATTEMPT": 0.02830188679245283, "FG_LONG_MID_RANGE_BLOCK": 0.0, "FG_LONG_MID_RANGE_MADE": 1.0, "FG_LONG_MID_RANGE_MADE_FOUL": 0.0, "FG_SHORT_MID_RANGE_ATTEMPT": 0.18120805369127516, "FG_SHORT_MID_RANGE_BLOCK": 0.020134228187919462, "FG_SHORT_MID_RANGE_MADE": 0.46296296296296297, "FG_SHORT_MID_RANGE_MADE_FOUL": 0.016778523489932886, "FG_XY": {"ARC_3": {"152|199": 0.01818181818181818, "-116|234": 0.01818181818181818, "-47|262": 0.01818181818181818, "54|263": 0.01818181818181818, "-189|165": 0.01818181818181818, "-114|229": 0.01818181818181818, "34|263": 0.01818181818181818, "-170|182": 0.01818181818181818, "114|227": 0.01818181818181818, "145|206": 0.01818181818181818, "-98|226": 0.01818181818181818, "-70|243": 0.01818181818181818, "-165|195": 0.01818181818181818, "102|235": 0.01818181818181818, "145|264": 0.01818181818181818, "69|275": 0.01818181818181818, "-124|226": 0.01818181818181818, "-167|211": 0.01818181818181818, "-48|253": 0.01818181818181818, "-137|226": 0.01818181818181818, "-77|240": 0.01818181818181818, "65|260": 0.01818181818181818, "145|198": 0.01818181818181818, "-169|193": 0.01818181818181818, "58|258": 0.01818181818181818, "-80|277": 0.01818181818181818, "223|104": 0.01818181818181818, "170|195": 0.01818181818181818, "-153|212": 0.01818181818181818, "164|190": 0.01818181818181818, "-27|253": 0.01818181818181818, "-43|247": 0.01818181818181818, "228|101": 0.01818181818181818, "36|254": 0.01818181818181818, "-154|200": 0.01818181818181818, "126|223": 0.01818181818181818, "-214|138": 0.01818181818181818, "-80|246": 0.01818181818181818, "91|253": 0.01818181818181818, "146|215": 0.01818181818181818, "180|188": 0.01818181818181818, "-62|259": 0.01818181818181818, "0|284": 0.01818181818181818, "-148|225": 0.01818181818181818, "207|147": 0.01818181818181818, "-225|115": 0.01818181818181818, "-60|243": 0.01818181818181818, "-1|245": 0.01818181818181818, "-78|246": 0.01818181818181818, "-181|175": 0.01818181818181818, "-2|254": 0.01818181818181818, "148|212": 0.01818181818181818, "-9|288": 0.01818181818181818, "51|257": 0.01818181818181818, "-59|257": 0.01818181818181818}, "AT_RIM": {"-4|5": 0.013888888888888888, "12|8": 0.013888888888888888, "-15|9": 0.013888888888888888, "0|0": 0.06944444444444445, "33|21": 0.013888888888888888, "10|11": 0.013888888888888888, "34|15": 0.013888888888888888, "-4|36": 0.013888888888888888, "-2|17": 0.013888888888888888, "1|5": 0.013888888888888888, "-26|15": 0.013888888888888888, "-2|36": 0.013888888888888888, "11|0": 0.013888888888888888, "7|22": 0.013888888888888888, "10|18": 0.013888888888888888, "13|17": 0.013888888888888888, "-16|5": 0.013888888888888888, "-5|13": 0.013888888888888888, "-31|21": 0.013888888888888888, "26|3": 0.013888888888888888, "17|5": 0.013888888888888888, "21|28": 0.013888888888888888, "25|13": 0.027777777777777776, "-4|10": 0.013888888888888888, "25|16": 0.013888888888888888, "-13|10": 0.013888888888888888, "-5|12": 0.013888888888888888, "0|10": 0.027777777777777776, "-21|1": 0.013888888888888888, "-28|13": 0.013888888888888888, "13|4": 0.027777777777777776, "2|-2": 0.013888888888888888, "25|26": 0.013888888888888888, "10|6": 0.013888888888888888, "-34|-12": 0.013888888888888888, "-13|3": 0.013888888888888888, "-18|-7": 0.013888888888888888, "2|36": 0.013888888888888888, "-11|33": 0.013888888888888888, "-15|16": 0.013888888888888888, "27|5": 0.013888888888888888, "-6|7": 0.013888888888888888, "25|25": 0.013888888888888888, "12|18": 0.013888888888888888, "-12|20": 0.013888888888888888, "6|6": 0.013888888888888888, "12|29": 0.013888888888888888, "10|9": 0.013888888888888888, "6|27": 0.013888888888888888, "-21|15": 0.027777777777777776, "-20|13": 0.013888888888888888, "-10|7": 0.013888888888888888, "-2|12": 0.013888888888888888, "-31|0": 0.013888888888888888, "25|18": 0.013888888888888888, "-17|5": 0.013888888888888888, "21|9": 0.013888888888888888, "-12|4": 0.013888888888888888, "9|9": 0.013888888888888888, "17|11": 0.013888888888888888, "-11|1": 0.013888888888888888, "-9|10": 0.013888888888888888, "-16|4": 0.013888888888888888, "22|7": 0.013888888888888888}, "CORNER_3": {"227|22": 0.047619047619047616, "-233|-10": 0.047619047619047616, "-232|49": 0.047619047619047616, "229|35": 0.047619047619047616, "-234|-10": 0.047619047619047616, "-234|27": 0.047619047619047616, "228|20": 0.047619047619047616, "-222|-13": 0.047619047619047616, "228|8": 0.047619047619047616, "229|81": 0.047619047619047616, "-235|26": 0.047619047619047616, "-232|-2": 0.047619047619047616, "225|28": 0.047619047619047616, "229|65": 0.047619047619047616, "235|22": 0.047619047619047616, "-228|70": 0.047619047619047616, "229|50": 0.047619047619047616, "237|24": 0.047619047619047616, "-229|-1": 0.047619047619047616, "-232|4": 0.047619047619047616, "-230|3": 0.047619047619047616}, "LONG_MID_RANGE": {"34|137": 0.3333333333333333, "-170|20": 0.3333333333333333, "-1|152": 0.3333333333333333}, "SHORT_MID_RANGE": {"85|35": 0.018518518518518517, "39|71": 0.018518518518518517, "-116|27": 0.018518518518518517, "51|49": 0.018518518518518517, "-47|37": 0.018518518518518517, "-45|25": 0.018518518518518517, "-64|22": 0.018518518518518517, "-121|-1": 0.018518518518518517, "-23|64": 0.018518518518518517, "-21|73": 0.018518518518518517, "-12|53": 0.018518518518518517, "-11|59": 0.018518518518518517, "-6|105": 0.018518518518518517, "-42|11": 0.018518518518518517, "27|31": 0.018518518518518517, "-20|84": 0.018518518518518517, "27|63": 0.018518518518518517, "22|75": 0.018518518518518517, "-48|52": 0.018518518518518517, "-4|111": 0.018518518518518517, "40|17": 0.018518518518518517, "-2|113": 0.018518518518518517, "4|89": 0.018518518518518517, "-6|48": 0.018518518518518517, "65|60": 0.018518518518518517, "-55|52": 0.018518518518518517, "-44|18": 0.018518518518518517, "-11|53": 0.018518518518518517, "87|9": 0.018518518518518517, "0|48": 0.018518518518518517, "20|44": 0.018518518518518517, "-32|34": 0.018518518518518517, "-58|37": 0.018518518518518517, "26|31": 0.018518518518518517, "-12|51": 0.018518518518518517, "-58|6": 0.018518518518518517, "-4|64": 0.018518518518518517, "58|15": 0.018518518518518517, "59|45": 0.018518518518518517, "67|11": 0.018518518518518517, "-26|43": 0.018518518518518517, "32|39": 0.018518518518518517, "67|26": 0.018518518518518517, "1|72": 0.018518518518518517, "34|25": 0.018518518518518517, "45|3": 0.018518518518518517, "0|53": 0.018518518518518517, "-2|83": 0.018518518518518517, "-44|3": 0.018518518518518517, "48|22": 0.018518518518518517, "47|17": 0.018518518518518517, "33|122": 0.018518518518518517, "-85|-5": 0.018518518518518517, "5|120": 0.018518518518518517}}, "FOUL_AWAY_FROM_PLAY": 0.0, "FOULED_AWAY_FROM_PLAY": 0.0, "FOUL_CLEAR_PATH": 0.0, "FOULED_CLEAR_PATH": 0.0, "FOUL_COUNT_AS_PERSONAL": 0.1018867924528302, "FOULED_COUNT_AS_PERSONAL": 0.30405405405405406, "FOUL_COUNT_TOWARD_PENALTY": 0.0875, "FOULED_COUNT_TOWARD_PENALTY": 0.3140794223826715, "FOUL_DEFENSIVE_NON_SHOOTING": 0.088, "FOULED_DEFENSIVE_NON_SHOOTING": 0.2916666666666667, "FOUL_DOUBLE": 0.0, "FOUL_TECHNICAL_DOUBLE": 0.0, "FOUL_FLAGRANT": 0.0, "FOULED_FLAGRANT": 0.0, "FOUL_FLAGRANT_1": 0.0, "FOULED_FLAGRANT_1": 0.0, "FOUL_FLAGRANT_2": 0.0, "FOULED_FLAGRANT_2": 0.0, "FOUL_INBOUND": 0.0, "FOULED_INBOUND": 0.0, "FOUL_LOOSE_BALL": 0.0, "FOULED_LOOSE_BALL": 0.15384615384615385, "FOUL_OFFENSIVE_CHARGE": 0.5, "FOULED_OFFENSIVE_CHARGE": 0.25, "FOUL_OFFENSIVE_OTHER": 0.0, "FOULED_OFFENSIVE_OTHER": 0.0, "FOUL_OFFENSIVE_TOTAL": 0.24,