{"ASSIST": 0.17543859649122806, "BLOCK": 0.0625, "FG_ARC_3_ATTEMPT": 0.2204968944099379, "FG_ARC_3_BLOCK": 0.0, "FG_ARC_3_MADE": 0.2676056338028169, "FG_ARC_3_MADE_FOUL": 0.0, "FG_AT_RIM_ATTEMPT": 0.12992125984251968, "FG_AT_RIM_BLOCK": 0.011811023622047244, "FG_AT_RIM_MADE": 0.7575757575757576, "FG_AT_RIM_MADE_FOUL": 0.01968503937007874, "FG_CORNER_3_ATTEMPT": 0.14864864864864866, "FG_CORNER_3_BLOCK": 0.0, "FG_CORNER_3_MADE": 0.18181818181818182, "FG_CORNER_3_MADE_FOUL": 0.0, "FG_LONG_MID_RANGE_ATTEMPT": 0.26136363636363635, "FG_LONG_MID_RANGE_BLOCK": 0.0, "FG_LONG_MID_RANGE_MADE": 0.17391304347826086, "FG_LONG_MID_RANGE_MADE_FOUL": 0.011363636363636364, "FG_SHORT_MID_RANGE_ATTEMPT": 0.18023255813953487, "FG_SHORT_MID_RANGE_BLOCK": 0.029069767441860465, "FG_SHORT_MID_RANGE_MADE": 0.3548387096774194, "FG_SHORT_MID_RANGE_MADE_FOUL": 0.0, "FG_XY": {"ARC_3": {"23|253": 0.014084507042253521, "10|248": 0.014084507042253521, "-124|230": 0.014084507042253521, "-230|103": 0.014084507042253521, "-44|240": 0.014084507042253521, "-55|243": 0.014084507042253521, "164|199": 0.014084507042253521, "-104|229": 0.014084507042253521, "-121|225": 0.014084507042253521, "151|226": 0.014084507042253521, "17|256": 0.014084507042253521, "37|547": 0.014084507042253521, "-146|217": 0.014084507042253521, "-128|229": 0.014084507042253521, "222|127": 0.014084507042253521, "-103|236": 0.014084507042253521, "-53|242": 0.014084507042253521, "-94|249": 0.014084507042253521, "-161|212": 0.014084507042253521, "113|228": 0.014084507042253521, "-142|207": 0.014084507042253521, "174|197": 0.014084507042253521, "174|203": 0.014084507042253521, "115|238": 0.014084507042253521, "-37|298": 0.014084507042253521, "-92|240": 0.014084507042253521, "-218|104": 0.014084507042253521, "26|253": 0.014084507042253521, "-161|193": 0.014084507042253521, "-100|239": 0.014084507042253521, "11|256": 0.014084507042253521, "62|253": 0.014084507042253521, "93|241": 0.014084507042253521, "-173|211": 0.014084507042253521, "-185|178": 0.014084507042253521, "-32|267": 0.014084507042253521, "118|241": 0.014084507042253521, "180|193": 0.014084507042253521, "-191|160": 0.014084507042253521, "-49|265": 0.014084507042253521, "-212|189": 0.014084507042253521, "-17|255": 0.014084507042253521, "-172|180": 0.014084507042253521, "23|255": 0.014084507042253521, "-211|130": 0.014084507042253521, "-58|262": 0.014084507042253521, "-125|236": 0.014084507042253521, "25|260": 0.014084507042253521, "-59|249": 0.014084507042253521, "-17|253": 0.014084507042253521, "-132|203": 0.014084507042253521, "129|206": 0.014084507042253521, "-174|164": 0.014084507042253521, "-49|242": 0.014084507042253521, "164|174": 0.014084507042253521, "-51|239": 0.014084507042253521, "-186|227": 0.014084507042253521, "-167|197": 0.028169014084507043, "-75|238": 0.014084507042253521, "-192|210": 0.014084507042253521, "119|220": 0.014084507042253521, "16|253": 0.014084507042253521, "143|224": 0.014084507042253521, "-150|213": 0.014084507042253521, "-119|255": 0.014084507042253521, "-176|217": 0.014084507042253521, "-210|167": 0.014084507042253521, "-66|268": 0.014084507042253521, "191|174": 0.014084507042253521, "6|280": 0.014084507042253521}, "AT_RIM": {"32|5": 0.030303030303030304, "-15|0": 0.030303030303030304, "13|6": 0.030303030303030304, "-23|8": 0.030303030303030304, "22|22": 0.030303030303030304, "6|10": 0.030303030303030304, "-13|5": 0.030303030303030304, "-17|27": 0.030303030303030304, "7|5": 0.030303030303030304, "27|20": 0.030303030303030304, "4|15": 0.030303030303030304, "-16|4": 0.030303030303030304, "0|7": 0.030303030303030304, "13|15": 0.030303030303030304, "-6|-18": 0.030303030303030304, "1|-2": 0.030303030303030304, "10|4": 0.030303030303030304, "7|24": 0.030303030303030304, "-11|4": 0.030303030303030304, "-6|16": 0.030303030303030304, "-15|19": 0.030303030303030304, "-1|5": 0.030303030303030304, "12|32": 0.030303030303030304, "5|-5": 0.06060606060606061, "-2|35": 0.030303030303030304, "-17|24": 0.030303030303030304, "-1|9": 0.030303030303030304, "7|9": 0.030303030303030304, "-16|8": 0.030303030303030304, "31|24": 0.030303030303030304, "25|21": 0.030303030303030304, "11|7": 0.030303030303030304}, "CORNER_3": {"-234|74": 0.09090909090909091, "-237|13": 0.09090909090909091, "239|13": 0.09090909090909091, "-222|-23": 0.09090909090909091, "234|27": 0.09090909090909091, "241|1": 0.09090909090909091, "-228|-4": 0.09090909090909091, "237|78": 0.09090909090909091, "228|4": 0.09090909090909091, "-223|10": 0.09090909090909091, "-232|-3": 0.09090909090909091}, "LONG_MID_RANGE": {"77|164": 0.043478260869565216, "-93|143": 0.043478260869565216, "2|143": 0.043478260869565216, "60|139": 0.043478260869565216, "-102|110": 0.043478260869565216, "-22|142": 0.043478260869565216, "71|172": 0.043478260869565216, "-89|155": 0.043478260869565216, "-103|147": 0.043478260869565216, "-153|118": 0.043478260869565216, "-10|145": 0.043478260869565216, "16|163": 0.043478260869565216, "69|173": 0.043478260869565216, "109|102": 0.043478260869565216, "-94|178": 0.043478260869565216, "104|157": 0.043478260869565216, "47|185": 0.043478260869565216, "91|152": 0.043478260869565216, "76|159": 0.043478260869565216, "-26|197": 0.043478260869565216, "-23|214": 0.043478260869565216, "55|147": 0.043478260869565216, "88|172": 0.043478260869565216}, "SHORT_MID_RANGE": {"-58|50": 0.03225806451612903, "-38|37": 0.03225806451612903, "13|114": 0.03225806451612903, "-80|81": 0.03225806451612903, "25|38": 0.03225806451612903, "2|68": 0.03225806451612903, "-1|125": 0.03225806451612903, "-36|20": 0.03225806451612903, "-36|96": 0.03225806451612903, "34|65": 0.03225806451612903, "17|127": 0.03225806451612903, "-23|33": 0.03225806451612903, "-36|50": 0.03225806451612903, "70|75": 0.03225806451612903, "-65|64": 0.03225806451612903, "40|34": 0.03225806451612903, "20|68": 0.03225806451612903, "-39|65": 0.03225806451612903, "-56|74": 0.03225806451612903, "-39|101": 0.03225806451612903, "-4|115": 0.03225806451612903, "36|52": 0.03225806451612903, "-104|26": 0.03225806451612903, "-31|25": 0.03225806451612903, "-55|71": 0.03225806451612903, "51|26": 0.03225806451612903, "-109|83": 0.03225806451612903, "44|41": 0.03225806451612903, "38|17": 0.03225806451612903, "-48|73": 0.03225806451612903, "32|130": 0.03225806451612903}}, "FOUL_AWAY_FROM_PLAY": 0.0, "FOULED_AWAY_FROM_PLAY": 0.0, "FOUL_CLEAR_PATH": 0.0, "FOULED_CLEAR_PATH": 0.0, "FOUL_COUNT_AS_PERSONAL": 0.102803738317757, "FOULED_COUNT_AS_PERSONAL": 0.15343915343915343, "FOUL_COUNT_TOWARD_PENALTY": 0.10309278350515463, "FOULED_COUNT_TOWARD_PENALTY": 0.16470588235294117, "FOUL_DEFENSIVE_NON_SHOOTING": 0.16666666666666666, "FOULED_DEFENSIVE_NON_SHOOTING": 0.13636363636363635, "FOUL_DOUBLE": 0.0, "FOUL_TECHNICAL_DOUBLE": 0.0, "FOUL_FLAGRANT": 0.0, "FOULED_FLAGRANT": 0.0, "FOUL_FLAGRANT_1": 0.0, "FOULED_FLAGRANT_1": 0.0, "FOUL_FLAGRANT_2": 0.0, "FOULED_FLAGRANT_2": 0.0, "FOUL_INBOUND": 0.0, "FOULED_INBOUND": 0.0, "FOUL_LOOSE_BALL": 0.0, "FOULED_LOOSE_BALL": 0.0, "FOUL_OFFENSIVE_CHARGE": 0.14285714285714285, "FOULED_OFFENSIVE_CHARGE": 0.0, "FOUL_OFFENSIVE_OTHER": 0.0, "FOULED_OFFENSIVE_OTHER": 0.0, "FOUL_OFFENSIVE_TOTAL": 0.1, "FOULED_OFFENSIVE_TOTAL": 0.05263157894736842, "FOUL_PERSONAL": 0.11594202898550725, "FOULED_PERSONAL": 0.14285714285714285, "FOUL_PERSONAL_BLOCK": 0.0, "FOULED_PERSONAL_BLOCK": 0.0, "FOUL_PERSONAL_TAKE": 0.45454545454545453, "FOULED_PERSONAL_TAKE": 0.25, "FOUL_SHOOTING": 0.04081632653061224, "FOULED_SHOOTING": 0.1951219512195122, "FOUL_SHOOTING_BLOCK": 0.0, "FOULED_SHOOTING_BLOCK": 0.0, "FOUL_TECHNICAL": 0.0, "FT": 0.7857142857142857, "REBOUND_DEFENSIVE": 0.066, "REBOUND_OFFENSIVE": 0.007312614259597806, "STEAL": 0.171875, "SHOT_TYPE_ARC_3_OFFENSIVE": 0.35384615384615387, "SHOT_TYPE_ARC_3_DEFENSIVE": 0.3097534833869239, "SHOT_TYPE_AT_RIM_OFFENSIVE": 0.27912087912087913, "SHOT_TYPE_AT_RIM_DEFENSIVE": 0.27438370846730975, "SHOT_TYPE_CORNER_3_OFFENSIVE": 0.08131868131868132, "SHOT_TYPE_CORNER_3_DEFENSIVE": 0.09217577706323687,