{"ASSIST": 0.1, "BLOCK": 0.07692307692307693, "FG_ARC_3_ATTEMPT": 0.16666666666666666, "FG_ARC_3_BLOCK": 0.0, "FG_ARC_3_MADE": 0.23333333333333334, "FG_ARC_3_MADE_FOUL": 0.0, "FG_AT_RIM_ATTEMPT": 0.09482758620689655, "FG_AT_RIM_BLOCK": 0.017241379310344827, "FG_AT_RIM_MADE": 0.5454545454545454, "FG_AT_RIM_MADE_FOUL": 0.0, "FG_CORNER_3_ATTEMPT": 0.24561403508771928, "FG_CORNER_3_BLOCK": 0.0, "FG_CORNER_3_MADE": 0.2857142857142857, "FG_CORNER_3_MADE_FOUL": 0.0, "FG_LONG_MID_RANGE_ATTEMPT": 0.07547169811320754, "FG_LONG_MID_RANGE_BLOCK": 0.018867924528301886, "FG_LONG_MID_RANGE_MADE": 0.0, "FG_LONG_MID_RANGE_MADE_FOUL": 0.0, "FG_SHORT_MID_RANGE_ATTEMPT": 0.1262135922330097, "FG_SHORT_MID_RANGE_BLOCK": 0.02912621359223301, "FG_SHORT_MID_RANGE_MADE": 0.46153846153846156, "FG_SHORT_MID_RANGE_MADE_FOUL": 0.0, "FG_XY": {"ARC_3": {"-136|219": 0.03333333333333333, "-189|169": 0.03333333333333333, "118|235": 0.03333333333333333, "-121|230": 0.03333333333333333, "-192|177": 0.03333333333333333, "66|273": 0.03333333333333333, "62|243": 0.03333333333333333, "229|91": 0.03333333333333333, "-13|264": 0.03333333333333333, "213|150": 0.03333333333333333, "-173|193": 0.03333333333333333, "-170|204": 0.03333333333333333, "175|188": 0.03333333333333333, "190|180": 0.03333333333333333, "-145|228": 0.03333333333333333, "-208|146": 0.03333333333333333, "-201|166": 0.03333333333333333, "-190|155": 0.03333333333333333, "132|243": 0.03333333333333333, "-168|199": 0.03333333333333333, "185|185": 0.03333333333333333, "-143|226": 0.03333333333333333, "-138|223": 0.03333333333333333, "205|153": 0.03333333333333333, "99|255": 0.03333333333333333, "217|117": 0.03333333333333333, "146|219": 0.03333333333333333, "-227|105": 0.03333333333333333, "-183|193": 0.03333333333333333, "115|257": 0.03333333333333333}, "AT_RIM": {"-16|4": 0.09090909090909091, "-32|16": 0.09090909090909091, "-22|15": 0.09090909090909091, "20|21": 0.09090909090909091, "15|19": 0.09090909090909091, "-4|5": 0.09090909090909091, "38|5": 0.09090909090909091, "-27|12": 0.09090909090909091, "16|26": 0.09090909090909091, "-4|15": 0.09090909090909091, "-25|17": 0.09090909090909091}, "CORNER_3": {"-246|-17": 0.07142857142857142, "234|2": 0.07142857142857142, "230|32": 0.07142857142857142, "-232|11": 0.07142857142857142, "-221|59": 0.07142857142857142, "-229|8": 0.07142857142857142, "237|34": 0.07142857142857142, "-230|22": 0.07142857142857142, "229|31": 0.07142857142857142, "228|15": 0.07142857142857142, "-234|28": 0.07142857142857142, "224|73": 0.07142857142857142, "-233|16": 0.07142857142857142, "233|-3": 0.07142857142857142}, "LONG_MID_RANGE": {"115|104": 0.25, "-180|13": 0.25, "10|168": 0.25, "-50|133": 0.25}, "SHORT_MID_RANGE": {"-51|20": 0.07692307692307693, "-65|20": 0.07692307692307693, "31|25": 0.07692307692307693, "-89|22": 0.07692307692307693, "12|71": 0.07692307692307693, "40|23": 0.07692307692307693, "40|96": 0.07692307692307693, "-12|43": 0.07692307692307693, "5|67": 0.07692307692307693, "-31|95": 0.07692307692307693, "25|112": 0.07692307692307693, "4|109": 0.07692307692307693, "43|21": 0.07692307692307693}}, "FOUL_AWAY_FROM_PLAY": 0.0, "FOULED_AWAY_FROM_PLAY": 0.0, "FOUL_CLEAR_PATH": 0.0, "FOULED_CLEAR_PATH": 0.0, "FOUL_COUNT_AS_PERSONAL": 0.17796610169491525, "FOULED_COUNT_AS_PERSONAL": 0.0603448275862069, "FOUL_COUNT_TOWARD_PENALTY": 0.1941747572815534, "FOULED_COUNT_TOWARD_PENALTY": 0.06862745098039216, "FOUL_DEFENSIVE_NON_SHOOTING": 0.18181818181818182, "FOULED_DEFENSIVE_NON_SHOOTING": 0.07692307692307693, "FOUL_DOUBLE": 0.0, "FOUL_TECHNICAL_DOUBLE": 0.0, "FOUL_FLAGRANT": 0.0, "FOULED_FLAGRANT": 0.0, "FOUL_FLAGRANT_1": 0.0, "FOULED_FLAGRANT_1": 0.0, "FOUL_FLAGRANT_2": 0.0, "FOULED_FLAGRANT_2": 0.0, "FOUL_INBOUND": 0.0, "FOULED_INBOUND": 0.0, "FOUL_LOOSE_BALL": 0.0, "FOULED_LOOSE_BALL": 0.0, "FOUL_OFFENSIVE_CHARGE": 0.0, "FOULED_OFFENSIVE_CHARGE": 0.0, "FOUL_OFFENSIVE_OTHER": 0.0, "FOULED_OFFENSIVE_OTHER": 0.0, "FOUL_OFFENSIVE_TOTAL": 0.06666666666666667, "FOULED_OFFENSIVE_TOTAL": 0.0, "FOUL_PERSONAL": 0.1794871794871795, "FOULED_PERSONAL": 0.075, "FOUL_PERSONAL_BLOCK": 0.0, "FOULED_PERSONAL_BLOCK": 0.0, "FOUL_PERSONAL_TAKE": 0.2222222222222222, "FOULED_PERSONAL_TAKE": 0.14285714285714285, "FOUL_SHOOTING": 0.20833333333333334, "FOULED_SHOOTING": 0.06, "FOUL_SHOOTING_BLOCK": 0.0, "FOULED_SHOOTING_BLOCK": 0.0, "FOUL_TECHNICAL": 0.16666666666666666, "FT": 0.5, "REBOUND_DEFENSIVE": 0.06521739130434782, "REBOUND_OFFENSIVE": 0.02097902097902098, "STEAL": 0.20454545454545456, "SHOT_TYPE_ARC_3_OFFENSIVE": 0.35363457760314343, "SHOT_TYPE_ARC_3_DEFENSIVE": 0.27552986512524086, "SHOT_TYPE_AT_RIM_OFFENSIVE": 0.22789783889980353, "SHOT_TYPE_AT_RIM_DEFENSIVE": 0.2524084778420039, "SHOT_TYPE_CORNER_3_OFFENSIVE": 0.11198428290766209, "SHOT_TYPE_CORNER_3_DEFENSIVE": 0.12138728323699421, "SHOT_TYPE_LONG_MID_RANGE_OFFENSIVE": 0.10412573673870335, "SHOT_TYPE_LONG_MID_RANGE_DEFENSIVE": 0.1252408477842004, "SHOT_TYPE_SHORT_MID_RANGE_OFFENSIVE": 0.20235756385068762, "SHOT_TYPE_SHORT_MID_RANGE_DEFENSIVE": 0.2254335260115607, "TURNOVER": 0.12658227848101267, "VIOLATION_DEFENSIVE_GOALTENDING": 0.0, "VIOLATION_DEFENSIVE_KICK_BALL": 0.0}