{"ASSIST": 0.05844155844155844, "BLOCK": 0.25806451612903225, "FG_ARC_3_ATTEMPT": 0.08187134502923976, "FG_ARC_3_BLOCK": 0.0, "FG_ARC_3_MADE": 0.07142857142857142, "FG_ARC_3_MADE_FOUL": 0.0, "FG_AT_RIM_ATTEMPT": 0.06748466257668712, "FG_AT_RIM_BLOCK": 0.006134969325153374, "FG_AT_RIM_MADE": 0.6363636363636364, "FG_AT_RIM_MADE_FOUL": 0.006134969325153374, "FG_CORNER_3_ATTEMPT": 0.3508771929824561, "FG_CORNER_3_BLOCK": 0.0, "FG_CORNER_3_MADE": 0.1, "FG_CORNER_3_MADE_FOUL": 0.0, "FG_LONG_MID_RANGE_ATTEMPT": 0.017241379310344827, "FG_LONG_MID_RANGE_BLOCK": 0.0, "FG_LONG_MID_RANGE_MADE": 0.0, "FG_LONG_MID_RANGE_MADE_FOUL": 0.0, "FG_SHORT_MID_RANGE_ATTEMPT": 0.046052631578947366, "FG_SHORT_MID_RANGE_BLOCK": 0.006578947368421052, "FG_SHORT_MID_RANGE_MADE": 0.42857142857142855, "FG_SHORT_MID_RANGE_MADE_FOUL": 0.006578947368421052, "FG_XY": {"ARC_3": {"-119|225": 0.07142857142857142, "147|193": 0.07142857142857142, "163|205": 0.07142857142857142, "-188|186": 0.07142857142857142, "-211|137": 0.07142857142857142, "-20|253": 0.07142857142857142, "-158|209": 0.07142857142857142, "-199|160": 0.07142857142857142, "-196|169": 0.07142857142857142, "210|152": 0.07142857142857142, "-184|169": 0.07142857142857142, "205|155": 0.07142857142857142, "65|239": 0.07142857142857142, "-140|251": 0.07142857142857142}, "AT_RIM": {"23|-2": 0.09090909090909091, "-1|6": 0.09090909090909091, "4|5": 0.09090909090909091, "-12|8": 0.09090909090909091, "-2|27": 0.09090909090909091, "1|38": 0.09090909090909091, "-10|2": 0.09090909090909091, "-29|2": 0.09090909090909091, "-21|10": 0.09090909090909091, "0|0": 0.09090909090909091, "-16|21": 0.09090909090909091}, "CORNER_3": {"229|83": 0.05, "-228|15": 0.05, "230|14": 0.05, "-232|20": 0.05, "230|11": 0.05, "-221|-1": 0.05, "-227|13": 0.05, "-228|21": 0.05, "-232|42": 0.05, "-234|38": 0.05, "228|36": 0.05, "-234|11": 0.05, "239|31": 0.05, "-228|5": 0.05, "234|55": 0.05, "-233|27": 0.05, "-224|8": 0.05, "237|42": 0.05, "234|9": 0.05, "233|12": 0.05}, "LONG_MID_RANGE": {"-190|59": 1.0}, "SHORT_MID_RANGE": {"-2|73": 0.14285714285714285, "-116|63": 0.14285714285714285, "85|6": 0.14285714285714285, "40|12": 0.14285714285714285, "-72|64": 0.14285714285714285, "0|100": 0.14285714285714285, "-42|26": 0.14285714285714285}}, "FOUL_AWAY_FROM_PLAY": 1.0, "FOULED_AWAY_FROM_PLAY": 0.0, "FOUL_CLEAR_PATH": 0.0, "FOULED_CLEAR_PATH": 0.0, "FOUL_COUNT_AS_PERSONAL": 0.1968503937007874, "FOULED_COUNT_AS_PERSONAL": 0.13274336283185842, "FOUL_COUNT_TOWARD_PENALTY": 0.211864406779661, "FOULED_COUNT_TOWARD_PENALTY": 0.12962962962962962, "FOUL_DEFENSIVE_NON_SHOOTING": 0.21666666666666667, "FOULED_DEFENSIVE_NON_SHOOTING": 0.1509433962264151, "FOUL_DOUBLE": 0.0, "FOUL_TECHNICAL_DOUBLE": 1.0, "FOUL_FLAGRANT": 0.0, "FOULED_FLAGRANT": 0.0, "FOUL_FLAGRANT_1": 0.0, "FOULED_FLAGRANT_1": 0.0, "FOUL_FLAGRANT_2": 0.0, "FOULED_FLAGRANT_2": 0.0, "FOUL_INBOUND": 0.0, "FOULED_INBOUND": 0.0, "FOUL_LOOSE_BALL": 0.0, "FOULED_LOOSE_BALL": 0.0, "FOUL_OFFENSIVE_CHARGE": 0.0, "FOULED_OFFENSIVE_CHARGE": 0.0, "FOUL_OFFENSIVE_OTHER": 0.0, "FOULED_OFFENSIVE_OTHER": 0.0, "FOUL_OFFENSIVE_TOTAL": 0.0, "FOULED_OFFENSIVE_TOTAL": 0.2, "FOUL_PERSONAL": 0.2926829268292683, "FOULED_PERSONAL": 0.22580645161290322, "FOUL_PERSONAL_BLOCK": 0.0, "FOULED_PERSONAL_BLOCK": 0.0, "FOUL_PERSONAL_TAKE": 0.0, "FOULED_PERSONAL_TAKE": 0.07692307692307693, "FOUL_SHOOTING": 0.19298245614035087, "FOULED_SHOOTING": 0.10909090909090909, "FOUL_SHOOTING_BLOCK": 0.0, "FOULED_SHOOTING_BLOCK": 0.0, "FOUL_TECHNICAL": 0.0, "FT": 0.7272727272727273, "REBOUND_DEFENSIVE": 0.11731843575418995, "REBOUND_OFFENSIVE": 0.00909090909090909, "STEAL": 0.18604651162790697, "SHOT_TYPE_ARC_3_OFFENSIVE": 0.28452579034941766, "SHOT_TYPE_ARC_3_DEFENSIVE": 0.29652996845425866, "SHOT_TYPE_AT_RIM_OFFENSIVE": 0.27121464226289516, "SHOT_TYPE_AT_RIM_DEFENSIVE": 0.2854889589905363, "SHOT_TYPE_CORNER_3_OFFENSIVE": 0.09484193011647254, "SHOT_TYPE_CORNER_3_DEFENSIVE": 0.10094637223974763, "SHOT_TYPE_LONG_MID_RANGE_OFFENSIVE": 0.09650582362728785, "SHOT_TYPE_LONG_MID_RANGE_DEFENSIVE": 0.08832807570977919, "SHOT_TYPE_SHORT_MID_RANGE_OFFENSIVE": 0.2529118136439268, "SHOT_TYPE_SHORT_MID_RANGE_DEFENSIVE": 0.22870662460567823, "TURNOVER": 0.07692307692307693, "VIOLATION_DEFENSIVE_GOALTENDING": 1.0, "VIOLATION_DEFENSIVE_KICK_BALL": 0.0}