{"ASSIST": 0.4301994301994302, "BLOCK": 0.1044776119402985, "FG_ARC_3_ATTEMPT": 0.4168618266978923, "FG_ARC_3_BLOCK": 0.00468384074941452, "FG_ARC_3_MADE": 0.34831460674157305, "FG_ARC_3_MADE_FOUL": 0.0, "FG_AT_RIM_ATTEMPT": 0.3933649289099526, "FG_AT_RIM_BLOCK": 0.02132701421800948, "FG_AT_RIM_MADE": 0.7349397590361446, "FG_AT_RIM_MADE_FOUL": 0.026066350710900472, "FG_CORNER_3_ATTEMPT": 0.26548672566371684, "FG_CORNER_3_BLOCK": 0.0, "FG_CORNER_3_MADE": 0.7333333333333333, "FG_CORNER_3_MADE_FOUL": 0.0, "FG_LONG_MID_RANGE_ATTEMPT": 0.375, "FG_LONG_MID_RANGE_BLOCK": 0.0, "FG_LONG_MID_RANGE_MADE": 0.4444444444444444, "FG_LONG_MID_RANGE_MADE_FOUL": 0.0, "FG_SHORT_MID_RANGE_ATTEMPT": 0.24725274725274726, "FG_SHORT_MID_RANGE_BLOCK": 0.01098901098901099, "FG_SHORT_MID_RANGE_MADE": 0.5333333333333333, "FG_SHORT_MID_RANGE_MADE_FOUL": 0.0, "FG_XY": {"ARC_3": {"-170|197": 0.0056179775280898875, "-115|262": 0.0056179775280898875, "154|207": 0.0056179775280898875, "-152|252": 0.0056179775280898875, "134|226": 0.0056179775280898875, "126|245": 0.0056179775280898875, "15|253": 0.0056179775280898875, "154|311": 0.0056179775280898875, "147|200": 0.0056179775280898875, "20|306": 0.0056179775280898875, "-158|204": 0.0056179775280898875, "89|251": 0.0056179775280898875, "-138|241": 0.0056179775280898875, "-87|243": 0.0056179775280898875, "80|276": 0.0056179775280898875, "152|250": 0.0056179775280898875, "216|122": 0.0056179775280898875, "130|214": 0.0056179775280898875, "-110|249": 0.0056179775280898875, "-6|249": 0.0056179775280898875, "100|248": 0.0056179775280898875, "-163|194": 0.0056179775280898875, "-185|187": 0.0056179775280898875, "-29|279": 0.0056179775280898875, "-175|296": 0.0056179775280898875, "-115|264": 0.0056179775280898875, "142|237": 0.0056179775280898875, "-9|263": 0.0056179775280898875, "-28|264": 0.0056179775280898875, "86|236": 0.0056179775280898875, "1|278": 0.0056179775280898875, "-115|232": 0.0056179775280898875, "-158|259": 0.0056179775280898875, "142|259": 0.0056179775280898875, "-164|246": 0.0056179775280898875, "47|272": 0.0056179775280898875, "161|207": 0.0056179775280898875, "-114|272": 0.0056179775280898875, "145|222": 0.0056179775280898875, "140|222": 0.0056179775280898875, "-197|147": 0.0056179775280898875, "131|239": 0.0056179775280898875, "-170|212": 0.0056179775280898875, "-152|244": 0.0056179775280898875, "-148|204": 0.0056179775280898875, "21|269": 0.0056179775280898875, "119|240": 0.0056179775280898875, "112|248": 0.0056179775280898875, "180|190": 0.0056179775280898875, "-107|235": 0.0056179775280898875, "146|226": 0.0056179775280898875, "-126|237": 0.0056179775280898875, "109|236": 0.0056179775280898875, "175|193": 0.0056179775280898875, "-43|254": 0.0056179775280898875, "88|241": 0.0056179775280898875, "-194|205": 0.0056179775280898875, "174|199": 0.0056179775280898875, "-20|262": 0.0056179775280898875, "1|277": 0.0056179775280898875, "-192|188": 0.0056179775280898875, "-66|257": 0.0056179775280898875, "109|249": 0.0056179775280898875, "43|260": 0.0056179775280898875, "5|264": 0.0056179775280898875, "-120|256": 0.0056179775280898875, "-138|218": 0.0056179775280898875, "-147|231": 0.0056179775280898875, "11|290": 0.0056179775280898875, "151|213": 0.0056179775280898875, "-86|240": 0.0056179775280898875, "146|205": 0.0056179775280898875, "-211|136": 0.0056179775280898875, "183|193": 0.0056179775280898875, "31|295": 0.0056179775280898875, "-189|183": 0.0056179775280898875, "141|218": 0.0056179775280898875, "216|143": 0.0056179775280898875, "53|260": 0.0056179775280898875, "91|249": 0.0056179775280898875, "94|274": 0.0056179775280898875, "205|157": 0.0056179775280898875, "184|168": 0.0056179775280898875, "-82|284": 0.0056179775280898875, "103|300": 0.0056179775280898875, "165|225": 0.0056179775280898875, "165|187": 0.0056179775280898875, "85|305": 0.0056179775280898875, "-169|192": 0.0056179775280898875, "228|104": 0.0056179775280898875, "-143|258": 0.0056179775280898875, "-199|167": 0.0056179775280898875, "-140|256": 0.0056179775280898875, "217|100": 0.0056179775280898875, "216|130": 0.0056179775280898875, "-137|222": 0.0056179775280898875, "-115|276": 0.0056179775280898875, "-197|335": 0.0056179775280898875, "137|294": 0.0056179775280898875, "67|257": 0.0056179775280898875, "54|279": 0.0056179775280898875, "26|321": 0.0056179775280898875, "206|141": 0.0056179775280898875, "-6|354": 0.0056179775280898875, "-202|212": 0.0056179775280898875, "-212|196": 0.0056179775280898875, "58|266": 0.0056179775280898875, "-55|331": 0.0056179775280898875, "-116|235": 0.0056179775280898875, "-74|268": 0.0056179775280898875, "-124|225": 0.0056179775280898875, "-105|237": 0.0056179775280898875, "148|210": 0.0056179775280898875, "80|238": 0.0056179775280898875, "-40|267": 0.0056179775280898875, "-157|222": 0.0056179775280898875, "-159|200": 0.0056179775280898875, "-181|196": 0.0056179775280898875, "17|302": 0.0056179775280898875, "51|250": 0.0056179775280898875, "-120|246": 0.0056179775280898875, "26|265": 0.0056179775280898875, "-94|267": 0.0056179775280898875, "196|165": 0.0056179775280898875, "-112|295": 0.0056179775280898875, "2|279": 0.0056179775280898875, "212|138": 0.0056179775280898875, "11|279": 0.0056179775280898875, "152|200": 0.0056179775280898875, "223|134": 0.0056179775280898875, "-207|136": 0.0056179775280898875, "172|192": 0.0056179775280898875, "140|281": 0.0056179775280898875, "-140|236": 0.0056179775280898875, "138|214": 0.0056179775280898875, "192|353": 0.0056179775280898875, "168|184": 0.0056179775280898875, "-184|184": 0.0056179775280898875, "224|112": 0.0056179775280898875, "-164|268": 0.0056179775280898875, "142|210": 0.0056179775280898875, "161|188": 0.0056179775280898875, "116|278": 0.0056179775280898875, "104|285": 0.0056179775280898875, "-170|267": 0.0056179775280898875, "-170|206": 0.0056179775280898875, "131|232": 0.0056179775280898875, "184|164": 0.0056179775280898875, "-4|257": 0.0056179775280898875, "99|274": 0.0056179775280898875, "-129|273": 0.0056179775280898875, "-208|189": 0.0056179775280898875, "158|274": 0.0056179775280898875, "173|184": 0.0056179775280898875, "-4|313": 0.0056179775280898875, "80|356": 0.0056179775280898875, "82|256": 0.0056179775280898875, "-42|258": 0.0056179775280898875, "169|263": 0.0056179775280898875, "141|210": 0.0056179775280898875, "218|125": 0.0056179775280898875, "161|206": 0.0056179775280898875, "-186|191": 0.0056179775280898875, "91|283": 0.0056179775280898875, "221|171": 0.0056179775280898875, "-47|257": 0.0056179775280898875, "124|323": 0.0056179775280898875, "-208|125": 0.0056179775280898875, "-167|184": 0.0056179775280898875, "-26|284": 0.0056179775280898875, "-124|245": 0.0056179775280898875, "170|205": 0.0056179775280898875, "-87|271": 0.0056179775280898875, "192|279": 0.0056179775280898875, "118|259": 0.0056179775280898875, "-181|195": 0.0056179775280898875, "-157|223": 0.0056179775280898875, "-86|285": 0.0056179775280898875}, "AT_RIM": {"-11|15": 0.006024096385542169, "-1|5": 0.006024096385542169, "-5|10": 0.006024096385542169, "-5|5": 0.006024096385542169, "-7|2": 0.012048192771084338, "-2|13": 0.006024096385542169, "-9|13": 0.006024096385542169, "-2|4": 0.012048192771084338, "2|8": 0.006024096385542169, "-9|0": 0.012048192771084338, "-2|6": 0.006024096385542169, "-2|3": 0.006024096385542169, "5|3": 0.006024096385542169, "-20|9": 0.006024096385542169, "-25|22": 0.006024096385542169, "-11|-8": 0.006024096385542169, "7|3": 0.006024096385542169, "-4|8": 0.006024096385542169, "9|6": 0.006024096385542169, "11|3": 0.006024096385542169, "-12|-9": 0.006024096385542169, "-25|-1": 0.006024096385542169, "-9|10": 0.006024096385542169, "-22|4": 0.006024096385542169, "0|21": 0.006024096385542169, "13|21": 0.006024096385542169, "4|12": 0.006024096385542169, "-6|9": 0.006024096385542169, "9|4": 0.006024096385542169, "-15|4": 0.006024096385542169, "2|4": 0.006024096385542169, "10|6": 0.006024096385542169, "-2|2": 0.006024096385542169, "-1|4": 0.018072289156626505,