{"ASSIST": 0.20388349514563106, "BLOCK": 0.4117647058823529, "FG_ARC_3_ATTEMPT": 0.061611374407582936, "FG_ARC_3_BLOCK": 0.0, "FG_ARC_3_MADE": 0.9230769230769231, "FG_ARC_3_MADE_FOUL": 0.0, "FG_AT_RIM_ATTEMPT": 0.31555555555555553, "FG_AT_RIM_BLOCK": 0.035555555555555556, "FG_AT_RIM_MADE": 0.49295774647887325, "FG_AT_RIM_MADE_FOUL": 0.008888888888888889, "FG_CORNER_3_ATTEMPT": 0.06578947368421052, "FG_CORNER_3_BLOCK": 0.0, "FG_CORNER_3_MADE": 1.0, "FG_CORNER_3_MADE_FOUL": 0.0, "FG_LONG_MID_RANGE_ATTEMPT": 0.08, "FG_LONG_MID_RANGE_BLOCK": 0.0, "FG_LONG_MID_RANGE_MADE": 0.8333333333333334, "FG_LONG_MID_RANGE_MADE_FOUL": 0.0, "FG_SHORT_MID_RANGE_ATTEMPT": 0.1693121693121693, "FG_SHORT_MID_RANGE_BLOCK": 0.021164021164021163, "FG_SHORT_MID_RANGE_MADE": 0.25, "FG_SHORT_MID_RANGE_MADE_FOUL": 0.0, "FG_XY": {"ARC_3": {"195|137": 0.07692307692307693, "-162|206": 0.07692307692307693, "15|575": 0.07692307692307693, "114|230": 0.07692307692307693, "140|212": 0.07692307692307693, "178|252": 0.07692307692307693, "31|274": 0.07692307692307693, "107|234": 0.07692307692307693, "-91|262": 0.07692307692307693, "196|168": 0.07692307692307693, "165|253": 0.07692307692307693, "185|175": 0.07692307692307693, "104|233": 0.07692307692307693}, "AT_RIM": {"22|5": 0.014084507042253521, "0|0": 0.3380281690140845, "-23|-5": 0.014084507042253521, "-7|-1": 0.014084507042253521, "-10|12": 0.014084507042253521, "-31|13": 0.014084507042253521, "0|1": 0.014084507042253521, "9|1": 0.014084507042253521, "-18|11": 0.014084507042253521, "-20|-7": 0.014084507042253521, "-20|10": 0.014084507042253521, "-6|-7": 0.014084507042253521, "32|21": 0.014084507042253521, "-15|4": 0.014084507042253521, "-1|4": 0.014084507042253521, "6|30": 0.014084507042253521, "-20|13": 0.014084507042253521, "-15|15": 0.014084507042253521, "-6|38": 0.014084507042253521, "17|1": 0.014084507042253521, "12|8": 0.014084507042253521, "13|2": 0.014084507042253521, "-6|2": 0.014084507042253521, "-2|29": 0.014084507042253521, "6|4": 0.014084507042253521, "25|20": 0.014084507042253521, "-4|-4": 0.014084507042253521, "11|17": 0.014084507042253521, "-2|-6": 0.014084507042253521, "10|29": 0.014084507042253521, "18|21": 0.014084507042253521, "-28|14": 0.014084507042253521, "-15|1": 0.014084507042253521, "-20|6": 0.014084507042253521, "9|12": 0.014084507042253521, "20|20": 0.014084507042253521, "-12|15": 0.014084507042253521, "15|10": 0.014084507042253521, "6|37": 0.014084507042253521, "-12|13": 0.014084507042253521, "-26|3": 0.014084507042253521, "-38|8": 0.014084507042253521, "-23|26": 0.014084507042253521, "10|4": 0.014084507042253521, "-1|16": 0.014084507042253521, "-32|11": 0.014084507042253521, "-2|8": 0.014084507042253521, "1|11": 0.014084507042253521}, "CORNER_3": {"230|43": 0.2, "222|25": 0.2, "229|17": 0.2, "-228|13": 0.2, "-233|10": 0.2}, "LONG_MID_RANGE": {"-98|115": 0.16666666666666666, "80|115": 0.16666666666666666, "-152|-21": 0.16666666666666666, "-81|186": 0.16666666666666666, "153|135": 0.16666666666666666, "-59|167": 0.16666666666666666}, "SHORT_MID_RANGE": {"-7|56": 0.03125, "-2|55": 0.03125, "-4|53": 0.03125, "93|-31": 0.03125, "-28|64": 0.03125, "-10|57": 0.03125, "-114|-5": 0.03125, "-92|-28": 0.03125, "-20|43": 0.03125, "-47|20": 0.03125, "12|39": 0.03125, "-5|41": 0.03125, "-33|50": 0.03125, "-17|109": 0.03125, "13|47": 0.03125, "36|18": 0.03125, "-53|13": 0.03125, "-33|24": 0.03125, "-48|-8": 0.03125, "37|96": 0.03125, "-31|35": 0.03125, "6|53": 0.03125, "21|125": 0.03125, "-5|45": 0.03125, "38|92": 0.03125, "56|4": 0.03125, "-10|52": 0.03125, "31|26": 0.03125, "48|21": 0.03125, "-50|18": 0.03125, "4|75": 0.03125, "4|71": 0.03125}}, "FOUL_AWAY_FROM_PLAY": 0.0, "FOULED_AWAY_FROM_PLAY": 0.0, "FOUL_CLEAR_PATH": 0.0, "FOULED_CLEAR_PATH": 0.0, "FOUL_COUNT_AS_PERSONAL": 0.31952662721893493, "FOULED_COUNT_AS_PERSONAL": 0.24503311258278146, "FOUL_COUNT_TOWARD_PENALTY": 0.2911392405063291, "FOULED_COUNT_TOWARD_PENALTY": 0.2608695652173913, "FOUL_DEFENSIVE_NON_SHOOTING": 0.22857142857142856, "FOULED_DEFENSIVE_NON_SHOOTING": 0.2898550724637681, "FOUL_DOUBLE": 0.0, "FOUL_TECHNICAL_DOUBLE": 0.0, "FOUL_FLAGRANT": 0.0, "FOULED_FLAGRANT": 0.0, "FOUL_FLAGRANT_1": 0.0, "FOULED_FLAGRANT_1": 0.0, "FOUL_FLAGRANT_2": 0.0, "FOULED_FLAGRANT_2": 0.0, "FOUL_INBOUND": 0.0, "FOULED_INBOUND": 0.0, "FOUL_LOOSE_BALL": 0.0, "FOULED_LOOSE_BALL": 0.75, "FOUL_OFFENSIVE_CHARGE": 0.5, "FOULED_OFFENSIVE_CHARGE": 0.0, "FOUL_OFFENSIVE_OTHER": 0.0, "FOULED_OFFENSIVE_OTHER": 0.0, "FOUL_OFFENSIVE_TOTAL": 0.7272727272727273, "FOULED_OFFENSIVE_TOTAL": 0.07692307692307693, "FOUL_PERSONAL": 0.22641509433962265, "FOULED_PERSONAL": 0.2916666666666667, "FOUL_PERSONAL_BLOCK": 0.0, "FOULED_PERSONAL_BLOCK": 0.0, "FOUL_PERSONAL_TAKE": 0.1, "FOULED_PERSONAL_TAKE": 0.0, "FOUL_SHOOTING": 0.3448275862068966, "FOULED_SHOOTING": 0.23529411764705882, "FOUL_SHOOTING_BLOCK": 0.0, "FOULED_SHOOTING_BLOCK": 0.0, "FOUL_TECHNICAL": 0.2857142857142857, "FT": 0.5813953488372093, "REBOUND_DEFENSIVE": 0.34134615384615385, "REBOUND_OFFENSIVE": 0.14418604651162792, "STEAL": 0.24675324675324675, "SHOT_TYPE_ARC_3_OFFENSIVE": 0.27190721649484534, "SHOT_TYPE_ARC_3_DEFENSIVE": 0.2802631578947368, "SHOT_TYPE_AT_RIM_OFFENSIVE": 0.28994845360824745, "SHOT_TYPE_AT_RIM_DEFENSIVE": 0.2986842105263158, "SHOT_TYPE_CORNER_3_OFFENSIVE": 0.0979381443298969, "SHOT_TYPE_CORNER_3_DEFENSIVE": 0.09868421052631579, "SHOT_TYPE_LONG_MID_RANGE_OFFENSIVE": 0.09664948453608248, "SHOT_TYPE_LONG_MID_RANGE_DEFENSIVE": 0.10394736842105264, "SHOT_TYPE_SHORT_MID_RANGE_OFFENSIVE": 0.24355670103092783, "SHOT_TYPE_SHORT_MID_RANGE_DEFENSIVE": 0.21842105263157896, "TURNOVER": 0.330188679245283, "VIOLATION_DEFENSIVE_GOALTENDING": 2.0, "VIOLATION_DEFENSIVE_KICK_BALL": 0.0}