{"ASSIST": 0.33454545454545453, "BLOCK": 0.078125, "FG_ARC_3_ATTEMPT": 0.3111111111111111, "FG_ARC_3_BLOCK": 0.0, "FG_ARC_3_MADE": 0.32142857142857145, "FG_ARC_3_MADE_FOUL": 0.0, "FG_AT_RIM_ATTEMPT": 0.2964169381107492, "FG_AT_RIM_BLOCK": 0.009771986970684038, "FG_AT_RIM_MADE": 0.7362637362637363, "FG_AT_RIM_MADE_FOUL": 0.009771986970684038, "FG_CORNER_3_ATTEMPT": 0.3103448275862069, "FG_CORNER_3_BLOCK": 0.0, "FG_CORNER_3_MADE": 0.4166666666666667, "FG_CORNER_3_MADE_FOUL": 0.0, "FG_LONG_MID_RANGE_ATTEMPT": 0.5555555555555556, "FG_LONG_MID_RANGE_BLOCK": 0.011111111111111112, "FG_LONG_MID_RANGE_MADE": 0.46, "FG_LONG_MID_RANGE_MADE_FOUL": 0.0, "FG_SHORT_MID_RANGE_ATTEMPT": 0.3803418803418803, "FG_SHORT_MID_RANGE_BLOCK": 0.021367521367521368, "FG_SHORT_MID_RANGE_MADE": 0.39325842696629215, "FG_SHORT_MID_RANGE_MADE_FOUL": 0.004273504273504274, "FG_XY": {"ARC_3": {"38|252": 0.011904761904761904, "-9|264": 0.011904761904761904, "-16|263": 0.011904761904761904, "126|241": 0.011904761904761904, "4|250": 0.011904761904761904, "-119|220": 0.011904761904761904, "-178|171": 0.011904761904761904, "-151|331": 0.011904761904761904, "110|238": 0.011904761904761904, "-195|160": 0.011904761904761904, "-20|262": 0.011904761904761904, "77|247": 0.011904761904761904, "39|261": 0.011904761904761904, "28|266": 0.011904761904761904, "-170|223": 0.011904761904761904, "161|221": 0.011904761904761904, "0|263": 0.011904761904761904, "-200|147": 0.011904761904761904, "156|216": 0.011904761904761904, "110|236": 0.011904761904761904, "77|251": 0.011904761904761904, "-223|132": 0.011904761904761904, "148|226": 0.011904761904761904, "-192|183": 0.011904761904761904, "-116|243": 0.011904761904761904, "-196|170": 0.011904761904761904, "233|104": 0.011904761904761904, "183|176": 0.011904761904761904, "-222|138": 0.011904761904761904, "199|164": 0.011904761904761904, "-110|221": 0.011904761904761904, "-78|230": 0.011904761904761904, "5|253": 0.011904761904761904, "-107|231": 0.011904761904761904, "-36|245": 0.011904761904761904, "-152|205": 0.011904761904761904, "4|254": 0.011904761904761904, "83|236": 0.011904761904761904, "165|189": 0.011904761904761904, "107|241": 0.011904761904761904, "186|194": 0.011904761904761904, "-10|258": 0.011904761904761904, "-211|157": 0.011904761904761904, "-222|150": 0.011904761904761904, "-211|137": 0.011904761904761904, "192|162": 0.011904761904761904, "-77|240": 0.011904761904761904, "-207|138": 0.011904761904761904, "9|258": 0.011904761904761904, "16|268": 0.011904761904761904, "201|125": 0.011904761904761904, "-152|201": 0.011904761904761904, "-107|234": 0.011904761904761904, "-120|270": 0.011904761904761904, "124|228": 0.011904761904761904, "-107|233": 0.011904761904761904, "-62|256": 0.011904761904761904, "130|217": 0.011904761904761904, "173|180": 0.011904761904761904, "-13|252": 0.011904761904761904, "13|248": 0.011904761904761904, "-212|155": 0.011904761904761904, "17|267": 0.011904761904761904, "142|224": 0.011904761904761904, "-219|163": 0.011904761904761904, "-224|159": 0.011904761904761904, "120|262": 0.011904761904761904, "-141|225": 0.011904761904761904, "163|198": 0.011904761904761904, "151|231": 0.011904761904761904, "-186|185": 0.011904761904761904, "-172|220": 0.011904761904761904, "-67|264": 0.011904761904761904, "-142|218": 0.011904761904761904, "-173|230": 0.011904761904761904, "-119|239": 0.011904761904761904, "-227|141": 0.011904761904761904, "-11|289": 0.011904761904761904, "153|201": 0.011904761904761904, "-224|127": 0.011904761904761904, "-125|215": 0.011904761904761904, "150|206": 0.011904761904761904, "167|200": 0.011904761904761904, "199|176": 0.011904761904761904}, "AT_RIM": {"-2|-1": 0.01098901098901099, "-20|11": 0.01098901098901099, "5|0": 0.01098901098901099, "20|13": 0.01098901098901099, "9|4": 0.01098901098901099, "10|3": 0.01098901098901099, "4|-1": 0.01098901098901099, "0|0": 0.03296703296703297, "-4|6": 0.01098901098901099, "25|16": 0.01098901098901099, "32|-7": 0.01098901098901099, "36|10": 0.01098901098901099, "31|13": 0.01098901098901099, "36|8": 0.01098901098901099, "-32|10": 0.01098901098901099, "6|10": 0.01098901098901099, "1|14": 0.01098901098901099, "-2|13": 0.01098901098901099, "-33|16": 0.01098901098901099, "11|17": 0.01098901098901099, "-11|25": 0.01098901098901099, "-17|20": 0.01098901098901099, "18|17": 0.01098901098901099, "-23|16": 0.01098901098901099, "-13|24": 0.01098901098901099, "-18|11": 0.01098901098901099, "-16|22": 0.01098901098901099, "-29|22": 0.01098901098901099, "28|10": 0.01098901098901099, "-13|34": 0.01098901098901099, "29|23": 0.01098901098901099, "22|16": 0.02197802197802198, "2|5": 0.02197802197802198, "-10|6": 0.01098901098901099, "-4|-1": 0.01098901098901099, "-4|13": 0.01098901098901099, "5|5": 0.01098901098901099, "20|2": 0.01098901098901099, "37|-5": 0.01098901098901099, "-5|32": 0.01098901098901099, "17|9": 0.01098901098901099, "6|25": 0.01098901098901099, "-2|6": 0.01098901098901099, "0|3": 0.01098901098901099, "-6|-4": 0.01098901098901099, "-1|5": 0.01098901098901099, "-11|29": 0.01098901098901099, "5|1": 0.01098901098901099, "2|9": 0.01098901098901099, "-4|4": 0.01098901098901099, "4|6": 0.01098901098901099, "17|10": 0.02197802197802198, "10|10": 0.01098901098901099, "2|10": 0.01098901098901099, "-1|16": 0.01098901098901099, "-11|2": 0.01098901098901099, "9|0": 0.01098901098901099, "6|14": 0.01098901098901099, "10|8": 0.01098901098901099, "-2|10": 0.02197802197802198, "1|8": 0.01098901098901099, "7|15": 0.01098901098901099, "6|9": 0.01098901098901099, "0|32": 0.01098901098901099, "28|4": 0.01098901098901099, "22|23": 0.01098901098901099, "-6|35": 0.01098901098901099, "13|15": 0.01098901098901099, "18|22": 0.01098901098901099, "-5|16": 0.01098901098901099, "22|1": 0.01098901098901099, "15|3": 0.01098901098901099, "9|6": 0.01098901098901099, "-16|4": 0.01098901098901099, "16|5": 0.01098901098901099, "-6|25": 0.01098901098901099, "0|8": 0.01098901098901099, "16|6": 0.01098901098901099, "-23|3": 0.01098901098901099, "7|8": 0.01098901098901099, "18|3": 0.01098901098901099, "5|9": 0.01098901098901099, "10|7": 0.01098901098901099, "6|-3": 0.01098901098901099, "26|13": 0.01098901098901099}, "CORNER_3": {"-232|36": 0.027777777777777776, "240|21": 0.027777777777777776, "-234|-10": 0.027777777777777776, "-239|4": 0.027777777777777776, "-232|-18": 0.027777777777777776, "-228|-2": 0.027777777777777776, "-230|-16": 0.027777777777777776, "-228|-9": 0.027777777777777776, "-229|5": 0.027777777777777776, "-237|48": 0.027777777777777776, "227|36": 0.027777777777777776, "-238|-9": 0.027777777777777776, "-230|55": 0.027777777777777776, "-230|34": 0.027777777777777776, "228|-25": 0.027777777777777776, "238|50": 0.027777777777777776, "232|17": 0.027777777777777776, "-245|40": 0.027777777777777776, "-232|23": 0.027777777777777776, "238|39": 0.027777777777777776, "-234|11": 0.027777777777777776, "228|77": 0.027777777777777776, "234|8": 0.05555555555555555, "-234|8": 0.027777777777777776, "237|64": 0.027777777777777776, "-232|11": 0.027777777777777776, "-238|37": 0.027777777777777776, "-232|16": 0.027777777777777776, "235|21": 0.027777777777777776, "237|-14": 0.027777777777777776, "234|10": 0.027777777777777776, "233|79": 0.027777777777777776, "230|-25": 0.027777777777777776, "-227|64": 0.027777777777777776, "232|15": 0.027777777777777776}, "LONG_MID_RANGE": {"-105|117": 0.02, "0|189": 0.02, "-110|159": 0.02, "-5|147": 0.02, "71|141": 0.02, "-20|182": 0.02, "159|109": 0.02, "-176|48": 0.02, "-93|197": 0.02, "181|43": 0.02, "185|31": 0.02, "127|111": 0.02, "-7|153": 0.02, "-197|28": 0.02, "-86|151": 0.02, "-123|159": 0.02, "-123|146": 0.02, "-31|179": 0.02, "136|113": 0.02, "-71|185": 0.02, "86|185": 0.02, "-150|125": 0.02, "-118|111": 0.02, "-85|157": 0.02, "97|104": 0.02, "130|75": 0.02, "74|131": 0.02, "-143|79": 0.02, "27|169": 0.02, "69|151": 0.02, "76|142": 0.02, "-92|134": 0.02, "-27|149": 0.02, "-137|149": 0.02, "-137|103": 0.02, "-127|59": 0.02, "-159|10": 0.02, "-140|6": 0.02,