{"ASSIST": 0.1717171717171717, "BLOCK": 0.2, "FG_ARC_3_ATTEMPT": 0.24786324786324787, "FG_ARC_3_BLOCK": 0.0, "FG_ARC_3_MADE": 0.2413793103448276, "FG_ARC_3_MADE_FOUL": 0.0, "FG_AT_RIM_ATTEMPT": 0.13761467889908258, "FG_AT_RIM_BLOCK": 0.0, "FG_AT_RIM_MADE": 0.7333333333333333, "FG_AT_RIM_MADE_FOUL": 0.009174311926605505, "FG_CORNER_3_ATTEMPT": 0.125, "FG_CORNER_3_BLOCK": 0.0, "FG_CORNER_3_MADE": 0.2, "FG_CORNER_3_MADE_FOUL": 0.0, "FG_LONG_MID_RANGE_ATTEMPT": 0.3142857142857143, "FG_LONG_MID_RANGE_BLOCK": 0.0, "FG_LONG_MID_RANGE_MADE": 0.45454545454545453, "FG_LONG_MID_RANGE_MADE_FOUL": 0.0, "FG_SHORT_MID_RANGE_ATTEMPT": 0.23255813953488372, "FG_SHORT_MID_RANGE_BLOCK": 0.023255813953488372, "FG_SHORT_MID_RANGE_MADE": 0.45, "FG_SHORT_MID_RANGE_MADE_FOUL": 0.0, "FG_XY": {"ARC_3": {"-11|252": 0.034482758620689655, "85|242": 0.034482758620689655, "65|252": 0.034482758620689655, "18|268": 0.034482758620689655, "-93|270": 0.034482758620689655, "-181|183": 0.034482758620689655, "143|201": 0.034482758620689655, "109|274": 0.034482758620689655, "-156|220": 0.034482758620689655, "-115|299": 0.034482758620689655, "-183|214": 0.034482758620689655, "2|253": 0.034482758620689655, "-36|268": 0.034482758620689655, "-132|225": 0.034482758620689655, "75|266": 0.034482758620689655, "-110|240": 0.034482758620689655, "146|221": 0.034482758620689655, "-164|205": 0.034482758620689655, "-130|220": 0.034482758620689655, "-96|287": 0.034482758620689655, "-121|218": 0.034482758620689655, "-87|267": 0.034482758620689655, "-115|232": 0.034482758620689655, "-45|253": 0.034482758620689655, "-205|151": 0.034482758620689655, "141|220": 0.034482758620689655, "123|246": 0.034482758620689655, "-7|268": 0.034482758620689655, "-31|253": 0.034482758620689655}, "AT_RIM": {"-13|22": 0.06666666666666667, "-20|14": 0.06666666666666667, "7|15": 0.06666666666666667, "-9|15": 0.06666666666666667, "6|13": 0.06666666666666667, "-18|15": 0.06666666666666667, "-18|11": 0.06666666666666667, "0|0": 0.06666666666666667, "-12|12": 0.06666666666666667, "-29|13": 0.06666666666666667, "-22|14": 0.06666666666666667, "-9|19": 0.06666666666666667, "5|16": 0.06666666666666667, "7|6": 0.06666666666666667, "1|-1": 0.06666666666666667}, "CORNER_3": {"-233|-20": 0.2, "-234|60": 0.2, "-233|32": 0.2, "-230|-10": 0.2, "-241|15": 0.2}, "LONG_MID_RANGE": {"76|174": 0.09090909090909091, "-138|127": 0.09090909090909091, "-123|175": 0.09090909090909091, "-169|71": 0.09090909090909091, "114|105": 0.09090909090909091, "0|189": 0.09090909090909091, "83|136": 0.09090909090909091, "26|171": 0.09090909090909091, "62|147": 0.09090909090909091, "-120|145": 0.09090909090909091, "112|104": 0.09090909090909091}, "SHORT_MID_RANGE": {"28|35": 0.05, "-76|72": 0.05, "-71|47": 0.05, "-37|34": 0.05, "58|43": 0.05, "-36|80": 0.05, "-17|59": 0.05, "-64|41": 0.05, "-130|15": 0.05, "76|104": 0.05, "-15|69": 0.05, "-94|75": 0.05, "-17|36": 0.05, "-45|68": 0.05, "7|125": 0.05, "104|54": 0.05, "6|123": 0.05, "-32|43": 0.05, "-80|46": 0.05, "17|66": 0.05}}, "FOUL_AWAY_FROM_PLAY": 0.0, "FOULED_AWAY_FROM_PLAY": 0.0, "FOUL_CLEAR_PATH": 0.0, "FOULED_CLEAR_PATH": 0.0, "FOUL_COUNT_AS_PERSONAL": 0.15, "FOULED_COUNT_AS_PERSONAL": 0.2, "FOUL_COUNT_TOWARD_PENALTY": 0.16304347826086957, "FOULED_COUNT_TOWARD_PENALTY": 0.21686746987951808, "FOUL_DEFENSIVE_NON_SHOOTING": 0.18604651162790697, "FOULED_DEFENSIVE_NON_SHOOTING": 0.2558139534883721, "FOUL_DOUBLE": 0.0, "FOUL_TECHNICAL_DOUBLE": 0.0, "FOUL_FLAGRANT": 0.0, "FOULED_FLAGRANT": 0.0, "FOUL_FLAGRANT_1": 0.0, "FOULED_FLAGRANT_1": 0.0, "FOUL_FLAGRANT_2": 0.0, "FOULED_FLAGRANT_2": 0.0, "FOUL_INBOUND": 0.0, "FOULED_INBOUND": 0.0, "FOUL_LOOSE_BALL": 0.0, "FOULED_LOOSE_BALL": 0.2, "FOUL_OFFENSIVE_CHARGE": 0.0, "FOULED_OFFENSIVE_CHARGE": 0.0, "FOUL_OFFENSIVE_OTHER": 0.0, "FOULED_OFFENSIVE_OTHER": 0.0, "FOUL_OFFENSIVE_TOTAL": 0.0, "FOULED_OFFENSIVE_TOTAL": 0.08333333333333333, "FOUL_PERSONAL": 0.21428571428571427, "FOULED_PERSONAL": 0.2857142857142857, "FOUL_PERSONAL_BLOCK": 0.0, "FOULED_PERSONAL_BLOCK": 0.0, "FOUL_PERSONAL_TAKE": 0.0, "FOULED_PERSONAL_TAKE": 0.0, "FOUL_SHOOTING": 0.14285714285714285, "FOULED_SHOOTING": 0.175, "FOUL_SHOOTING_BLOCK": 0.0, "FOULED_SHOOTING_BLOCK": 0.0, "FOUL_TECHNICAL": 0.0, "FT": 1.0, "REBOUND_DEFENSIVE": 0.15625, "REBOUND_OFFENSIVE": 0.009389671361502348, "STEAL": 0.2413793103448276, "SHOT_TYPE_ARC_3_OFFENSIVE": 0.3023255813953488, "SHOT_TYPE_ARC_3_DEFENSIVE": 0.2551546391752577, "SHOT_TYPE_AT_RIM_OFFENSIVE": 0.28165374677002586, "SHOT_TYPE_AT_RIM_DEFENSIVE": 0.30927835051546393, "SHOT_TYPE_CORNER_3_OFFENSIVE": 0.10335917312661498, "SHOT_TYPE_CORNER_3_DEFENSIVE": 0.08247422680412371, "SHOT_TYPE_LONG_MID_RANGE_OFFENSIVE": 0.09043927648578812, "SHOT_TYPE_LONG_MID_RANGE_DEFENSIVE": 0.10309278350515463, "SHOT_TYPE_SHORT_MID_RANGE_OFFENSIVE": 0.2222222222222222, "SHOT_TYPE_SHORT_MID_RANGE_DEFENSIVE": 0.25, "TURNOVER": 0.125, "VIOLATION_DEFENSIVE_GOALTENDING": 0.0, "VIOLATION_DEFENSIVE_KICK_BALL": 0.0}