{"ASSIST": 0.10526315789473684, "BLOCK": 0.5, "FG_ARC_3_ATTEMPT": 0.24, "FG_ARC_3_BLOCK": 0.0, "FG_ARC_3_MADE": 0.3333333333333333, "FG_ARC_3_MADE_FOUL": 0.0, "FG_AT_RIM_ATTEMPT": 0.21052631578947367, "FG_AT_RIM_BLOCK": 0.0, "FG_AT_RIM_MADE": 0.25, "FG_AT_RIM_MADE_FOUL": 0.0, "FG_CORNER_3_ATTEMPT": 0.0, "FG_CORNER_3_BLOCK": 0.0, "FG_CORNER_3_MADE": 0.0, "FG_CORNER_3_MADE_FOUL": 0.0, "FG_LONG_MID_RANGE_ATTEMPT": 0.38461538461538464, "FG_LONG_MID_RANGE_BLOCK": 0.0, "FG_LONG_MID_RANGE_MADE": 0.8, "FG_LONG_MID_RANGE_MADE_FOUL": 0.0, "FG_SHORT_MID_RANGE_ATTEMPT": 0.38461538461538464, "FG_SHORT_MID_RANGE_BLOCK": 0.07692307692307693, "FG_SHORT_MID_RANGE_MADE": 0.4, "FG_SHORT_MID_RANGE_MADE_FOUL": 0.0, "FG_XY": {"ARC_3": {"126|240": 0.16666666666666666, "202|173": 0.16666666666666666, "-113|267": 0.16666666666666666, "-136|238": 0.16666666666666666, "131|239": 0.16666666666666666, "228|107": 0.16666666666666666}, "AT_RIM": {"-36|13": 0.25, "0|0": 0.25, "38|10": 0.25, "-5|6": 0.25}, "CORNER_3": {}, "LONG_MID_RANGE": {"-146|16": 0.2, "-129|98": 0.2, "11|209": 0.2, "-164|138": 0.2, "-175|39": 0.2}, "SHORT_MID_RANGE": {"67|111": 0.2, "-87|1": 0.2, "-115|52": 0.2, "1|59": 0.2, "-45|110": 0.2}}, "FOUL_AWAY_FROM_PLAY": 0.0, "FOULED_AWAY_FROM_PLAY": 0.0, "FOUL_CLEAR_PATH": 0.0, "FOULED_CLEAR_PATH": 0.0, "FOUL_COUNT_AS_PERSONAL": 0.0, "FOULED_COUNT_AS_PERSONAL": 0.26666666666666666, "FOUL_COUNT_TOWARD_PENALTY": 0.0, "FOULED_COUNT_TOWARD_PENALTY": 0.3076923076923077, "FOUL_DEFENSIVE_NON_SHOOTING": 0.0, "FOULED_DEFENSIVE_NON_SHOOTING": 0.3333333333333333, "FOUL_DOUBLE": 0.0, "FOUL_TECHNICAL_DOUBLE": 0.0, "FOUL_FLAGRANT": 0.0, "FOULED_FLAGRANT": 0.0, "FOUL_FLAGRANT_1": 0.0, "FOULED_FLAGRANT_1": 0.0, "FOUL_FLAGRANT_2": 0.0, "FOULED_FLAGRANT_2": 0.0, "FOUL_INBOUND": 0.0, "FOULED_INBOUND": 0.0, "FOUL_LOOSE_BALL": 0.0, "FOULED_LOOSE_BALL": 1.0, "FOUL_OFFENSIVE_CHARGE": 0.0, "FOULED_OFFENSIVE_CHARGE": 0.0, "FOUL_OFFENSIVE_OTHER": 0.0, "FOULED_OFFENSIVE_OTHER": 0.0, "FOUL_OFFENSIVE_TOTAL": 0.0, "FOULED_OFFENSIVE_TOTAL": 0.0, "FOUL_PERSONAL": 0.0, "FOULED_PERSONAL": 0.3333333333333333, "FOUL_PERSONAL_BLOCK": 0.0, "FOULED_PERSONAL_BLOCK": 0.0, "FOUL_PERSONAL_TAKE": 0.0, "FOULED_PERSONAL_TAKE": 0.0, "FOUL_SHOOTING": 0.0, "FOULED_SHOOTING": 0.25, "FOUL_SHOOTING_BLOCK": 0.0, "FOULED_SHOOTING_BLOCK": 0.0, "FOUL_TECHNICAL": 0.0, "FT": 0.2857142857142857, "REBOUND_DEFENSIVE": 0.21951219512195122, "REBOUND_OFFENSIVE": 0.047619047619047616, "STEAL": 0.2, "SHOT_TYPE_ARC_3_OFFENSIVE": 0.31645569620253167, "SHOT_TYPE_ARC_3_DEFENSIVE": 0.25333333333333335, "SHOT_TYPE_AT_RIM_OFFENSIVE": 0.24050632911392406, "SHOT_TYPE_AT_RIM_DEFENSIVE": 0.38666666666666666, "SHOT_TYPE_CORNER_3_OFFENSIVE": 0.11392405063291139, "SHOT_TYPE_CORNER_3_DEFENSIVE": 0.13333333333333333, "SHOT_TYPE_LONG_MID_RANGE_OFFENSIVE": 0.16455696202531644, "SHOT_TYPE_LONG_MID_RANGE_DEFENSIVE": 0.13333333333333333, "SHOT_TYPE_SHORT_MID_RANGE_OFFENSIVE": 0.16455696202531644, "SHOT_TYPE_SHORT_MID_RANGE_DEFENSIVE": 0.09333333333333334, "TURNOVER": 0.0, "VIOLATION_DEFENSIVE_GOALTENDING": 0.0, "VIOLATION_DEFENSIVE_KICK_BALL": 0.0}