{"ASSIST": 0.24662162162162163, "BLOCK": 0.1509433962264151, "FG_ARC_3_ATTEMPT": 0.2631578947368421, "FG_ARC_3_BLOCK": 0.0030959752321981426, "FG_ARC_3_MADE": 0.2823529411764706, "FG_ARC_3_MADE_FOUL": 0.0, "FG_AT_RIM_ATTEMPT": 0.24390243902439024, "FG_AT_RIM_BLOCK": 0.024390243902439025, "FG_AT_RIM_MADE": 0.7, "FG_AT_RIM_MADE_FOUL": 0.024390243902439025, "FG_CORNER_3_ATTEMPT": 0.21739130434782608, "FG_CORNER_3_BLOCK": 0.0, "FG_CORNER_3_MADE": 0.65, "FG_CORNER_3_MADE_FOUL": 0.0, "FG_LONG_MID_RANGE_ATTEMPT": 0.19548872180451127, "FG_LONG_MID_RANGE_BLOCK": 0.0, "FG_LONG_MID_RANGE_MADE": 0.4230769230769231, "FG_LONG_MID_RANGE_MADE_FOUL": 0.0, "FG_SHORT_MID_RANGE_ATTEMPT": 0.2669902912621359, "FG_SHORT_MID_RANGE_BLOCK": 0.019417475728155338, "FG_SHORT_MID_RANGE_MADE": 0.4909090909090909, "FG_SHORT_MID_RANGE_MADE_FOUL": 0.009708737864077669, "FG_XY": {"ARC_3": {"-91|234": 0.011764705882352941, "183|185": 0.011764705882352941, "-42|271": 0.011764705882352941, "138|221": 0.011764705882352941, "134|222": 0.011764705882352941, "-114|232": 0.011764705882352941, "120|218": 0.011764705882352941, "125|215": 0.011764705882352941, "120|227": 0.011764705882352941, "162|192": 0.011764705882352941, "223|89": 0.011764705882352941, "7|265": 0.011764705882352941, "-99|236": 0.011764705882352941, "98|247": 0.011764705882352941, "6|255": 0.011764705882352941, "43|249": 0.011764705882352941, "-168|206": 0.011764705882352941, "191|167": 0.011764705882352941, "-32|690": 0.011764705882352941, "49|256": 0.011764705882352941, "115|235": 0.011764705882352941, "99|281": 0.011764705882352941, "-16|252": 0.011764705882352941, "147|211": 0.011764705882352941, "123|215": 0.011764705882352941, "48|250": 0.011764705882352941, "-179|176": 0.011764705882352941, "-124|230": 0.011764705882352941, "-67|237": 0.011764705882352941, "-81|238": 0.011764705882352941, "228|91": 0.011764705882352941, "-54|247": 0.011764705882352941, "91|248": 0.011764705882352941, "-83|240": 0.011764705882352941, "154|204": 0.011764705882352941, "-221|113": 0.011764705882352941, "-142|201": 0.011764705882352941, "142|211": 0.011764705882352941, "150|201": 0.011764705882352941, "-127|217": 0.011764705882352941, "-123|286": 0.011764705882352941, "5|252": 0.011764705882352941, "-123|230": 0.011764705882352941, "-125|215": 0.011764705882352941, "130|219": 0.011764705882352941, "118|237": 0.011764705882352941, "-94|242": 0.011764705882352941, "-223|117": 0.011764705882352941, "-205|190": 0.011764705882352941, "44|249": 0.011764705882352941, "164|189": 0.011764705882352941, "-17|254": 0.011764705882352941, "-118|235": 0.011764705882352941, "-64|243": 0.011764705882352941, "222|105": 0.011764705882352941, "-51|252": 0.011764705882352941, "65|247": 0.011764705882352941, "119|227": 0.011764705882352941, "172|219": 0.011764705882352941, "-205|131": 0.011764705882352941, "56|263": 0.011764705882352941, "-146|222": 0.011764705882352941, "1|253": 0.011764705882352941, "-112|243": 0.011764705882352941, "12|258": 0.011764705882352941, "-210|164": 0.011764705882352941, "31|257": 0.011764705882352941, "13|255": 0.011764705882352941, "4|256": 0.011764705882352941, "89|265": 0.011764705882352941, "-181|189": 0.011764705882352941, "-163|209": 0.011764705882352941, "-71|243": 0.011764705882352941, "162|218": 0.011764705882352941, "-146|204": 0.011764705882352941, "145|205": 0.011764705882352941, "39|260": 0.011764705882352941, "28|252": 0.011764705882352941, "221|117": 0.011764705882352941, "-136|226": 0.011764705882352941, "-113|232": 0.011764705882352941, "-65|254": 0.011764705882352941, "112|243": 0.011764705882352941, "-202|175": 0.011764705882352941, "-22|269": 0.011764705882352941}, "AT_RIM": {"32|0": 0.014285714285714285, "23|-4": 0.014285714285714285, "-27|8": 0.014285714285714285, "15|35": 0.014285714285714285, "0|0": 0.02857142857142857, "-2|22": 0.014285714285714285, "21|26": 0.014285714285714285, "2|34": 0.014285714285714285, "27|16": 0.014285714285714285, "21|31": 0.014285714285714285, "-4|37": 0.014285714285714285, "-13|36": 0.014285714285714285, "-25|18": 0.014285714285714285, "-23|8": 0.014285714285714285, "16|0": 0.014285714285714285, "27|20": 0.014285714285714285, "-6|8": 0.014285714285714285, "7|28": 0.014285714285714285, "7|25": 0.014285714285714285, "0|2": 0.014285714285714285, "2|4": 0.014285714285714285, "-2|12": 0.014285714285714285, "4|13": 0.014285714285714285, "-2|8": 0.014285714285714285, "-4|1": 0.014285714285714285, "-6|-1": 0.014285714285714285, "13|18": 0.014285714285714285, "9|11": 0.014285714285714285, "-2|11": 0.014285714285714285, "-4|-3": 0.014285714285714285, "6|5": 0.014285714285714285, "18|10": 0.014285714285714285, "10|13": 0.014285714285714285, "-15|17": 0.014285714285714285, "-10|5": 0.014285714285714285, "-9|8": 0.014285714285714285, "25|17": 0.014285714285714285, "27|21": 0.014285714285714285, "21|10": 0.014285714285714285, "25|6": 0.014285714285714285, "-7|5": 0.014285714285714285, "-6|38": 0.014285714285714285, "-6|6": 0.014285714285714285, "-29|10": 0.014285714285714285, "18|5": 0.014285714285714285, "2|10": 0.014285714285714285, "1|12": 0.014285714285714285, "28|15": 0.014285714285714285, "2|37": 0.014285714285714285, "31|6": 0.014285714285714285, "31|21": 0.014285714285714285, "-1|20": 0.014285714285714285, "2|13": 0.014285714285714285, "25|16": 0.014285714285714285, "-29|8": 0.014285714285714285, "25|22": 0.014285714285714285, "5|15": 0.014285714285714285, "11|16": 0.014285714285714285, "-29|2": 0.014285714285714285, "4|6": 0.02857142857142857, "-1|6": 0.014285714285714285, "-10|10": 0.014285714285714285, "-5|7": 0.014285714285714285, "-1|4": 0.014285714285714285, "-12|2": 0.014285714285714285, "26|-2": 0.014285714285714285, "-6|17": 0.014285714285714285, "2|15": 0.014285714285714285}, "CORNER_3": {"236|12": 0.05, "-232|25": 0.05, "-229|21": 0.05, "229|21": 0.05, "-228|34": 0.05, "-240|17": 0.05, "238|3": 0.05, "-225|31": 0.05, "234|45": 0.05, "-225|6": 0.05, "228|81": 0.05, "-233|78": 0.05, "-224|-5": 0.05, "228|29": 0.05, "-230|15": 0.05, "227|-3": 0.05, "229|40": 0.05, "-230|17": 0.05, "-232|60": 0.05, "-238|-16": 0.05}, "LONG_MID_RANGE": {"-129|131": 0.038461538461538464, "45|210": 0.038461538461538464, "125|122": 0.038461538461538464, "153|134": 0.038461538461538464, "78|141": 0.038461538461538464, "-99|157": 0.038461538461538464, "74|185": 0.038461538461538464, "87|185": 0.038461538461538464, "-25|196": 0.038461538461538464, "148|93": 0.038461538461538464, "136|170": 0.038461538461538464, "7|165": 0.038461538461538464, "37|202": 0.038461538461538464, "-5|227": 0.038461538461538464, "-5|188": 0.038461538461538464, "-197|0": 0.038461538461538464, "-152|25": 0.038461538461538464, "137|27": 0.038461538461538464, "-142|1": 0.038461538461538464, "-121|134": 0.038461538461538464, "97|173": 0.038461538461538464, "-33|180": 0.038461538461538464, "-60|183": 0.038461538461538464, "97|152": 0.038461538461538464, "-173|57": 0.038461538461538464, "-146|136": 0.038461538461538464}, "SHORT_MID_RANGE": {"-61|38": 0.01818181818181818, "50|115": 0.01818181818181818, "-4|92": 0.01818181818181818, "-91|96": 0.01818181818181818, "36|34": 0.01818181818181818, "5|55": 0.01818181818181818, "-9|87": 0.01818181818181818, "-47|112": 0.01818181818181818, "22|62": 0.01818181818181818, "25|56": 0.01818181818181818, "25|43": 0.01818181818181818, "-82|86": 0.01818181818181818, "-55|41": 0.01818181818181818, "-32|37": 0.01818181818181818, "-48|63": 0.01818181818181818, "-69|115": 0.01818181818181818, "-13|58": 0.01818181818181818, "2|50": 0.01818181818181818, "-27|36": 0.01818181818181818, "39|64": 0.01818181818181818, "-33|52": 0.01818181818181818, "-113|25": 0.01818181818181818, "-37|16": 0.01818181818181818, "1|105": 0.01818181818181818, "74|34": 0.01818181818181818, "-125|50": 0.01818181818181818, "55|50": 0.01818181818181818, "-48|82": 0.01818181818181818, "1|80": 0.01818181818181818, "-64|39": 0.01818181818181818, "29|120": 0.01818181818181818, "-51|32": 0.01818181818181818, "33|39": 0.01818181818181818,