{"ASSIST": 0.2900763358778626, "BLOCK": 0.0, "FG_ARC_3_ATTEMPT": 0.1452991452991453, "FG_ARC_3_BLOCK": 0.0, "FG_ARC_3_MADE": 0.5882352941176471, "FG_ARC_3_MADE_FOUL": 0.0, "FG_AT_RIM_ATTEMPT": 0.19548872180451127, "FG_AT_RIM_BLOCK": 0.015037593984962405, "FG_AT_RIM_MADE": 0.6923076923076923, "FG_AT_RIM_MADE_FOUL": 0.007518796992481203, "FG_CORNER_3_ATTEMPT": 0.21428571428571427, "FG_CORNER_3_BLOCK": 0.0, "FG_CORNER_3_MADE": 0.6666666666666666, "FG_CORNER_3_MADE_FOUL": 0.0, "FG_LONG_MID_RANGE_ATTEMPT": 0.17307692307692307, "FG_LONG_MID_RANGE_BLOCK": 0.0, "FG_LONG_MID_RANGE_MADE": 0.3333333333333333, "FG_LONG_MID_RANGE_MADE_FOUL": 0.0, "FG_SHORT_MID_RANGE_ATTEMPT": 0.18333333333333332, "FG_SHORT_MID_RANGE_BLOCK": 0.016666666666666666, "FG_SHORT_MID_RANGE_MADE": 0.36363636363636365, "FG_SHORT_MID_RANGE_MADE_FOUL": 0.016666666666666666, "FG_XY": {"ARC_3": {"-164|198": 0.058823529411764705, "-179|198": 0.058823529411764705, "-194|159": 0.058823529411764705, "184|179": 0.058823529411764705, "163|180": 0.058823529411764705, "191|170": 0.058823529411764705, "199|164": 0.058823529411764705, "-130|211": 0.058823529411764705, "-154|205": 0.058823529411764705, "-162|201": 0.058823529411764705, "-174|193": 0.058823529411764705, "0|246": 0.058823529411764705, "179|173": 0.058823529411764705, "120|232": 0.058823529411764705, "60|254": 0.058823529411764705, "118|235": 0.058823529411764705, "36|250": 0.058823529411764705}, "AT_RIM": {"-10|4": 0.038461538461538464, "-11|10": 0.038461538461538464, "-9|10": 0.038461538461538464, "15|15": 0.038461538461538464, "-6|5": 0.038461538461538464, "18|9": 0.038461538461538464, "16|5": 0.038461538461538464, "-5|29": 0.038461538461538464, "-27|27": 0.038461538461538464, "-20|19": 0.038461538461538464, "32|15": 0.038461538461538464, "-13|19": 0.038461538461538464, "-20|16": 0.038461538461538464, "18|25": 0.038461538461538464, "-29|2": 0.038461538461538464, "22|16": 0.038461538461538464, "-12|9": 0.038461538461538464, "-10|17": 0.038461538461538464, "-6|13": 0.038461538461538464, "38|4": 0.038461538461538464, "0|0": 0.038461538461538464, "1|2": 0.038461538461538464, "0|2": 0.038461538461538464, "-17|12": 0.038461538461538464, "23|9": 0.038461538461538464, "16|20": 0.038461538461538464}, "CORNER_3": {"-225|31": 0.1111111111111111, "-233|55": 0.1111111111111111, "-233|25": 0.1111111111111111, "-234|-7": 0.1111111111111111, "-237|61": 0.1111111111111111, "-227|41": 0.1111111111111111, "-240|13": 0.1111111111111111, "-234|41": 0.1111111111111111, "235|19": 0.1111111111111111}, "LONG_MID_RANGE": {"-94|161": 0.1111111111111111, "-51|174": 0.1111111111111111, "170|-8": 0.1111111111111111, "12|147": 0.1111111111111111, "48|149": 0.1111111111111111, "112|145": 0.1111111111111111, "96|118": 0.1111111111111111, "-89|147": 0.1111111111111111, "-152|81": 0.1111111111111111}, "SHORT_MID_RANGE": {"-126|48": 0.045454545454545456, "-27|110": 0.045454545454545456, "-53|119": 0.045454545454545456, "-1|121": 0.045454545454545456, "-103|43": 0.045454545454545456, "4|85": 0.045454545454545456, "-98|17": 0.045454545454545456, "-20|78": 0.045454545454545456, "-6|96": 0.045454545454545456, "62|60": 0.045454545454545456, "28|80": 0.045454545454545456, "-49|26": 0.045454545454545456, "25|34": 0.045454545454545456, "-1|62": 0.045454545454545456, "-75|0": 0.045454545454545456, "55|50": 0.045454545454545456, "7|72": 0.045454545454545456, "54|31": 0.045454545454545456, "-112|5": 0.045454545454545456, "15|95": 0.045454545454545456, "-39|19": 0.045454545454545456, "11|51": 0.045454545454545456}}, "FOUL_AWAY_FROM_PLAY": 0.0, "FOULED_AWAY_FROM_PLAY": 0.0, "FOUL_CLEAR_PATH": 0.0, "FOULED_CLEAR_PATH": 0.0, "FOUL_COUNT_AS_PERSONAL": 0.20869565217391303, "FOULED_COUNT_AS_PERSONAL": 0.10909090909090909, "FOUL_COUNT_TOWARD_PENALTY": 0.23300970873786409, "FOULED_COUNT_TOWARD_PENALTY": 0.09900990099009901, "FOUL_DEFENSIVE_NON_SHOOTING": 0.3793103448275862, "FOULED_DEFENSIVE_NON_SHOOTING": 0.061224489795918366, "FOUL_DOUBLE": 0.0, "FOUL_TECHNICAL_DOUBLE": 0.0, "FOUL_FLAGRANT": 0.0, "FOULED_FLAGRANT": 0.0, "FOUL_FLAGRANT_1": 0.0, "FOULED_FLAGRANT_1": 0.0, "FOUL_FLAGRANT_2": 0.0, "FOULED_FLAGRANT_2": 0.0, "FOUL_INBOUND": 0.0, "FOULED_INBOUND": 0.0, "FOUL_LOOSE_BALL": 0.0, "FOULED_LOOSE_BALL": 0.0, "FOUL_OFFENSIVE_CHARGE": 0.0, "FOULED_OFFENSIVE_CHARGE": 1.0, "FOUL_OFFENSIVE_OTHER": 0.0, "FOULED_OFFENSIVE_OTHER": 0.0, "FOUL_OFFENSIVE_TOTAL": 0.0, "FOULED_OFFENSIVE_TOTAL": 0.2222222222222222, "FOUL_PERSONAL": 0.40816326530612246, "FOULED_PERSONAL": 0.05555555555555555, "FOUL_PERSONAL_BLOCK": 0.0, "FOULED_PERSONAL_BLOCK": 0.0, "FOUL_PERSONAL_TAKE": 0.0, "FOULED_PERSONAL_TAKE": 0.16666666666666666, "FOUL_SHOOTING": 0.044444444444444446, "FOULED_SHOOTING": 0.1346153846153846, "FOUL_SHOOTING_BLOCK": 0.0, "FOULED_SHOOTING_BLOCK": 0.0, "FOUL_TECHNICAL": 0.0, "FT": 0.7272727272727273, "REBOUND_DEFENSIVE": 0.09561752988047809, "REBOUND_OFFENSIVE": 0.03225806451612903, "STEAL": 0.13636363636363635, "SHOT_TYPE_ARC_3_OFFENSIVE": 0.2521551724137931, "SHOT_TYPE_ARC_3_DEFENSIVE": 0.3284518828451883, "SHOT_TYPE_AT_RIM_OFFENSIVE": 0.28663793103448276, "SHOT_TYPE_AT_RIM_DEFENSIVE": 0.26778242677824265, "SHOT_TYPE_CORNER_3_OFFENSIVE": 0.09051724137931035, "SHOT_TYPE_CORNER_3_DEFENSIVE": 0.09414225941422594, "SHOT_TYPE_LONG_MID_RANGE_OFFENSIVE": 0.11206896551724138, "SHOT_TYPE_LONG_MID_RANGE_DEFENSIVE": 0.12133891213389121, "SHOT_TYPE_SHORT_MID_RANGE_OFFENSIVE": 0.25862068965517243, "SHOT_TYPE_SHORT_MID_RANGE_DEFENSIVE": 0.18828451882845187, "TURNOVER": 0.13131313131313133, "VIOLATION_DEFENSIVE_GOALTENDING": 0.0, "VIOLATION_DEFENSIVE_KICK_BALL": 1.0}