{"ASSIST": 0.09206349206349207, "BLOCK": 0.22727272727272727, "FG_ARC_3_ATTEMPT": 0.2627450980392157, "FG_ARC_3_BLOCK": 0.00392156862745098, "FG_ARC_3_MADE": 0.13432835820895522, "FG_ARC_3_MADE_FOUL": 0.0, "FG_AT_RIM_ATTEMPT": 0.07929515418502203, "FG_AT_RIM_BLOCK": 0.0, "FG_AT_RIM_MADE": 0.7777777777777778, "FG_AT_RIM_MADE_FOUL": 0.0, "FG_CORNER_3_ATTEMPT": 0.1978021978021978, "FG_CORNER_3_BLOCK": 0.0, "FG_CORNER_3_MADE": 0.2222222222222222, "FG_CORNER_3_MADE_FOUL": 0.0, "FG_LONG_MID_RANGE_ATTEMPT": 0.08421052631578947, "FG_LONG_MID_RANGE_BLOCK": 0.0, "FG_LONG_MID_RANGE_MADE": 0.1875, "FG_LONG_MID_RANGE_MADE_FOUL": 0.0, "FG_SHORT_MID_RANGE_ATTEMPT": 0.05343511450381679, "FG_SHORT_MID_RANGE_BLOCK": 0.007633587786259542, "FG_SHORT_MID_RANGE_MADE": 0.35714285714285715, "FG_SHORT_MID_RANGE_MADE_FOUL": 0.0, "FG_XY": {"ARC_3": {"20|256": 0.014925373134328358, "225|94": 0.014925373134328358, "-147|209": 0.014925373134328358, "142|215": 0.014925373134328358, "109|229": 0.014925373134328358, "127|227": 0.014925373134328358, "-16|261": 0.014925373134328358, "-112|232": 0.014925373134328358, "-210|159": 0.014925373134328358, "114|233": 0.014925373134328358, "6|247": 0.014925373134328358, "96|237": 0.014925373134328358, "-188|235": 0.014925373134328358, "-109|236": 0.014925373134328358, "-125|466": 0.014925373134328358, "67|240": 0.014925373134328358, "26|258": 0.014925373134328358, "36|247": 0.014925373134328358, "59|263": 0.014925373134328358, "-103|248": 0.014925373134328358, "-94|237": 0.014925373134328358, "-58|313": 0.014925373134328358, "222|113": 0.014925373134328358, "169|193": 0.014925373134328358, "102|230": 0.014925373134328358, "-120|234": 0.014925373134328358, "-203|181": 0.014925373134328358, "-164|222": 0.014925373134328358, "-172|206": 0.014925373134328358, "-16|259": 0.014925373134328358, "16|267": 0.014925373134328358, "-89|247": 0.014925373134328358, "-186|173": 0.014925373134328358, "147|212": 0.014925373134328358, "136|218": 0.014925373134328358, "7|254": 0.014925373134328358, "102|242": 0.014925373134328358, "88|249": 0.014925373134328358, "-165|194": 0.014925373134328358, "-112|224": 0.014925373134328358, "96|233": 0.014925373134328358, "137|206": 0.014925373134328358, "132|221": 0.014925373134328358, "-110|231": 0.014925373134328358, "136|220": 0.014925373134328358, "143|209": 0.014925373134328358, "163|192": 0.014925373134328358, "58|243": 0.014925373134328358, "-2|262": 0.014925373134328358, "-138|235": 0.014925373134328358, "189|151": 0.014925373134328358, "-170|207": 0.014925373134328358, "-118|240": 0.014925373134328358, "-113|228": 0.014925373134328358, "92|247": 0.014925373134328358, "192|157": 0.014925373134328358, "-174|211": 0.014925373134328358, "114|243": 0.014925373134328358, "83|248": 0.014925373134328358, "-159|217": 0.014925373134328358, "-118|220": 0.014925373134328358, "135|212": 0.014925373134328358, "109|233": 0.014925373134328358, "-159|209": 0.014925373134328358, "-169|186": 0.014925373134328358, "124|211": 0.014925373134328358, "-81|235": 0.014925373134328358}, "AT_RIM": {"-11|5": 0.05555555555555555, "-9|1": 0.05555555555555555, "16|-3": 0.05555555555555555, "-4|2": 0.05555555555555555, "7|6": 0.05555555555555555, "9|8": 0.05555555555555555, "7|25": 0.05555555555555555, "-23|31": 0.05555555555555555, "6|2": 0.05555555555555555, "-5|29": 0.05555555555555555, "9|3": 0.05555555555555555, "0|0": 0.1111111111111111, "-4|1": 0.05555555555555555, "2|26": 0.05555555555555555, "5|11": 0.05555555555555555, "-18|-2": 0.05555555555555555, "-6|-13": 0.05555555555555555}, "CORNER_3": {"-225|8": 0.05555555555555555, "232|34": 0.05555555555555555, "-234|-1": 0.05555555555555555, "234|9": 0.05555555555555555, "223|-3": 0.05555555555555555, "-241|20": 0.05555555555555555, "-232|9": 0.05555555555555555, "223|2": 0.05555555555555555, "225|18": 0.05555555555555555, "-230|41": 0.05555555555555555, "227|12": 0.05555555555555555, "234|30": 0.05555555555555555, "-233|23": 0.05555555555555555, "229|-4": 0.05555555555555555, "232|18": 0.05555555555555555, "237|10": 0.05555555555555555, "229|-10": 0.05555555555555555, "-232|-6": 0.05555555555555555}, "LONG_MID_RANGE": {"148|170": 0.0625, "-45|154": 0.0625, "-82|113": 0.0625, "18|180": 0.0625, "77|197": 0.0625, "205|63": 0.0625, "-142|67": 0.0625, "-163|151": 0.0625, "208|16": 0.0625, "-206|13": 0.0625, "13|157": 0.0625, "-31|191": 0.0625, "48|151": 0.0625, "-121|91": 0.0625, "213|8": 0.0625, "-183|-25": 0.0625}, "SHORT_MID_RANGE": {"62|76": 0.07142857142857142, "21|53": 0.07142857142857142, "-88|48": 0.07142857142857142, "-15|57": 0.07142857142857142, "-39|91": 0.07142857142857142, "-36|89": 0.07142857142857142, "47|29": 0.07142857142857142, "-98|25": 0.07142857142857142, "-1|54": 0.07142857142857142, "-23|34": 0.07142857142857142, "45|127": 0.07142857142857142, "2|137": 0.07142857142857142, "26|111": 0.07142857142857142, "-34|53": 0.07142857142857142}}, "FOUL_AWAY_FROM_PLAY": 0.0, "FOULED_AWAY_FROM_PLAY": 0.0, "FOUL_CLEAR_PATH": 1.0, "FOULED_CLEAR_PATH": 0.0, "FOUL_COUNT_AS_PERSONAL": 0.21100917431192662, "FOULED_COUNT_AS_PERSONAL": 0.13452914798206278, "FOUL_COUNT_TOWARD_PENALTY": 0.2097560975609756, "FOULED_COUNT_TOWARD_PENALTY": 0.1188118811881188, "FOUL_DEFENSIVE_NON_SHOOTING": 0.2087912087912088, "FOULED_DEFENSIVE_NON_SHOOTING": 0.1322314049586777, "FOUL_DOUBLE": 0.0, "FOUL_TECHNICAL_DOUBLE": 0.5, "FOUL_FLAGRANT": 1.0, "FOULED_FLAGRANT": 1.0, "FOUL_FLAGRANT_1": 1.0, "FOULED_FLAGRANT_1": 1.0, "FOUL_FLAGRANT_2": 0.0, "FOULED_FLAGRANT_2": 0.0, "FOUL_INBOUND": 0.0, "FOULED_INBOUND": 0.0, "FOUL_LOOSE_BALL": 0.0, "FOULED_LOOSE_BALL": 0.25, "FOUL_OFFENSIVE_CHARGE": 0.5, "FOULED_OFFENSIVE_CHARGE": 0.6666666666666666, "FOUL_OFFENSIVE_OTHER": 0.0, "FOULED_OFFENSIVE_OTHER": 0.0, "FOUL_OFFENSIVE_TOTAL": 0.23076923076923078, "FOULED_OFFENSIVE_TOTAL": 0.2857142857142857, "FOUL_PERSONAL": 0.2222222222222222, "FOULED_PERSONAL": 0.125, "FOUL_PERSONAL_BLOCK": 0.0, "FOULED_PERSONAL_BLOCK": 0.0, "FOUL_PERSONAL_TAKE": 0.0, "FOULED_PERSONAL_TAKE": 0.05, "FOUL_SHOOTING": 0.21052631578947367, "FOULED_SHOOTING": 0.09876543209876543, "FOUL_SHOOTING_BLOCK": 0.0, "FOULED_SHOOTING_BLOCK": 0.0, "FOUL_TECHNICAL": 0.07142857142857142, "FT": 0.8333333333333334, "REBOUND_DEFENSIVE": 0.13833333333333334, "REBOUND_OFFENSIVE": 0.018867924528301886, "STEAL": 0.2524271844660194, "SHOT_TYPE_ARC_3_OFFENSIVE": 0.24878048780487805, "SHOT_TYPE_ARC_3_DEFENSIVE": 0.3112391930835735, "SHOT_TYPE_AT_RIM_OFFENSIVE": 0.22146341463414634, "SHOT_TYPE_AT_RIM_DEFENSIVE": 0.2689721421709894, "SHOT_TYPE_CORNER_3_OFFENSIVE": 0.08878048780487804, "SHOT_TYPE_CORNER_3_DEFENSIVE": 0.08069164265129683, "SHOT_TYPE_LONG_MID_RANGE_OFFENSIVE": 0.18536585365853658, "SHOT_TYPE_LONG_MID_RANGE_DEFENSIVE": 0.12295869356388088, "SHOT_TYPE_SHORT_MID_RANGE_OFFENSIVE": 0.255609756097561, "SHOT_TYPE_SHORT_MID_RANGE_DEFENSIVE": 0.21613832853025935, "TURNOVER": 0.12307692307692308, "VIOLATION_DEFENSIVE_GOALTENDING": 0.0, "VIOLATION_DEFENSIVE_KICK_BALL": 0.0}