{"ASSIST": 0.2, "BLOCK": 0.0, "FG_ARC_3_ATTEMPT": 0.2608695652173913, "FG_ARC_3_BLOCK": 0.0, "FG_ARC_3_MADE": 0.5, "FG_ARC_3_MADE_FOUL": 0.0, "FG_AT_RIM_ATTEMPT": 0.15384615384615385, "FG_AT_RIM_BLOCK": 0.0, "FG_AT_RIM_MADE": 1.0, "FG_AT_RIM_MADE_FOUL": 0.07692307692307693, "FG_CORNER_3_ATTEMPT": 0.0, "FG_CORNER_3_BLOCK": 0.0, "FG_CORNER_3_MADE": 0.0, "FG_CORNER_3_MADE_FOUL": 0.0, "FG_LONG_MID_RANGE_ATTEMPT": 0.5, "FG_LONG_MID_RANGE_BLOCK": 0.07142857142857142, "FG_LONG_MID_RANGE_MADE": 0.5714285714285714, "FG_LONG_MID_RANGE_MADE_FOUL": 0.07142857142857142, "FG_SHORT_MID_RANGE_ATTEMPT": 0.4444444444444444, "FG_SHORT_MID_RANGE_BLOCK": 0.0, "FG_SHORT_MID_RANGE_MADE": 0.25, "FG_SHORT_MID_RANGE_MADE_FOUL": 0.0, "FG_XY": {"ARC_3": {"-54|261": 0.16666666666666666, "-17|263": 0.16666666666666666, "-124|240": 0.16666666666666666, "221|142": 0.16666666666666666, "-58|267": 0.16666666666666666, "89|244": 0.16666666666666666}, "AT_RIM": {"9|6": 0.5, "1|15": 0.5}, "CORNER_3": {}, "LONG_MID_RANGE": {"26|158": 0.14285714285714285, "-47|169": 0.14285714285714285, "78|142": 0.14285714285714285, "-103|167": 0.14285714285714285, "-104|164": 0.14285714285714285, "-91|168": 0.14285714285714285, "-97|121": 0.14285714285714285}, "SHORT_MID_RANGE": {"-108|58": 0.25, "-55|63": 0.25, "-26|44": 0.25, "130|34": 0.25}}, "FOUL_AWAY_FROM_PLAY": 0.0, "FOULED_AWAY_FROM_PLAY": 0.0, "FOUL_CLEAR_PATH": 0.0, "FOULED_CLEAR_PATH": 0.0, "FOUL_COUNT_AS_PERSONAL": 0.2, "FOULED_COUNT_AS_PERSONAL": 0.23076923076923078, "FOUL_COUNT_TOWARD_PENALTY": 0.21428571428571427, "FOULED_COUNT_TOWARD_PENALTY": 0.16666666666666666, "FOUL_DEFENSIVE_NON_SHOOTING": 0.25, "FOULED_DEFENSIVE_NON_SHOOTING": 0.2, "FOUL_DOUBLE": 0.0, "FOUL_TECHNICAL_DOUBLE": 0.0, "FOUL_FLAGRANT": 0.0, "FOULED_FLAGRANT": 1.0, "FOUL_FLAGRANT_1": 0.0, "FOULED_FLAGRANT_1": 1.0, "FOUL_FLAGRANT_2": 0.0, "FOULED_FLAGRANT_2": 0.0, "FOUL_INBOUND": 0.0, "FOULED_INBOUND": 0.0, "FOUL_LOOSE_BALL": 0.0, "FOULED_LOOSE_BALL": 0.0, "FOUL_OFFENSIVE_CHARGE": 0.0, "FOULED_OFFENSIVE_CHARGE": 0.0, "FOUL_OFFENSIVE_OTHER": 0.0, "FOULED_OFFENSIVE_OTHER": 0.0, "FOUL_OFFENSIVE_TOTAL": 0.0, "FOULED_OFFENSIVE_TOTAL": 1.0, "FOUL_PERSONAL": 0.25, "FOULED_PERSONAL": 0.0, "FOUL_PERSONAL_BLOCK": 0.0, "FOULED_PERSONAL_BLOCK": 0.0, "FOUL_PERSONAL_TAKE": 0.0, "FOULED_PERSONAL_TAKE": 0.0, "FOUL_SHOOTING": 0.2, "FOULED_SHOOTING": 0.14285714285714285, "FOUL_SHOOTING_BLOCK": 0.0, "FOULED_SHOOTING_BLOCK": 0.0, "FOUL_TECHNICAL": 0.0, "FT": 0.75, "REBOUND_DEFENSIVE": 0.2571428571428571, "REBOUND_OFFENSIVE": 0.0, "STEAL": 0.2, "SHOT_TYPE_ARC_3_OFFENSIVE": 0.35384615384615387, "SHOT_TYPE_ARC_3_DEFENSIVE": 0.24074074074074073, "SHOT_TYPE_AT_RIM_OFFENSIVE": 0.2, "SHOT_TYPE_AT_RIM_DEFENSIVE": 0.2777777777777778, "SHOT_TYPE_CORNER_3_OFFENSIVE": 0.09230769230769231, "SHOT_TYPE_CORNER_3_DEFENSIVE": 0.037037037037037035, "SHOT_TYPE_LONG_MID_RANGE_OFFENSIVE": 0.2153846153846154, "SHOT_TYPE_LONG_MID_RANGE_DEFENSIVE": 0.14814814814814814, "SHOT_TYPE_SHORT_MID_RANGE_OFFENSIVE": 0.13846153846153847, "SHOT_TYPE_SHORT_MID_RANGE_DEFENSIVE": 0.2962962962962963, "TURNOVER": 0.2, "VIOLATION_DEFENSIVE_GOALTENDING": 0.0, "VIOLATION_DEFENSIVE_KICK_BALL": 0.0}