{"ASSIST": 0.11604095563139932, "BLOCK": 0.04819277108433735, "FG_ARC_3_ATTEMPT": 0.21971830985915494, "FG_ARC_3_BLOCK": 0.0, "FG_ARC_3_MADE": 0.16666666666666666, "FG_ARC_3_MADE_FOUL": 0.0, "FG_AT_RIM_ATTEMPT": 0.07348242811501597, "FG_AT_RIM_BLOCK": 0.003194888178913738, "FG_AT_RIM_MADE": 0.8260869565217391, "FG_AT_RIM_MADE_FOUL": 0.0, "FG_CORNER_3_ATTEMPT": 0.2336448598130841, "FG_CORNER_3_BLOCK": 0.0, "FG_CORNER_3_MADE": 0.08, "FG_CORNER_3_MADE_FOUL": 0.0, "FG_LONG_MID_RANGE_ATTEMPT": 0.13, "FG_LONG_MID_RANGE_BLOCK": 0.0, "FG_LONG_MID_RANGE_MADE": 0.07692307692307693, "FG_LONG_MID_RANGE_MADE_FOUL": 0.0, "FG_SHORT_MID_RANGE_ATTEMPT": 0.04285714285714286, "FG_SHORT_MID_RANGE_BLOCK": 0.004761904761904762, "FG_SHORT_MID_RANGE_MADE": 0.5555555555555556, "FG_SHORT_MID_RANGE_MADE_FOUL": 0.0, "FG_XY": {"ARC_3": {"81|241": 0.01282051282051282, "-120|225": 0.01282051282051282, "176|189": 0.01282051282051282, "-142|216": 0.01282051282051282, "-175|189": 0.01282051282051282, "-169|206": 0.01282051282051282, "-174|188": 0.01282051282051282, "89|241": 0.01282051282051282, "-5|256": 0.01282051282051282, "-114|241": 0.01282051282051282, "-180|183": 0.01282051282051282, "-94|234": 0.01282051282051282, "190|163": 0.01282051282051282, "-1|264": 0.01282051282051282, "0|268": 0.01282051282051282, "115|234": 0.01282051282051282, "4|262": 0.01282051282051282, "153|210": 0.01282051282051282, "-9|263": 0.01282051282051282, "-26|262": 0.01282051282051282, "-124|223": 0.01282051282051282, "88|237": 0.01282051282051282, "-175|233": 0.01282051282051282, "-55|277": 0.01282051282051282, "-234|119": 0.01282051282051282, "-53|264": 0.01282051282051282, "53|243": 0.01282051282051282, "-137|218": 0.01282051282051282, "118|227": 0.01282051282051282, "146|216": 0.01282051282051282, "-50|244": 0.01282051282051282, "208|137": 0.01282051282051282, "-211|148": 0.01282051282051282, "-5|257": 0.01282051282051282, "-11|285": 0.01282051282051282, "-6|258": 0.01282051282051282, "-64|250": 0.01282051282051282, "-48|243": 0.01282051282051282, "-114|235": 0.01282051282051282, "164|208": 0.01282051282051282, "-116|242": 0.01282051282051282, "-54|241": 0.01282051282051282, "87|254": 0.01282051282051282, "33|262": 0.01282051282051282, "-10|267": 0.01282051282051282, "93|242": 0.01282051282051282, "-151|193": 0.01282051282051282, "49|245": 0.01282051282051282, "-172|199": 0.01282051282051282, "99|231": 0.01282051282051282, "-2|258": 0.01282051282051282, "121|519": 0.01282051282051282, "-78|240": 0.01282051282051282, "10|252": 0.01282051282051282, "-26|248": 0.01282051282051282, "-1|255": 0.01282051282051282, "-20|249": 0.01282051282051282, "81|247": 0.01282051282051282, "-214|131": 0.01282051282051282, "-167|197": 0.01282051282051282, "-120|233": 0.01282051282051282, "-34|253": 0.01282051282051282, "99|226": 0.01282051282051282, "-102|248": 0.01282051282051282, "-15|262": 0.01282051282051282, "-15|267": 0.01282051282051282, "138|210": 0.01282051282051282, "-89|244": 0.01282051282051282, "-108|257": 0.01282051282051282, "-42|258": 0.01282051282051282, "50|244": 0.01282051282051282, "-50|253": 0.01282051282051282, "153|194": 0.01282051282051282, "-93|245": 0.01282051282051282, "164|193": 0.01282051282051282, "213|141": 0.01282051282051282, "25|268": 0.01282051282051282, "29|241": 0.01282051282051282}, "AT_RIM": {"2|19": 0.043478260869565216, "-5|22": 0.043478260869565216, "13|10": 0.043478260869565216, "23|1": 0.043478260869565216, "13|34": 0.043478260869565216, "1|24": 0.043478260869565216, "-16|14": 0.043478260869565216, "7|3": 0.043478260869565216, "17|1": 0.043478260869565216, "13|11": 0.043478260869565216, "-4|5": 0.043478260869565216, "-9|13": 0.043478260869565216, "6|14": 0.043478260869565216, "-21|17": 0.043478260869565216, "-22|9": 0.043478260869565216, "10|38": 0.043478260869565216, "-17|-4": 0.043478260869565216, "-15|2": 0.043478260869565216, "-22|5": 0.043478260869565216, "-6|5": 0.043478260869565216, "-25|11": 0.043478260869565216, "21|11": 0.043478260869565216, "-17|11": 0.043478260869565216}, "CORNER_3": {"233|22": 0.04, "228|47": 0.04, "232|7": 0.04, "230|41": 0.04, "234|27": 0.04, "228|14": 0.04, "239|36": 0.04, "235|9": 0.04, "-230|5": 0.04, "233|62": 0.04, "-225|16": 0.04, "232|15": 0.04, "230|27": 0.04, "234|18": 0.04, "-230|-1": 0.04, "235|21": 0.04, "-233|-25": 0.04, "-225|21": 0.04, "-233|78": 0.04, "-235|47": 0.04, "-232|-16": 0.04, "-234|46": 0.04, "-232|3": 0.04, "233|43": 0.04, "-235|32": 0.04}, "LONG_MID_RANGE": {"127|146": 0.07692307692307693, "16|171": 0.07692307692307693, "-127|153": 0.07692307692307693, "76|136": 0.07692307692307693, "-6|158": 0.07692307692307693, "173|122": 0.07692307692307693, "-156|-1": 0.07692307692307693, "-103|173": 0.07692307692307693, "142|21": 0.07692307692307693, "-20|190": 0.07692307692307693, "-190|73": 0.07692307692307693, "92|159": 0.07692307692307693, "-6|204": 0.07692307692307693}, "SHORT_MID_RANGE": {"-4|132": 0.1111111111111111, "-22|63": 0.1111111111111111, "-37|26": 0.1111111111111111, "23|125": 0.1111111111111111, "-45|41": 0.1111111111111111, "-110|15": 0.1111111111111111, "65|96": 0.1111111111111111, "88|106": 0.1111111111111111, "11|126": 0.1111111111111111}}, "FOUL_AWAY_FROM_PLAY": 0.0, "FOULED_AWAY_FROM_PLAY": 0.0, "FOUL_CLEAR_PATH": 0.0, "FOULED_CLEAR_PATH": 0.0, "FOUL_COUNT_AS_PERSONAL": 0.18333333333333332, "FOULED_COUNT_AS_PERSONAL": 0.0867579908675799, "FOUL_COUNT_TOWARD_PENALTY": 0.19907407407407407, "FOULED_COUNT_TOWARD_PENALTY": 0.061855670103092786, "FOUL_DEFENSIVE_NON_SHOOTING": 0.2, "FOULED_DEFENSIVE_NON_SHOOTING": 0.07272727272727272, "FOUL_DOUBLE": 0.0, "FOUL_TECHNICAL_DOUBLE": 0.0, "FOUL_FLAGRANT": 0.0, "FOULED_FLAGRANT": 0.0, "FOUL_FLAGRANT_1": 0.0, "FOULED_FLAGRANT_1": 0.0, "FOUL_FLAGRANT_2": 0.0, "FOULED_FLAGRANT_2": 0.0, "FOUL_INBOUND": 0.0, "FOULED_INBOUND": 0.0, "FOUL_LOOSE_BALL": 0.0, "FOULED_LOOSE_BALL": 0.0, "FOUL_OFFENSIVE_CHARGE": 0.16666666666666666, "FOULED_OFFENSIVE_CHARGE": 0.25, "FOUL_OFFENSIVE_OTHER": 0.0, "FOULED_OFFENSIVE_OTHER": 0.0, "FOUL_OFFENSIVE_TOTAL": 0.041666666666666664, "FOULED_OFFENSIVE_TOTAL": 0.28, "FOUL_PERSONAL": 0.19402985074626866, "FOULED_PERSONAL": 0.08139534883720931, "FOUL_PERSONAL_BLOCK": 0.0, "FOULED_PERSONAL_BLOCK": 0.0, "FOUL_PERSONAL_TAKE": 0.3333333333333333, "FOULED_PERSONAL_TAKE": 0.1, "FOUL_SHOOTING": 0.19801980198019803, "FOULED_SHOOTING": 0.047619047619047616, "FOUL_SHOOTING_BLOCK": 0.0, "FOULED_SHOOTING_BLOCK": 0.0, "FOUL_TECHNICAL": 0.0, "FT": 0.7272727272727273, "REBOUND_DEFENSIVE": 0.08731466227347612, "REBOUND_OFFENSIVE": 0.009966777408637873, "STEAL": 0.14666666666666667, "SHOT_TYPE_ARC_3_OFFENSIVE": 0.3271889400921659, "SHOT_TYPE_ARC_3_DEFENSIVE": 0.26875593542260207, "SHOT_TYPE_AT_RIM_OFFENSIVE": 0.28847926267281104, "SHOT_TYPE_AT_RIM_DEFENSIVE": 0.29914529914529914, "SHOT_TYPE_CORNER_3_OFFENSIVE": 0.09861751152073733, "SHOT_TYPE_CORNER_3_DEFENSIVE": 0.0778727445394112, "SHOT_TYPE_LONG_MID_RANGE_OFFENSIVE": 0.09216589861751152, "SHOT_TYPE_LONG_MID_RANGE_DEFENSIVE": 0.1177587844254511, "SHOT_TYPE_SHORT_MID_RANGE_OFFENSIVE": 0.1935483870967742, "SHOT_TYPE_SHORT_MID_RANGE_DEFENSIVE": 0.23646723646723647, "TURNOVER": 0.12650602409638553, "VIOLATION_DEFENSIVE_GOALTENDING": 0.0, "VIOLATION_DEFENSIVE_KICK_BALL": 0.2}