{"ASSIST": 0.13675213675213677, "BLOCK": 0.2916666666666667, "FG_ARC_3_ATTEMPT": 0.17032967032967034, "FG_ARC_3_BLOCK": 0.005494505494505495, "FG_ARC_3_MADE": 0.22580645161290322, "FG_ARC_3_MADE_FOUL": 0.0, "FG_AT_RIM_ATTEMPT": 0.15873015873015872, "FG_AT_RIM_BLOCK": 0.047619047619047616, "FG_AT_RIM_MADE": 0.45, "FG_AT_RIM_MADE_FOUL": 0.0, "FG_CORNER_3_ATTEMPT": 0.20454545454545456, "FG_CORNER_3_BLOCK": 0.0, "FG_CORNER_3_MADE": 0.0, "FG_CORNER_3_MADE_FOUL": 0.0, "FG_LONG_MID_RANGE_ATTEMPT": 0.0967741935483871, "FG_LONG_MID_RANGE_BLOCK": 0.0, "FG_LONG_MID_RANGE_MADE": 0.5, "FG_LONG_MID_RANGE_MADE_FOUL": 0.0, "FG_SHORT_MID_RANGE_ATTEMPT": 0.12264150943396226, "FG_SHORT_MID_RANGE_BLOCK": 0.018867924528301886, "FG_SHORT_MID_RANGE_MADE": 0.46153846153846156, "FG_SHORT_MID_RANGE_MADE_FOUL": 0.018867924528301886, "FG_XY": {"ARC_3": {"62|245": 0.03225806451612903, "36|249": 0.03225806451612903, "-163|202": 0.03225806451612903, "125|215": 0.03225806451612903, "17|264": 0.03225806451612903, "-61|242": 0.03225806451612903, "-216|141": 0.03225806451612903, "-206|148": 0.03225806451612903, "-88|237": 0.03225806451612903, "-176|171": 0.03225806451612903, "-17|259": 0.03225806451612903, "175|185": 0.03225806451612903, "-131|218": 0.03225806451612903, "61|240": 0.03225806451612903, "53|264": 0.03225806451612903, "-120|235": 0.03225806451612903, "217|142": 0.03225806451612903, "25|260": 0.03225806451612903, "126|232": 0.03225806451612903, "55|259": 0.03225806451612903, "21|260": 0.03225806451612903, "42|258": 0.03225806451612903, "-4|263": 0.03225806451612903, "81|248": 0.03225806451612903, "40|247": 0.03225806451612903, "-72|250": 0.03225806451612903, "53|251": 0.03225806451612903, "-188|177": 0.03225806451612903, "126|220": 0.03225806451612903, "222|111": 0.03225806451612903, "-15|263": 0.03225806451612903}, "AT_RIM": {"-5|8": 0.05, "-27|7": 0.05, "4|13": 0.05, "-6|15": 0.05, "-16|22": 0.05, "0|17": 0.05, "0|0": 0.1, "4|-1": 0.05, "34|18": 0.05, "11|1": 0.05, "-10|8": 0.05, "-9|8": 0.05, "-37|10": 0.05, "-5|-4": 0.05, "-9|9": 0.05, "-16|36": 0.05, "-22|31": 0.05, "2|11": 0.05, "17|10": 0.05}, "CORNER_3": {"230|38": 0.1111111111111111, "-240|10": 0.1111111111111111, "-234|42": 0.1111111111111111, "225|1": 0.1111111111111111, "-221|24": 0.1111111111111111, "228|29": 0.1111111111111111, "-232|16": 0.1111111111111111, "230|17": 0.1111111111111111, "-232|19": 0.1111111111111111}, "LONG_MID_RANGE": {"118|88": 0.16666666666666666, "-156|54": 0.16666666666666666, "2|183": 0.16666666666666666, "140|19": 0.16666666666666666, "-48|166": 0.16666666666666666, "96|179": 0.16666666666666666}, "SHORT_MID_RANGE": {"33|106": 0.07692307692307693, "109|23": 0.07692307692307693, "12|75": 0.07692307692307693, "-20|68": 0.07692307692307693, "-50|28": 0.07692307692307693, "28|64": 0.07692307692307693, "-45|25": 0.07692307692307693, "-6|51": 0.07692307692307693, "43|110": 0.07692307692307693, "10|54": 0.07692307692307693, "-44|6": 0.07692307692307693, "-27|47": 0.07692307692307693, "32|31": 0.07692307692307693}}, "FOUL_AWAY_FROM_PLAY": 0.0, "FOULED_AWAY_FROM_PLAY": 0.0, "FOUL_CLEAR_PATH": 0.0, "FOULED_CLEAR_PATH": 0.0, "FOUL_COUNT_AS_PERSONAL": 0.32608695652173914, "FOULED_COUNT_AS_PERSONAL": 0.1935483870967742, "FOUL_COUNT_TOWARD_PENALTY": 0.2857142857142857, "FOULED_COUNT_TOWARD_PENALTY": 0.19230769230769232, "FOUL_DEFENSIVE_NON_SHOOTING": 0.2459016393442623, "FOULED_DEFENSIVE_NON_SHOOTING": 0.19047619047619047, "FOUL_DOUBLE": 0.0, "FOUL_TECHNICAL_DOUBLE": 0.6666666666666666, "FOUL_FLAGRANT": 0.0, "FOULED_FLAGRANT": 0.0, "FOUL_FLAGRANT_1": 0.0, "FOULED_FLAGRANT_1": 0.0, "FOUL_FLAGRANT_2": 0.0, "FOULED_FLAGRANT_2": 0.0, "FOUL_INBOUND": 0.0, "FOULED_INBOUND": 0.0, "FOUL_LOOSE_BALL": 0.0, "FOULED_LOOSE_BALL": 0.5714285714285714, "FOUL_OFFENSIVE_CHARGE": 0.5, "FOULED_OFFENSIVE_CHARGE": 0.0, "FOUL_OFFENSIVE_OTHER": 0.0, "FOULED_OFFENSIVE_OTHER": 0.0, "FOUL_OFFENSIVE_TOTAL": 0.5789473684210527, "FOULED_OFFENSIVE_TOTAL": 0.2, "FOUL_PERSONAL": 0.23404255319148937, "FOULED_PERSONAL": 0.13043478260869565, "FOUL_PERSONAL_BLOCK": 0.0, "FOULED_PERSONAL_BLOCK": 0.0, "FOUL_PERSONAL_TAKE": 0.0, "FOULED_PERSONAL_TAKE": 0.09090909090909091, "FOUL_SHOOTING": 0.3275862068965517, "FOULED_SHOOTING": 0.19444444444444445, "FOUL_SHOOTING_BLOCK": 0.0, "FOULED_SHOOTING_BLOCK": 0.0, "FOUL_TECHNICAL": 0.0, "FT": 0.7777777777777778, "REBOUND_DEFENSIVE": 0.19066147859922178, "REBOUND_OFFENSIVE": 0.06514657980456026, "STEAL": 0.3404255319148936, "SHOT_TYPE_ARC_3_OFFENSIVE": 0.35, "SHOT_TYPE_ARC_3_DEFENSIVE": 0.3151515151515151, "SHOT_TYPE_AT_RIM_OFFENSIVE": 0.2423076923076923, "SHOT_TYPE_AT_RIM_DEFENSIVE": 0.2585858585858586, "SHOT_TYPE_CORNER_3_OFFENSIVE": 0.08461538461538462, "SHOT_TYPE_CORNER_3_DEFENSIVE": 0.10505050505050505, "SHOT_TYPE_LONG_MID_RANGE_OFFENSIVE": 0.11923076923076924, "SHOT_TYPE_LONG_MID_RANGE_DEFENSIVE": 0.09696969696969697, "SHOT_TYPE_SHORT_MID_RANGE_OFFENSIVE": 0.20384615384615384, "SHOT_TYPE_SHORT_MID_RANGE_DEFENSIVE": 0.22424242424242424, "TURNOVER": 0.28735632183908044, "VIOLATION_DEFENSIVE_GOALTENDING": 0.0, "VIOLATION_DEFENSIVE_KICK_BALL": 0.5}