{"ASSIST": 0.06923076923076923, "BLOCK": 0.5454545454545454, "FG_ARC_3_ATTEMPT": 0.022900763358778626, "FG_ARC_3_BLOCK": 0.0, "FG_ARC_3_MADE": 0.6666666666666666, "FG_ARC_3_MADE_FOUL": 0.0, "FG_AT_RIM_ATTEMPT": 0.21367521367521367, "FG_AT_RIM_BLOCK": 0.05128205128205128, "FG_AT_RIM_MADE": 0.44, "FG_AT_RIM_MADE_FOUL": 0.0, "FG_CORNER_3_ATTEMPT": 0.0, "FG_CORNER_3_BLOCK": 0.0, "FG_CORNER_3_MADE": 0.0, "FG_CORNER_3_MADE_FOUL": 0.0, "FG_LONG_MID_RANGE_ATTEMPT": 0.140625, "FG_LONG_MID_RANGE_BLOCK": 0.0, "FG_LONG_MID_RANGE_MADE": 0.4444444444444444, "FG_LONG_MID_RANGE_MADE_FOUL": 0.0, "FG_SHORT_MID_RANGE_ATTEMPT": 0.06153846153846154, "FG_SHORT_MID_RANGE_BLOCK": 0.015384615384615385, "FG_SHORT_MID_RANGE_MADE": 0.125, "FG_SHORT_MID_RANGE_MADE_FOUL": 0.0, "FG_XY": {"ARC_3": {"-18|267": 0.3333333333333333, "168|196": 0.3333333333333333, "124|214": 0.3333333333333333}, "AT_RIM": {"9|10": 0.04, "28|22": 0.04, "-18|9": 0.04, "-26|26": 0.04, "15|31": 0.04, "23|17": 0.04, "-7|11": 0.04, "0|0": 0.12, "11|11": 0.04, "7|4": 0.04, "-27|28": 0.04, "2|12": 0.04, "18|19": 0.04, "9|9": 0.04, "-4|18": 0.04, "-20|26": 0.04, "-32|19": 0.04, "-29|5": 0.04, "-4|32": 0.04, "22|20": 0.04, "25|29": 0.04, "10|23": 0.04, "4|-1": 0.04}, "CORNER_3": {}, "LONG_MID_RANGE": {"67|133": 0.1111111111111111, "67|140": 0.1111111111111111, "-180|9": 0.1111111111111111, "-81|164": 0.1111111111111111, "-188|27": 0.1111111111111111, "-88|162": 0.1111111111111111, "-172|72": 0.1111111111111111, "87|142": 0.1111111111111111, "96|124": 0.1111111111111111}, "SHORT_MID_RANGE": {"75|36": 0.125, "18|87": 0.125, "27|54": 0.125, "-67|0": 0.125, "-131|5": 0.125, "-10|48": 0.125, "-1|64": 0.125, "-132|41": 0.125}}, "FOUL_AWAY_FROM_PLAY": 0.0, "FOULED_AWAY_FROM_PLAY": 0.0, "FOUL_CLEAR_PATH": 0.0, "FOULED_CLEAR_PATH": 0.0, "FOUL_COUNT_AS_PERSONAL": 0.3442622950819672, "FOULED_COUNT_AS_PERSONAL": 0.1935483870967742, "FOUL_COUNT_TOWARD_PENALTY": 0.3113207547169811, "FOULED_COUNT_TOWARD_PENALTY": 0.1941747572815534, "FOUL_DEFENSIVE_NON_SHOOTING": 0.26, "FOULED_DEFENSIVE_NON_SHOOTING": 0.19047619047619047, "FOUL_DOUBLE": 0.0, "FOUL_TECHNICAL_DOUBLE": 0.6666666666666666, "FOUL_FLAGRANT": 0.0, "FOULED_FLAGRANT": 0.0, "FOUL_FLAGRANT_1": 0.0, "FOULED_FLAGRANT_1": 0.0, "FOUL_FLAGRANT_2": 0.0, "FOULED_FLAGRANT_2": 0.0, "FOUL_INBOUND": 0.0, "FOULED_INBOUND": 0.0, "FOUL_LOOSE_BALL": 0.0, "FOULED_LOOSE_BALL": 0.3333333333333333, "FOUL_OFFENSIVE_CHARGE": 1.0, "FOULED_OFFENSIVE_CHARGE": 0.3333333333333333, "FOUL_OFFENSIVE_OTHER": 0.0, "FOULED_OFFENSIVE_OTHER": 0.0, "FOUL_OFFENSIVE_TOTAL": 0.5625, "FOULED_OFFENSIVE_TOTAL": 0.19047619047619047, "FOUL_PERSONAL": 0.2777777777777778, "FOULED_PERSONAL": 0.17647058823529413, "FOUL_PERSONAL_BLOCK": 0.0, "FOULED_PERSONAL_BLOCK": 0.0, "FOUL_PERSONAL_TAKE": 0.0, "FOULED_PERSONAL_TAKE": 0.0, "FOUL_SHOOTING": 0.36363636363636365, "FOULED_SHOOTING": 0.19672131147540983, "FOUL_SHOOTING_BLOCK": 0.0, "FOULED_SHOOTING_BLOCK": 0.0, "FOUL_TECHNICAL": 0.3333333333333333, "FT": 0.8125, "REBOUND_DEFENSIVE": 0.23426573426573427, "REBOUND_OFFENSIVE": 0.11320754716981132, "STEAL": 0.15555555555555556, "SHOT_TYPE_ARC_3_OFFENSIVE": 0.2578740157480315, "SHOT_TYPE_ARC_3_DEFENSIVE": 0.33401639344262296, "SHOT_TYPE_AT_RIM_OFFENSIVE": 0.23031496062992127, "SHOT_TYPE_AT_RIM_DEFENSIVE": 0.26024590163934425, "SHOT_TYPE_CORNER_3_OFFENSIVE": 0.12992125984251968, "SHOT_TYPE_CORNER_3_DEFENSIVE": 0.13319672131147542, "SHOT_TYPE_LONG_MID_RANGE_OFFENSIVE": 0.12598425196850394, "SHOT_TYPE_LONG_MID_RANGE_DEFENSIVE": 0.08811475409836066, "SHOT_TYPE_SHORT_MID_RANGE_OFFENSIVE": 0.2559055118110236, "SHOT_TYPE_SHORT_MID_RANGE_DEFENSIVE": 0.18442622950819673, "TURNOVER": 0.21794871794871795, "VIOLATION_DEFENSIVE_GOALTENDING": 0.0, "VIOLATION_DEFENSIVE_KICK_BALL": 0.5}