{"ASSIST": 0.09090909090909091, "BLOCK": 0.38181818181818183, "FG_ARC_3_ATTEMPT": 0.15759312320916904, "FG_ARC_3_BLOCK": 0.0028653295128939827, "FG_ARC_3_MADE": 0.16363636363636364, "FG_ARC_3_MADE_FOUL": 0.0, "FG_AT_RIM_ATTEMPT": 0.05828220858895705, "FG_AT_RIM_BLOCK": 0.003067484662576687, "FG_AT_RIM_MADE": 0.631578947368421, "FG_AT_RIM_MADE_FOUL": 0.006134969325153374, "FG_CORNER_3_ATTEMPT": 0.13131313131313133, "FG_CORNER_3_BLOCK": 0.0, "FG_CORNER_3_MADE": 0.15384615384615385, "FG_CORNER_3_MADE_FOUL": 0.0, "FG_LONG_MID_RANGE_ATTEMPT": 0.021739130434782608, "FG_LONG_MID_RANGE_BLOCK": 0.0, "FG_LONG_MID_RANGE_MADE": 0.5, "FG_LONG_MID_RANGE_MADE_FOUL": 0.0, "FG_SHORT_MID_RANGE_ATTEMPT": 0.0364963503649635, "FG_SHORT_MID_RANGE_BLOCK": 0.0, "FG_SHORT_MID_RANGE_MADE": 0.6, "FG_SHORT_MID_RANGE_MADE_FOUL": 0.0, "FG_XY": {"ARC_3": {"141|214": 0.01818181818181818, "-75|254": 0.01818181818181818, "-211|140": 0.01818181818181818, "-192|172": 0.01818181818181818, "-211|135": 0.01818181818181818, "235|99": 0.01818181818181818, "170|230": 0.01818181818181818, "153|216": 0.01818181818181818, "192|167": 0.01818181818181818, "-148|270": 0.01818181818181818, "-157|199": 0.01818181818181818, "-163|228": 0.01818181818181818, "-188|191": 0.01818181818181818, "110|231": 0.01818181818181818, "143|211": 0.01818181818181818, "153|195": 0.01818181818181818, "96|248": 0.01818181818181818, "-212|130": 0.01818181818181818, "-194|166": 0.01818181818181818, "-163|221": 0.01818181818181818, "-156|253": 0.01818181818181818, "108|265": 0.01818181818181818, "-214|146": 0.01818181818181818, "-71|250": 0.01818181818181818, "27|259": 0.01818181818181818, "123|241": 0.01818181818181818, "-212|139": 0.01818181818181818, "180|185": 0.01818181818181818, "-124|241": 0.01818181818181818, "-146|197": 0.01818181818181818, "-105|272": 0.01818181818181818, "7|290": 0.01818181818181818, "138|209": 0.01818181818181818, "-9|264": 0.01818181818181818, "119|228": 0.01818181818181818, "-150|216": 0.01818181818181818, "-170|190": 0.01818181818181818, "142|234": 0.01818181818181818, "-104|241": 0.01818181818181818, "72|253": 0.01818181818181818, "-168|209": 0.01818181818181818, "143|219": 0.01818181818181818, "-189|172": 0.01818181818181818, "-240|105": 0.01818181818181818, "4|254": 0.01818181818181818, "-151|199": 0.01818181818181818, "-115|241": 0.01818181818181818, "-115|229": 0.01818181818181818, "114|264": 0.01818181818181818, "206|147": 0.01818181818181818, "27|256": 0.01818181818181818, "197|211": 0.01818181818181818, "135|237": 0.01818181818181818, "-185|174": 0.01818181818181818, "4|267": 0.01818181818181818}, "AT_RIM": {"0|7": 0.05263157894736842, "-1|37": 0.05263157894736842, "16|5": 0.05263157894736842, "13|13": 0.05263157894736842, "27|11": 0.05263157894736842, "-4|15": 0.05263157894736842, "6|10": 0.05263157894736842, "5|3": 0.05263157894736842, "-6|1": 0.05263157894736842, "1|1": 0.05263157894736842, "9|6": 0.05263157894736842, "2|10": 0.05263157894736842, "-7|0": 0.05263157894736842, "2|3": 0.05263157894736842, "-7|-6": 0.05263157894736842, "2|12": 0.05263157894736842, "18|0": 0.05263157894736842, "27|17": 0.05263157894736842, "-32|15": 0.05263157894736842}, "CORNER_3": {"-233|-1": 0.07692307692307693, "-232|23": 0.07692307692307693, "-244|-5": 0.07692307692307693, "-230|3": 0.07692307692307693, "222|67": 0.07692307692307693, "-230|32": 0.07692307692307693, "239|4": 0.07692307692307693, "-228|-10": 0.07692307692307693, "233|15": 0.07692307692307693, "229|43": 0.07692307692307693, "-235|55": 0.07692307692307693, "227|22": 0.07692307692307693, "-230|-21": 0.07692307692307693}, "LONG_MID_RANGE": {"61|157": 0.5, "98|153": 0.5}, "SHORT_MID_RANGE": {"-42|27": 0.2, "6|44": 0.2, "45|55": 0.2, "55|8": 0.2, "-65|100": 0.2}}, "FOUL_AWAY_FROM_PLAY": 0.0, "FOULED_AWAY_FROM_PLAY": 0.0, "FOUL_CLEAR_PATH": 0.0, "FOULED_CLEAR_PATH": 0.0, "FOUL_COUNT_AS_PERSONAL": 0.20418848167539266, "FOULED_COUNT_AS_PERSONAL": 0.046511627906976744, "FOUL_COUNT_TOWARD_PENALTY": 0.21818181818181817, "FOULED_COUNT_TOWARD_PENALTY": 0.03571428571428571, "FOUL_DEFENSIVE_NON_SHOOTING": 0.2222222222222222, "FOULED_DEFENSIVE_NON_SHOOTING": 0.050505050505050504, "FOUL_DOUBLE": 0.0, "FOUL_TECHNICAL_DOUBLE": 0.0, "FOUL_FLAGRANT": 0.0, "FOULED_FLAGRANT": 0.0, "FOUL_FLAGRANT_1": 0.0, "FOULED_FLAGRANT_1": 0.0, "FOUL_FLAGRANT_2": 0.0, "FOULED_FLAGRANT_2": 0.0, "FOUL_INBOUND": 0.0, "FOULED_INBOUND": 0.0, "FOUL_LOOSE_BALL": 0.0, "FOULED_LOOSE_BALL": 0.15384615384615385, "FOUL_OFFENSIVE_CHARGE": 0.0, "FOULED_OFFENSIVE_CHARGE": 0.25, "FOUL_OFFENSIVE_OTHER": 0.0, "FOULED_OFFENSIVE_OTHER": 0.0, "FOUL_OFFENSIVE_TOTAL": 0.11538461538461539, "FOULED_OFFENSIVE_TOTAL": 0.15789473684210525, "FOUL_PERSONAL": 0.15254237288135594, "FOULED_PERSONAL": 0.04477611940298507, "FOUL_PERSONAL_BLOCK": 0.0, "FOULED_PERSONAL_BLOCK": 0.0, "FOUL_PERSONAL_TAKE": 0.5, "FOULED_PERSONAL_TAKE": 0.0, "FOUL_SHOOTING": 0.21428571428571427, "FOULED_SHOOTING": 0.020833333333333332, "FOUL_SHOOTING_BLOCK": 0.0, "FOULED_SHOOTING_BLOCK": 0.0, "FOUL_TECHNICAL": 0.07692307692307693, "FT": 1.0, "REBOUND_DEFENSIVE": 0.15584415584415584, "REBOUND_OFFENSIVE": 0.014545454545454545, "STEAL": 0.23404255319148937, "SHOT_TYPE_ARC_3_OFFENSIVE": 0.34795613160518446, "SHOT_TYPE_ARC_3_DEFENSIVE": 0.29393939393939394, "SHOT_TYPE_AT_RIM_OFFENSIVE": 0.325024925224327, "SHOT_TYPE_AT_RIM_DEFENSIVE": 0.3, "SHOT_TYPE_CORNER_3_OFFENSIVE": 0.09870388833499502, "SHOT_TYPE_CORNER_3_DEFENSIVE": 0.12222222222222222, "SHOT_TYPE_LONG_MID_RANGE_OFFENSIVE": 0.09172482552342971, "SHOT_TYPE_LONG_MID_RANGE_DEFENSIVE": 0.10707070707070707, "SHOT_TYPE_SHORT_MID_RANGE_OFFENSIVE": 0.1365902293120638, "SHOT_TYPE_SHORT_MID_RANGE_DEFENSIVE": 0.17676767676767677, "TURNOVER": 0.1267605633802817, "VIOLATION_DEFENSIVE_GOALTENDING": 0.0, "VIOLATION_DEFENSIVE_KICK_BALL": 0.0}