{"ASSIST": 0.3277591973244147, "BLOCK": 0.013513513513513514, "FG_ARC_3_ATTEMPT": 0.2585227272727273, "FG_ARC_3_BLOCK": 0.0, "FG_ARC_3_MADE": 0.3956043956043956, "FG_ARC_3_MADE_FOUL": 0.002840909090909091, "FG_AT_RIM_ATTEMPT": 0.28343949044585987, "FG_AT_RIM_BLOCK": 0.03503184713375796, "FG_AT_RIM_MADE": 0.7415730337078652, "FG_AT_RIM_MADE_FOUL": 0.01910828025477707, "FG_CORNER_3_ATTEMPT": 0.15702479338842976, "FG_CORNER_3_BLOCK": 0.0, "FG_CORNER_3_MADE": 0.6842105263157895, "FG_CORNER_3_MADE_FOUL": 0.0, "FG_LONG_MID_RANGE_ATTEMPT": 0.3660130718954248, "FG_LONG_MID_RANGE_BLOCK": 0.006535947712418301, "FG_LONG_MID_RANGE_MADE": 0.39285714285714285, "FG_LONG_MID_RANGE_MADE_FOUL": 0.0, "FG_SHORT_MID_RANGE_ATTEMPT": 0.3076923076923077, "FG_SHORT_MID_RANGE_BLOCK": 0.03076923076923077, "FG_SHORT_MID_RANGE_MADE": 0.475, "FG_SHORT_MID_RANGE_MADE_FOUL": 0.0038461538461538464, "FG_XY": {"ARC_3": {"206|154": 0.01098901098901099, "-135|206": 0.01098901098901099, "170|242": 0.01098901098901099, "201|156": 0.01098901098901099, "162|192": 0.01098901098901099, "-175|221": 0.01098901098901099, "-112|263": 0.01098901098901099, "-222|116": 0.01098901098901099, "234|127": 0.01098901098901099, "-25|256": 0.01098901098901099, "-36|264": 0.01098901098901099, "69|242": 0.01098901098901099, "75|242": 0.01098901098901099, "53|246": 0.01098901098901099, "190|180": 0.01098901098901099, "-65|260": 0.01098901098901099, "108|236": 0.01098901098901099, "188|169": 0.01098901098901099, "119|235": 0.01098901098901099, "124|216": 0.01098901098901099, "143|210": 0.01098901098901099, "-80|246": 0.01098901098901099, "141|215": 0.01098901098901099, "-92|268": 0.01098901098901099, "134|226": 0.02197802197802198, "-213|154": 0.01098901098901099, "223|112": 0.01098901098901099, "-224|136": 0.01098901098901099, "-219|109": 0.01098901098901099, "-130|214": 0.01098901098901099, "-116|243": 0.01098901098901099, "55|772": 0.01098901098901099, "-143|247": 0.01098901098901099, "-98|221": 0.01098901098901099, "-91|225": 0.01098901098901099, "-81|229": 0.01098901098901099, "-49|268": 0.01098901098901099, "153|206": 0.01098901098901099, "-192|158": 0.01098901098901099, "225|137": 0.01098901098901099, "-200|159": 0.01098901098901099, "65|251": 0.01098901098901099, "-98|237": 0.01098901098901099, "27|252": 0.01098901098901099, "54|251": 0.01098901098901099, "94|233": 0.01098901098901099, "-131|239": 0.01098901098901099, "-121|208": 0.01098901098901099, "-208|134": 0.01098901098901099, "-194|162": 0.01098901098901099, "87|229": 0.01098901098901099, "-107|231": 0.01098901098901099, "29|255": 0.01098901098901099, "-62|232": 0.01098901098901099, "165|252": 0.01098901098901099, "54|263": 0.01098901098901099, "82|259": 0.01098901098901099, "-5|274": 0.01098901098901099, "-125|251": 0.01098901098901099, "-208|113": 0.01098901098901099, "151|216": 0.01098901098901099, "119|222": 0.01098901098901099, "189|184": 0.01098901098901099, "91|246": 0.01098901098901099, "-164|201": 0.01098901098901099, "-125|214": 0.01098901098901099, "-20|241": 0.01098901098901099, "-114|258": 0.01098901098901099, "118|237": 0.01098901098901099, "168|192": 0.01098901098901099, "-93|256": 0.01098901098901099, "-184|167": 0.01098901098901099, "125|222": 0.01098901098901099, "83|264": 0.01098901098901099, "93|264": 0.01098901098901099, "141|236": 0.01098901098901099, "227|111": 0.01098901098901099, "-50|243": 0.01098901098901099, "-12|251": 0.01098901098901099, "-192|168": 0.01098901098901099, "-48|263": 0.01098901098901099, "-11|270": 0.01098901098901099, "-129|265": 0.01098901098901099, "10|261": 0.01098901098901099, "-127|215": 0.01098901098901099, "123|224": 0.01098901098901099, "207|172": 0.01098901098901099, "-148|233": 0.01098901098901099, "15|251": 0.01098901098901099, "223|109": 0.01098901098901099}, "AT_RIM": {"12|8": 0.011235955056179775, "-1|-3": 0.011235955056179775, "7|-10": 0.011235955056179775, "2|10": 0.011235955056179775, "4|25": 0.011235955056179775, "-10|14": 0.011235955056179775, "-9|37": 0.011235955056179775, "1|29": 0.011235955056179775, "-28|27": 0.011235955056179775, "23|18": 0.011235955056179775, "-20|6": 0.011235955056179775, "1|32": 0.011235955056179775, "-20|5": 0.011235955056179775, "-16|8": 0.011235955056179775, "-10|9": 0.011235955056179775, "21|15": 0.02247191011235955, "16|11": 0.011235955056179775, "-4|11": 0.011235955056179775, "2|21": 0.011235955056179775, "-11|20": 0.011235955056179775, "20|15": 0.011235955056179775, "13|22": 0.011235955056179775, "-11|36": 0.011235955056179775, "-25|16": 0.011235955056179775, "29|16": 0.011235955056179775, "-21|22": 0.011235955056179775, "-17|20": 0.011235955056179775, "21|26": 0.011235955056179775, "-17|15": 0.011235955056179775, "17|16": 0.011235955056179775, "11|19": 0.011235955056179775, "22|25": 0.011235955056179775, "-20|17": 0.011235955056179775, "26|27": 0.011235955056179775, "11|17": 0.011235955056179775, "20|10": 0.011235955056179775, "-10|11": 0.011235955056179775, "1|34": 0.011235955056179775, "-22|14": 0.011235955056179775, "21|10": 0.011235955056179775, "-25|13": 0.011235955056179775, "7|9": 0.011235955056179775, "12|4": 0.011235955056179775, "16|-1": 0.011235955056179775, "13|0": 0.011235955056179775, "0|20": 0.011235955056179775, "-6|27": 0.011235955056179775, "0|0": 0.02247191011235955, "-13|10": 0.011235955056179775, "-20|29": 0.011235955056179775, "-23|29": 0.011235955056179775, "-11|21": 0.011235955056179775, "22|-1": 0.011235955056179775, "-36|-4": 0.011235955056179775, "27|13": 0.011235955056179775, "26|10": 0.011235955056179775, "23|22": 0.011235955056179775, "5|15": 0.011235955056179775, "-36|6": 0.011235955056179775, "17|21": 0.011235955056179775, "-17|22": 0.011235955056179775, "1|10": 0.02247191011235955, "-4|0": 0.011235955056179775, "-5|1": 0.011235955056179775, "7|-2": 0.011235955056179775, "-5|3": 0.011235955056179775, "2|0": 0.011235955056179775, "2|4": 0.011235955056179775, "-5|10": 0.011235955056179775, "-11|10": 0.011235955056179775, "-10|21": 0.011235955056179775, "-7|27": 0.011235955056179775, "-15|14": 0.011235955056179775, "-22|11": 0.011235955056179775, "10|5": 0.011235955056179775, "9|29": 0.011235955056179775, "21|25": 0.011235955056179775, "36|13": 0.011235955056179775, "32|15": 0.011235955056179775, "33|9": 0.011235955056179775, "-13|18": 0.011235955056179775, "1|14": 0.011235955056179775, "22|8": 0.011235955056179775, "27|6": 0.011235955056179775, "29|1": 0.011235955056179775, "22|6": 0.011235955056179775}, "CORNER_3": {"-223|17": 0.05263157894736842, "224|47": 0.05263157894736842, "-230|19": 0.05263157894736842, "-229|10": 0.05263157894736842, "-232|48": 0.05263157894736842, "-225|-5": 0.05263157894736842, "-230|5": 0.05263157894736842, "239|85": 0.05263157894736842, "227|18": 0.05263157894736842, "238|22": 0.05263157894736842, "234|68": 0.05263157894736842, "227|44": 0.05263157894736842, "-229|68": 0.05263157894736842, "-227|25": 0.05263157894736842, "-240|37": 0.05263157894736842, "-235|26": 0.05263157894736842, "-238|16": 0.05263157894736842, "229|27": 0.05263157894736842, "-237|4": 0.05263157894736842}, "LONG_MID_RANGE": {"-185|127": 0.017857142857142856, "-23|180": 0.017857142857142856, "-204|-3": 0.017857142857142856, "-12|167": 0.017857142857142856, "116|89": 0.017857142857142856, "66|167": 0.017857142857142856, "105|105": 0.017857142857142856, "-47|168": 0.017857142857142856, "143|22": 0.017857142857142856, "125|122": 0.017857142857142856, "60|149": 0.017857142857142856, "-157|13": 0.017857142857142856, "-130|113": 0.017857142857142856, "-96|184": 0.017857142857142856, "64|134": 0.017857142857142856, "15|145": 0.017857142857142856, "-134|157": 0.017857142857142856, "-28|172": 0.017857142857142856, "154|16": 0.017857142857142856, "-199|34": 0.017857142857142856, "0|158": 0.017857142857142856, "75|156": 0.017857142857142856, "77|120": 0.017857142857142856, "-165|100": 0.017857142857142856, "-146|114": 0.017857142857142856, "140|70": 0.017857142857142856, "145|105": 0.017857142857142856,