{"ASSIST": 0.1391304347826087, "BLOCK": 0.16666666666666666, "FG_ARC_3_ATTEMPT": 0.052980132450331126, "FG_ARC_3_BLOCK": 0.0, "FG_ARC_3_MADE": 0.625, "FG_ARC_3_MADE_FOUL": 0.0, "FG_AT_RIM_ATTEMPT": 0.17142857142857143, "FG_AT_RIM_BLOCK": 0.02857142857142857, "FG_AT_RIM_MADE": 0.5, "FG_AT_RIM_MADE_FOUL": 0.007142857142857143, "FG_CORNER_3_ATTEMPT": 0.1282051282051282, "FG_CORNER_3_BLOCK": 0.0, "FG_CORNER_3_MADE": 0.8, "FG_CORNER_3_MADE_FOUL": 0.0, "FG_LONG_MID_RANGE_ATTEMPT": 0.046511627906976744, "FG_LONG_MID_RANGE_BLOCK": 0.0, "FG_LONG_MID_RANGE_MADE": 1.0, "FG_LONG_MID_RANGE_MADE_FOUL": 0.0, "FG_SHORT_MID_RANGE_ATTEMPT": 0.09722222222222222, "FG_SHORT_MID_RANGE_BLOCK": 0.05555555555555555, "FG_SHORT_MID_RANGE_MADE": 0.14285714285714285, "FG_SHORT_MID_RANGE_MADE_FOUL": 0.0, "FG_XY": {"ARC_3": {"-76|243": 0.125, "-123|247": 0.125, "-104|235": 0.125, "126|228": 0.125, "-191|188": 0.125, "86|256": 0.125, "-74|248": 0.125, "-29|268": 0.125}, "AT_RIM": {"-23|13": 0.041666666666666664, "0|0": 0.2916666666666667, "-5|29": 0.041666666666666664, "13|5": 0.041666666666666664, "-16|5": 0.041666666666666664, "-7|6": 0.041666666666666664, "-4|21": 0.041666666666666664, "-1|5": 0.041666666666666664, "9|-4": 0.041666666666666664, "-16|11": 0.041666666666666664, "-22|4": 0.041666666666666664, "15|29": 0.041666666666666664, "9|16": 0.041666666666666664, "4|2": 0.041666666666666664, "15|3": 0.041666666666666664, "-1|9": 0.041666666666666664, "26|8": 0.041666666666666664, "-18|4": 0.041666666666666664}, "CORNER_3": {"230|7": 0.2, "-227|-7": 0.2, "239|24": 0.2, "-232|16": 0.4}, "LONG_MID_RANGE": {"153|-16": 0.5, "11|160": 0.5}, "SHORT_MID_RANGE": {"-32|43": 0.14285714285714285, "-17|53": 0.14285714285714285, "-66|71": 0.14285714285714285, "-1|80": 0.14285714285714285, "0|51": 0.14285714285714285, "-20|57": 0.14285714285714285, "-38|16": 0.14285714285714285}}, "FOUL_AWAY_FROM_PLAY": 0.0, "FOULED_AWAY_FROM_PLAY": 0.0, "FOUL_CLEAR_PATH": 0.0, "FOULED_CLEAR_PATH": 0.0, "FOUL_COUNT_AS_PERSONAL": 0.37254901960784315, "FOULED_COUNT_AS_PERSONAL": 0.32038834951456313, "FOUL_COUNT_TOWARD_PENALTY": 0.358695652173913, "FOULED_COUNT_TOWARD_PENALTY": 0.30851063829787234, "FOUL_DEFENSIVE_NON_SHOOTING": 0.4166666666666667, "FOULED_DEFENSIVE_NON_SHOOTING": 0.25925925925925924, "FOUL_DOUBLE": 0.0, "FOUL_TECHNICAL_DOUBLE": 0.0, "FOUL_FLAGRANT": 0.0, "FOULED_FLAGRANT": 0.0, "FOUL_FLAGRANT_1": 0.0, "FOULED_FLAGRANT_1": 0.0, "FOUL_FLAGRANT_2": 0.0, "FOULED_FLAGRANT_2": 0.0, "FOUL_INBOUND": 0.0, "FOULED_INBOUND": 0.0, "FOUL_LOOSE_BALL": 0.0, "FOULED_LOOSE_BALL": 0.75, "FOUL_OFFENSIVE_CHARGE": 0.0, "FOULED_OFFENSIVE_CHARGE": 0.3333333333333333, "FOUL_OFFENSIVE_OTHER": 0.0, "FOULED_OFFENSIVE_OTHER": 0.0, "FOUL_OFFENSIVE_TOTAL": 0.5, "FOULED_OFFENSIVE_TOTAL": 0.4444444444444444, "FOUL_PERSONAL": 0.34375, "FOULED_PERSONAL": 0.2682926829268293, "FOUL_PERSONAL_BLOCK": 0.0, "FOULED_PERSONAL_BLOCK": 0.0, "FOUL_PERSONAL_TAKE": 0.0, "FOULED_PERSONAL_TAKE": 0.0, "FOUL_SHOOTING": 0.29545454545454547, "FOULED_SHOOTING": 0.375, "FOUL_SHOOTING_BLOCK": 0.0, "FOULED_SHOOTING_BLOCK": 0.0, "FOUL_TECHNICAL": 0.0, "FT": 0.7441860465116279, "REBOUND_DEFENSIVE": 0.19480519480519481, "REBOUND_OFFENSIVE": 0.12698412698412698, "STEAL": 0.19444444444444445, "SHOT_TYPE_ARC_3_OFFENSIVE": 0.3393258426966292, "SHOT_TYPE_ARC_3_DEFENSIVE": 0.3180778032036613, "SHOT_TYPE_AT_RIM_OFFENSIVE": 0.3146067415730337, "SHOT_TYPE_AT_RIM_DEFENSIVE": 0.34324942791762014, "SHOT_TYPE_CORNER_3_OFFENSIVE": 0.08764044943820225, "SHOT_TYPE_CORNER_3_DEFENSIVE": 0.11441647597254005, "SHOT_TYPE_LONG_MID_RANGE_OFFENSIVE": 0.09662921348314607, "SHOT_TYPE_LONG_MID_RANGE_DEFENSIVE": 0.08237986270022883, "SHOT_TYPE_SHORT_MID_RANGE_OFFENSIVE": 0.16179775280898875, "SHOT_TYPE_SHORT_MID_RANGE_DEFENSIVE": 0.14187643020594964, "TURNOVER": 0.14457831325301204, "VIOLATION_DEFENSIVE_GOALTENDING": 0.0, "VIOLATION_DEFENSIVE_KICK_BALL": 0.3333333333333333}