{"ASSIST": 0.10507246376811594, "BLOCK": 0.13114754098360656, "FG_ARC_3_ATTEMPT": 0.16549295774647887, "FG_ARC_3_BLOCK": 0.0, "FG_ARC_3_MADE": 0.1276595744680851, "FG_ARC_3_MADE_FOUL": 0.0, "FG_AT_RIM_ATTEMPT": 0.09701492537313433, "FG_AT_RIM_BLOCK": 0.007462686567164179, "FG_AT_RIM_MADE": 0.6153846153846154, "FG_AT_RIM_MADE_FOUL": 0.0, "FG_CORNER_3_ATTEMPT": 0.25688073394495414, "FG_CORNER_3_BLOCK": 0.009174311926605505, "FG_CORNER_3_MADE": 0.10714285714285714, "FG_CORNER_3_MADE_FOUL": 0.0, "FG_LONG_MID_RANGE_ATTEMPT": 0.1717171717171717, "FG_LONG_MID_RANGE_BLOCK": 0.0, "FG_LONG_MID_RANGE_MADE": 0.5294117647058824, "FG_LONG_MID_RANGE_MADE_FOUL": 0.0, "FG_SHORT_MID_RANGE_ATTEMPT": 0.10441767068273092, "FG_SHORT_MID_RANGE_BLOCK": 0.012048192771084338, "FG_SHORT_MID_RANGE_MADE": 0.46153846153846156, "FG_SHORT_MID_RANGE_MADE_FOUL": 0.008032128514056224, "FG_XY": {"ARC_3": {"-232|125": 0.02127659574468085, "-78|241": 0.02127659574468085, "-210|204": 0.02127659574468085, "64|248": 0.02127659574468085, "213|124": 0.02127659574468085, "238|110": 0.02127659574468085, "222|133": 0.02127659574468085, "-107|247": 0.02127659574468085, "185|182": 0.02127659574468085, "-163|410": 0.02127659574468085, "-174|211": 0.02127659574468085, "105|220": 0.02127659574468085, "-142|212": 0.02127659574468085, "163|193": 0.02127659574468085, "-192|160": 0.02127659574468085, "-172|223": 0.02127659574468085, "-206|183": 0.02127659574468085, "196|179": 0.02127659574468085, "-191|194": 0.02127659574468085, "-185|218": 0.02127659574468085, "-217|142": 0.02127659574468085, "-216|130": 0.02127659574468085, "168|197": 0.02127659574468085, "-217|115": 0.02127659574468085, "-212|164": 0.02127659574468085, "151|241": 0.02127659574468085, "-145|256": 0.02127659574468085, "184|169": 0.02127659574468085, "-192|146": 0.02127659574468085, "212|140": 0.02127659574468085, "200|183": 0.02127659574468085, "-31|264": 0.02127659574468085, "-138|215": 0.02127659574468085, "-228|99": 0.02127659574468085, "146|218": 0.02127659574468085, "-162|194": 0.02127659574468085, "-78|249": 0.02127659574468085, "162|237": 0.02127659574468085, "-156|247": 0.02127659574468085, "120|231": 0.02127659574468085, "-174|209": 0.02127659574468085, "-216|139": 0.02127659574468085, "179|183": 0.02127659574468085, "228|93": 0.02127659574468085, "78|236": 0.02127659574468085, "163|214": 0.02127659574468085, "-167|205": 0.02127659574468085}, "AT_RIM": {"21|0": 0.038461538461538464, "1|4": 0.038461538461538464, "4|17": 0.038461538461538464, "12|20": 0.038461538461538464, "-9|10": 0.038461538461538464, "-4|1": 0.038461538461538464, "-18|13": 0.038461538461538464, "-26|20": 0.038461538461538464, "-25|22": 0.038461538461538464, "-9|-2": 0.038461538461538464, "0|0": 0.038461538461538464, "5|1": 0.038461538461538464, "-26|14": 0.038461538461538464, "-13|12": 0.038461538461538464, "-27|20": 0.038461538461538464, "-34|9": 0.038461538461538464, "29|26": 0.038461538461538464, "-1|10": 0.038461538461538464, "-11|5": 0.038461538461538464, "9|10": 0.038461538461538464, "-2|26": 0.038461538461538464, "-31|17": 0.038461538461538464, "-11|7": 0.038461538461538464, "-18|8": 0.038461538461538464, "-21|8": 0.038461538461538464, "-10|8": 0.038461538461538464}, "CORNER_3": {"250|-32": 0.03571428571428571, "-227|4": 0.03571428571428571, "-235|-4": 0.03571428571428571, "-245|-6": 0.03571428571428571, "228|30": 0.03571428571428571, "-223|-13": 0.03571428571428571, "223|-5": 0.03571428571428571, "235|-16": 0.03571428571428571, "-229|6": 0.03571428571428571, "-237|-3": 0.03571428571428571, "-245|3": 0.03571428571428571, "-224|21": 0.03571428571428571, "-230|8": 0.03571428571428571, "-237|13": 0.03571428571428571, "-234|7": 0.03571428571428571, "-225|55": 0.03571428571428571, "-225|-34": 0.03571428571428571, "228|-12": 0.03571428571428571, "-234|-19": 0.03571428571428571, "-232|81": 0.03571428571428571, "-232|7": 0.03571428571428571, "237|62": 0.03571428571428571, "230|37": 0.03571428571428571, "-244|-6": 0.03571428571428571, "-234|-11": 0.03571428571428571, "232|-16": 0.03571428571428571, "229|84": 0.03571428571428571, "-229|85": 0.03571428571428571}, "LONG_MID_RANGE": {"11|179": 0.058823529411764705, "-1|204": 0.058823529411764705, "12|218": 0.058823529411764705, "-140|109": 0.058823529411764705, "7|203": 0.058823529411764705, "-196|38": 0.058823529411764705, "43|138": 0.058823529411764705, "-102|128": 0.058823529411764705, "-130|115": 0.058823529411764705, "-49|147": 0.058823529411764705, "103|185": 0.058823529411764705, "145|26": 0.058823529411764705, "-103|150": 0.058823529411764705, "-173|117": 0.058823529411764705, "-173|150": 0.058823529411764705, "-124|100": 0.058823529411764705, "-49|178": 0.058823529411764705}, "SHORT_MID_RANGE": {"-48|24": 0.038461538461538464, "-36|31": 0.038461538461538464, "-20|37": 0.038461538461538464, "90|3": 0.038461538461538464, "-48|50": 0.038461538461538464, "-29|44": 0.038461538461538464, "48|89": 0.038461538461538464, "-60|38": 0.038461538461538464, "40|79": 0.038461538461538464, "37|41": 0.038461538461538464, "-127|53": 0.038461538461538464, "-40|15": 0.038461538461538464, "-38|26": 0.038461538461538464, "-67|88": 0.038461538461538464, "55|99": 0.038461538461538464, "65|20": 0.038461538461538464, "65|29": 0.038461538461538464, "43|66": 0.038461538461538464, "-53|8": 0.038461538461538464, "17|74": 0.038461538461538464, "97|34": 0.038461538461538464, "-7|56": 0.038461538461538464, "-78|38": 0.038461538461538464, "-64|29": 0.038461538461538464, "-51|116": 0.038461538461538464, "39|58": 0.038461538461538464}}, "FOUL_AWAY_FROM_PLAY": 0.0, "FOULED_AWAY_FROM_PLAY": 0.0, "FOUL_CLEAR_PATH": 0.0, "FOULED_CLEAR_PATH": 0.0, "FOUL_COUNT_AS_PERSONAL": 0.14285714285714285, "FOULED_COUNT_AS_PERSONAL": 0.13901345291479822, "FOUL_COUNT_TOWARD_PENALTY": 0.155, "FOULED_COUNT_TOWARD_PENALTY": 0.125, "FOUL_DEFENSIVE_NON_SHOOTING": 0.18085106382978725, "FOULED_DEFENSIVE_NON_SHOOTING": 0.14285714285714285, "FOUL_DOUBLE": 0.0, "FOUL_TECHNICAL_DOUBLE": 0.0, "FOUL_FLAGRANT": 0.0, "FOULED_FLAGRANT": 0.0, "FOUL_FLAGRANT_1": 0.0, "FOULED_FLAGRANT_1": 0.0, "FOUL_FLAGRANT_2": 0.0, "FOULED_FLAGRANT_2": 0.0, "FOUL_INBOUND": 0.0, "FOULED_INBOUND": 0.0, "FOUL_LOOSE_BALL": 0.0, "FOULED_LOOSE_BALL": 0.0, "FOUL_OFFENSIVE_CHARGE": 0.0, "FOULED_OFFENSIVE_CHARGE": 0.2, "FOUL_OFFENSIVE_OTHER": 0.0, "FOULED_OFFENSIVE_OTHER": 0.0, "FOUL_OFFENSIVE_TOTAL": 0.0, "FOULED_OFFENSIVE_TOTAL": 0.2608695652173913, "FOUL_PERSONAL": 0.2028985507246377, "FOULED_PERSONAL": 0.14666666666666667, "FOUL_PERSONAL_BLOCK": 0.0, "FOULED_PERSONAL_BLOCK": 0.0, "FOUL_PERSONAL_TAKE": 0.16666666666666666, "FOULED_PERSONAL_TAKE": 0.23076923076923078, "FOUL_SHOOTING": 0.13333333333333333, "FOULED_SHOOTING": 0.10784313725490197, "FOUL_SHOOTING_BLOCK": 0.0, "FOULED_SHOOTING_BLOCK": 0.0, "FOUL_TECHNICAL": 0.13333333333333333, "FT": 0.9, "REBOUND_DEFENSIVE": 0.10732538330494037, "REBOUND_OFFENSIVE": 0.019748653500897665, "STEAL": 0.34328358208955223, "SHOT_TYPE_ARC_3_OFFENSIVE": 0.2814667988107037, "SHOT_TYPE_ARC_3_DEFENSIVE": 0.26634615384615384, "SHOT_TYPE_AT_RIM_OFFENSIVE": 0.26560951437066405, "SHOT_TYPE_AT_RIM_DEFENSIVE": 0.26634615384615384, "SHOT_TYPE_CORNER_3_OFFENSIVE": 0.10802775024777007, "SHOT_TYPE_CORNER_3_DEFENSIVE": 0.06442307692307692, "SHOT_TYPE_LONG_MID_RANGE_OFFENSIVE": 0.0981169474727453, "SHOT_TYPE_LONG_MID_RANGE_DEFENSIVE": 0.12788461538461537, "SHOT_TYPE_SHORT_MID_RANGE_OFFENSIVE": 0.24677898909811694, "SHOT_TYPE_SHORT_MID_RANGE_DEFENSIVE": 0.275, "TURNOVER": 0.125, "VIOLATION_DEFENSIVE_GOALTENDING": 0.0, "VIOLATION_DEFENSIVE_KICK_BALL": 0.16666666666666666}