{"ASSIST": 0.0759493670886076, "BLOCK": 0.5416666666666666, "FG_ARC_3_ATTEMPT": 0.0, "FG_ARC_3_BLOCK": 0.0, "FG_ARC_3_MADE": 0.0, "FG_ARC_3_MADE_FOUL": 0.0, "FG_AT_RIM_ATTEMPT": 0.1326530612244898, "FG_AT_RIM_BLOCK": 0.0, "FG_AT_RIM_MADE": 0.5384615384615384, "FG_AT_RIM_MADE_FOUL": 0.01020408163265306, "FG_CORNER_3_ATTEMPT": 0.17391304347826086, "FG_CORNER_3_BLOCK": 0.0, "FG_CORNER_3_MADE": 0.5, "FG_CORNER_3_MADE_FOUL": 0.0, "FG_LONG_MID_RANGE_ATTEMPT": 0.0, "FG_LONG_MID_RANGE_BLOCK": 0.0, "FG_LONG_MID_RANGE_MADE": 0.0, "FG_LONG_MID_RANGE_MADE_FOUL": 0.0, "FG_SHORT_MID_RANGE_ATTEMPT": 0.08108108108108109, "FG_SHORT_MID_RANGE_BLOCK": 0.013513513513513514, "FG_SHORT_MID_RANGE_MADE": 0.16666666666666666, "FG_SHORT_MID_RANGE_MADE_FOUL": 0.0, "FG_XY": {"ARC_3": {}, "AT_RIM": {"0|0": 0.15384615384615385, "-18|8": 0.07692307692307693, "-4|8": 0.07692307692307693, "21|0": 0.07692307692307693, "-15|4": 0.07692307692307693, "6|13": 0.07692307692307693, "6|6": 0.07692307692307693, "8|6": 0.07692307692307693, "-2|4": 0.07692307692307693, "5|-3": 0.07692307692307693, "10|8": 0.07692307692307693, "-2|10": 0.07692307692307693}, "CORNER_3": {"243|58": 0.25, "234|14": 0.25, "229|-20": 0.25, "-232|-20": 0.25}, "LONG_MID_RANGE": {}, "SHORT_MID_RANGE": {"-135|1": 0.16666666666666666, "-34|71": 0.16666666666666666, "124|27": 0.16666666666666666, "21|80": 0.16666666666666666, "37|41": 0.16666666666666666, "-25|59": 0.16666666666666666}}, "FOUL_AWAY_FROM_PLAY": 0.0, "FOULED_AWAY_FROM_PLAY": 0.0, "FOUL_CLEAR_PATH": 0.0, "FOULED_CLEAR_PATH": 0.0, "FOUL_COUNT_AS_PERSONAL": 0.3111111111111111, "FOULED_COUNT_AS_PERSONAL": 0.13829787234042554, "FOUL_COUNT_TOWARD_PENALTY": 0.3048780487804878, "FOULED_COUNT_TOWARD_PENALTY": 0.1411764705882353, "FOUL_DEFENSIVE_NON_SHOOTING": 0.30434782608695654, "FOULED_DEFENSIVE_NON_SHOOTING": 0.17073170731707318, "FOUL_DOUBLE": 0.0, "FOUL_TECHNICAL_DOUBLE": 0.0, "FOUL_FLAGRANT": 1.0, "FOULED_FLAGRANT": 0.0, "FOUL_FLAGRANT_1": 1.0, "FOULED_FLAGRANT_1": 0.0, "FOUL_FLAGRANT_2": 0.0, "FOULED_FLAGRANT_2": 0.0, "FOUL_INBOUND": 0.0, "FOULED_INBOUND": 0.0, "FOUL_LOOSE_BALL": 0.0, "FOULED_LOOSE_BALL": 0.3333333333333333, "FOUL_OFFENSIVE_CHARGE": 0.0, "FOULED_OFFENSIVE_CHARGE": 0.0, "FOUL_OFFENSIVE_OTHER": 0.0, "FOULED_OFFENSIVE_OTHER": 0.0, "FOUL_OFFENSIVE_TOTAL": 0.375, "FOULED_OFFENSIVE_TOTAL": 0.1111111111111111, "FOUL_PERSONAL": 0.3333333333333333, "FOULED_PERSONAL": 0.21428571428571427, "FOUL_PERSONAL_BLOCK": 0.0, "FOULED_PERSONAL_BLOCK": 0.0, "FOUL_PERSONAL_TAKE": 0.0, "FOULED_PERSONAL_TAKE": 0.0, "FOUL_SHOOTING": 0.3055555555555556, "FOULED_SHOOTING": 0.11363636363636363, "FOUL_SHOOTING_BLOCK": 0.0, "FOULED_SHOOTING_BLOCK": 0.0, "FOUL_TECHNICAL": 0.3333333333333333, "FT": 1.0, "REBOUND_DEFENSIVE": 0.14691943127962084, "REBOUND_OFFENSIVE": 0.10526315789473684, "STEAL": 0.3125, "SHOT_TYPE_ARC_3_OFFENSIVE": 0.2920353982300885, "SHOT_TYPE_ARC_3_DEFENSIVE": 0.27548209366391185, "SHOT_TYPE_AT_RIM_OFFENSIVE": 0.2890855457227139, "SHOT_TYPE_AT_RIM_DEFENSIVE": 0.34710743801652894, "SHOT_TYPE_CORNER_3_OFFENSIVE": 0.06784660766961652, "SHOT_TYPE_CORNER_3_DEFENSIVE": 0.15151515151515152, "SHOT_TYPE_LONG_MID_RANGE_OFFENSIVE": 0.13274336283185842, "SHOT_TYPE_LONG_MID_RANGE_DEFENSIVE": 0.0881542699724518, "SHOT_TYPE_SHORT_MID_RANGE_OFFENSIVE": 0.2182890855457227, "SHOT_TYPE_SHORT_MID_RANGE_DEFENSIVE": 0.13774104683195593, "TURNOVER": 0.15517241379310345, "VIOLATION_DEFENSIVE_GOALTENDING": 0.0, "VIOLATION_DEFENSIVE_KICK_BALL": 0.0}