{"ASSIST": 0.21100917431192662, "BLOCK": 0.28, "FG_ARC_3_ATTEMPT": 0.2727272727272727, "FG_ARC_3_BLOCK": 0.0, "FG_ARC_3_MADE": 0.25, "FG_ARC_3_MADE_FOUL": 0.0, "FG_AT_RIM_ATTEMPT": 0.21768707482993196, "FG_AT_RIM_BLOCK": 0.013605442176870748, "FG_AT_RIM_MADE": 0.625, "FG_AT_RIM_MADE_FOUL": 0.04081632653061224, "FG_CORNER_3_ATTEMPT": 0.041666666666666664, "FG_CORNER_3_BLOCK": 0.0, "FG_CORNER_3_MADE": 1.0, "FG_CORNER_3_MADE_FOUL": 0.0, "FG_LONG_MID_RANGE_ATTEMPT": 0.16666666666666666, "FG_LONG_MID_RANGE_BLOCK": 0.0, "FG_LONG_MID_RANGE_MADE": 0.6, "FG_LONG_MID_RANGE_MADE_FOUL": 0.0, "FG_SHORT_MID_RANGE_ATTEMPT": 0.2857142857142857, "FG_SHORT_MID_RANGE_BLOCK": 0.05357142857142857, "FG_SHORT_MID_RANGE_MADE": 0.25, "FG_SHORT_MID_RANGE_MADE_FOUL": 0.017857142857142856, "FG_XY": {"ARC_3": {"211|142": 0.027777777777777776, "-134|237": 0.027777777777777776, "211|141": 0.027777777777777776, "-165|206": 0.027777777777777776, "172|194": 0.027777777777777776, "-87|260": 0.027777777777777776, "81|232": 0.027777777777777776, "-138|215": 0.027777777777777776, "-61|235": 0.027777777777777776, "-76|234": 0.027777777777777776, "47|253": 0.027777777777777776, "-179|174": 0.027777777777777776, "-99|243": 0.027777777777777776, "-70|283": 0.027777777777777776, "-213|146": 0.027777777777777776, "-12|274": 0.027777777777777776, "164|195": 0.027777777777777776, "108|256": 0.027777777777777776, "186|177": 0.027777777777777776, "-21|260": 0.027777777777777776, "112|230": 0.027777777777777776, "-83|232": 0.027777777777777776, "0|259": 0.027777777777777776, "67|258": 0.027777777777777776, "172|193": 0.027777777777777776, "-178|194": 0.027777777777777776, "-100|248": 0.027777777777777776, "-207|160": 0.027777777777777776, "-217|163": 0.027777777777777776, "157|213": 0.027777777777777776, "-136|219": 0.027777777777777776, "129|253": 0.027777777777777776, "85|274": 0.027777777777777776, "197|201": 0.027777777777777776, "-121|227": 0.027777777777777776, "-131|230": 0.027777777777777776}, "AT_RIM": {"-25|9": 0.03125, "-15|24": 0.03125, "4|22": 0.03125, "15|1": 0.03125, "0|0": 0.09375, "4|6": 0.03125, "7|17": 0.03125, "-13|-1": 0.03125, "-5|6": 0.03125, "-12|18": 0.03125, "29|2": 0.03125, "-10|4": 0.03125, "26|6": 0.03125, "-18|13": 0.03125, "-18|7": 0.03125, "2|39": 0.03125, "4|23": 0.03125, "21|10": 0.03125, "16|-1": 0.03125, "-6|16": 0.03125, "7|21": 0.03125, "-1|35": 0.03125, "10|0": 0.03125, "16|7": 0.03125, "25|11": 0.03125, "-26|8": 0.03125, "1|32": 0.03125, "-21|5": 0.03125, "13|17": 0.03125, "-16|6": 0.03125}, "CORNER_3": {"237|38": 0.5, "-232|9": 0.5}, "LONG_MID_RANGE": {"-83|189": 0.2, "-119|95": 0.2, "93|162": 0.2, "-134|118": 0.2, "-80|183": 0.2}, "SHORT_MID_RANGE": {"-2|44": 0.0625, "0|41": 0.0625, "-47|105": 0.0625, "114|21": 0.0625, "77|63": 0.0625, "-119|39": 0.0625, "-38|75": 0.0625, "61|21": 0.0625, "-89|0": 0.0625, "97|0": 0.0625, "-45|6": 0.0625, "74|30": 0.0625, "99|80": 0.0625, "-48|0": 0.0625, "-12|50": 0.0625, "48|84": 0.0625}}, "FOUL_AWAY_FROM_PLAY": 0.0, "FOULED_AWAY_FROM_PLAY": 1.0, "FOUL_CLEAR_PATH": 0.0, "FOULED_CLEAR_PATH": 0.0, "FOUL_COUNT_AS_PERSONAL": 0.27835051546391754, "FOULED_COUNT_AS_PERSONAL": 0.3619047619047619, "FOUL_COUNT_TOWARD_PENALTY": 0.23255813953488372, "FOULED_COUNT_TOWARD_PENALTY": 0.35106382978723405, "FOUL_DEFENSIVE_NON_SHOOTING": 0.17391304347826086, "FOULED_DEFENSIVE_NON_SHOOTING": 0.45, "FOUL_DOUBLE": 0.0, "FOUL_TECHNICAL_DOUBLE": 0.0, "FOUL_FLAGRANT": 0.0, "FOULED_FLAGRANT": 1.0, "FOUL_FLAGRANT_1": 0.0, "FOULED_FLAGRANT_1": 0.0, "FOUL_FLAGRANT_2": 0.0, "FOULED_FLAGRANT_2": 1.0, "FOUL_INBOUND": 0.0, "FOULED_INBOUND": 0.0, "FOUL_LOOSE_BALL": 0.0, "FOULED_LOOSE_BALL": 0.8, "FOUL_OFFENSIVE_CHARGE": 0.0, "FOULED_OFFENSIVE_CHARGE": 0.4, "FOUL_OFFENSIVE_OTHER": 0.0, "FOULED_OFFENSIVE_OTHER": 0.0, "FOUL_OFFENSIVE_TOTAL": 0.6363636363636364, "FOULED_OFFENSIVE_TOTAL": 0.45454545454545453, "FOUL_PERSONAL": 0.1388888888888889, "FOULED_PERSONAL": 0.43333333333333335, "FOUL_PERSONAL_BLOCK": 0.0, "FOULED_PERSONAL_BLOCK": 0.0, "FOUL_PERSONAL_TAKE": 0.0, "FOULED_PERSONAL_TAKE": 0.0, "FOUL_SHOOTING": 0.3, "FOULED_SHOOTING": 0.2641509433962264, "FOUL_SHOOTING_BLOCK": 0.0, "FOULED_SHOOTING_BLOCK": 0.0, "FOUL_TECHNICAL": 0.0, "FT": 0.6, "REBOUND_DEFENSIVE": 0.20512820512820512, "REBOUND_OFFENSIVE": 0.05371900826446281, "STEAL": 0.2857142857142857, "SHOT_TYPE_ARC_3_OFFENSIVE": 0.3196125907990315, "SHOT_TYPE_ARC_3_DEFENSIVE": 0.30256410256410254, "SHOT_TYPE_AT_RIM_OFFENSIVE": 0.3559322033898305, "SHOT_TYPE_AT_RIM_DEFENSIVE": 0.31025641025641026, "SHOT_TYPE_CORNER_3_OFFENSIVE": 0.1162227602905569, "SHOT_TYPE_CORNER_3_DEFENSIVE": 0.08205128205128205, "SHOT_TYPE_LONG_MID_RANGE_OFFENSIVE": 0.07263922518159806, "SHOT_TYPE_LONG_MID_RANGE_DEFENSIVE": 0.08461538461538462, "SHOT_TYPE_SHORT_MID_RANGE_OFFENSIVE": 0.13559322033898305, "SHOT_TYPE_SHORT_MID_RANGE_DEFENSIVE": 0.2205128205128205, "TURNOVER": 0.20270270270270271, "VIOLATION_DEFENSIVE_GOALTENDING": 0.0, "VIOLATION_DEFENSIVE_KICK_BALL": 0.0}