{"ASSIST": 0.09473684210526316, "BLOCK": 0.38461538461538464, "FG_ARC_3_ATTEMPT": 0.1956521739130435, "FG_ARC_3_BLOCK": 0.0, "FG_ARC_3_MADE": 0.14814814814814814, "FG_ARC_3_MADE_FOUL": 0.007246376811594203, "FG_AT_RIM_ATTEMPT": 0.07627118644067797, "FG_AT_RIM_BLOCK": 0.03389830508474576, "FG_AT_RIM_MADE": 0.2222222222222222, "FG_AT_RIM_MADE_FOUL": 0.00847457627118644, "FG_CORNER_3_ATTEMPT": 0.23684210526315788, "FG_CORNER_3_BLOCK": 0.0, "FG_CORNER_3_MADE": 0.1111111111111111, "FG_CORNER_3_MADE_FOUL": 0.0, "FG_LONG_MID_RANGE_ATTEMPT": 0.08695652173913043, "FG_LONG_MID_RANGE_BLOCK": 0.0, "FG_LONG_MID_RANGE_MADE": 0.5, "FG_LONG_MID_RANGE_MADE_FOUL": 0.0, "FG_SHORT_MID_RANGE_ATTEMPT": 0.15384615384615385, "FG_SHORT_MID_RANGE_BLOCK": 0.0, "FG_SHORT_MID_RANGE_MADE": 0.25, "FG_SHORT_MID_RANGE_MADE_FOUL": 0.0, "FG_XY": {"ARC_3": {"-218|147": 0.037037037037037035, "-150|195": 0.037037037037037035, "114|281": 0.037037037037037035, "-175|188": 0.037037037037037035, "159|189": 0.037037037037037035, "-38|268": 0.037037037037037035, "-91|249": 0.037037037037037035, "17|257": 0.037037037037037035, "213|134": 0.037037037037037035, "-28|292": 0.037037037037037035, "163|198": 0.037037037037037035, "-158|230": 0.037037037037037035, "142|268": 0.037037037037037035, "9|260": 0.037037037037037035, "-10|269": 0.037037037037037035, "-7|267": 0.037037037037037035, "206|148": 0.037037037037037035, "-74|285": 0.037037037037037035, "-76|247": 0.037037037037037035, "135|204": 0.037037037037037035, "-185|184": 0.037037037037037035, "67|257": 0.037037037037037035, "175|224": 0.037037037037037035, "-208|136": 0.037037037037037035, "132|231": 0.037037037037037035, "135|241": 0.037037037037037035, "-120|230": 0.037037037037037035}, "AT_RIM": {"-16|26": 0.1111111111111111, "7|20": 0.1111111111111111, "-17|4": 0.1111111111111111, "1|28": 0.1111111111111111, "13|13": 0.1111111111111111, "0|0": 0.1111111111111111, "-12|20": 0.1111111111111111, "5|37": 0.1111111111111111, "-10|23": 0.1111111111111111}, "CORNER_3": {"-232|16": 0.1111111111111111, "-229|-4": 0.1111111111111111, "225|18": 0.1111111111111111, "-237|66": 0.1111111111111111, "-230|19": 0.1111111111111111, "-227|-32": 0.1111111111111111, "225|42": 0.1111111111111111, "-234|-19": 0.1111111111111111, "229|-32": 0.1111111111111111}, "LONG_MID_RANGE": {"138|32": 0.5, "-75|174": 0.5}, "SHORT_MID_RANGE": {"-54|34": 0.08333333333333333, "-20|67": 0.08333333333333333, "110|-4": 0.08333333333333333, "137|1": 0.08333333333333333, "-59|34": 0.08333333333333333, "60|14": 0.08333333333333333, "-39|17": 0.08333333333333333, "135|-1": 0.08333333333333333, "-118|47": 0.08333333333333333, "83|97": 0.08333333333333333, "11|86": 0.08333333333333333, "29|31": 0.08333333333333333}}, "FOUL_AWAY_FROM_PLAY": 0.0, "FOULED_AWAY_FROM_PLAY": 0.0, "FOUL_CLEAR_PATH": 0.0, "FOULED_CLEAR_PATH": 0.0, "FOUL_COUNT_AS_PERSONAL": 0.21052631578947367, "FOULED_COUNT_AS_PERSONAL": 0.21348314606741572, "FOUL_COUNT_TOWARD_PENALTY": 0.20454545454545456, "FOULED_COUNT_TOWARD_PENALTY": 0.2222222222222222, "FOUL_DEFENSIVE_NON_SHOOTING": 0.1956521739130435, "FOULED_DEFENSIVE_NON_SHOOTING": 0.09090909090909091, "FOUL_DOUBLE": 0.0, "FOUL_TECHNICAL_DOUBLE": 0.0, "FOUL_FLAGRANT": 0.0, "FOULED_FLAGRANT": 0.0, "FOUL_FLAGRANT_1": 0.0, "FOULED_FLAGRANT_1": 0.0, "FOUL_FLAGRANT_2": 0.0, "FOULED_FLAGRANT_2": 0.0, "FOUL_INBOUND": 0.0, "FOULED_INBOUND": 0.0, "FOUL_LOOSE_BALL": 0.0, "FOULED_LOOSE_BALL": 0.0, "FOUL_OFFENSIVE_CHARGE": 0.3333333333333333, "FOULED_OFFENSIVE_CHARGE": 0.3333333333333333, "FOUL_OFFENSIVE_OTHER": 0.0, "FOULED_OFFENSIVE_OTHER": 0.0, "FOUL_OFFENSIVE_TOTAL": 0.2857142857142857, "FOULED_OFFENSIVE_TOTAL": 0.125, "FOUL_PERSONAL": 0.19444444444444445, "FOULED_PERSONAL": 0.1111111111111111, "FOUL_PERSONAL_BLOCK": 0.0, "FOULED_PERSONAL_BLOCK": 0.0, "FOUL_PERSONAL_TAKE": 0.0, "FOULED_PERSONAL_TAKE": 0.1111111111111111, "FOUL_SHOOTING": 0.21428571428571427, "FOULED_SHOOTING": 0.3125, "FOUL_SHOOTING_BLOCK": 0.0, "FOULED_SHOOTING_BLOCK": 0.0, "FOUL_TECHNICAL": 0.0, "FT": 0.7931034482758621, "REBOUND_DEFENSIVE": 0.17573221757322174, "REBOUND_OFFENSIVE": 0.02631578947368421, "STEAL": 0.18181818181818182, "SHOT_TYPE_ARC_3_OFFENSIVE": 0.3493670886075949, "SHOT_TYPE_ARC_3_DEFENSIVE": 0.329923273657289, "SHOT_TYPE_AT_RIM_OFFENSIVE": 0.29873417721518986, "SHOT_TYPE_AT_RIM_DEFENSIVE": 0.21739130434782608, "SHOT_TYPE_CORNER_3_OFFENSIVE": 0.09620253164556962, "SHOT_TYPE_CORNER_3_DEFENSIVE": 0.09974424552429667, "SHOT_TYPE_LONG_MID_RANGE_OFFENSIVE": 0.05822784810126582, "SHOT_TYPE_LONG_MID_RANGE_DEFENSIVE": 0.08439897698209718, "SHOT_TYPE_SHORT_MID_RANGE_OFFENSIVE": 0.19746835443037974, "SHOT_TYPE_SHORT_MID_RANGE_DEFENSIVE": 0.26854219948849106, "TURNOVER": 0.0958904109589041, "VIOLATION_DEFENSIVE_GOALTENDING": 0.0, "VIOLATION_DEFENSIVE_KICK_BALL": 0.3333333333333333}