{"ASSIST": 0.203125, "BLOCK": 0.45454545454545453, "FG_ARC_3_ATTEMPT": 0.15555555555555556, "FG_ARC_3_BLOCK": 0.0, "FG_ARC_3_MADE": 0.21428571428571427, "FG_ARC_3_MADE_FOUL": 0.0, "FG_AT_RIM_ATTEMPT": 0.15873015873015872, "FG_AT_RIM_BLOCK": 0.015873015873015872, "FG_AT_RIM_MADE": 0.6, "FG_AT_RIM_MADE_FOUL": 0.015873015873015872, "FG_CORNER_3_ATTEMPT": 0.18518518518518517, "FG_CORNER_3_BLOCK": 0.0, "FG_CORNER_3_MADE": 0.6, "FG_CORNER_3_MADE_FOUL": 0.0, "FG_LONG_MID_RANGE_ATTEMPT": 0.13725490196078433, "FG_LONG_MID_RANGE_BLOCK": 0.0, "FG_LONG_MID_RANGE_MADE": 0.2857142857142857, "FG_LONG_MID_RANGE_MADE_FOUL": 0.0, "FG_SHORT_MID_RANGE_ATTEMPT": 0.07142857142857142, "FG_SHORT_MID_RANGE_BLOCK": 0.017857142857142856, "FG_SHORT_MID_RANGE_MADE": 0.25, "FG_SHORT_MID_RANGE_MADE_FOUL": 0.0, "FG_XY": {"ARC_3": {"48|256": 0.07142857142857142, "192|172": 0.07142857142857142, "-96|234": 0.07142857142857142, "33|258": 0.07142857142857142, "-92|243": 0.14285714285714285, "-132|210": 0.07142857142857142, "-124|219": 0.07142857142857142, "72|256": 0.07142857142857142, "-154|203": 0.07142857142857142, "-152|192": 0.07142857142857142, "-15|256": 0.07142857142857142, "-124|215": 0.07142857142857142, "-26|245": 0.07142857142857142}, "AT_RIM": {"2|0": 0.1, "-5|3": 0.1, "-10|31": 0.1, "0|0": 0.1, "6|18": 0.1, "18|16": 0.1, "-13|-1": 0.1, "-4|11": 0.1, "-18|16": 0.1, "-2|10": 0.1}, "CORNER_3": {"-227|-11": 0.2, "-235|23": 0.2, "-230|7": 0.2, "-224|17": 0.2, "-229|9": 0.2}, "LONG_MID_RANGE": {"199|17": 0.14285714285714285, "-119|95": 0.14285714285714285, "-131|53": 0.14285714285714285, "125|164": 0.14285714285714285, "-51|189": 0.14285714285714285, "146|146": 0.14285714285714285, "-146|-10": 0.14285714285714285}, "SHORT_MID_RANGE": {"103|62": 0.25, "-6|52": 0.25, "32|73": 0.25, "-91|15": 0.25}}, "FOUL_AWAY_FROM_PLAY": 0.0, "FOULED_AWAY_FROM_PLAY": 0.0, "FOUL_CLEAR_PATH": 0.0, "FOULED_CLEAR_PATH": 0.0, "FOUL_COUNT_AS_PERSONAL": 0.4, "FOULED_COUNT_AS_PERSONAL": 0.24193548387096775, "FOUL_COUNT_TOWARD_PENALTY": 0.39215686274509803, "FOULED_COUNT_TOWARD_PENALTY": 0.21052631578947367, "FOUL_DEFENSIVE_NON_SHOOTING": 0.27586206896551724, "FOULED_DEFENSIVE_NON_SHOOTING": 0.15789473684210525, "FOUL_DOUBLE": 0.0, "FOUL_TECHNICAL_DOUBLE": 0.0, "FOUL_FLAGRANT": 0.0, "FOULED_FLAGRANT": 0.0, "FOUL_FLAGRANT_1": 0.0, "FOULED_FLAGRANT_1": 0.0, "FOUL_FLAGRANT_2": 0.0, "FOULED_FLAGRANT_2": 0.0, "FOUL_INBOUND": 0.0, "FOULED_INBOUND": 0.0, "FOUL_LOOSE_BALL": 0.0, "FOULED_LOOSE_BALL": 0.0, "FOUL_OFFENSIVE_CHARGE": 0.0, "FOULED_OFFENSIVE_CHARGE": 1.0, "FOUL_OFFENSIVE_OTHER": 0.0, "FOULED_OFFENSIVE_OTHER": 0.0, "FOUL_OFFENSIVE_TOTAL": 0.5, "FOULED_OFFENSIVE_TOTAL": 0.6, "FOUL_PERSONAL": 0.30434782608695654, "FOULED_PERSONAL": 0.20689655172413793, "FOUL_PERSONAL_BLOCK": 0.0, "FOULED_PERSONAL_BLOCK": 0.0, "FOUL_PERSONAL_TAKE": 0.0, "FOULED_PERSONAL_TAKE": 0.0, "FOUL_SHOOTING": 0.5454545454545454, "FOULED_SHOOTING": 0.3157894736842105, "FOUL_SHOOTING_BLOCK": 0.0, "FOULED_SHOOTING_BLOCK": 0.0, "FOUL_TECHNICAL": 0.0, "FT": 0.6428571428571429, "REBOUND_DEFENSIVE": 0.27647058823529413, "REBOUND_OFFENSIVE": 0.10857142857142857, "STEAL": 0.16666666666666666, "SHOT_TYPE_ARC_3_OFFENSIVE": 0.313588850174216, "SHOT_TYPE_ARC_3_DEFENSIVE": 0.3250883392226148, "SHOT_TYPE_AT_RIM_OFFENSIVE": 0.21951219512195122, "SHOT_TYPE_AT_RIM_DEFENSIVE": 0.2826855123674912, "SHOT_TYPE_CORNER_3_OFFENSIVE": 0.09407665505226481, "SHOT_TYPE_CORNER_3_DEFENSIVE": 0.10600706713780919, "SHOT_TYPE_LONG_MID_RANGE_OFFENSIVE": 0.17770034843205576, "SHOT_TYPE_LONG_MID_RANGE_DEFENSIVE": 0.09187279151943463, "SHOT_TYPE_SHORT_MID_RANGE_OFFENSIVE": 0.1951219512195122, "SHOT_TYPE_SHORT_MID_RANGE_DEFENSIVE": 0.19434628975265017, "TURNOVER": 0.21568627450980393, "VIOLATION_DEFENSIVE_GOALTENDING": 0.0, "VIOLATION_DEFENSIVE_KICK_BALL": 0.5}