{"ASSIST": 0.05723905723905724, "BLOCK": 0.6470588235294118, "FG_ARC_3_ATTEMPT": 0.019138755980861243, "FG_ARC_3_BLOCK": 0.0, "FG_ARC_3_MADE": 0.875, "FG_ARC_3_MADE_FOUL": 0.0, "FG_AT_RIM_ATTEMPT": 0.18705035971223022, "FG_AT_RIM_BLOCK": 0.04316546762589928, "FG_AT_RIM_MADE": 0.5192307692307693, "FG_AT_RIM_MADE_FOUL": 0.0, "FG_CORNER_3_ATTEMPT": 0.027586206896551724, "FG_CORNER_3_BLOCK": 0.0, "FG_CORNER_3_MADE": 1.0, "FG_CORNER_3_MADE_FOUL": 0.0, "FG_LONG_MID_RANGE_ATTEMPT": 0.0, "FG_LONG_MID_RANGE_BLOCK": 0.0, "FG_LONG_MID_RANGE_MADE": 0.0, "FG_LONG_MID_RANGE_MADE_FOUL": 0.0, "FG_SHORT_MID_RANGE_ATTEMPT": 0.09090909090909091, "FG_SHORT_MID_RANGE_BLOCK": 0.022727272727272728, "FG_SHORT_MID_RANGE_MADE": 0.3, "FG_SHORT_MID_RANGE_MADE_FOUL": 0.0, "FG_XY": {"ARC_3": {"192|163": 0.125, "96|238": 0.125, "-116|236": 0.125, "-119|233": 0.125, "190|183": 0.125, "141|488": 0.125, "157|202": 0.125, "167|187": 0.125}, "AT_RIM": {"-2|21": 0.019230769230769232, "-31|7": 0.019230769230769232, "6|16": 0.019230769230769232, "-16|7": 0.019230769230769232, "17|10": 0.019230769230769232, "-26|11": 0.019230769230769232, "-6|37": 0.019230769230769232, "-7|21": 0.019230769230769232, "0|0": 0.2692307692307692, "-21|16": 0.019230769230769232, "2|22": 0.019230769230769232, "-20|17": 0.019230769230769232, "6|5": 0.019230769230769232, "4|17": 0.019230769230769232, "-2|9": 0.019230769230769232, "-16|18": 0.019230769230769232, "-2|22": 0.019230769230769232, "-2|36": 0.019230769230769232, "21|7": 0.019230769230769232, "-20|26": 0.019230769230769232, "2|-8": 0.019230769230769232, "4|26": 0.019230769230769232, "-36|16": 0.019230769230769232, "16|27": 0.019230769230769232, "-13|34": 0.019230769230769232, "-28|8": 0.019230769230769232, "-12|13": 0.019230769230769232, "-1|16": 0.019230769230769232, "-22|0": 0.019230769230769232, "-21|13": 0.019230769230769232, "-26|6": 0.019230769230769232, "-12|4": 0.019230769230769232, "-13|11": 0.019230769230769232, "0|28": 0.019230769230769232, "-15|25": 0.019230769230769232, "6|29": 0.019230769230769232, "-18|22": 0.019230769230769232, "2|18": 0.019230769230769232, "-4|10": 0.019230769230769232}, "CORNER_3": {"233|72": 0.25, "238|51": 0.25, "238|46": 0.25, "-228|-1": 0.25}, "LONG_MID_RANGE": {}, "SHORT_MID_RANGE": {"26|34": 0.05, "56|103": 0.05, "-32|31": 0.05, "36|45": 0.05, "-12|39": 0.05, "45|8": 0.05, "-72|69": 0.05, "48|20": 0.05, "-20|63": 0.05, "-1|47": 0.05, "37|16": 0.05, "-60|47": 0.05, "23|41": 0.05, "37|55": 0.05, "-40|72": 0.05, "-37|52": 0.05, "-10|93": 0.05, "-4|75": 0.05, "51|27": 0.05, "-72|47": 0.05}}, "FOUL_AWAY_FROM_PLAY": 0.0, "FOULED_AWAY_FROM_PLAY": 0.0, "FOUL_CLEAR_PATH": 0.0, "FOULED_CLEAR_PATH": 0.0, "FOUL_COUNT_AS_PERSONAL": 0.2318181818181818, "FOULED_COUNT_AS_PERSONAL": 0.4542124542124542, "FOUL_COUNT_TOWARD_PENALTY": 0.17647058823529413, "FOULED_COUNT_TOWARD_PENALTY": 0.46923076923076923, "FOUL_DEFENSIVE_NON_SHOOTING": 0.1188118811881188, "FOULED_DEFENSIVE_NON_SHOOTING": 0.5067567567567568, "FOUL_DOUBLE": 0.0, "FOUL_TECHNICAL_DOUBLE": 1.0, "FOUL_FLAGRANT": 0.0, "FOULED_FLAGRANT": 0.0, "FOUL_FLAGRANT_1": 0.0, "FOULED_FLAGRANT_1": 0.0, "FOUL_FLAGRANT_2": 0.0, "FOULED_FLAGRANT_2": 0.0, "FOUL_INBOUND": 0.0, "FOULED_INBOUND": 0.0, "FOUL_LOOSE_BALL": 0.0, "FOULED_LOOSE_BALL": 0.631578947368421, "FOUL_OFFENSIVE_CHARGE": 0.36363636363636365, "FOULED_OFFENSIVE_CHARGE": 0.5, "FOUL_OFFENSIVE_OTHER": 0.0, "FOULED_OFFENSIVE_OTHER": 0.0, "FOUL_OFFENSIVE_TOTAL": 0.5454545454545454, "FOULED_OFFENSIVE_TOTAL": 0.15384615384615385, "FOUL_PERSONAL": 0.078125, "FOULED_PERSONAL": 0.49557522123893805, "FOUL_PERSONAL_BLOCK": 0.0, "FOULED_PERSONAL_BLOCK": 0.0, "FOUL_PERSONAL_TAKE": 0.043478260869565216, "FOULED_PERSONAL_TAKE": 0.4375, "FOUL_SHOOTING": 0.25, "FOULED_SHOOTING": 0.41964285714285715, "FOUL_SHOOTING_BLOCK": 0.0, "FOULED_SHOOTING_BLOCK": 0.0, "FOUL_TECHNICAL": 0.29411764705882354, "FT": 0.6641221374045801, "REBOUND_DEFENSIVE": 0.3521341463414634, "REBOUND_OFFENSIVE": 0.09634551495016612, "STEAL": 0.2111111111111111, "SHOT_TYPE_ARC_3_OFFENSIVE": 0.3793103448275862, "SHOT_TYPE_ARC_3_DEFENSIVE": 0.2887383573243014, "SHOT_TYPE_AT_RIM_OFFENSIVE": 0.25226860254083483, "SHOT_TYPE_AT_RIM_DEFENSIVE": 0.24301439458086369, "SHOT_TYPE_CORNER_3_OFFENSIVE": 0.13157894736842105, "SHOT_TYPE_CORNER_3_DEFENSIVE": 0.06773920406435224, "SHOT_TYPE_LONG_MID_RANGE_OFFENSIVE": 0.03720508166969147, "SHOT_TYPE_LONG_MID_RANGE_DEFENSIVE": 0.12870448772226925, "SHOT_TYPE_SHORT_MID_RANGE_OFFENSIVE": 0.1996370235934664, "SHOT_TYPE_SHORT_MID_RANGE_DEFENSIVE": 0.2718035563082134, "TURNOVER": 0.2, "VIOLATION_DEFENSIVE_GOALTENDING": 0.0, "VIOLATION_DEFENSIVE_KICK_BALL": 0.0}