{"ASSIST": 0.14, "BLOCK": 0.75, "FG_ARC_3_ATTEMPT": 0.08571428571428572, "FG_ARC_3_BLOCK": 0.0, "FG_ARC_3_MADE": 0.6666666666666666, "FG_ARC_3_MADE_FOUL": 0.0, "FG_AT_RIM_ATTEMPT": 0.102803738317757, "FG_AT_RIM_BLOCK": 0.009345794392523364, "FG_AT_RIM_MADE": 0.5454545454545454, "FG_AT_RIM_MADE_FOUL": 0.009345794392523364, "FG_CORNER_3_ATTEMPT": 0.07142857142857142, "FG_CORNER_3_BLOCK": 0.0, "FG_CORNER_3_MADE": 0.5, "FG_CORNER_3_MADE_FOUL": 0.0, "FG_LONG_MID_RANGE_ATTEMPT": 0.0, "FG_LONG_MID_RANGE_BLOCK": 0.0, "FG_LONG_MID_RANGE_MADE": 0.0, "FG_LONG_MID_RANGE_MADE_FOUL": 0.0, "FG_SHORT_MID_RANGE_ATTEMPT": 0.21052631578947367, "FG_SHORT_MID_RANGE_BLOCK": 0.031578947368421054, "FG_SHORT_MID_RANGE_MADE": 0.2, "FG_SHORT_MID_RANGE_MADE_FOUL": 0.010526315789473684, "FG_XY": {"ARC_3": {"174|204": 0.08333333333333333, "-34|246": 0.08333333333333333, "-116|222": 0.08333333333333333, "-151|222": 0.08333333333333333, "-1|257": 0.08333333333333333, "-120|220": 0.08333333333333333, "1|247": 0.08333333333333333, "-42|263": 0.08333333333333333, "189|178": 0.08333333333333333, "-195|147": 0.08333333333333333, "169|197": 0.08333333333333333, "-158|189": 0.08333333333333333}, "AT_RIM": {"18|20": 0.09090909090909091, "23|-2": 0.09090909090909091, "34|8": 0.09090909090909091, "4|3": 0.09090909090909091, "-17|6": 0.09090909090909091, "0|0": 0.09090909090909091, "9|22": 0.09090909090909091, "-4|5": 0.09090909090909091, "15|30": 0.09090909090909091, "20|1": 0.09090909090909091, "10|33": 0.09090909090909091}, "CORNER_3": {"-223|-1": 0.5, "237|19": 0.5}, "LONG_MID_RANGE": {}, "SHORT_MID_RANGE": {"0|131": 0.05, "44|4": 0.05, "42|116": 0.05, "-43|54": 0.05, "-34|97": 0.05, "-69|23": 0.05, "0|50": 0.05, "2|109": 0.05, "18|94": 0.05, "13|56": 0.05, "37|45": 0.05, "-43|17": 0.05, "28|54": 0.05, "2|84": 0.05, "-50|88": 0.05, "0|95": 0.05, "43|50": 0.05, "17|46": 0.05, "-5|42": 0.05, "31|26": 0.05}}, "FOUL_AWAY_FROM_PLAY": 0.0, "FOULED_AWAY_FROM_PLAY": 0.0, "FOUL_CLEAR_PATH": 0.0, "FOULED_CLEAR_PATH": 0.0, "FOUL_COUNT_AS_PERSONAL": 0.43529411764705883, "FOULED_COUNT_AS_PERSONAL": 0.2289156626506024, "FOUL_COUNT_TOWARD_PENALTY": 0.42105263157894735, "FOULED_COUNT_TOWARD_PENALTY": 0.24050632911392406, "FOUL_DEFENSIVE_NON_SHOOTING": 0.25, "FOULED_DEFENSIVE_NON_SHOOTING": 0.21052631578947367, "FOUL_DOUBLE": 0.0, "FOUL_TECHNICAL_DOUBLE": 0.0, "FOUL_FLAGRANT": 0.0, "FOULED_FLAGRANT": 0.0, "FOUL_FLAGRANT_1": 0.0, "FOULED_FLAGRANT_1": 0.0, "FOUL_FLAGRANT_2": 0.0, "FOULED_FLAGRANT_2": 0.0, "FOUL_INBOUND": 0.0, "FOULED_INBOUND": 0.0, "FOUL_LOOSE_BALL": 0.0, "FOULED_LOOSE_BALL": 0.6, "FOUL_OFFENSIVE_CHARGE": 0.0, "FOULED_OFFENSIVE_CHARGE": 0.0, "FOUL_OFFENSIVE_OTHER": 0.0, "FOULED_OFFENSIVE_OTHER": 0.0, "FOUL_OFFENSIVE_TOTAL": 0.5555555555555556, "FOULED_OFFENSIVE_TOTAL": 0.0, "FOUL_PERSONAL": 0.13043478260869565, "FOULED_PERSONAL": 0.16, "FOUL_PERSONAL_BLOCK": 0.0, "FOULED_PERSONAL_BLOCK": 0.0, "FOUL_PERSONAL_TAKE": 0.16666666666666666, "FOULED_PERSONAL_TAKE": 0.16666666666666666, "FOUL_SHOOTING": 0.575, "FOULED_SHOOTING": 0.2682926829268293, "FOUL_SHOOTING_BLOCK": 0.0, "FOULED_SHOOTING_BLOCK": 0.0, "FOUL_TECHNICAL": 0.0, "FT": 0.68, "REBOUND_DEFENSIVE": 0.182648401826484, "REBOUND_OFFENSIVE": 0.0502092050209205, "STEAL": 0.04878048780487805, "SHOT_TYPE_ARC_3_OFFENSIVE": 0.34146341463414637, "SHOT_TYPE_ARC_3_DEFENSIVE": 0.31738035264483627, "SHOT_TYPE_AT_RIM_OFFENSIVE": 0.26097560975609757, "SHOT_TYPE_AT_RIM_DEFENSIVE": 0.25440806045340053, "SHOT_TYPE_CORNER_3_OFFENSIVE": 0.06829268292682927, "SHOT_TYPE_CORNER_3_DEFENSIVE": 0.08312342569269521, "SHOT_TYPE_LONG_MID_RANGE_OFFENSIVE": 0.0975609756097561, "SHOT_TYPE_LONG_MID_RANGE_DEFENSIVE": 0.11335012594458438, "SHOT_TYPE_SHORT_MID_RANGE_OFFENSIVE": 0.23170731707317074, "SHOT_TYPE_SHORT_MID_RANGE_DEFENSIVE": 0.23173803526448364, "TURNOVER": 0.26, "VIOLATION_DEFENSIVE_GOALTENDING": 0.0, "VIOLATION_DEFENSIVE_KICK_BALL": 1.0}