{"ASSIST": 0.2, "BLOCK": 0.4444444444444444, "FG_ARC_3_ATTEMPT": 0.07142857142857142, "FG_ARC_3_BLOCK": 0.0, "FG_ARC_3_MADE": 1.0, "FG_ARC_3_MADE_FOUL": 0.0, "FG_AT_RIM_ATTEMPT": 0.1540880503144654, "FG_AT_RIM_BLOCK": 0.031446540880503145, "FG_AT_RIM_MADE": 0.5918367346938775, "FG_AT_RIM_MADE_FOUL": 0.015723270440251572, "FG_CORNER_3_ATTEMPT": 0.09565217391304348, "FG_CORNER_3_BLOCK": 0.0, "FG_CORNER_3_MADE": 1.0, "FG_CORNER_3_MADE_FOUL": 0.0, "FG_LONG_MID_RANGE_ATTEMPT": 0.08, "FG_LONG_MID_RANGE_BLOCK": 0.0, "FG_LONG_MID_RANGE_MADE": 0.8333333333333334, "FG_LONG_MID_RANGE_MADE_FOUL": 0.0, "FG_SHORT_MID_RANGE_ATTEMPT": 0.12608695652173912, "FG_SHORT_MID_RANGE_BLOCK": 0.013043478260869565, "FG_SHORT_MID_RANGE_MADE": 0.3448275862068966, "FG_SHORT_MID_RANGE_MADE_FOUL": 0.004347826086956522, "FG_XY": {"ARC_3": {"-116|231": 0.05, "109|222": 0.05, "195|200": 0.05, "150|218": 0.05, "48|261": 0.05, "93|235": 0.05, "195|188": 0.05, "-189|187": 0.05, "-132|225": 0.05, "221|113": 0.05, "-151|208": 0.05, "212|137": 0.05, "78|242": 0.05, "-4|262": 0.05, "100|237": 0.05, "-199|162": 0.05, "-23|250": 0.05, "-97|232": 0.05, "-223|143": 0.05, "4|286": 0.05}, "AT_RIM": {"-17|10": 0.02040816326530612, "-15|23": 0.02040816326530612, "-5|12": 0.02040816326530612, "4|10": 0.02040816326530612, "-31|5": 0.02040816326530612, "-18|11": 0.02040816326530612, "5|15": 0.02040816326530612, "0|0": 0.14285714285714285, "16|-7": 0.02040816326530612, "22|6": 0.02040816326530612, "6|20": 0.02040816326530612, "0|33": 0.02040816326530612, "2|21": 0.02040816326530612, "0|11": 0.02040816326530612, "-10|22": 0.02040816326530612, "-9|15": 0.02040816326530612, "16|14": 0.02040816326530612, "17|-1": 0.02040816326530612, "6|15": 0.02040816326530612, "0|23": 0.02040816326530612, "12|18": 0.02040816326530612, "15|15": 0.02040816326530612, "-7|29": 0.02040816326530612, "-21|16": 0.02040816326530612, "2|14": 0.02040816326530612, "-6|13": 0.02040816326530612, "-9|26": 0.02040816326530612, "-4|36": 0.02040816326530612, "-1|31": 0.02040816326530612, "-2|2": 0.02040816326530612, "-5|4": 0.02040816326530612, "-1|17": 0.02040816326530612, "6|32": 0.02040816326530612, "16|6": 0.02040816326530612, "6|14": 0.02040816326530612, "12|7": 0.02040816326530612, "7|23": 0.02040816326530612, "-2|37": 0.02040816326530612, "-2|22": 0.02040816326530612, "-4|39": 0.02040816326530612, "-5|19": 0.02040816326530612, "-7|12": 0.02040816326530612, "-16|26": 0.02040816326530612}, "CORNER_3": {"-234|-25": 0.09090909090909091, "-232|15": 0.09090909090909091, "-235|33": 0.09090909090909091, "-228|85": 0.09090909090909091, "-227|62": 0.09090909090909091, "235|43": 0.09090909090909091, "-230|52": 0.09090909090909091, "-227|2": 0.09090909090909091, "-224|15": 0.09090909090909091, "-235|38": 0.09090909090909091, "229|56": 0.09090909090909091}, "LONG_MID_RANGE": {"-60|189": 0.16666666666666666, "-200|36": 0.16666666666666666, "129|133": 0.16666666666666666, "120|97": 0.16666666666666666, "-136|51": 0.16666666666666666, "140|59": 0.16666666666666666}, "SHORT_MID_RANGE": {"5|58": 0.034482758620689655, "0|89": 0.034482758620689655, "14|82": 0.034482758620689655, "6|47": 0.034482758620689655, "-37|116": 0.034482758620689655, "-47|48": 0.034482758620689655, "17|43": 0.034482758620689655, "9|65": 0.034482758620689655, "44|19": 0.034482758620689655, "23|79": 0.034482758620689655, "0|48": 0.034482758620689655, "28|72": 0.034482758620689655, "-28|123": 0.034482758620689655, "120|-21": 0.034482758620689655, "77|32": 0.034482758620689655, "-6|120": 0.034482758620689655, "-37|63": 0.034482758620689655, "-2|44": 0.034482758620689655, "2|130": 0.034482758620689655, "1|57": 0.034482758620689655, "108|23": 0.034482758620689655, "18|69": 0.034482758620689655, "-2|66": 0.034482758620689655, "-12|67": 0.034482758620689655, "-23|131": 0.034482758620689655, "12|73": 0.034482758620689655, "0|75": 0.034482758620689655, "10|108": 0.034482758620689655, "42|8": 0.034482758620689655}}, "FOUL_AWAY_FROM_PLAY": 0.0, "FOULED_AWAY_FROM_PLAY": 0.0, "FOUL_CLEAR_PATH": 0.0, "FOULED_CLEAR_PATH": 0.0, "FOUL_COUNT_AS_PERSONAL": 0.3157894736842105, "FOULED_COUNT_AS_PERSONAL": 0.25133689839572193, "FOUL_COUNT_TOWARD_PENALTY": 0.3218390804597701, "FOULED_COUNT_TOWARD_PENALTY": 0.25882352941176473, "FOUL_DEFENSIVE_NON_SHOOTING": 0.19540229885057472, "FOULED_DEFENSIVE_NON_SHOOTING": 0.23170731707317074, "FOUL_DOUBLE": 0.0, "FOUL_TECHNICAL_DOUBLE": 0.0, "FOUL_FLAGRANT": 0.0, "FOULED_FLAGRANT": 0.0, "FOUL_FLAGRANT_1": 0.0, "FOULED_FLAGRANT_1": 0.0, "FOUL_FLAGRANT_2": 0.0, "FOULED_FLAGRANT_2": 0.0, "FOUL_INBOUND": 0.0, "FOULED_INBOUND": 0.0, "FOUL_LOOSE_BALL": 0.0, "FOULED_LOOSE_BALL": 0.5714285714285714, "FOUL_OFFENSIVE_CHARGE": 0.0, "FOULED_OFFENSIVE_CHARGE": 0.0, "FOUL_OFFENSIVE_OTHER": 0.0, "FOULED_OFFENSIVE_OTHER": 0.0, "FOUL_OFFENSIVE_TOTAL": 0.25, "FOULED_OFFENSIVE_TOTAL": 0.1875, "FOUL_PERSONAL": 0.20634920634920634, "FOULED_PERSONAL": 0.22033898305084745, "FOUL_PERSONAL_BLOCK": 0.0, "FOULED_PERSONAL_BLOCK": 0.0, "FOUL_PERSONAL_TAKE": 0.1111111111111111, "FOULED_PERSONAL_TAKE": 0.16666666666666666, "FOUL_SHOOTING": 0.45348837209302323, "FOULED_SHOOTING": 0.2808988764044944, "FOUL_SHOOTING_BLOCK": 0.0, "FOULED_SHOOTING_BLOCK": 0.0, "FOUL_TECHNICAL": 0.07692307692307693, "FT": 0.34615384615384615, "REBOUND_DEFENSIVE": 0.16998191681735986, "REBOUND_OFFENSIVE": 0.08374384236453201, "STEAL": 0.16037735849056603, "SHOT_TYPE_ARC_3_OFFENSIVE": 0.275049115913556, "SHOT_TYPE_ARC_3_DEFENSIVE": 0.3231707317073171, "SHOT_TYPE_AT_RIM_OFFENSIVE": 0.31237721021611004, "SHOT_TYPE_AT_RIM_DEFENSIVE": 0.27439024390243905, "SHOT_TYPE_CORNER_3_OFFENSIVE": 0.11296660117878192, "SHOT_TYPE_CORNER_3_DEFENSIVE": 0.11382113821138211, "SHOT_TYPE_LONG_MID_RANGE_OFFENSIVE": 0.07367387033398821, "SHOT_TYPE_LONG_MID_RANGE_DEFENSIVE": 0.10060975609756098, "SHOT_TYPE_SHORT_MID_RANGE_OFFENSIVE": 0.22593320235756384, "SHOT_TYPE_SHORT_MID_RANGE_DEFENSIVE": 0.18800813008130082, "TURNOVER": 0.17647058823529413, "VIOLATION_DEFENSIVE_GOALTENDING": 0.0, "VIOLATION_DEFENSIVE_KICK_BALL": 0.5}