{"ASSIST": 0.06666666666666667, "BLOCK": 0.02702702702702703, "FG_ARC_3_ATTEMPT": 0.15079365079365079, "FG_ARC_3_BLOCK": 0.011904761904761904, "FG_ARC_3_MADE": 0.10526315789473684, "FG_ARC_3_MADE_FOUL": 0.0, "FG_AT_RIM_ATTEMPT": 0.06172839506172839, "FG_AT_RIM_BLOCK": 0.012345679012345678, "FG_AT_RIM_MADE": 0.3, "FG_AT_RIM_MADE_FOUL": 0.0, "FG_CORNER_3_ATTEMPT": 0.25925925925925924, "FG_CORNER_3_BLOCK": 0.0, "FG_CORNER_3_MADE": 0.09523809523809523, "FG_CORNER_3_MADE_FOUL": 0.0, "FG_LONG_MID_RANGE_ATTEMPT": 0.0875, "FG_LONG_MID_RANGE_BLOCK": 0.0, "FG_LONG_MID_RANGE_MADE": 0.42857142857142855, "FG_LONG_MID_RANGE_MADE_FOUL": 0.0, "FG_SHORT_MID_RANGE_ATTEMPT": 0.047619047619047616, "FG_SHORT_MID_RANGE_BLOCK": 0.013605442176870748, "FG_SHORT_MID_RANGE_MADE": 0.42857142857142855, "FG_SHORT_MID_RANGE_MADE_FOUL": 0.0, "FG_XY": {"ARC_3": {"-88|240": 0.02631578947368421, "72|267": 0.02631578947368421, "-223|122": 0.02631578947368421, "69|259": 0.02631578947368421, "-142|199": 0.02631578947368421, "163|184": 0.02631578947368421, "-75|236": 0.02631578947368421, "-203|146": 0.02631578947368421, "219|111": 0.02631578947368421, "229|96": 0.02631578947368421, "186|205": 0.02631578947368421, "97|240": 0.02631578947368421, "66|250": 0.02631578947368421, "-119|225": 0.02631578947368421, "31|245": 0.02631578947368421, "-194|151": 0.02631578947368421, "162|184": 0.02631578947368421, "146|226": 0.02631578947368421, "121|215": 0.02631578947368421, "-201|143": 0.02631578947368421, "168|239": 0.02631578947368421, "-83|235": 0.02631578947368421, "124|222": 0.02631578947368421, "-190|143": 0.02631578947368421, "158|207": 0.02631578947368421, "191|180": 0.02631578947368421, "147|227": 0.02631578947368421, "148|217": 0.02631578947368421, "-152|218": 0.02631578947368421, "188|218": 0.02631578947368421, "-47|255": 0.02631578947368421, "200|173": 0.02631578947368421, "-130|251": 0.02631578947368421, "-1|272": 0.02631578947368421, "178|208": 0.02631578947368421, "-81|253": 0.02631578947368421, "-23|269": 0.02631578947368421, "-9|261": 0.02631578947368421}, "AT_RIM": {"0|6": 0.1, "27|26": 0.1, "-10|3": 0.1, "-10|14": 0.1, "18|4": 0.2, "-20|23": 0.1, "17|13": 0.1, "-1|7": 0.1, "6|37": 0.1}, "CORNER_3": {"-229|29": 0.047619047619047616, "-223|-1": 0.047619047619047616, "228|80": 0.047619047619047616, "227|7": 0.047619047619047616, "235|7": 0.047619047619047616, "-222|11": 0.047619047619047616, "-222|25": 0.047619047619047616, "232|36": 0.047619047619047616, "-229|41": 0.047619047619047616, "-227|0": 0.047619047619047616, "232|55": 0.047619047619047616, "237|76": 0.047619047619047616, "227|-18": 0.047619047619047616, "-234|5": 0.047619047619047616, "229|-14": 0.047619047619047616, "233|47": 0.047619047619047616, "-228|-27": 0.047619047619047616, "-237|13": 0.047619047619047616, "-230|-1": 0.047619047619047616, "-230|38": 0.047619047619047616, "-237|0": 0.047619047619047616}, "LONG_MID_RANGE": {"-185|-1": 0.14285714285714285, "-142|13": 0.14285714285714285, "-113|188": 0.14285714285714285, "-162|1": 0.14285714285714285, "-181|50": 0.14285714285714285, "-85|143": 0.14285714285714285, "-86|146": 0.14285714285714285}, "SHORT_MID_RANGE": {"15|43": 0.14285714285714285, "-80|60": 0.14285714285714285, "-58|89": 0.14285714285714285, "-11|117": 0.14285714285714285, "40|23": 0.14285714285714285, "-40|16": 0.14285714285714285, "22|46": 0.14285714285714285}}, "FOUL_AWAY_FROM_PLAY": 0.0, "FOULED_AWAY_FROM_PLAY": 0.0, "FOUL_CLEAR_PATH": 0.0, "FOULED_CLEAR_PATH": 0.0, "FOUL_COUNT_AS_PERSONAL": 0.15822784810126583, "FOULED_COUNT_AS_PERSONAL": 0.0390625, "FOUL_COUNT_TOWARD_PENALTY": 0.16551724137931034, "FOULED_COUNT_TOWARD_PENALTY": 0.02631578947368421, "FOUL_DEFENSIVE_NON_SHOOTING": 0.1506849315068493, "FOULED_DEFENSIVE_NON_SHOOTING": 0.046153846153846156, "FOUL_DOUBLE": 0.0, "FOUL_TECHNICAL_DOUBLE": 0.0, "FOUL_FLAGRANT": 0.0, "FOULED_FLAGRANT": 0.0, "FOUL_FLAGRANT_1": 0.0, "FOULED_FLAGRANT_1": 0.0, "FOUL_FLAGRANT_2": 0.0, "FOULED_FLAGRANT_2": 0.0, "FOUL_INBOUND": 0.0, "FOULED_INBOUND": 0.0, "FOUL_LOOSE_BALL": 0.0, "FOULED_LOOSE_BALL": 0.0, "FOUL_OFFENSIVE_CHARGE": 0.0, "FOULED_OFFENSIVE_CHARGE": 0.0, "FOUL_OFFENSIVE_OTHER": 0.0, "FOULED_OFFENSIVE_OTHER": 0.0, "FOUL_OFFENSIVE_TOTAL": 0.07692307692307693, "FOULED_OFFENSIVE_TOTAL": 0.15384615384615385, "FOUL_PERSONAL": 0.16363636363636364, "FOULED_PERSONAL": 0.03773584905660377, "FOUL_PERSONAL_BLOCK": 0.0, "FOULED_PERSONAL_BLOCK": 0.0, "FOUL_PERSONAL_TAKE": 0.1, "FOULED_PERSONAL_TAKE": 0.3333333333333333, "FOUL_SHOOTING": 0.18055555555555555, "FOULED_SHOOTING": 0.0, "FOUL_SHOOTING_BLOCK": 0.0, "FOULED_SHOOTING_BLOCK": 0.0, "FOUL_TECHNICAL": 0.0, "FT": 0.6666666666666666, "REBOUND_DEFENSIVE": 0.11421319796954314, "REBOUND_OFFENSIVE": 0.00963855421686747, "STEAL": 0.08771929824561403, "SHOT_TYPE_ARC_3_OFFENSIVE": 0.3490304709141274, "SHOT_TYPE_ARC_3_DEFENSIVE": 0.24599708879184862, "SHOT_TYPE_AT_RIM_OFFENSIVE": 0.22437673130193905, "SHOT_TYPE_AT_RIM_DEFENSIVE": 0.29839883551673946, "SHOT_TYPE_CORNER_3_OFFENSIVE": 0.11218836565096953, "SHOT_TYPE_CORNER_3_DEFENSIVE": 0.09898107714701601, "SHOT_TYPE_LONG_MID_RANGE_OFFENSIVE": 0.11080332409972299, "SHOT_TYPE_LONG_MID_RANGE_DEFENSIVE": 0.12663755458515283, "SHOT_TYPE_SHORT_MID_RANGE_OFFENSIVE": 0.203601108033241, "SHOT_TYPE_SHORT_MID_RANGE_DEFENSIVE": 0.22998544395924309, "TURNOVER": 0.0851063829787234, "VIOLATION_DEFENSIVE_GOALTENDING": 0.0, "VIOLATION_DEFENSIVE_KICK_BALL": 0.0}