{"ASSIST": 0.2471590909090909, "BLOCK": 0.19718309859154928, "FG_ARC_3_ATTEMPT": 0.289760348583878, "FG_ARC_3_BLOCK": 0.0, "FG_ARC_3_MADE": 0.41353383458646614, "FG_ARC_3_MADE_FOUL": 0.0, "FG_AT_RIM_ATTEMPT": 0.19525065963060687, "FG_AT_RIM_BLOCK": 0.0079155672823219, "FG_AT_RIM_MADE": 0.7567567567567568, "FG_AT_RIM_MADE_FOUL": 0.010554089709762533, "FG_CORNER_3_ATTEMPT": 0.24806201550387597, "FG_CORNER_3_BLOCK": 0.0, "FG_CORNER_3_MADE": 0.34375, "FG_CORNER_3_MADE_FOUL": 0.0, "FG_LONG_MID_RANGE_ATTEMPT": 0.46511627906976744, "FG_LONG_MID_RANGE_BLOCK": 0.015503875968992248, "FG_LONG_MID_RANGE_MADE": 0.35, "FG_LONG_MID_RANGE_MADE_FOUL": 0.0, "FG_SHORT_MID_RANGE_ATTEMPT": 0.4238095238095238, "FG_SHORT_MID_RANGE_BLOCK": 0.047619047619047616, "FG_SHORT_MID_RANGE_MADE": 0.38202247191011235, "FG_SHORT_MID_RANGE_MADE_FOUL": 0.009523809523809525, "FG_XY": {"ARC_3": {"-230|107": 0.007518796992481203, "-99|242": 0.007518796992481203, "110|241": 0.007518796992481203, "185|171": 0.007518796992481203, "140|218": 0.007518796992481203, "80|241": 0.007518796992481203, "-212|136": 0.007518796992481203, "145|204": 0.007518796992481203, "-162|185": 0.007518796992481203, "151|205": 0.007518796992481203, "33|274": 0.007518796992481203, "165|220": 0.007518796992481203, "138|227": 0.007518796992481203, "185|243": 0.007518796992481203, "-140|221": 0.007518796992481203, "32|267": 0.007518796992481203, "192|197": 0.007518796992481203, "23|247": 0.007518796992481203, "127|205": 0.007518796992481203, "-197|174": 0.007518796992481203, "150|218": 0.007518796992481203, "-118|235": 0.007518796992481203, "229|133": 0.007518796992481203, "59|245": 0.007518796992481203, "213|141": 0.007518796992481203, "-4|260": 0.007518796992481203, "-172|184": 0.007518796992481203, "-2|259": 0.007518796992481203, "-180|206": 0.007518796992481203, "-127|236": 0.007518796992481203, "161|199": 0.007518796992481203, "-21|272": 0.007518796992481203, "148|213": 0.007518796992481203, "-13|283": 0.007518796992481203, "-7|258": 0.007518796992481203, "120|229": 0.007518796992481203, "-87|239": 0.007518796992481203, "-98|259": 0.007518796992481203, "-65|263": 0.007518796992481203, "-151|210": 0.007518796992481203, "-102|242": 0.007518796992481203, "26|254": 0.007518796992481203, "0|270": 0.007518796992481203, "-148|232": 0.007518796992481203, "49|288": 0.007518796992481203, "86|258": 0.007518796992481203, "140|210": 0.007518796992481203, "141|197": 0.007518796992481203, "-151|219": 0.007518796992481203, "227|125": 0.007518796992481203, "-29|260": 0.007518796992481203, "-123|215": 0.007518796992481203, "-75|237": 0.007518796992481203, "91|247": 0.007518796992481203, "110|243": 0.007518796992481203, "10|294": 0.007518796992481203, "-151|230": 0.007518796992481203, "147|206": 0.007518796992481203, "169|211": 0.007518796992481203, "145|203": 0.007518796992481203, "-132|219": 0.007518796992481203, "132|229": 0.007518796992481203, "-147|267": 0.007518796992481203, "-70|245": 0.007518796992481203, "-102|240": 0.007518796992481203, "134|214": 0.007518796992481203, "-143|217": 0.007518796992481203, "-105|247": 0.007518796992481203, "54|247": 0.007518796992481203, "145|221": 0.007518796992481203, "-212|139": 0.007518796992481203, "-179|180": 0.007518796992481203, "124|225": 0.007518796992481203, "-12|252": 0.007518796992481203, "-152|247": 0.007518796992481203, "207|138": 0.007518796992481203, "-185|179": 0.007518796992481203, "126|217": 0.007518796992481203, "165|184": 0.007518796992481203, "-141|214": 0.007518796992481203, "120|224": 0.007518796992481203, "-181|171": 0.007518796992481203, "-71|246": 0.007518796992481203, "156|204": 0.007518796992481203, "93|244": 0.007518796992481203, "-168|175": 0.007518796992481203, "145|209": 0.007518796992481203, "-181|188": 0.007518796992481203, "15|252": 0.007518796992481203, "82|248": 0.007518796992481203, "-71|263": 0.007518796992481203, "22|264": 0.007518796992481203, "-4|262": 0.007518796992481203, "-29|262": 0.007518796992481203, "48|250": 0.007518796992481203, "45|252": 0.007518796992481203, "-142|208": 0.007518796992481203, "-103|236": 0.007518796992481203, "92|235": 0.007518796992481203, "-44|251": 0.007518796992481203, "192|158": 0.007518796992481203, "-140|211": 0.007518796992481203, "141|206": 0.007518796992481203, "-15|282": 0.007518796992481203, "-203|163": 0.007518796992481203, "-221|121": 0.007518796992481203, "-174|193": 0.007518796992481203, "-151|223": 0.007518796992481203, "163|195": 0.007518796992481203, "170|188": 0.007518796992481203, "72|244": 0.007518796992481203, "162|202": 0.007518796992481203, "-123|219": 0.007518796992481203, "143|211": 0.007518796992481203, "-186|167": 0.007518796992481203, "-170|202": 0.007518796992481203, "-67|257": 0.007518796992481203, "-194|202": 0.007518796992481203, "-125|224": 0.007518796992481203, "-20|255": 0.007518796992481203, "23|257": 0.007518796992481203, "-159|200": 0.007518796992481203, "142|210": 0.007518796992481203, "-33|248": 0.007518796992481203, "208|156": 0.007518796992481203, "-175|171": 0.007518796992481203, "184|200": 0.007518796992481203, "195|171": 0.007518796992481203, "167|219": 0.007518796992481203, "12|275": 0.007518796992481203, "38|263": 0.007518796992481203, "69|265": 0.007518796992481203, "99|249": 0.007518796992481203}, "AT_RIM": {"-4|15": 0.013513513513513514, "-6|18": 0.013513513513513514, "7|6": 0.04054054054054054, "6|9": 0.013513513513513514, "6|4": 0.04054054054054054, "2|5": 0.02702702702702703, "2|4": 0.013513513513513514, "-21|19": 0.013513513513513514, "4|23": 0.013513513513513514, "13|23": 0.013513513513513514, "7|4": 0.013513513513513514, "4|9": 0.013513513513513514, "-9|8": 0.013513513513513514, "1|-3": 0.013513513513513514, "-12|18": 0.013513513513513514, "-7|4": 0.013513513513513514, "-5|22": 0.013513513513513514, "-16|1": 0.013513513513513514, "-5|10": 0.013513513513513514, "-1|17": 0.013513513513513514, "7|20": 0.013513513513513514, "-4|10": 0.013513513513513514, "-29|-13": 0.013513513513513514, "-10|-1": 0.013513513513513514, "12|23": 0.013513513513513514, "-20|12": 0.013513513513513514, "-4|13": 0.013513513513513514, "5|1": 0.013513513513513514, "11|5": 0.013513513513513514, "-12|-3": 0.013513513513513514, "-4|4": 0.013513513513513514, "-2|5": 0.013513513513513514, "27|17": 0.013513513513513514, "12|8": 0.013513513513513514, "-17|14": 0.013513513513513514, "9|8": 0.013513513513513514, "32|-11": 0.013513513513513514, "15|1": 0.013513513513513514, "7|15": 0.013513513513513514, "5|2": 0.02702702702702703, "-4|7": 0.02702702702702703, "16|-6": 0.013513513513513514, "1|15": 0.013513513513513514, "4|25": 0.013513513513513514, "13|8": 0.013513513513513514, "9|17": 0.013513513513513514, "2|21": 0.013513513513513514, "27|4": 0.013513513513513514, "-7|7": 0.013513513513513514, "-1|-6": 0.013513513513513514, "-9|1": 0.013513513513513514, "1|1": 0.013513513513513514, "-2|11": 0.013513513513513514, "-18|-4": 0.013513513513513514, "-22|7": 0.013513513513513514, "-5|1": 0.013513513513513514, "20|12": 0.013513513513513514, "-39|0": 0.013513513513513514, "-13|2": 0.013513513513513514, "-1|8": 0.013513513513513514, "18|-3": 0.013513513513513514, "20|4": 0.013513513513513514, "-26|13": 0.013513513513513514, "-21|5": 0.013513513513513514, "0|0": 0.02702702702702703, "20|18": 0.013513513513513514}, "CORNER_3": {"-238|65": 0.03125, "232|46": 0.03125, "227|-8": 0.03125, "229|73": 0.03125, "227|32": 0.03125, "230|22": 0.03125, "-232|66": 0.03125, "239|50": 0.03125, "-224|-5": 0.03125, "232|0": 0.03125, "-225|-9": 0.03125, "-230|-1": 0.03125, "230|63": 0.03125, "-243|11": 0.03125, "-227|36": 0.03125, "229|15": 0.03125, "225|42": 0.03125, "-234|74": 0.03125, "-230|-4": 0.03125, "229|27": 0.03125, "227|23": 0.03125, "-229|6": 0.03125, "228|22": 0.03125, "-230|80": 0.03125, "-232|51": 0.03125, "-233|10": 0.03125, "-232|15": 0.03125, "-234|10": 0.03125, "224|6": 0.03125, "-235|13": 0.03125, "-232|86": 0.03125, "-221|-16": 0.03125}, "LONG_MID_RANGE": {"138|44": 0.016666666666666666,