{"ASSIST": 0.18181818181818182, "BLOCK": 0.2, "FG_ARC_3_ATTEMPT": 0.1527777777777778, "FG_ARC_3_BLOCK": 0.0, "FG_ARC_3_MADE": 0.45454545454545453, "FG_ARC_3_MADE_FOUL": 0.0, "FG_AT_RIM_ATTEMPT": 0.12244897959183673, "FG_AT_RIM_BLOCK": 0.02040816326530612, "FG_AT_RIM_MADE": 0.16666666666666666, "FG_AT_RIM_MADE_FOUL": 0.0, "FG_CORNER_3_ATTEMPT": 0.23076923076923078, "FG_CORNER_3_BLOCK": 0.0, "FG_CORNER_3_MADE": 0.3333333333333333, "FG_CORNER_3_MADE_FOUL": 0.0, "FG_LONG_MID_RANGE_ATTEMPT": 0.08, "FG_LONG_MID_RANGE_BLOCK": 0.0, "FG_LONG_MID_RANGE_MADE": 1.0, "FG_LONG_MID_RANGE_MADE_FOUL": 0.0, "FG_SHORT_MID_RANGE_ATTEMPT": 0.04878048780487805, "FG_SHORT_MID_RANGE_BLOCK": 0.0, "FG_SHORT_MID_RANGE_MADE": 0.5, "FG_SHORT_MID_RANGE_MADE_FOUL": 0.0, "FG_XY": {"ARC_3": {"164|263": 0.09090909090909091, "-167|218": 0.09090909090909091, "135|223": 0.09090909090909091, "224|97": 0.09090909090909091, "-16|425": 0.09090909090909091, "-132|235": 0.09090909090909091, "217|205": 0.09090909090909091, "170|212": 0.09090909090909091, "-135|214": 0.09090909090909091, "-110|220": 0.09090909090909091, "-118|224": 0.09090909090909091}, "AT_RIM": {"6|8": 0.16666666666666666, "26|17": 0.16666666666666666, "27|-7": 0.16666666666666666, "-20|7": 0.16666666666666666, "4|6": 0.16666666666666666, "0|0": 0.16666666666666666}, "CORNER_3": {"-243|9": 0.3333333333333333, "225|14": 0.3333333333333333, "-225|-13": 0.3333333333333333}, "LONG_MID_RANGE": {"140|8": 0.5, "110|152": 0.5}, "SHORT_MID_RANGE": {"34|41": 0.5, "33|104": 0.5}}, "FOUL_AWAY_FROM_PLAY": 0.0, "FOULED_AWAY_FROM_PLAY": 0.0, "FOUL_CLEAR_PATH": 0.0, "FOULED_CLEAR_PATH": 0.0, "FOUL_COUNT_AS_PERSONAL": 0.3488372093023256, "FOULED_COUNT_AS_PERSONAL": 0.047619047619047616, "FOUL_COUNT_TOWARD_PENALTY": 0.34146341463414637, "FOULED_COUNT_TOWARD_PENALTY": 0.05, "FOUL_DEFENSIVE_NON_SHOOTING": 0.391304347826087, "FOULED_DEFENSIVE_NON_SHOOTING": 0.08695652173913043, "FOUL_DOUBLE": 0.0, "FOUL_TECHNICAL_DOUBLE": 0.0, "FOUL_FLAGRANT": 0.0, "FOULED_FLAGRANT": 0.0, "FOUL_FLAGRANT_1": 0.0, "FOULED_FLAGRANT_1": 0.0, "FOUL_FLAGRANT_2": 0.0, "FOULED_FLAGRANT_2": 0.0, "FOUL_INBOUND": 0.0, "FOULED_INBOUND": 0.0, "FOUL_LOOSE_BALL": 0.0, "FOULED_LOOSE_BALL": 0.0, "FOUL_OFFENSIVE_CHARGE": 0.0, "FOULED_OFFENSIVE_CHARGE": 0.0, "FOUL_OFFENSIVE_OTHER": 0.0, "FOULED_OFFENSIVE_OTHER": 0.0, "FOUL_OFFENSIVE_TOTAL": 0.5, "FOULED_OFFENSIVE_TOTAL": 0.0, "FOUL_PERSONAL": 0.4117647058823529, "FOULED_PERSONAL": 0.09523809523809523, "FOUL_PERSONAL_BLOCK": 0.0, "FOULED_PERSONAL_BLOCK": 0.0, "FOUL_PERSONAL_TAKE": 0.0, "FOULED_PERSONAL_TAKE": 0.0, "FOUL_SHOOTING": 0.2777777777777778, "FOULED_SHOOTING": 0.0, "FOUL_SHOOTING_BLOCK": 0.0, "FOULED_SHOOTING_BLOCK": 0.0, "FOUL_TECHNICAL": 0.0, "FT": 0.0, "REBOUND_DEFENSIVE": 0.11607142857142858, "REBOUND_OFFENSIVE": 0.044642857142857144, "STEAL": 0.2, "SHOT_TYPE_ARC_3_OFFENSIVE": 0.36, "SHOT_TYPE_ARC_3_DEFENSIVE": 0.3621621621621622, "SHOT_TYPE_AT_RIM_OFFENSIVE": 0.245, "SHOT_TYPE_AT_RIM_DEFENSIVE": 0.23243243243243245, "SHOT_TYPE_CORNER_3_OFFENSIVE": 0.065, "SHOT_TYPE_CORNER_3_DEFENSIVE": 0.08108108108108109, "SHOT_TYPE_LONG_MID_RANGE_OFFENSIVE": 0.125, "SHOT_TYPE_LONG_MID_RANGE_DEFENSIVE": 0.11891891891891893, "SHOT_TYPE_SHORT_MID_RANGE_OFFENSIVE": 0.205, "SHOT_TYPE_SHORT_MID_RANGE_DEFENSIVE": 0.20540540540540542, "TURNOVER": 0.03125, "VIOLATION_DEFENSIVE_GOALTENDING": 0.0, "VIOLATION_DEFENSIVE_KICK_BALL": 0.0}