{"ASSIST": 0.2681564245810056, "BLOCK": 0.03333333333333333, "FG_ARC_3_ATTEMPT": 0.19298245614035087, "FG_ARC_3_BLOCK": 0.0, "FG_ARC_3_MADE": 0.5454545454545454, "FG_ARC_3_MADE_FOUL": 0.0, "FG_AT_RIM_ATTEMPT": 0.20526315789473684, "FG_AT_RIM_BLOCK": 0.005263157894736842, "FG_AT_RIM_MADE": 0.7948717948717948, "FG_AT_RIM_MADE_FOUL": 0.005263157894736842, "FG_CORNER_3_ATTEMPT": 0.2037037037037037, "FG_CORNER_3_BLOCK": 0.0, "FG_CORNER_3_MADE": 0.5454545454545454, "FG_CORNER_3_MADE_FOUL": 0.018518518518518517, "FG_LONG_MID_RANGE_ATTEMPT": 0.14893617021276595, "FG_LONG_MID_RANGE_BLOCK": 0.0, "FG_LONG_MID_RANGE_MADE": 0.5714285714285714, "FG_LONG_MID_RANGE_MADE_FOUL": 0.0, "FG_SHORT_MID_RANGE_ATTEMPT": 0.3057324840764331, "FG_SHORT_MID_RANGE_BLOCK": 0.03184713375796178, "FG_SHORT_MID_RANGE_MADE": 0.3958333333333333, "FG_SHORT_MID_RANGE_MADE_FOUL": 0.0, "FG_XY": {"ARC_3": {"-175|214": 0.030303030303030304, "174|213": 0.030303030303030304, "-175|224": 0.030303030303030304, "-221|115": 0.030303030303030304, "186|196": 0.030303030303030304, "88|294": 0.030303030303030304, "158|211": 0.030303030303030304, "-234|124": 0.030303030303030304, "-183|207": 0.030303030303030304, "9|246": 0.030303030303030304, "70|241": 0.030303030303030304, "34|246": 0.030303030303030304, "-78|252": 0.030303030303030304, "-130|211": 0.030303030303030304, "-190|190": 0.030303030303030304, "143|231": 0.030303030303030304, "176|197": 0.030303030303030304, "161|198": 0.030303030303030304, "45|279": 0.030303030303030304, "147|206": 0.030303030303030304, "-223|136": 0.030303030303030304, "-210|129": 0.030303030303030304, "206|133": 0.030303030303030304, "126|224": 0.030303030303030304, "-157|198": 0.030303030303030304, "51|251": 0.030303030303030304, "156|216": 0.030303030303030304, "140|223": 0.030303030303030304, "170|194": 0.030303030303030304, "208|142": 0.030303030303030304, "-4|257": 0.030303030303030304, "-137|215": 0.030303030303030304, "-100|242": 0.030303030303030304}, "AT_RIM": {"7|-12": 0.02564102564102564, "13|-7": 0.02564102564102564, "9|-5": 0.02564102564102564, "18|18": 0.02564102564102564, "-17|28": 0.02564102564102564, "12|18": 0.02564102564102564, "6|34": 0.02564102564102564, "-12|9": 0.02564102564102564, "-6|8": 0.02564102564102564, "-2|8": 0.02564102564102564, "-2|10": 0.02564102564102564, "-10|24": 0.02564102564102564, "25|7": 0.02564102564102564, "-6|1": 0.02564102564102564, "-34|2": 0.02564102564102564, "21|16": 0.02564102564102564, "-1|34": 0.02564102564102564, "22|22": 0.02564102564102564, "-21|20": 0.02564102564102564, "-20|15": 0.02564102564102564, "0|4": 0.02564102564102564, "-5|5": 0.02564102564102564, "-26|22": 0.02564102564102564, "7|9": 0.02564102564102564, "23|19": 0.02564102564102564, "16|14": 0.02564102564102564, "2|14": 0.02564102564102564, "-17|16": 0.02564102564102564, "23|3": 0.02564102564102564, "17|-1": 0.02564102564102564, "23|2": 0.02564102564102564, "-7|-7": 0.02564102564102564, "-1|4": 0.02564102564102564, "-1|1": 0.02564102564102564, "2|6": 0.02564102564102564, "-4|2": 0.02564102564102564, "9|6": 0.02564102564102564, "-15|2": 0.02564102564102564, "1|8": 0.02564102564102564}, "CORNER_3": {"-228|-1": 0.09090909090909091, "-232|-10": 0.09090909090909091, "-238|-6": 0.09090909090909091, "-234|-19": 0.09090909090909091, "227|31": 0.09090909090909091, "232|8": 0.09090909090909091, "235|11": 0.09090909090909091, "237|1": 0.09090909090909091, "234|-3": 0.09090909090909091, "-228|4": 0.09090909090909091, "232|66": 0.09090909090909091}, "LONG_MID_RANGE": {"-13|151": 0.14285714285714285, "-97|111": 0.14285714285714285, "67|124": 0.14285714285714285, "-12|158": 0.14285714285714285, "107|165": 0.14285714285714285, "-135|99": 0.14285714285714285, "99|141": 0.14285714285714285}, "SHORT_MID_RANGE": {"53|74": 0.020833333333333332, "54|9": 0.020833333333333332, "-80|94": 0.020833333333333332, "-37|102": 0.020833333333333332, "-86|105": 0.020833333333333332, "50|14": 0.020833333333333332, "7|104": 0.020833333333333332, "75|55": 0.020833333333333332, "55|76": 0.020833333333333332, "-76|101": 0.020833333333333332, "26|31": 0.020833333333333332, "-22|34": 0.020833333333333332, "-31|25": 0.020833333333333332, "15|49": 0.020833333333333332, "-13|59": 0.020833333333333332, "-108|71": 0.020833333333333332, "5|86": 0.020833333333333332, "49|86": 0.020833333333333332, "48|16": 0.020833333333333332, "18|124": 0.020833333333333332, "-53|20": 0.020833333333333332, "126|44": 0.020833333333333332, "34|101": 0.020833333333333332, "34|23": 0.020833333333333332, "-47|79": 0.020833333333333332, "-66|71": 0.020833333333333332, "32|77": 0.020833333333333332, "36|104": 0.020833333333333332, "-27|111": 0.020833333333333332, "-17|61": 0.020833333333333332, "72|78": 0.020833333333333332, "43|109": 0.020833333333333332, "-2|105": 0.020833333333333332, "-53|88": 0.020833333333333332, "16|59": 0.020833333333333332, "38|16": 0.020833333333333332, "36|68": 0.020833333333333332, "13|57": 0.020833333333333332, "25|34": 0.020833333333333332, "-7|126": 0.020833333333333332, "2|83": 0.020833333333333332, "-2|76": 0.020833333333333332, "1|78": 0.020833333333333332, "-38|37": 0.020833333333333332, "71|47": 0.020833333333333332, "65|77": 0.020833333333333332, "113|57": 0.020833333333333332, "23|41": 0.020833333333333332}}, "FOUL_AWAY_FROM_PLAY": 0.0, "FOULED_AWAY_FROM_PLAY": 0.0, "FOUL_CLEAR_PATH": 0.0, "FOULED_CLEAR_PATH": 0.0, "FOUL_COUNT_AS_PERSONAL": 0.2361111111111111, "FOULED_COUNT_AS_PERSONAL": 0.20666666666666667, "FOUL_COUNT_TOWARD_PENALTY": 0.2462686567164179, "FOULED_COUNT_TOWARD_PENALTY": 0.19708029197080293, "FOUL_DEFENSIVE_NON_SHOOTING": 0.3287671232876712, "FOULED_DEFENSIVE_NON_SHOOTING": 0.2571428571428571, "FOUL_DOUBLE": 0.0, "FOUL_TECHNICAL_DOUBLE": 0.0, "FOUL_FLAGRANT": 0.0, "FOULED_FLAGRANT": 0.0, "FOUL_FLAGRANT_1": 0.0, "FOULED_FLAGRANT_1": 0.0, "FOUL_FLAGRANT_2": 0.0, "FOULED_FLAGRANT_2": 0.0, "FOUL_INBOUND": 0.0, "FOULED_INBOUND": 0.0, "FOUL_LOOSE_BALL": 0.0, "FOULED_LOOSE_BALL": 0.0, "FOUL_OFFENSIVE_CHARGE": 0.0, "FOULED_OFFENSIVE_CHARGE": 0.0, "FOUL_OFFENSIVE_OTHER": 0.0, "FOULED_OFFENSIVE_OTHER": 0.0, "FOUL_OFFENSIVE_TOTAL": 0.1, "FOULED_OFFENSIVE_TOTAL": 0.3076923076923077, "FOUL_PERSONAL": 0.36363636363636365, "FOULED_PERSONAL": 0.25, "FOUL_PERSONAL_BLOCK": 0.0, "FOULED_PERSONAL_BLOCK": 0.0, "FOUL_PERSONAL_TAKE": 0.3, "FOULED_PERSONAL_TAKE": 1.0, "FOUL_SHOOTING": 0.14754098360655737, "FOULED_SHOOTING": 0.13636363636363635, "FOUL_SHOOTING_BLOCK": 0.0, "FOULED_SHOOTING_BLOCK": 0.0, "FOUL_TECHNICAL": 0.0, "FT": 0.7142857142857143, "REBOUND_DEFENSIVE": 0.09210526315789473, "REBOUND_OFFENSIVE": 0.0029411764705882353, "STEAL": 0.25, "SHOT_TYPE_ARC_3_OFFENSIVE": 0.2762520193861066, "SHOT_TYPE_ARC_3_DEFENSIVE": 0.2553191489361702, "SHOT_TYPE_AT_RIM_OFFENSIVE": 0.3069466882067851, "SHOT_TYPE_AT_RIM_DEFENSIVE": 0.25987841945288753, "SHOT_TYPE_CORNER_3_OFFENSIVE": 0.08723747980613894, "SHOT_TYPE_CORNER_3_DEFENSIVE": 0.08814589665653495, "SHOT_TYPE_LONG_MID_RANGE_OFFENSIVE": 0.07592891760904685, "SHOT_TYPE_LONG_MID_RANGE_DEFENSIVE": 0.11854103343465046, "SHOT_TYPE_SHORT_MID_RANGE_OFFENSIVE": 0.25363489499192243, "SHOT_TYPE_SHORT_MID_RANGE_DEFENSIVE": 0.27811550151975684, "TURNOVER": 0.2358490566037736, "VIOLATION_DEFENSIVE_GOALTENDING": 0.0, "VIOLATION_DEFENSIVE_KICK_BALL": 0.2}