{"ASSIST": 0.15789473684210525, "BLOCK": 0.023809523809523808, "FG_ARC_3_ATTEMPT": 0.22606382978723405, "FG_ARC_3_BLOCK": 0.0, "FG_ARC_3_MADE": 0.21176470588235294, "FG_ARC_3_MADE_FOUL": 0.0, "FG_AT_RIM_ATTEMPT": 0.14, "FG_AT_RIM_BLOCK": 0.016, "FG_AT_RIM_MADE": 0.6285714285714286, "FG_AT_RIM_MADE_FOUL": 0.004, "FG_CORNER_3_ATTEMPT": 0.2727272727272727, "FG_CORNER_3_BLOCK": 0.0, "FG_CORNER_3_MADE": 0.25925925925925924, "FG_CORNER_3_MADE_FOUL": 0.0, "FG_LONG_MID_RANGE_ATTEMPT": 0.2611464968152866, "FG_LONG_MID_RANGE_BLOCK": 0.006369426751592357, "FG_LONG_MID_RANGE_MADE": 0.2926829268292683, "FG_LONG_MID_RANGE_MADE_FOUL": 0.0, "FG_SHORT_MID_RANGE_ATTEMPT": 0.11818181818181818, "FG_SHORT_MID_RANGE_BLOCK": 0.00909090909090909, "FG_SHORT_MID_RANGE_MADE": 0.2692307692307692, "FG_SHORT_MID_RANGE_MADE_FOUL": 0.00909090909090909, "FG_XY": {"ARC_3": {"-157|199": 0.011764705882352941, "-118|228": 0.011764705882352941, "190|172": 0.011764705882352941, "-175|198": 0.011764705882352941, "25|299": 0.011764705882352941, "190|199": 0.011764705882352941, "176|183": 0.011764705882352941, "169|211": 0.011764705882352941, "60|243": 0.011764705882352941, "-102|231": 0.011764705882352941, "173|189": 0.011764705882352941, "163|210": 0.011764705882352941, "-200|141": 0.011764705882352941, "157|203": 0.011764705882352941, "219|120": 0.011764705882352941, "45|269": 0.011764705882352941, "99|241": 0.011764705882352941, "18|265": 0.011764705882352941, "208|134": 0.011764705882352941, "-76|254": 0.011764705882352941, "-142|222": 0.011764705882352941, "80|236": 0.011764705882352941, "17|252": 0.011764705882352941, "97|243": 0.011764705882352941, "151|263": 0.011764705882352941, "167|507": 0.011764705882352941, "216|122": 0.011764705882352941, "221|117": 0.011764705882352941, "9|332": 0.011764705882352941, "120|232": 0.011764705882352941, "2|248": 0.011764705882352941, "192|174": 0.011764705882352941, "-219|124": 0.011764705882352941, "112|309": 0.011764705882352941, "91|260": 0.011764705882352941, "157|214": 0.011764705882352941, "47|258": 0.011764705882352941, "-188|199": 0.011764705882352941, "69|263": 0.011764705882352941, "107|251": 0.011764705882352941, "23|254": 0.011764705882352941, "-70|260": 0.011764705882352941, "-58|251": 0.011764705882352941, "218|120": 0.011764705882352941, "54|262": 0.011764705882352941, "167|211": 0.011764705882352941, "157|183": 0.011764705882352941, "153|209": 0.011764705882352941, "136|236": 0.011764705882352941, "114|239": 0.011764705882352941, "222|123": 0.011764705882352941, "114|256": 0.011764705882352941, "157|233": 0.011764705882352941, "179|190": 0.011764705882352941, "228|94": 0.011764705882352941, "-69|253": 0.011764705882352941, "-170|185": 0.011764705882352941, "203|184": 0.011764705882352941, "75|256": 0.011764705882352941, "-127|216": 0.011764705882352941, "-61|258": 0.011764705882352941, "-184|283": 0.011764705882352941, "168|189": 0.011764705882352941, "134|221": 0.011764705882352941, "97|252": 0.011764705882352941, "44|264": 0.011764705882352941, "172|205": 0.011764705882352941, "216|169": 0.011764705882352941, "-227|120": 0.011764705882352941, "-114|250": 0.011764705882352941, "-4|271": 0.011764705882352941, "-185|216": 0.011764705882352941, "-65|275": 0.011764705882352941, "140|227": 0.011764705882352941, "0|281": 0.011764705882352941, "-17|304": 0.011764705882352941, "116|228": 0.011764705882352941, "146|217": 0.011764705882352941, "224|138": 0.011764705882352941, "125|241": 0.011764705882352941, "216|124": 0.011764705882352941, "-97|248": 0.011764705882352941, "195|167": 0.011764705882352941, "-147|206": 0.011764705882352941, "-211|126": 0.011764705882352941}, "AT_RIM": {"0|11": 0.02857142857142857, "22|15": 0.02857142857142857, "9|8": 0.02857142857142857, "-13|7": 0.02857142857142857, "18|1": 0.02857142857142857, "10|6": 0.02857142857142857, "-10|13": 0.02857142857142857, "-13|5": 0.02857142857142857, "-28|14": 0.02857142857142857, "1|21": 0.02857142857142857, "1|10": 0.02857142857142857, "-29|0": 0.02857142857142857, "1|22": 0.02857142857142857, "16|28": 0.02857142857142857, "17|26": 0.02857142857142857, "4|8": 0.02857142857142857, "-2|7": 0.02857142857142857, "6|4": 0.02857142857142857, "10|-1": 0.02857142857142857, "10|13": 0.02857142857142857, "27|3": 0.02857142857142857, "29|8": 0.02857142857142857, "5|29": 0.02857142857142857, "-4|36": 0.02857142857142857, "-11|16": 0.02857142857142857, "-26|16": 0.02857142857142857, "1|17": 0.02857142857142857, "17|29": 0.02857142857142857, "18|9": 0.02857142857142857, "-2|17": 0.02857142857142857, "-5|33": 0.02857142857142857, "5|22": 0.02857142857142857, "1|39": 0.02857142857142857, "-1|-6": 0.02857142857142857, "7|22": 0.02857142857142857}, "CORNER_3": {"-232|17": 0.037037037037037035, "-227|-6": 0.037037037037037035, "234|1": 0.037037037037037035, "219|4": 0.037037037037037035, "-229|-15": 0.037037037037037035, "-229|9": 0.037037037037037035, "-229|6": 0.037037037037037035, "-228|-3": 0.037037037037037035, "230|25": 0.037037037037037035, "229|67": 0.037037037037037035, "-228|-5": 0.037037037037037035, "229|17": 0.037037037037037035, "-227|38": 0.037037037037037035, "227|18": 0.037037037037037035, "-229|31": 0.037037037037037035, "227|46": 0.07407407407407407, "225|7": 0.037037037037037035, "232|30": 0.037037037037037035, "-228|26": 0.037037037037037035, "238|42": 0.037037037037037035, "-234|65": 0.037037037037037035, "235|47": 0.037037037037037035, "-232|6": 0.037037037037037035, "-230|11": 0.037037037037037035, "233|53": 0.037037037037037035, "227|25": 0.037037037037037035}, "LONG_MID_RANGE": {"146|1": 0.024390243902439025, "-60|136": 0.024390243902439025, "-11|151": 0.024390243902439025, "94|159": 0.024390243902439025, "-40|172": 0.024390243902439025, "26|205": 0.024390243902439025, "-165|87": 0.024390243902439025, "135|150": 0.024390243902439025, "-34|146": 0.024390243902439025, "138|130": 0.024390243902439025, "-129|103": 0.024390243902439025, "159|148": 0.024390243902439025, "121|153": 0.024390243902439025, "37|143": 0.024390243902439025, "98|177": 0.024390243902439025, "119|176": 0.024390243902439025, "74|155": 0.024390243902439025, "75|173": 0.024390243902439025, "-2|185": 0.024390243902439025, "4|146": 0.024390243902439025, "143|166": 0.024390243902439025, "67|180": 0.024390243902439025, "-6|158": 0.024390243902439025, "114|98": 0.024390243902439025, "89|173": 0.024390243902439025, "10|202": 0.024390243902439025, "-50|208": 0.024390243902439025, "7|167": 0.024390243902439025, "-36|206": 0.024390243902439025, "-143|16": 0.024390243902439025, "17|211": 0.024390243902439025, "8|220": 0.024390243902439025, "-9|162": 0.024390243902439025, "-123|115": 0.024390243902439025, "-87|188": 0.024390243902439025, "-143|29": 0.024390243902439025, "7|178": 0.024390243902439025, "-157|85": 0.024390243902439025, "-89|130": 0.024390243902439025, "-142|59": 0.024390243902439025, "-22|167": 0.024390243902439025}, "SHORT_MID_RANGE": {"-56|13": 0.038461538461538464, "-59|125": 0.038461538461538464, "75|46": 0.038461538461538464, "37|30": 0.038461538461538464, "-16|60": 0.038461538461538464, "60|34": 0.038461538461538464, "-108|6": 0.038461538461538464, "2|75": 0.038461538461538464, "-123|47": 0.038461538461538464, "124|11": 0.038461538461538464, "82|2": 0.038461538461538464, "69|38": 0.038461538461538464, "-25|36": 0.038461538461538464, "-39|26": 0.038461538461538464, "-59|116": 0.038461538461538464, "-42|109": 0.038461538461538464, "-93|-17": 0.038461538461538464, "121|-1": 0.038461538461538464, "48|21": 0.038461538461538464, "-112|1": 0.038461538461538464, "-37|113": 0.038461538461538464, "-64|120": 0.038461538461538464, "64|28": 0.038461538461538464, "50|55": 0.038461538461538464, "45|31": 0.038461538461538464, "-85|73": 0.038461538461538464}}, "FOUL_AWAY_FROM_PLAY": 1.0, "FOULED_AWAY_FROM_PLAY": 0.0, "FOUL_CLEAR_PATH": 0.0, "FOULED_CLEAR_PATH": 0.0, "FOUL_COUNT_AS_PERSONAL": 0.16393442622950818, "FOULED_COUNT_AS_PERSONAL": 0.14782608695652175,