{"ASSIST": 0.3684210526315789, "BLOCK": 0.3333333333333333, "FG_ARC_3_ATTEMPT": 0.25925925925925924, "FG_ARC_3_BLOCK": 0.0, "FG_ARC_3_MADE": 0.5714285714285714, "FG_ARC_3_MADE_FOUL": 0.0, "FG_AT_RIM_ATTEMPT": 0.47368421052631576, "FG_AT_RIM_BLOCK": 0.05263157894736842, "FG_AT_RIM_MADE": 0.6666666666666666, "FG_AT_RIM_MADE_FOUL": 0.0, "FG_CORNER_3_ATTEMPT": 0.4, "FG_CORNER_3_BLOCK": 0.0, "FG_CORNER_3_MADE": 1.0, "FG_CORNER_3_MADE_FOUL": 0.0, "FG_LONG_MID_RANGE_ATTEMPT": 0.4444444444444444, "FG_LONG_MID_RANGE_BLOCK": 0.0, "FG_LONG_MID_RANGE_MADE": 0.5, "FG_LONG_MID_RANGE_MADE_FOUL": 0.0, "FG_SHORT_MID_RANGE_ATTEMPT": 0.6, "FG_SHORT_MID_RANGE_BLOCK": 0.1, "FG_SHORT_MID_RANGE_MADE": 0.16666666666666666, "FG_SHORT_MID_RANGE_MADE_FOUL": 0.0, "FG_XY": {"ARC_3": {"0|263": 0.14285714285714285, "23|282": 0.14285714285714285, "-116|224": 0.14285714285714285, "192|188": 0.14285714285714285, "67|256": 0.14285714285714285, "67|264": 0.14285714285714285, "165|204": 0.14285714285714285}, "AT_RIM": {"6|8": 0.1111111111111111, "-6|36": 0.1111111111111111, "-2|20": 0.1111111111111111, "4|15": 0.1111111111111111, "0|21": 0.1111111111111111, "-17|27": 0.1111111111111111, "-12|10": 0.1111111111111111, "9|13": 0.1111111111111111, "-5|7": 0.1111111111111111}, "CORNER_3": {"235|37": 0.5, "-232|-1": 0.5}, "LONG_MID_RANGE": {"5|147": 0.25, "-40|168": 0.25, "59|166": 0.25, "-143|115": 0.25}, "SHORT_MID_RANGE": {"15|104": 0.16666666666666666, "17|46": 0.16666666666666666, "-104|9": 0.16666666666666666, "6|66": 0.16666666666666666, "89|29": 0.16666666666666666, "-81|-10": 0.16666666666666666}}, "FOUL_AWAY_FROM_PLAY": 0.0, "FOULED_AWAY_FROM_PLAY": 1.0, "FOUL_CLEAR_PATH": 0.0, "FOULED_CLEAR_PATH": 0.0, "FOUL_COUNT_AS_PERSONAL": 0.3076923076923077, "FOULED_COUNT_AS_PERSONAL": 1.0, "FOUL_COUNT_TOWARD_PENALTY": 0.3076923076923077, "FOULED_COUNT_TOWARD_PENALTY": 1.0, "FOUL_DEFENSIVE_NON_SHOOTING": 0.2, "FOULED_DEFENSIVE_NON_SHOOTING": 1.0, "FOUL_DOUBLE": 0.0, "FOUL_TECHNICAL_DOUBLE": 0.0, "FOUL_FLAGRANT": 0.0, "FOULED_FLAGRANT": 0.0, "FOUL_FLAGRANT_1": 0.0, "FOULED_FLAGRANT_1": 0.0, "FOUL_FLAGRANT_2": 0.0, "FOULED_FLAGRANT_2": 0.0, "FOUL_INBOUND": 0.0, "FOULED_INBOUND": 0.0, "FOUL_LOOSE_BALL": 0.0, "FOULED_LOOSE_BALL": 1.0, "FOUL_OFFENSIVE_CHARGE": 0.0, "FOULED_OFFENSIVE_CHARGE": 0.0, "FOUL_OFFENSIVE_OTHER": 0.0, "FOULED_OFFENSIVE_OTHER": 0.0, "FOUL_OFFENSIVE_TOTAL": 0.0, "FOULED_OFFENSIVE_TOTAL": 0.0, "FOUL_PERSONAL": 0.25, "FOULED_PERSONAL": 1.0, "FOUL_PERSONAL_BLOCK": 0.0, "FOULED_PERSONAL_BLOCK": 0.0, "FOUL_PERSONAL_TAKE": 0.0, "FOULED_PERSONAL_TAKE": 0.0, "FOUL_SHOOTING": 0.375, "FOULED_SHOOTING": 1.0, "FOUL_SHOOTING_BLOCK": 0.0, "FOULED_SHOOTING_BLOCK": 0.0, "FOUL_TECHNICAL": 0.0, "FT": 0.7777777777777778, "REBOUND_DEFENSIVE": 0.2647058823529412, "REBOUND_OFFENSIVE": 0.1282051282051282, "STEAL": 0.16666666666666666, "SHOT_TYPE_ARC_3_OFFENSIVE": 0.38571428571428573, "SHOT_TYPE_ARC_3_DEFENSIVE": 0.28846153846153844, "SHOT_TYPE_AT_RIM_OFFENSIVE": 0.2714285714285714, "SHOT_TYPE_AT_RIM_DEFENSIVE": 0.3076923076923077, "SHOT_TYPE_CORNER_3_OFFENSIVE": 0.07142857142857142, "SHOT_TYPE_CORNER_3_DEFENSIVE": 0.038461538461538464, "SHOT_TYPE_LONG_MID_RANGE_OFFENSIVE": 0.12857142857142856, "SHOT_TYPE_LONG_MID_RANGE_DEFENSIVE": 0.1346153846153846, "SHOT_TYPE_SHORT_MID_RANGE_OFFENSIVE": 0.14285714285714285, "SHOT_TYPE_SHORT_MID_RANGE_DEFENSIVE": 0.23076923076923078, "TURNOVER": 0.8, "VIOLATION_DEFENSIVE_GOALTENDING": 0.0, "VIOLATION_DEFENSIVE_KICK_BALL": 0.0}