{"ASSIST": 0.1111111111111111, "BLOCK": 0.18181818181818182, "FG_ARC_3_ATTEMPT": 0.10465116279069768, "FG_ARC_3_BLOCK": 0.0, "FG_ARC_3_MADE": 0.3333333333333333, "FG_ARC_3_MADE_FOUL": 0.0, "FG_AT_RIM_ATTEMPT": 0.0392156862745098, "FG_AT_RIM_BLOCK": 0.0196078431372549, "FG_AT_RIM_MADE": 0.5, "FG_AT_RIM_MADE_FOUL": 0.0, "FG_CORNER_3_ATTEMPT": 0.391304347826087, "FG_CORNER_3_BLOCK": 0.0, "FG_CORNER_3_MADE": 0.2222222222222222, "FG_CORNER_3_MADE_FOUL": 0.0, "FG_LONG_MID_RANGE_ATTEMPT": 0.038461538461538464, "FG_LONG_MID_RANGE_BLOCK": 0.0, "FG_LONG_MID_RANGE_MADE": 1.0, "FG_LONG_MID_RANGE_MADE_FOUL": 0.0, "FG_SHORT_MID_RANGE_ATTEMPT": 0.024390243902439025, "FG_SHORT_MID_RANGE_BLOCK": 0.024390243902439025, "FG_SHORT_MID_RANGE_MADE": 0.0, "FG_SHORT_MID_RANGE_MADE_FOUL": 0.0, "FG_XY": {"ARC_3": {"-199|158": 0.1111111111111111, "181|252": 0.1111111111111111, "-170|197": 0.1111111111111111, "-202|167": 0.1111111111111111, "154|225": 0.1111111111111111, "26|258": 0.1111111111111111, "-168|200": 0.1111111111111111, "-136|213": 0.1111111111111111, "-176|217": 0.1111111111111111}, "AT_RIM": {"28|25": 0.5, "-7|4": 0.5}, "CORNER_3": {"-232|15": 0.1111111111111111, "234|13": 0.1111111111111111, "233|19": 0.1111111111111111, "233|4": 0.1111111111111111, "230|68": 0.1111111111111111, "225|11": 0.1111111111111111, "233|69": 0.1111111111111111, "-230|28": 0.1111111111111111, "-229|22": 0.1111111111111111}, "LONG_MID_RANGE": {"1|168": 1.0}, "SHORT_MID_RANGE": {"-42|42": 1.0}}, "FOUL_AWAY_FROM_PLAY": 0.0, "FOULED_AWAY_FROM_PLAY": 0.0, "FOUL_CLEAR_PATH": 0.0, "FOULED_CLEAR_PATH": 0.0, "FOUL_COUNT_AS_PERSONAL": 0.22807017543859648, "FOULED_COUNT_AS_PERSONAL": 0.023255813953488372, "FOUL_COUNT_TOWARD_PENALTY": 0.2653061224489796, "FOULED_COUNT_TOWARD_PENALTY": 0.02631578947368421, "FOUL_DEFENSIVE_NON_SHOOTING": 0.25925925925925924, "FOULED_DEFENSIVE_NON_SHOOTING": 0.05, "FOUL_DOUBLE": 0.0, "FOUL_TECHNICAL_DOUBLE": 0.0, "FOUL_FLAGRANT": 0.0, "FOULED_FLAGRANT": 0.0, "FOUL_FLAGRANT_1": 0.0, "FOULED_FLAGRANT_1": 0.0, "FOUL_FLAGRANT_2": 0.0, "FOULED_FLAGRANT_2": 0.0, "FOUL_INBOUND": 0.0, "FOULED_INBOUND": 0.0, "FOUL_LOOSE_BALL": 0.0, "FOULED_LOOSE_BALL": 0.25, "FOUL_OFFENSIVE_CHARGE": 0.0, "FOULED_OFFENSIVE_CHARGE": 0.0, "FOUL_OFFENSIVE_OTHER": 0.0, "FOULED_OFFENSIVE_OTHER": 0.0, "FOUL_OFFENSIVE_TOTAL": 0.0, "FOULED_OFFENSIVE_TOTAL": 0.0, "FOUL_PERSONAL": 0.3333333333333333, "FOULED_PERSONAL": 0.0, "FOUL_PERSONAL_BLOCK": 0.0, "FOULED_PERSONAL_BLOCK": 0.0, "FOUL_PERSONAL_TAKE": 0.0, "FOULED_PERSONAL_TAKE": 0.0, "FOUL_SHOOTING": 0.2727272727272727, "FOULED_SHOOTING": 0.0, "FOUL_SHOOTING_BLOCK": 0.0, "FOULED_SHOOTING_BLOCK": 0.0, "FOUL_TECHNICAL": 0.0, "FT": 0.0, "REBOUND_DEFENSIVE": 0.09734513274336283, "REBOUND_OFFENSIVE": 0.007633587786259542, "STEAL": 0.05263157894736842, "SHOT_TYPE_ARC_3_OFFENSIVE": 0.3788546255506608, "SHOT_TYPE_ARC_3_DEFENSIVE": 0.3160377358490566, "SHOT_TYPE_AT_RIM_OFFENSIVE": 0.22466960352422907, "SHOT_TYPE_AT_RIM_DEFENSIVE": 0.3584905660377358, "SHOT_TYPE_CORNER_3_OFFENSIVE": 0.1013215859030837, "SHOT_TYPE_CORNER_3_DEFENSIVE": 0.09905660377358491, "SHOT_TYPE_LONG_MID_RANGE_OFFENSIVE": 0.1145374449339207, "SHOT_TYPE_LONG_MID_RANGE_DEFENSIVE": 0.08490566037735849, "SHOT_TYPE_SHORT_MID_RANGE_OFFENSIVE": 0.18061674008810572, "SHOT_TYPE_SHORT_MID_RANGE_DEFENSIVE": 0.14150943396226415, "TURNOVER": 0.06060606060606061, "VIOLATION_DEFENSIVE_GOALTENDING": 0.0, "VIOLATION_DEFENSIVE_KICK_BALL": 0.0}