{"ASSIST": 0.2558139534883721, "BLOCK": 0.0, "FG_ARC_3_ATTEMPT": 0.27906976744186046, "FG_ARC_3_BLOCK": 0.0, "FG_ARC_3_MADE": 0.3333333333333333, "FG_ARC_3_MADE_FOUL": 0.0, "FG_AT_RIM_ATTEMPT": 0.20689655172413793, "FG_AT_RIM_BLOCK": 0.0, "FG_AT_RIM_MADE": 0.8333333333333334, "FG_AT_RIM_MADE_FOUL": 0.0, "FG_CORNER_3_ATTEMPT": 0.13333333333333333, "FG_CORNER_3_BLOCK": 0.0, "FG_CORNER_3_MADE": 0.5, "FG_CORNER_3_MADE_FOUL": 0.0, "FG_LONG_MID_RANGE_ATTEMPT": 0.5428571428571428, "FG_LONG_MID_RANGE_BLOCK": 0.0, "FG_LONG_MID_RANGE_MADE": 0.47368421052631576, "FG_LONG_MID_RANGE_MADE_FOUL": 0.0, "FG_SHORT_MID_RANGE_ATTEMPT": 0.18181818181818182, "FG_SHORT_MID_RANGE_BLOCK": 0.0, "FG_SHORT_MID_RANGE_MADE": 0.5, "FG_SHORT_MID_RANGE_MADE_FOUL": 0.0, "FG_XY": {"ARC_3": {"-77|252": 0.08333333333333333, "-121|238": 0.08333333333333333, "-75|257": 0.08333333333333333, "97|231": 0.08333333333333333, "-195|167": 0.08333333333333333, "116|226": 0.08333333333333333, "-69|259": 0.08333333333333333, "-165|202": 0.08333333333333333, "180|189": 0.08333333333333333, "-15|258": 0.08333333333333333, "120|215": 0.08333333333333333, "89|273": 0.08333333333333333}, "AT_RIM": {"22|7": 0.16666666666666666, "-5|11": 0.16666666666666666, "0|13": 0.16666666666666666, "1|5": 0.16666666666666666, "25|15": 0.16666666666666666, "-1|5": 0.16666666666666666}, "CORNER_3": {"230|-5": 0.5, "239|48": 0.5}, "LONG_MID_RANGE": {"-44|134": 0.05263157894736842, "-159|48": 0.05263157894736842, "-125|141": 0.05263157894736842, "-175|141": 0.05263157894736842, "170|0": 0.05263157894736842, "99|138": 0.05263157894736842, "-140|180": 0.05263157894736842, "-112|174": 0.05263157894736842, "11|211": 0.05263157894736842, "-82|180": 0.05263157894736842, "116|176": 0.05263157894736842, "-167|16": 0.05263157894736842, "134|120": 0.05263157894736842, "-163|5": 0.05263157894736842, "64|179": 0.05263157894736842, "53|186": 0.05263157894736842, "-135|113": 0.05263157894736842, "-82|168": 0.05263157894736842, "-73|133": 0.05263157894736842}, "SHORT_MID_RANGE": {"50|28": 0.16666666666666666, "-65|10": 0.16666666666666666, "-58|112": 0.16666666666666666, "60|82": 0.16666666666666666, "-50|22": 0.16666666666666666, "-20|84": 0.16666666666666666}}, "FOUL_AWAY_FROM_PLAY": 0.0, "FOULED_AWAY_FROM_PLAY": 0.0, "FOUL_CLEAR_PATH": 0.0, "FOULED_CLEAR_PATH": 0.0, "FOUL_COUNT_AS_PERSONAL": 0.15789473684210525, "FOULED_COUNT_AS_PERSONAL": 0.2222222222222222, "FOUL_COUNT_TOWARD_PENALTY": 0.14285714285714285, "FOULED_COUNT_TOWARD_PENALTY": 0.21951219512195122, "FOUL_DEFENSIVE_NON_SHOOTING": 0.0, "FOULED_DEFENSIVE_NON_SHOOTING": 0.17391304347826086, "FOUL_DOUBLE": 0.0, "FOUL_TECHNICAL_DOUBLE": 0.0, "FOUL_FLAGRANT": 0.0, "FOULED_FLAGRANT": 0.0, "FOUL_FLAGRANT_1": 0.0, "FOULED_FLAGRANT_1": 0.0, "FOUL_FLAGRANT_2": 0.0, "FOULED_FLAGRANT_2": 0.0, "FOUL_INBOUND": 0.0, "FOULED_INBOUND": 0.0, "FOUL_LOOSE_BALL": 0.0, "FOULED_LOOSE_BALL": 0.0, "FOUL_OFFENSIVE_CHARGE": 0.0, "FOULED_OFFENSIVE_CHARGE": 0.0, "FOUL_OFFENSIVE_OTHER": 0.0, "FOULED_OFFENSIVE_OTHER": 0.0, "FOUL_OFFENSIVE_TOTAL": 0.3333333333333333, "FOULED_OFFENSIVE_TOTAL": 0.25, "FOUL_PERSONAL": 0.0, "FOULED_PERSONAL": 0.2222222222222222, "FOUL_PERSONAL_BLOCK": 0.0, "FOULED_PERSONAL_BLOCK": 0.0, "FOUL_PERSONAL_TAKE": 0.0, "FOULED_PERSONAL_TAKE": 0.0, "FOUL_SHOOTING": 0.38461538461538464, "FOULED_SHOOTING": 0.29411764705882354, "FOUL_SHOOTING_BLOCK": 0.0, "FOULED_SHOOTING_BLOCK": 0.0, "FOUL_TECHNICAL": 0.0, "FT": 0.9090909090909091, "REBOUND_DEFENSIVE": 0.06666666666666667, "REBOUND_OFFENSIVE": 0.0, "STEAL": 0.2222222222222222, "SHOT_TYPE_ARC_3_OFFENSIVE": 0.27741935483870966, "SHOT_TYPE_ARC_3_DEFENSIVE": 0.31547619047619047, "SHOT_TYPE_AT_RIM_OFFENSIVE": 0.1870967741935484, "SHOT_TYPE_AT_RIM_DEFENSIVE": 0.27976190476190477, "SHOT_TYPE_CORNER_3_OFFENSIVE": 0.0967741935483871, "SHOT_TYPE_CORNER_3_DEFENSIVE": 0.08928571428571429, "SHOT_TYPE_LONG_MID_RANGE_OFFENSIVE": 0.22580645161290322, "SHOT_TYPE_LONG_MID_RANGE_DEFENSIVE": 0.13690476190476192, "SHOT_TYPE_SHORT_MID_RANGE_OFFENSIVE": 0.2129032258064516, "SHOT_TYPE_SHORT_MID_RANGE_DEFENSIVE": 0.17857142857142858, "TURNOVER": 0.32, "VIOLATION_DEFENSIVE_GOALTENDING": 0.0, "VIOLATION_DEFENSIVE_KICK_BALL": 0.0}