{"ASSIST": 0.23008849557522124, "BLOCK": 0.2826086956521739, "FG_ARC_3_ATTEMPT": 0.026905829596412557, "FG_ARC_3_BLOCK": 0.0, "FG_ARC_3_MADE": 1.0, "FG_ARC_3_MADE_FOUL": 0.0, "FG_AT_RIM_ATTEMPT": 0.26666666666666666, "FG_AT_RIM_BLOCK": 0.025925925925925925, "FG_AT_RIM_MADE": 0.6388888888888888, "FG_AT_RIM_MADE_FOUL": 0.018518518518518517, "FG_CORNER_3_ATTEMPT": 0.013157894736842105, "FG_CORNER_3_BLOCK": 0.0, "FG_CORNER_3_MADE": 1.0, "FG_CORNER_3_MADE_FOUL": 0.0, "FG_LONG_MID_RANGE_ATTEMPT": 0.13432835820895522, "FG_LONG_MID_RANGE_BLOCK": 0.0, "FG_LONG_MID_RANGE_MADE": 1.0, "FG_LONG_MID_RANGE_MADE_FOUL": 0.0, "FG_SHORT_MID_RANGE_ATTEMPT": 0.1377952755905512, "FG_SHORT_MID_RANGE_BLOCK": 0.011811023622047244, "FG_SHORT_MID_RANGE_MADE": 0.37142857142857144, "FG_SHORT_MID_RANGE_MADE_FOUL": 0.0, "FG_XY": {"ARC_3": {"38|251": 0.16666666666666666, "190|169": 0.16666666666666666, "45|273": 0.16666666666666666, "-214|116": 0.16666666666666666, "-58|242": 0.16666666666666666, "103|230": 0.16666666666666666}, "AT_RIM": {"0|11": 0.013888888888888888, "4|6": 0.013888888888888888, "0|0": 0.2222222222222222, "2|10": 0.027777777777777776, "-33|19": 0.013888888888888888, "-6|-3": 0.013888888888888888, "12|2": 0.013888888888888888, "-18|32": 0.013888888888888888, "-9|12": 0.013888888888888888, "6|16": 0.013888888888888888, "-1|25": 0.013888888888888888, "-7|25": 0.013888888888888888, "-1|19": 0.013888888888888888, "4|31": 0.013888888888888888, "-6|32": 0.013888888888888888, "5|13": 0.013888888888888888, "-5|12": 0.013888888888888888, "-16|15": 0.013888888888888888, "-2|12": 0.027777777777777776, "-6|10": 0.013888888888888888, "-10|13": 0.013888888888888888, "-13|15": 0.013888888888888888, "16|31": 0.013888888888888888, "-6|8": 0.013888888888888888, "-25|30": 0.013888888888888888, "9|13": 0.027777777777777776, "-16|16": 0.013888888888888888, "1|6": 0.013888888888888888, "-2|4": 0.027777777777777776, "16|28": 0.013888888888888888, "2|6": 0.027777777777777776, "-13|14": 0.013888888888888888, "14|20": 0.013888888888888888, "5|24": 0.013888888888888888, "7|20": 0.013888888888888888, "17|13": 0.013888888888888888, "6|9": 0.013888888888888888, "6|2": 0.013888888888888888, "-4|10": 0.013888888888888888, "23|17": 0.027777777777777776, "-9|-5": 0.013888888888888888, "-1|27": 0.013888888888888888, "-17|5": 0.013888888888888888, "6|8": 0.013888888888888888, "10|-4": 0.013888888888888888, "23|12": 0.013888888888888888, "-2|6": 0.013888888888888888, "28|21": 0.013888888888888888, "-18|15": 0.013888888888888888, "7|3": 0.013888888888888888, "7|8": 0.013888888888888888}, "CORNER_3": {"239|30": 1.0}, "LONG_MID_RANGE": {"9|155": 0.1111111111111111, "-123|115": 0.1111111111111111, "32|176": 0.1111111111111111, "54|154": 0.1111111111111111, "-40|158": 0.1111111111111111, "-12|153": 0.1111111111111111, "23|169": 0.1111111111111111, "103|148": 0.1111111111111111, "55|174": 0.1111111111111111}, "SHORT_MID_RANGE": {"-47|64": 0.02857142857142857, "26|88": 0.02857142857142857, "-42|65": 0.02857142857142857, "89|47": 0.02857142857142857, "-39|71": 0.02857142857142857, "31|26": 0.02857142857142857, "40|55": 0.02857142857142857, "44|9": 0.02857142857142857, "7|56": 0.02857142857142857, "-36|67": 0.02857142857142857, "28|42": 0.02857142857142857, "-96|98": 0.02857142857142857, "5|67": 0.02857142857142857, "42|46": 0.02857142857142857, "-34|62": 0.02857142857142857, "-2|91": 0.02857142857142857, "-12|91": 0.02857142857142857, "-55|116": 0.02857142857142857, "-69|79": 0.02857142857142857, "43|25": 0.02857142857142857, "21|101": 0.02857142857142857, "-67|8": 0.02857142857142857, "-70|73": 0.02857142857142857, "2|78": 0.02857142857142857, "-16|57": 0.02857142857142857, "-27|42": 0.02857142857142857, "-17|68": 0.02857142857142857, "15|81": 0.02857142857142857, "42|120": 0.02857142857142857, "-32|25": 0.02857142857142857, "26|134": 0.02857142857142857, "0|64": 0.02857142857142857, "-22|76": 0.02857142857142857, "60|33": 0.02857142857142857, "-20|127": 0.02857142857142857}}, "FOUL_AWAY_FROM_PLAY": 0.0, "FOULED_AWAY_FROM_PLAY": 0.0, "FOUL_CLEAR_PATH": 0.0, "FOULED_CLEAR_PATH": 0.0, "FOUL_COUNT_AS_PERSONAL": 0.19631901840490798, "FOULED_COUNT_AS_PERSONAL": 0.25, "FOUL_COUNT_TOWARD_PENALTY": 0.18421052631578946, "FOULED_COUNT_TOWARD_PENALTY": 0.25, "FOUL_DEFENSIVE_NON_SHOOTING": 0.21518987341772153, "FOULED_DEFENSIVE_NON_SHOOTING": 0.22105263157894736, "FOUL_DOUBLE": 0.0, "FOUL_TECHNICAL_DOUBLE": 0.0, "FOUL_FLAGRANT": 0.0, "FOULED_FLAGRANT": 0.0, "FOUL_FLAGRANT_1": 0.0, "FOULED_FLAGRANT_1": 0.0, "FOUL_FLAGRANT_2": 0.0, "FOULED_FLAGRANT_2": 0.0, "FOUL_INBOUND": 0.0, "FOULED_INBOUND": 0.0, "FOUL_LOOSE_BALL": 0.0, "FOULED_LOOSE_BALL": 0.75, "FOUL_OFFENSIVE_CHARGE": 0.0, "FOULED_OFFENSIVE_CHARGE": 0.0, "FOUL_OFFENSIVE_OTHER": 0.0, "FOULED_OFFENSIVE_OTHER": 0.0, "FOUL_OFFENSIVE_TOTAL": 0.36363636363636365, "FOULED_OFFENSIVE_TOTAL": 0.25, "FOUL_PERSONAL": 0.12, "FOULED_PERSONAL": 0.2153846153846154, "FOUL_PERSONAL_BLOCK": 0.0, "FOULED_PERSONAL_BLOCK": 0.0, "FOUL_PERSONAL_TAKE": 0.5, "FOULED_PERSONAL_TAKE": 0.05555555555555555, "FOUL_SHOOTING": 0.1506849315068493, "FOULED_SHOOTING": 0.2898550724637681, "FOUL_SHOOTING_BLOCK": 0.0, "FOULED_SHOOTING_BLOCK": 0.0, "FOUL_TECHNICAL": 0.0, "FT": 0.6956521739130435, "REBOUND_DEFENSIVE": 0.1772428884026258, "REBOUND_OFFENSIVE": 0.13900414937759337, "STEAL": 0.16853932584269662, "SHOT_TYPE_ARC_3_OFFENSIVE": 0.250561797752809, "SHOT_TYPE_ARC_3_DEFENSIVE": 0.3229166666666667, "SHOT_TYPE_AT_RIM_OFFENSIVE": 0.30337078651685395, "SHOT_TYPE_AT_RIM_DEFENSIVE": 0.27662037037037035, "SHOT_TYPE_CORNER_3_OFFENSIVE": 0.0853932584269663, "SHOT_TYPE_CORNER_3_DEFENSIVE": 0.07291666666666667, "SHOT_TYPE_LONG_MID_RANGE_OFFENSIVE": 0.07528089887640449, "SHOT_TYPE_LONG_MID_RANGE_DEFENSIVE": 0.1087962962962963, "SHOT_TYPE_SHORT_MID_RANGE_OFFENSIVE": 0.2853932584269663, "SHOT_TYPE_SHORT_MID_RANGE_DEFENSIVE": 0.21875, "TURNOVER": 0.1958041958041958, "VIOLATION_DEFENSIVE_GOALTENDING": 0.0, "VIOLATION_DEFENSIVE_KICK_BALL": 0.16666666666666666}