{"ASSIST": 0.15602836879432624, "BLOCK": 0.03125, "FG_ARC_3_ATTEMPT": 0.21885521885521886, "FG_ARC_3_BLOCK": 0.0, "FG_ARC_3_MADE": 0.24615384615384617, "FG_ARC_3_MADE_FOUL": 0.003367003367003367, "FG_AT_RIM_ATTEMPT": 0.10727969348659004, "FG_AT_RIM_BLOCK": 0.0038314176245210726, "FG_AT_RIM_MADE": 0.8214285714285714, "FG_AT_RIM_MADE_FOUL": 0.0, "FG_CORNER_3_ATTEMPT": 0.15384615384615385, "FG_CORNER_3_BLOCK": 0.01098901098901099, "FG_CORNER_3_MADE": 0.35714285714285715, "FG_CORNER_3_MADE_FOUL": 0.0, "FG_LONG_MID_RANGE_ATTEMPT": 0.2620689655172414, "FG_LONG_MID_RANGE_BLOCK": 0.0, "FG_LONG_MID_RANGE_MADE": 0.3684210526315789, "FG_LONG_MID_RANGE_MADE_FOUL": 0.0, "FG_SHORT_MID_RANGE_ATTEMPT": 0.1455223880597015, "FG_SHORT_MID_RANGE_BLOCK": 0.011194029850746268, "FG_SHORT_MID_RANGE_MADE": 0.5897435897435898, "FG_SHORT_MID_RANGE_MADE_FOUL": 0.007462686567164179, "FG_XY": {"ARC_3": {"-82|242": 0.015384615384615385, "162|199": 0.015384615384615385, "165|199": 0.015384615384615385, "-56|264": 0.015384615384615385, "78|256": 0.015384615384615385, "-184|183": 0.015384615384615385, "50|254": 0.015384615384615385, "-137|209": 0.015384615384615385, "-121|211": 0.015384615384615385, "-80|235": 0.015384615384615385, "167|193": 0.015384615384615385, "129|206": 0.015384615384615385, "202|182": 0.015384615384615385, "214|129": 0.015384615384615385, "186|182": 0.015384615384615385, "-126|232": 0.015384615384615385, "-134|256": 0.015384615384615385, "-45|262": 0.015384615384615385, "-27|265": 0.015384615384615385, "143|205": 0.015384615384615385, "206|164": 0.015384615384615385, "-119|277": 0.015384615384615385, "-168|196": 0.015384615384615385, "212|121": 0.015384615384615385, "60|246": 0.015384615384615385, "75|248": 0.015384615384615385, "-125|315": 0.015384615384615385, "-91|281": 0.015384615384615385, "208|131": 0.015384615384615385, "-119|243": 0.015384615384615385, "-23|247": 0.015384615384615385, "21|242": 0.015384615384615385, "-203|164": 0.015384615384615385, "-152|206": 0.015384615384615385, "94|253": 0.015384615384615385, "118|223": 0.015384615384615385, "-138|258": 0.015384615384615385, "179|171": 0.015384615384615385, "179|206": 0.015384615384615385, "174|210": 0.015384615384615385, "-113|238": 0.015384615384615385, "169|224": 0.015384615384615385, "140|211": 0.015384615384615385, "181|168": 0.015384615384615385, "-175|217": 0.015384615384615385, "134|214": 0.015384615384615385, "-94|278": 0.015384615384615385, "137|216": 0.015384615384615385, "164|210": 0.015384615384615385, "-98|231": 0.015384615384615385, "20|262": 0.015384615384615385, "-53|289": 0.015384615384615385, "-211|125": 0.015384615384615385, "5|306": 0.015384615384615385, "-140|226": 0.015384615384615385, "-116|216": 0.015384615384615385, "-189|168": 0.015384615384615385, "-201|140": 0.015384615384615385, "-112|258": 0.015384615384615385, "127|239": 0.015384615384615385, "-158|220": 0.015384615384615385, "-173|199": 0.015384615384615385, "-113|229": 0.015384615384615385, "-116|244": 0.015384615384615385, "-169|220": 0.015384615384615385}, "AT_RIM": {"22|8": 0.03571428571428571, "-38|6": 0.03571428571428571, "-9|15": 0.03571428571428571, "16|13": 0.03571428571428571, "-5|-6": 0.03571428571428571, "16|-1": 0.03571428571428571, "7|-2": 0.07142857142857142, "2|0": 0.03571428571428571, "11|12": 0.03571428571428571, "-23|21": 0.03571428571428571, "-4|0": 0.03571428571428571, "5|5": 0.03571428571428571, "5|14": 0.03571428571428571, "22|15": 0.03571428571428571, "2|15": 0.03571428571428571, "-17|0": 0.03571428571428571, "23|15": 0.03571428571428571, "0|0": 0.03571428571428571, "-28|3": 0.03571428571428571, "-36|8": 0.03571428571428571, "16|19": 0.03571428571428571, "12|29": 0.03571428571428571, "4|9": 0.03571428571428571, "-1|2": 0.03571428571428571, "-4|28": 0.03571428571428571, "-25|25": 0.03571428571428571, "-23|6": 0.03571428571428571}, "CORNER_3": {"230|58": 0.07142857142857142, "232|67": 0.07142857142857142, "-224|85": 0.07142857142857142, "229|16": 0.07142857142857142, "-245|24": 0.07142857142857142, "-232|39": 0.07142857142857142, "221|66": 0.07142857142857142, "-233|57": 0.07142857142857142, "224|0": 0.07142857142857142, "-232|29": 0.07142857142857142, "228|11": 0.07142857142857142, "-232|42": 0.07142857142857142, "229|25": 0.07142857142857142, "-228|62": 0.07142857142857142}, "LONG_MID_RANGE": {"42|198": 0.02631578947368421, "-126|79": 0.02631578947368421, "7|208": 0.02631578947368421, "-71|225": 0.02631578947368421, "-22|181": 0.02631578947368421, "96|159": 0.02631578947368421, "23|150": 0.02631578947368421, "-96|160": 0.02631578947368421, "163|140": 0.02631578947368421, "-18|232": 0.02631578947368421, "126|67": 0.02631578947368421, "-13|214": 0.02631578947368421, "65|188": 0.02631578947368421, "-115|104": 0.02631578947368421, "-168|-20": 0.02631578947368421, "9|178": 0.02631578947368421, "109|134": 0.02631578947368421, "-142|36": 0.02631578947368421, "-156|27": 0.02631578947368421, "-78|125": 0.02631578947368421, "-210|1": 0.02631578947368421, "163|-27": 0.02631578947368421, "-190|38": 0.02631578947368421, "123|70": 0.02631578947368421, "76|137": 0.02631578947368421, "-33|177": 0.02631578947368421, "179|40": 0.02631578947368421, "-10|183": 0.02631578947368421, "151|127": 0.02631578947368421, "147|25": 0.02631578947368421, "135|194": 0.02631578947368421, "-119|75": 0.02631578947368421, "148|74": 0.02631578947368421, "17|215": 0.02631578947368421, "103|160": 0.02631578947368421, "-119|79": 0.02631578947368421, "-121|121": 0.02631578947368421, "-74|172": 0.02631578947368421}, "SHORT_MID_RANGE": {"-45|96": 0.02564102564102564, "119|-13": 0.02564102564102564, "50|29": 0.02564102564102564, "-44|59": 0.02564102564102564, "40|77": 0.02564102564102564, "-89|38": 0.02564102564102564, "-4|89": 0.02564102564102564, "22|115": 0.02564102564102564, "22|74": 0.02564102564102564, "-54|27": 0.02564102564102564, "-81|34": 0.02564102564102564, "55|84": 0.02564102564102564, "-42|76": 0.02564102564102564, "-31|54": 0.02564102564102564, "-96|13": 0.02564102564102564, "-96|31": 0.02564102564102564, "56|30": 0.02564102564102564, "-136|17": 0.02564102564102564, "-4|48": 0.02564102564102564, "38|88": 0.02564102564102564, "-21|58": 0.02564102564102564, "110|36": 0.02564102564102564, "34|67": 0.02564102564102564, "-134|21": 0.02564102564102564, "65|37": 0.02564102564102564, "-69|53": 0.02564102564102564, "-2|132": 0.02564102564102564, "9|52": 0.02564102564102564, "-1|48": 0.02564102564102564, "56|45": 0.02564102564102564, "67|83": 0.02564102564102564, "-11|46": 0.02564102564102564, "2|108": 0.02564102564102564, "-96|95": 0.02564102564102564, "-67|74": 0.02564102564102564, "54|49": 0.02564102564102564, "-53|69": 0.02564102564102564, "56|122": 0.02564102564102564, "61|31": 0.02564102564102564}}, "FOUL_AWAY_FROM_PLAY": 0.0, "FOULED_AWAY_FROM_PLAY": 0.0, "FOUL_CLEAR_PATH": 0.0, "FOULED_CLEAR_PATH": 0.0, "FOUL_COUNT_AS_PERSONAL": 0.19158878504672897, "FOULED_COUNT_AS_PERSONAL": 0.20081967213114754, "FOUL_COUNT_TOWARD_PENALTY": 0.19306930693069307, "FOULED_COUNT_TOWARD_PENALTY": 0.1853448275862069, "FOUL_DEFENSIVE_NON_SHOOTING": 0.29411764705882354, "FOULED_DEFENSIVE_NON_SHOOTING": 0.25, "FOUL_DOUBLE": 0.0, "FOUL_TECHNICAL_DOUBLE": 0.0, "FOUL_FLAGRANT": 0.0, "FOULED_FLAGRANT": 0.0, "FOUL_FLAGRANT_1": 0.0, "FOULED_FLAGRANT_1": 0.0, "FOUL_FLAGRANT_2": 0.0, "FOULED_FLAGRANT_2": 0.0, "FOUL_INBOUND": 0.0, "FOULED_INBOUND": 0.0, "FOUL_LOOSE_BALL": 0.0, "FOULED_LOOSE_BALL": 0.2, "FOUL_OFFENSIVE_CHARGE": 0.0, "FOULED_OFFENSIVE_CHARGE": 0.5, "FOUL_OFFENSIVE_OTHER": 0.0, "FOULED_OFFENSIVE_OTHER": 0.0, "FOUL_OFFENSIVE_TOTAL": 0.16666666666666666, "FOULED_OFFENSIVE_TOTAL": 0.5, "FOUL_PERSONAL": 0.24285714285714285, "FOULED_PERSONAL": 0.19101123595505617, "FOUL_PERSONAL_BLOCK": 0.0, "FOULED_PERSONAL_BLOCK": 0.0, "FOUL_PERSONAL_TAKE": 0.5, "FOULED_PERSONAL_TAKE": 0.5882352941176471, "FOUL_SHOOTING": 0.09090909090909091, "FOULED_SHOOTING": 0.1206896551724138, "FOUL_SHOOTING_BLOCK": 0.0, "FOULED_SHOOTING_BLOCK": 0.0, "FOUL_TECHNICAL": 0.0,