{"ASSIST": 0.21937321937321938, "BLOCK": 0.1111111111111111, "FG_ARC_3_ATTEMPT": 0.3498542274052478, "FG_ARC_3_BLOCK": 0.0, "FG_ARC_3_MADE": 0.3, "FG_ARC_3_MADE_FOUL": 0.0, "FG_AT_RIM_ATTEMPT": 0.2584541062801932, "FG_AT_RIM_BLOCK": 0.03864734299516908, "FG_AT_RIM_MADE": 0.6728971962616822, "FG_AT_RIM_MADE_FOUL": 0.01932367149758454, "FG_CORNER_3_ATTEMPT": 0.19083969465648856, "FG_CORNER_3_BLOCK": 0.0, "FG_CORNER_3_MADE": 0.52, "FG_CORNER_3_MADE_FOUL": 0.0, "FG_LONG_MID_RANGE_ATTEMPT": 0.3613861386138614, "FG_LONG_MID_RANGE_BLOCK": 0.0, "FG_LONG_MID_RANGE_MADE": 0.410958904109589, "FG_LONG_MID_RANGE_MADE_FOUL": 0.0, "FG_SHORT_MID_RANGE_ATTEMPT": 0.3173913043478261, "FG_SHORT_MID_RANGE_BLOCK": 0.017391304347826087, "FG_SHORT_MID_RANGE_MADE": 0.5205479452054794, "FG_SHORT_MID_RANGE_MADE_FOUL": 0.004347826086956522, "FG_XY": {"ARC_3": {"-130|235": 0.008333333333333333, "-157|218": 0.008333333333333333, "168|235": 0.008333333333333333, "-1|255": 0.008333333333333333, "38|246": 0.008333333333333333, "-45|252": 0.008333333333333333, "-179|180": 0.008333333333333333, "-70|258": 0.008333333333333333, "89|246": 0.008333333333333333, "12|262": 0.008333333333333333, "-94|251": 0.008333333333333333, "97|231": 0.008333333333333333, "-92|259": 0.008333333333333333, "23|247": 0.008333333333333333, "-165|183": 0.008333333333333333, "-151|194": 0.008333333333333333, "-151|195": 0.008333333333333333, "99|239": 0.008333333333333333, "-109|252": 0.008333333333333333, "92|244": 0.008333333333333333, "199|164": 0.008333333333333333, "-93|262": 0.008333333333333333, "162|193": 0.008333333333333333, "-146|213": 0.008333333333333333, "97|245": 0.008333333333333333, "-104|252": 0.008333333333333333, "-118|228": 0.008333333333333333, "100|222": 0.008333333333333333, "116|230": 0.008333333333333333, "225|106": 0.008333333333333333, "89|227": 0.008333333333333333, "74|246": 0.008333333333333333, "-83|239": 0.008333333333333333, "47|253": 0.008333333333333333, "-77|269": 0.008333333333333333, "-13|311": 0.008333333333333333, "152|321": 0.008333333333333333, "-190|163": 0.008333333333333333, "-165|209": 0.008333333333333333, "-175|180": 0.008333333333333333, "-54|263": 0.008333333333333333, "-141|214": 0.008333333333333333, "-80|253": 0.008333333333333333, "165|211": 0.008333333333333333, "27|260": 0.008333333333333333, "-216|147": 0.008333333333333333, "-136|215": 0.008333333333333333, "-62|247": 0.008333333333333333, "-194|179": 0.008333333333333333, "-107|244": 0.008333333333333333, "4|267": 0.008333333333333333, "-109|238": 0.008333333333333333, "-96|254": 0.008333333333333333, "-65|266": 0.008333333333333333, "1|245": 0.008333333333333333, "-2|271": 0.008333333333333333, "-157|202": 0.008333333333333333, "164|194": 0.008333333333333333, "-112|231": 0.008333333333333333, "-11|274": 0.008333333333333333, "181|235": 0.008333333333333333, "55|261": 0.008333333333333333, "227|143": 0.008333333333333333, "76|247": 0.008333333333333333, "-110|236": 0.008333333333333333, "110|252": 0.008333333333333333, "-150|221": 0.008333333333333333, "99|236": 0.008333333333333333, "38|278": 0.008333333333333333, "93|238": 0.008333333333333333, "-203|180": 0.008333333333333333, "146|222": 0.008333333333333333, "179|199": 0.008333333333333333, "210|164": 0.008333333333333333, "96|245": 0.008333333333333333, "179|206": 0.008333333333333333, "-143|231": 0.008333333333333333, "-136|247": 0.008333333333333333, "-129|235": 0.008333333333333333, "-12|264": 0.008333333333333333, "-50|260": 0.008333333333333333, "-7|260": 0.008333333333333333, "228|115": 0.008333333333333333, "0|312": 0.008333333333333333, "-113|235": 0.008333333333333333, "124|272": 0.008333333333333333, "-7|289": 0.008333333333333333, "-158|248": 0.008333333333333333, "-162|211": 0.008333333333333333, "82|238": 0.008333333333333333, "-85|310": 0.008333333333333333, "-196|168": 0.008333333333333333, "-153|205": 0.008333333333333333, "180|177": 0.008333333333333333, "-179|204": 0.008333333333333333, "-96|241": 0.008333333333333333, "29|257": 0.008333333333333333, "96|236": 0.008333333333333333, "125|215": 0.008333333333333333, "26|245": 0.008333333333333333, "-162|222": 0.008333333333333333, "167|209": 0.008333333333333333, "-228|112": 0.008333333333333333, "121|241": 0.008333333333333333, "0|264": 0.008333333333333333, "-132|224": 0.008333333333333333, "45|253": 0.008333333333333333, "-173|187": 0.008333333333333333, "-134|221": 0.008333333333333333, "1|255": 0.008333333333333333, "-70|236": 0.008333333333333333, "-168|179": 0.008333333333333333, "5|260": 0.008333333333333333, "104|236": 0.008333333333333333, "40|264": 0.008333333333333333, "119|237": 0.008333333333333333, "199|173": 0.008333333333333333, "1|272": 0.008333333333333333, "-82|265": 0.008333333333333333, "64|247": 0.008333333333333333}, "AT_RIM": {"23|7": 0.009345794392523364, "-20|3": 0.009345794392523364, "-2|35": 0.009345794392523364, "-18|6": 0.018691588785046728, "-22|24": 0.009345794392523364, "-22|6": 0.009345794392523364, "-2|1": 0.009345794392523364, "-12|6": 0.009345794392523364, "-21|-4": 0.009345794392523364, "-2|5": 0.009345794392523364, "-26|27": 0.009345794392523364, "-9|6": 0.009345794392523364, "16|9": 0.009345794392523364, "5|19": 0.009345794392523364, "-4|2": 0.009345794392523364, "-6|37": 0.009345794392523364, "5|4": 0.018691588785046728, "4|5": 0.009345794392523364, "2|16": 0.009345794392523364, "-2|10": 0.009345794392523364, "4|-3": 0.009345794392523364, "28|-3": 0.009345794392523364, "-6|-4": 0.009345794392523364, "-13|-5": 0.009345794392523364, "13|17": 0.009345794392523364, "20|1": 0.009345794392523364, "16|14": 0.009345794392523364, "-11|-10": 0.009345794392523364, "9|-1": 0.009345794392523364, "0|0": 0.018691588785046728, "9|1": 0.009345794392523364, "-4|-4": 0.009345794392523364, "-1|11": 0.018691588785046728, "-11|25": 0.009345794392523364, "-18|17": 0.009345794392523364, "-25|8": 0.009345794392523364, "-5|8": 0.018691588785046728, "-9|4": 0.009345794392523364, "-33|-4": 0.009345794392523364, "9|17": 0.009345794392523364, "18|4": 0.009345794392523364, "-22|15": 0.009345794392523364, "-6|5": 0.009345794392523364, "29|21": 0.009345794392523364, "17|6": 0.009345794392523364, "-5|13": 0.009345794392523364, "4|6": 0.018691588785046728, "-22|17": 0.009345794392523364, "-6|24": 0.009345794392523364, "0|16": 0.009345794392523364, "-10|35": 0.009345794392523364, "5|8": 0.009345794392523364, "-31|8": 0.009345794392523364, "9|4": 0.009345794392523364, "2|-4": 0.009345794392523364, "-22|-5": 0.009345794392523364, "26|15": 0.009345794392523364, "-28|27": 0.009345794392523364, "11|8": 0.009345794392523364, "-21|4": 0.009345794392523364, "20|9": 0.009345794392523364, "-4|6": 0.009345794392523364, "-18|8": 0.009345794392523364, "-18|9": 0.009345794392523364, "-20|17": 0.009345794392523364, "-18|20": 0.009345794392523364, "-17|13": 0.009345794392523364, "12|22": 0.009345794392523364, "-4|8": 0.009345794392523364, "-10|18": 0.009345794392523364, "16|11": 0.009345794392523364, "-9|7": 0.009345794392523364, "-6|1": 0.009345794392523364, "9|3": 0.009345794392523364, "1|6": 0.018691588785046728, "-32|1": 0.009345794392523364, "-2|26": 0.009345794392523364, "9|10": 0.009345794392523364, "-20|22": 0.009345794392523364, "27|26": 0.009345794392523364, "-11|26": 0.009345794392523364, "18|20": 0.009345794392523364, "10|3": 0.009345794392523364, "20|13": 0.009345794392523364, "-15|1": 0.009345794392523364, "2|4": 0.009345794392523364, "-6|16": 0.009345794392523364, "11|9": 0.009345794392523364, "-7|0": 0.009345794392523364, "25|14": 0.009345794392523364, "-17|3": 0.009345794392523364, "-22|1": 0.009345794392523364, "-15|18": 0.009345794392523364, "29|7": 0.009345794392523364, "23|-1": 0.009345794392523364, "-23|3": 0.009345794392523364, "-13|31": 0.009345794392523364, "-29|25": 0.009345794392523364, "-26|22": 0.009345794392523364, "0|11": 0.009345794392523364}, "CORNER_3": {"222|4": 0.04, "225|-7": 0.04, "233|-6": 0.04, "235|0": 0.04, "-238|31": 0.04, "246|0": 0.04,