{"ASSIST": 0.2727272727272727, "BLOCK": 0.4166666666666667, "FG_ARC_3_ATTEMPT": 0.2549019607843137, "FG_ARC_3_BLOCK": 0.006535947712418301, "FG_ARC_3_MADE": 0.4358974358974359, "FG_ARC_3_MADE_FOUL": 0.0, "FG_AT_RIM_ATTEMPT": 0.24166666666666667, "FG_AT_RIM_BLOCK": 0.016666666666666666, "FG_AT_RIM_MADE": 0.7241379310344828, "FG_AT_RIM_MADE_FOUL": 0.016666666666666666, "FG_CORNER_3_ATTEMPT": 0.14583333333333334, "FG_CORNER_3_BLOCK": 0.0, "FG_CORNER_3_MADE": 1.0, "FG_CORNER_3_MADE_FOUL": 0.0, "FG_LONG_MID_RANGE_ATTEMPT": 0.4772727272727273, "FG_LONG_MID_RANGE_BLOCK": 0.0, "FG_LONG_MID_RANGE_MADE": 0.3333333333333333, "FG_LONG_MID_RANGE_MADE_FOUL": 0.0, "FG_SHORT_MID_RANGE_ATTEMPT": 0.3484848484848485, "FG_SHORT_MID_RANGE_BLOCK": 0.007575757575757576, "FG_SHORT_MID_RANGE_MADE": 0.32608695652173914, "FG_SHORT_MID_RANGE_MADE_FOUL": 0.015151515151515152, "FG_XY": {"ARC_3": {"180|159": 0.02564102564102564, "129|231": 0.02564102564102564, "47|247": 0.02564102564102564, "129|220": 0.02564102564102564, "-87|235": 0.02564102564102564, "-143|205": 0.02564102564102564, "-164|204": 0.02564102564102564, "154|197": 0.02564102564102564, "-64|258": 0.02564102564102564, "85|242": 0.02564102564102564, "-219|130": 0.02564102564102564, "113|239": 0.02564102564102564, "83|264": 0.02564102564102564, "-4|247": 0.02564102564102564, "150|205": 0.02564102564102564, "-159|196": 0.02564102564102564, "-119|241": 0.02564102564102564, "11|286": 0.02564102564102564, "26|251": 0.02564102564102564, "130|215": 0.02564102564102564, "-134|221": 0.02564102564102564, "-17|256": 0.02564102564102564, "-115|254": 0.02564102564102564, "-176|188": 0.02564102564102564, "-71|264": 0.02564102564102564, "-145|209": 0.02564102564102564, "-25|277": 0.02564102564102564, "-104|232": 0.02564102564102564, "-185|174": 0.02564102564102564, "-170|187": 0.02564102564102564, "74|254": 0.02564102564102564, "157|221": 0.02564102564102564, "71|258": 0.02564102564102564, "211|134": 0.02564102564102564, "165|205": 0.02564102564102564, "194|167": 0.02564102564102564, "-29|243": 0.02564102564102564, "-134|254": 0.02564102564102564, "-175|222": 0.02564102564102564}, "AT_RIM": {"13|0": 0.034482758620689655, "-20|-1": 0.034482758620689655, "10|-1": 0.034482758620689655, "-6|8": 0.034482758620689655, "5|-4": 0.034482758620689655, "17|5": 0.034482758620689655, "-25|15": 0.034482758620689655, "27|15": 0.034482758620689655, "29|24": 0.034482758620689655, "11|36": 0.034482758620689655, "-17|9": 0.034482758620689655, "6|2": 0.034482758620689655, "-37|9": 0.034482758620689655, "23|-28": 0.034482758620689655, "-5|21": 0.034482758620689655, "-6|0": 0.034482758620689655, "20|27": 0.034482758620689655, "0|0": 0.13793103448275862, "22|8": 0.034482758620689655, "-10|-20": 0.034482758620689655, "-1|4": 0.034482758620689655, "-12|-4": 0.034482758620689655, "-11|-5": 0.034482758620689655, "-33|3": 0.034482758620689655, "6|17": 0.034482758620689655, "-2|30": 0.034482758620689655}, "CORNER_3": {"222|62": 0.14285714285714285, "221|1": 0.14285714285714285, "230|15": 0.14285714285714285, "-228|-8": 0.14285714285714285, "232|21": 0.14285714285714285, "223|8": 0.14285714285714285, "221|79": 0.14285714285714285}, "LONG_MID_RANGE": {"12|155": 0.023809523809523808, "-120|75": 0.023809523809523808, "150|95": 0.023809523809523808, "1|201": 0.023809523809523808, "-16|142": 0.047619047619047616, "-136|97": 0.023809523809523808, "-77|155": 0.023809523809523808, "-72|120": 0.023809523809523808, "-148|41": 0.023809523809523808, "-158|109": 0.023809523809523808, "-146|110": 0.023809523809523808, "11|173": 0.023809523809523808, "-205|21": 0.023809523809523808, "-91|199": 0.023809523809523808, "-87|167": 0.023809523809523808, "-92|115": 0.023809523809523808, "75|146": 0.023809523809523808, "-27|151": 0.023809523809523808, "-151|128": 0.023809523809523808, "-28|144": 0.023809523809523808, "-127|58": 0.023809523809523808, "-143|25": 0.023809523809523808, "61|169": 0.023809523809523808, "13|160": 0.023809523809523808, "-158|43": 0.023809523809523808, "-112|126": 0.023809523809523808, "-72|127": 0.023809523809523808, "192|8": 0.023809523809523808, "-129|57": 0.023809523809523808, "138|41": 0.023809523809523808, "142|92": 0.023809523809523808, "116|81": 0.023809523809523808, "132|47": 0.023809523809523808, "-45|158": 0.023809523809523808, "-162|94": 0.023809523809523808, "-36|142": 0.023809523809523808, "-121|94": 0.023809523809523808, "-36|162": 0.023809523809523808, "-49|156": 0.023809523809523808, "-96|199": 0.023809523809523808, "-97|158": 0.023809523809523808}, "SHORT_MID_RANGE": {"-131|42": 0.021739130434782608, "-39|96": 0.021739130434782608, "39|57": 0.021739130434782608, "81|19": 0.021739130434782608, "-104|46": 0.021739130434782608, "112|31": 0.021739130434782608, "-39|52": 0.021739130434782608, "120|26": 0.021739130434782608, "45|93": 0.021739130434782608, "-33|127": 0.021739130434782608, "-85|85": 0.021739130434782608, "-53|48": 0.021739130434782608, "-135|9": 0.021739130434782608, "98|73": 0.021739130434782608, "92|58": 0.021739130434782608, "59|66": 0.021739130434782608, "31|64": 0.021739130434782608, "81|105": 0.021739130434782608, "34|104": 0.021739130434782608, "96|47": 0.021739130434782608, "-85|-13": 0.021739130434782608, "-103|16": 0.021739130434782608, "2|67": 0.021739130434782608, "-72|-4": 0.021739130434782608, "74|62": 0.021739130434782608, "-70|67": 0.021739130434782608, "-25|63": 0.021739130434782608, "64|-15": 0.021739130434782608, "96|90": 0.021739130434782608, "135|20": 0.021739130434782608, "-38|85": 0.021739130434782608, "5|103": 0.021739130434782608, "123|24": 0.021739130434782608, "-21|38": 0.021739130434782608, "49|121": 0.021739130434782608, "-96|27": 0.021739130434782608, "25|130": 0.021739130434782608, "65|72": 0.021739130434782608, "66|94": 0.021739130434782608, "-55|105": 0.021739130434782608, "-31|103": 0.021739130434782608, "-77|-2": 0.021739130434782608, "-10|76": 0.021739130434782608, "9|49": 0.021739130434782608, "-4|118": 0.021739130434782608, "-6|53": 0.021739130434782608}}, "FOUL_AWAY_FROM_PLAY": 0.0, "FOULED_AWAY_FROM_PLAY": 0.0, "FOUL_CLEAR_PATH": 0.0, "FOULED_CLEAR_PATH": 0.0, "FOUL_COUNT_AS_PERSONAL": 0.21621621621621623, "FOULED_COUNT_AS_PERSONAL": 0.5985401459854015, "FOUL_COUNT_TOWARD_PENALTY": 0.2169811320754717, "FOULED_COUNT_TOWARD_PENALTY": 0.6212121212121212, "FOUL_DEFENSIVE_NON_SHOOTING": 0.17857142857142858, "FOULED_DEFENSIVE_NON_SHOOTING": 0.6307692307692307, "FOUL_DOUBLE": 0.0, "FOUL_TECHNICAL_DOUBLE": 0.0, "FOUL_FLAGRANT": 0.0, "FOULED_FLAGRANT": 0.0, "FOUL_FLAGRANT_1": 0.0, "FOULED_FLAGRANT_1": 0.0, "FOUL_FLAGRANT_2": 0.0, "FOULED_FLAGRANT_2": 0.0, "FOUL_INBOUND": 0.0, "FOULED_INBOUND": 0.0, "FOUL_LOOSE_BALL": 0.0, "FOULED_LOOSE_BALL": 0.75, "FOUL_OFFENSIVE_CHARGE": 0.0, "FOULED_OFFENSIVE_CHARGE": 0.0, "FOUL_OFFENSIVE_OTHER": 0.0, "FOULED_OFFENSIVE_OTHER": 0.0, "FOUL_OFFENSIVE_TOTAL": 0.2, "FOULED_OFFENSIVE_TOTAL": 0.0, "FOUL_PERSONAL": 0.09523809523809523, "FOULED_PERSONAL": 0.6851851851851852, "FOUL_PERSONAL_BLOCK": 0.0, "FOULED_PERSONAL_BLOCK": 0.0, "FOUL_PERSONAL_TAKE": 0.4444444444444444, "FOULED_PERSONAL_TAKE": 0.14285714285714285, "FOUL_SHOOTING": 0.26, "FOULED_SHOOTING": 0.6119402985074627, "FOUL_SHOOTING_BLOCK": 0.0, "FOULED_SHOOTING_BLOCK": 0.0, "FOUL_TECHNICAL": 0.5714285714285714, "FT": 0.7755102040816326, "REBOUND_DEFENSIVE": 0.23837209302325582, "REBOUND_OFFENSIVE": 0.061224489795918366, "STEAL": 0.17647058823529413, "SHOT_TYPE_ARC_3_OFFENSIVE": 0.2828096118299446, "SHOT_TYPE_ARC_3_DEFENSIVE": 0.28040540540540543, "SHOT_TYPE_AT_RIM_OFFENSIVE": 0.22181146025878004, "SHOT_TYPE_AT_RIM_DEFENSIVE": 0.2719594594594595, "SHOT_TYPE_CORNER_3_OFFENSIVE": 0.08872458410351201, "SHOT_TYPE_CORNER_3_DEFENSIVE": 0.06925675675675676, "SHOT_TYPE_LONG_MID_RANGE_OFFENSIVE": 0.16266173752310537, "SHOT_TYPE_LONG_MID_RANGE_DEFENSIVE": 0.13006756756756757, "SHOT_TYPE_SHORT_MID_RANGE_OFFENSIVE": 0.24399260628465805, "SHOT_TYPE_SHORT_MID_RANGE_DEFENSIVE": 0.2483108108108108, "TURNOVER": 0.34831460674157305,