{"ASSIST": 0.215962441314554, "BLOCK": 0.17391304347826086, "FG_ARC_3_ATTEMPT": 0.14903846153846154, "FG_ARC_3_BLOCK": 0.0, "FG_ARC_3_MADE": 0.3548387096774194, "FG_ARC_3_MADE_FOUL": 0.0, "FG_AT_RIM_ATTEMPT": 0.22040816326530613, "FG_AT_RIM_BLOCK": 0.02040816326530612, "FG_AT_RIM_MADE": 0.6296296296296297, "FG_AT_RIM_MADE_FOUL": 0.00816326530612245, "FG_CORNER_3_ATTEMPT": 0.17204301075268819, "FG_CORNER_3_BLOCK": 0.010752688172043012, "FG_CORNER_3_MADE": 0.375, "FG_CORNER_3_MADE_FOUL": 0.0, "FG_LONG_MID_RANGE_ATTEMPT": 0.28205128205128205, "FG_LONG_MID_RANGE_BLOCK": 0.0, "FG_LONG_MID_RANGE_MADE": 0.36363636363636365, "FG_LONG_MID_RANGE_MADE_FOUL": 0.0, "FG_SHORT_MID_RANGE_ATTEMPT": 0.19796954314720813, "FG_SHORT_MID_RANGE_BLOCK": 0.01015228426395939, "FG_SHORT_MID_RANGE_MADE": 0.358974358974359, "FG_SHORT_MID_RANGE_MADE_FOUL": 0.0, "FG_XY": {"ARC_3": {"-77|243": 0.03225806451612903, "152|200": 0.03225806451612903, "218|121": 0.03225806451612903, "161|211": 0.03225806451612903, "200|160": 0.03225806451612903, "-188|181": 0.03225806451612903, "-119|232": 0.03225806451612903, "134|231": 0.03225806451612903, "-10|284": 0.03225806451612903, "16|250": 0.03225806451612903, "103|224": 0.03225806451612903, "124|225": 0.03225806451612903, "-141|214": 0.03225806451612903, "-147|200": 0.03225806451612903, "125|224": 0.03225806451612903, "127|229": 0.03225806451612903, "-126|244": 0.03225806451612903, "158|216": 0.03225806451612903, "21|247": 0.03225806451612903, "-48|258": 0.03225806451612903, "202|143": 0.03225806451612903, "-74|276": 0.03225806451612903, "-108|237": 0.03225806451612903, "217|105": 0.03225806451612903, "214|140": 0.03225806451612903, "179|183": 0.03225806451612903, "126|226": 0.03225806451612903, "25|258": 0.03225806451612903, "2|258": 0.03225806451612903, "-146|236": 0.03225806451612903, "-175|206": 0.03225806451612903}, "AT_RIM": {"-13|16": 0.018518518518518517, "21|32": 0.018518518518518517, "-5|8": 0.018518518518518517, "2|12": 0.018518518518518517, "11|15": 0.018518518518518517, "-22|10": 0.018518518518518517, "-6|9": 0.018518518518518517, "-11|5": 0.018518518518518517, "0|0": 0.14814814814814814, "-1|21": 0.018518518518518517, "11|26": 0.018518518518518517, "22|29": 0.018518518518518517, "11|20": 0.018518518518518517, "-2|11": 0.018518518518518517, "1|10": 0.018518518518518517, "2|9": 0.018518518518518517, "-28|21": 0.018518518518518517, "-6|0": 0.018518518518518517, "7|11": 0.018518518518518517, "-10|5": 0.018518518518518517, "23|1": 0.018518518518518517, "17|21": 0.018518518518518517, "-2|5": 0.018518518518518517, "33|11": 0.018518518518518517, "-23|-3": 0.018518518518518517, "10|16": 0.018518518518518517, "10|19": 0.018518518518518517, "-5|11": 0.018518518518518517, "-21|14": 0.018518518518518517, "-7|20": 0.018518518518518517, "-25|29": 0.018518518518518517, "6|9": 0.018518518518518517, "7|4": 0.018518518518518517, "-13|5": 0.018518518518518517, "4|1": 0.018518518518518517, "16|23": 0.018518518518518517, "18|16": 0.018518518518518517, "15|20": 0.018518518518518517, "7|21": 0.018518518518518517, "10|6": 0.018518518518518517, "-1|5": 0.018518518518518517, "7|6": 0.018518518518518517, "-2|8": 0.018518518518518517, "0|1": 0.018518518518518517, "7|10": 0.018518518518518517, "-23|28": 0.018518518518518517, "5|8": 0.018518518518518517}, "CORNER_3": {"-233|10": 0.0625, "-229|34": 0.0625, "225|32": 0.0625, "229|58": 0.0625, "-237|20": 0.0625, "-237|-1": 0.0625, "239|48": 0.0625, "240|34": 0.0625, "-237|-6": 0.0625, "239|51": 0.0625, "-234|0": 0.0625, "232|20": 0.0625, "228|41": 0.0625, "232|-8": 0.0625, "-228|28": 0.0625, "-234|11": 0.0625}, "LONG_MID_RANGE": {"-4|147": 0.09090909090909091, "-1|158": 0.09090909090909091, "59|155": 0.09090909090909091, "23|140": 0.09090909090909091, "-50|159": 0.09090909090909091, "-23|190": 0.09090909090909091, "-7|193": 0.09090909090909091, "-209|-8": 0.09090909090909091, "202|75": 0.09090909090909091, "110|131": 0.09090909090909091, "-40|162": 0.09090909090909091}, "SHORT_MID_RANGE": {"16|127": 0.02564102564102564, "58|32": 0.02564102564102564, "13|137": 0.02564102564102564, "-25|104": 0.02564102564102564, "62|52": 0.02564102564102564, "4|118": 0.02564102564102564, "59|85": 0.02564102564102564, "-55|41": 0.02564102564102564, "-32|102": 0.02564102564102564, "42|78": 0.02564102564102564, "93|26": 0.02564102564102564, "12|75": 0.02564102564102564, "-12|82": 0.02564102564102564, "27|94": 0.02564102564102564, "33|73": 0.02564102564102564, "-45|109": 0.02564102564102564, "-55|38": 0.02564102564102564, "28|90": 0.02564102564102564, "69|5": 0.02564102564102564, "-77|91": 0.02564102564102564, "-38|133": 0.02564102564102564, "42|68": 0.02564102564102564, "-45|30": 0.02564102564102564, "-26|36": 0.02564102564102564, "5|108": 0.02564102564102564, "10|57": 0.02564102564102564, "43|61": 0.02564102564102564, "-91|71": 0.02564102564102564, "-59|91": 0.02564102564102564, "36|19": 0.02564102564102564, "4|85": 0.02564102564102564, "129|45": 0.02564102564102564, "2|73": 0.02564102564102564, "1|58": 0.02564102564102564, "103|18": 0.02564102564102564, "-5|90": 0.02564102564102564, "36|73": 0.02564102564102564, "12|95": 0.02564102564102564, "49|96": 0.02564102564102564}}, "FOUL_AWAY_FROM_PLAY": 0.0, "FOULED_AWAY_FROM_PLAY": 0.0, "FOUL_CLEAR_PATH": 0.0, "FOULED_CLEAR_PATH": 1.0, "FOUL_COUNT_AS_PERSONAL": 0.16568047337278108, "FOULED_COUNT_AS_PERSONAL": 0.10067114093959731, "FOUL_COUNT_TOWARD_PENALTY": 0.1592356687898089, "FOULED_COUNT_TOWARD_PENALTY": 0.09352517985611511, "FOUL_DEFENSIVE_NON_SHOOTING": 0.2, "FOULED_DEFENSIVE_NON_SHOOTING": 0.1, "FOUL_DOUBLE": 0.0, "FOUL_TECHNICAL_DOUBLE": 0.0, "FOUL_FLAGRANT": 0.0, "FOULED_FLAGRANT": 0.0, "FOUL_FLAGRANT_1": 0.0, "FOULED_FLAGRANT_1": 0.0, "FOUL_FLAGRANT_2": 0.0, "FOULED_FLAGRANT_2": 0.0, "FOUL_INBOUND": 0.0, "FOULED_INBOUND": 0.0, "FOUL_LOOSE_BALL": 0.0, "FOULED_LOOSE_BALL": 0.0, "FOUL_OFFENSIVE_CHARGE": 0.3333333333333333, "FOULED_OFFENSIVE_CHARGE": 1.0, "FOUL_OFFENSIVE_OTHER": 0.0, "FOULED_OFFENSIVE_OTHER": 0.0, "FOUL_OFFENSIVE_TOTAL": 0.25, "FOULED_OFFENSIVE_TOTAL": 0.2, "FOUL_PERSONAL": 0.19148936170212766, "FOULED_PERSONAL": 0.11764705882352941, "FOUL_PERSONAL_BLOCK": 0.0, "FOULED_PERSONAL_BLOCK": 0.0, "FOUL_PERSONAL_TAKE": 0.3125, "FOULED_PERSONAL_TAKE": 0.043478260869565216, "FOUL_SHOOTING": 0.12195121951219512, "FOULED_SHOOTING": 0.0847457627118644, "FOUL_SHOOTING_BLOCK": 0.0, "FOULED_SHOOTING_BLOCK": 0.0, "FOUL_TECHNICAL": 0.0, "FT": 0.7647058823529411, "REBOUND_DEFENSIVE": 0.21164021164021163, "REBOUND_OFFENSIVE": 0.045662100456621, "STEAL": 0.2, "SHOT_TYPE_ARC_3_OFFENSIVE": 0.2659846547314578, "SHOT_TYPE_ARC_3_DEFENSIVE": 0.3258278145695364, "SHOT_TYPE_AT_RIM_OFFENSIVE": 0.3132992327365729, "SHOT_TYPE_AT_RIM_DEFENSIVE": 0.32450331125827814, "SHOT_TYPE_CORNER_3_OFFENSIVE": 0.11892583120204604, "SHOT_TYPE_CORNER_3_DEFENSIVE": 0.06754966887417219, "SHOT_TYPE_LONG_MID_RANGE_OFFENSIVE": 0.049872122762148335, "SHOT_TYPE_LONG_MID_RANGE_DEFENSIVE": 0.09536423841059603, "SHOT_TYPE_SHORT_MID_RANGE_OFFENSIVE": 0.25191815856777494, "SHOT_TYPE_SHORT_MID_RANGE_DEFENSIVE": 0.18675496688741722, "TURNOVER": 0.14516129032258066, "VIOLATION_DEFENSIVE_GOALTENDING": 0.0, "VIOLATION_DEFENSIVE_KICK_BALL": 0.16666666666666666}