{"ASSIST": 0.13071895424836602, "BLOCK": 0.2692307692307692, "FG_ARC_3_ATTEMPT": 0.052083333333333336, "FG_ARC_3_BLOCK": 0.0, "FG_ARC_3_MADE": 1.0, "FG_ARC_3_MADE_FOUL": 0.0, "FG_AT_RIM_ATTEMPT": 0.13218390804597702, "FG_AT_RIM_BLOCK": 0.017241379310344827, "FG_AT_RIM_MADE": 0.30434782608695654, "FG_AT_RIM_MADE_FOUL": 0.005747126436781609, "FG_CORNER_3_ATTEMPT": 0.16363636363636364, "FG_CORNER_3_BLOCK": 0.0, "FG_CORNER_3_MADE": 0.3333333333333333, "FG_CORNER_3_MADE_FOUL": 0.0, "FG_LONG_MID_RANGE_ATTEMPT": 0.05434782608695652, "FG_LONG_MID_RANGE_BLOCK": 0.0, "FG_LONG_MID_RANGE_MADE": 0.6, "FG_LONG_MID_RANGE_MADE_FOUL": 0.0, "FG_SHORT_MID_RANGE_ATTEMPT": 0.12244897959183673, "FG_SHORT_MID_RANGE_BLOCK": 0.006802721088435374, "FG_SHORT_MID_RANGE_MADE": 0.1111111111111111, "FG_SHORT_MID_RANGE_MADE_FOUL": 0.0, "FG_XY": {"ARC_3": {"-181|212": 0.1, "62|247": 0.1, "-170|213": 0.1, "-184|178": 0.1, "-56|327": 0.1, "-147|205": 0.1, "-115|265": 0.1, "87|235": 0.1, "-141|224": 0.1, "-169|212": 0.1}, "AT_RIM": {"-2|9": 0.043478260869565216, "0|0": 0.5652173913043478, "6|25": 0.043478260869565216, "23|-5": 0.043478260869565216, "-1|37": 0.043478260869565216, "13|14": 0.043478260869565216, "-1|2": 0.043478260869565216, "18|21": 0.043478260869565216, "-16|-4": 0.043478260869565216, "-28|10": 0.043478260869565216, "23|11": 0.043478260869565216}, "CORNER_3": {"229|54": 0.1111111111111111, "238|-6": 0.1111111111111111, "-229|1": 0.1111111111111111, "229|21": 0.1111111111111111, "-223|-12": 0.1111111111111111, "-219|-8": 0.1111111111111111, "-232|42": 0.1111111111111111, "230|43": 0.1111111111111111, "-233|8": 0.1111111111111111}, "LONG_MID_RANGE": {"-6|165": 0.2, "-17|198": 0.2, "-6|182": 0.2, "86|144": 0.2, "36|138": 0.2}, "SHORT_MID_RANGE": {"-114|49": 0.05555555555555555, "-27|38": 0.05555555555555555, "124|59": 0.05555555555555555, "-50|117": 0.05555555555555555, "-32|94": 0.05555555555555555, "-58|99": 0.05555555555555555, "-50|55": 0.05555555555555555, "7|86": 0.05555555555555555, "-20|68": 0.05555555555555555, "31|84": 0.05555555555555555, "1|111": 0.05555555555555555, "-11|47": 0.05555555555555555, "12|114": 0.05555555555555555, "55|95": 0.05555555555555555, "-120|0": 0.05555555555555555, "4|67": 0.05555555555555555, "43|20": 0.05555555555555555, "-20|104": 0.05555555555555555}}, "FOUL_AWAY_FROM_PLAY": 0.0, "FOULED_AWAY_FROM_PLAY": 1.0, "FOUL_CLEAR_PATH": 0.0, "FOULED_CLEAR_PATH": 0.0, "FOUL_COUNT_AS_PERSONAL": 0.18620689655172415, "FOULED_COUNT_AS_PERSONAL": 0.1956521739130435, "FOUL_COUNT_TOWARD_PENALTY": 0.17829457364341086, "FOULED_COUNT_TOWARD_PENALTY": 0.203125, "FOUL_DEFENSIVE_NON_SHOOTING": 0.18309859154929578, "FOULED_DEFENSIVE_NON_SHOOTING": 0.14285714285714285, "FOUL_DOUBLE": 0.0, "FOUL_TECHNICAL_DOUBLE": 0.0, "FOUL_FLAGRANT": 0.0, "FOULED_FLAGRANT": 0.0, "FOUL_FLAGRANT_1": 0.0, "FOULED_FLAGRANT_1": 0.0, "FOUL_FLAGRANT_2": 0.0, "FOULED_FLAGRANT_2": 0.0, "FOUL_INBOUND": 0.0, "FOULED_INBOUND": 0.0, "FOUL_LOOSE_BALL": 0.0, "FOULED_LOOSE_BALL": 0.5, "FOUL_OFFENSIVE_CHARGE": 0.125, "FOULED_OFFENSIVE_CHARGE": 0.0, "FOUL_OFFENSIVE_OTHER": 0.0, "FOULED_OFFENSIVE_OTHER": 0.0, "FOUL_OFFENSIVE_TOTAL": 0.25, "FOULED_OFFENSIVE_TOTAL": 0.1, "FOUL_PERSONAL": 0.16666666666666666, "FOULED_PERSONAL": 0.13333333333333333, "FOUL_PERSONAL_BLOCK": 0.0, "FOULED_PERSONAL_BLOCK": 0.0, "FOUL_PERSONAL_TAKE": 0.0, "FOULED_PERSONAL_TAKE": 0.0, "FOUL_SHOOTING": 0.1724137931034483, "FOULED_SHOOTING": 0.25, "FOUL_SHOOTING_BLOCK": 0.0, "FOULED_SHOOTING_BLOCK": 0.0, "FOUL_TECHNICAL": 0.0, "FT": 0.7272727272727273, "REBOUND_DEFENSIVE": 0.11935483870967742, "REBOUND_OFFENSIVE": 0.1266490765171504, "STEAL": 0.21428571428571427, "SHOT_TYPE_ARC_3_OFFENSIVE": 0.2909090909090909, "SHOT_TYPE_ARC_3_DEFENSIVE": 0.3263888888888889, "SHOT_TYPE_AT_RIM_OFFENSIVE": 0.2636363636363636, "SHOT_TYPE_AT_RIM_DEFENSIVE": 0.2638888888888889, "SHOT_TYPE_CORNER_3_OFFENSIVE": 0.08333333333333333, "SHOT_TYPE_CORNER_3_DEFENSIVE": 0.13368055555555555, "SHOT_TYPE_LONG_MID_RANGE_OFFENSIVE": 0.1393939393939394, "SHOT_TYPE_LONG_MID_RANGE_DEFENSIVE": 0.09027777777777778, "SHOT_TYPE_SHORT_MID_RANGE_OFFENSIVE": 0.22272727272727272, "SHOT_TYPE_SHORT_MID_RANGE_DEFENSIVE": 0.1857638888888889, "TURNOVER": 0.0891089108910891, "VIOLATION_DEFENSIVE_GOALTENDING": 0.0, "VIOLATION_DEFENSIVE_KICK_BALL": 1.0}