{"ASSIST": 0.3396825396825397, "BLOCK": 0.08974358974358974, "FG_ARC_3_ATTEMPT": 0.22375690607734808, "FG_ARC_3_BLOCK": 0.0, "FG_ARC_3_MADE": 0.3950617283950617, "FG_ARC_3_MADE_FOUL": 0.0, "FG_AT_RIM_ATTEMPT": 0.24539877300613497, "FG_AT_RIM_BLOCK": 0.012269938650306749, "FG_AT_RIM_MADE": 0.7875, "FG_AT_RIM_MADE_FOUL": 0.02147239263803681, "FG_CORNER_3_ATTEMPT": 0.20437956204379562, "FG_CORNER_3_BLOCK": 0.0, "FG_CORNER_3_MADE": 0.39285714285714285, "FG_CORNER_3_MADE_FOUL": 0.0, "FG_LONG_MID_RANGE_ATTEMPT": 0.1076923076923077, "FG_LONG_MID_RANGE_BLOCK": 0.007692307692307693, "FG_LONG_MID_RANGE_MADE": 0.5, "FG_LONG_MID_RANGE_MADE_FOUL": 0.0, "FG_SHORT_MID_RANGE_ATTEMPT": 0.1889763779527559, "FG_SHORT_MID_RANGE_BLOCK": 0.003937007874015748, "FG_SHORT_MID_RANGE_MADE": 0.5208333333333334, "FG_SHORT_MID_RANGE_MADE_FOUL": 0.003937007874015748, "FG_XY": {"ARC_3": {"208|148": 0.012345679012345678, "-238|91": 0.012345679012345678, "92|226": 0.012345679012345678, "203|236": 0.012345679012345678, "-159|187": 0.012345679012345678, "-103|226": 0.012345679012345678, "221|100": 0.012345679012345678, "162|212": 0.012345679012345678, "-224|134": 0.012345679012345678, "163|233": 0.012345679012345678, "-163|222": 0.012345679012345678, "-87|251": 0.012345679012345678, "-10|262": 0.012345679012345678, "-147|225": 0.012345679012345678, "82|236": 0.012345679012345678, "180|192": 0.012345679012345678, "213|147": 0.012345679012345678, "-157|263": 0.012345679012345678, "137|231": 0.012345679012345678, "-86|249": 0.012345679012345678, "158|215": 0.012345679012345678, "26|276": 0.012345679012345678, "135|255": 0.012345679012345678, "-137|264": 0.012345679012345678, "-162|239": 0.012345679012345678, "-22|267": 0.012345679012345678, "98|232": 0.012345679012345678, "185|203": 0.012345679012345678, "28|248": 0.012345679012345678, "51|259": 0.012345679012345678, "146|220": 0.012345679012345678, "-186|167": 0.012345679012345678, "-44|264": 0.012345679012345678, "-18|250": 0.012345679012345678, "32|266": 0.012345679012345678, "-152|214": 0.012345679012345678, "80|252": 0.012345679012345678, "-237|102": 0.012345679012345678, "-200|140": 0.012345679012345678, "-120|235": 0.012345679012345678, "-119|225": 0.012345679012345678, "131|237": 0.012345679012345678, "94|248": 0.012345679012345678, "-183|169": 0.012345679012345678, "-235|93": 0.012345679012345678, "-113|214": 0.012345679012345678, "238|115": 0.012345679012345678, "126|227": 0.012345679012345678, "235|111": 0.012345679012345678, "113|232": 0.012345679012345678, "45|264": 0.012345679012345678, "-169|197": 0.012345679012345678, "-201|162": 0.012345679012345678, "-88|267": 0.012345679012345678, "61|240": 0.012345679012345678, "-119|237": 0.012345679012345678, "-114|219": 0.012345679012345678, "-56|257": 0.012345679012345678, "151|212": 0.012345679012345678, "138|230": 0.012345679012345678, "-71|251": 0.012345679012345678, "15|280": 0.012345679012345678, "229|155": 0.012345679012345678, "92|258": 0.012345679012345678, "-44|253": 0.012345679012345678, "131|214": 0.012345679012345678, "-172|301": 0.012345679012345678, "80|240": 0.012345679012345678, "-99|241": 0.012345679012345678, "197|167": 0.012345679012345678, "123|235": 0.012345679012345678, "200|206": 0.012345679012345678, "-154|203": 0.012345679012345678, "-232|105": 0.012345679012345678, "201|129": 0.012345679012345678, "192|177": 0.012345679012345678, "129|211": 0.012345679012345678, "85|263": 0.012345679012345678, "118|246": 0.012345679012345678, "-9|256": 0.012345679012345678, "97|253": 0.012345679012345678}, "AT_RIM": {"0|3": 0.0125, "2|-7": 0.0125, "11|11": 0.0125, "22|30": 0.0125, "-15|36": 0.0125, "5|21": 0.0125, "1|31": 0.0125, "22|8": 0.0125, "5|8": 0.0125, "0|4": 0.0125, "25|22": 0.0125, "-17|26": 0.0125, "-31|-1": 0.0125, "25|17": 0.0125, "9|4": 0.0125, "-6|8": 0.0125, "-13|26": 0.0125, "15|17": 0.0125, "-13|31": 0.0125, "25|14": 0.0125, "33|17": 0.0125, "-7|32": 0.0125, "12|11": 0.0125, "16|20": 0.0125, "-12|36": 0.0125, "22|11": 0.0125, "-6|1": 0.0125, "-17|24": 0.0125, "18|25": 0.0125, "28|17": 0.0125, "-22|11": 0.0125, "-4|13": 0.0125, "27|11": 0.0125, "0|17": 0.0125, "-6|16": 0.0125, "2|5": 0.0125, "1|10": 0.0125, "5|22": 0.0125, "2|0": 0.0125, "6|17": 0.0125, "-5|1": 0.0125, "2|3": 0.0125, "4|5": 0.025, "0|0": 0.0375, "2|1": 0.0125, "-2|12": 0.0125, "-1|13": 0.0125, "-22|25": 0.0125, "-4|12": 0.0125, "-1|6": 0.0125, "-12|-4": 0.0125, "12|16": 0.0125, "26|15": 0.0125, "-21|17": 0.0125, "9|21": 0.025, "18|14": 0.0125, "-4|1": 0.0125, "26|29": 0.0125, "-21|21": 0.0125, "-7|26": 0.0125, "-13|32": 0.0125, "-36|-2": 0.0125, "-7|1": 0.0125, "-28|17": 0.0125, "23|8": 0.0125, "-7|17": 0.0125, "-4|26": 0.0125, "-34|20": 0.0125, "7|16": 0.0125, "-12|8": 0.0125, "11|37": 0.0125, "-2|-5": 0.0125, "-1|19": 0.0125, "-18|1": 0.0125, "11|17": 0.0125, "-10|0": 0.0125}, "CORNER_3": {"222|50": 0.03571428571428571, "229|11": 0.03571428571428571, "-233|-7": 0.07142857142857142, "234|55": 0.03571428571428571, "-229|26": 0.03571428571428571, "-235|13": 0.03571428571428571, "237|12": 0.03571428571428571, "-229|47": 0.03571428571428571, "-233|11": 0.03571428571428571, "-223|13": 0.03571428571428571, "227|64": 0.03571428571428571, "-239|15": 0.03571428571428571, "227|67": 0.03571428571428571, "-233|82": 0.03571428571428571, "-227|5": 0.03571428571428571, "-233|38": 0.03571428571428571, "240|21": 0.03571428571428571, "-235|-5": 0.03571428571428571, "-232|39": 0.03571428571428571, "225|48": 0.03571428571428571, "229|71": 0.03571428571428571, "-232|0": 0.03571428571428571, "241|32": 0.03571428571428571, "227|11": 0.03571428571428571, "228|51": 0.03571428571428571, "-235|-4": 0.03571428571428571, "-229|43": 0.03571428571428571}, "LONG_MID_RANGE": {"71|131": 0.07142857142857142, "-58|218": 0.07142857142857142, "76|142": 0.07142857142857142, "-131|62": 0.07142857142857142, "110|180": 0.07142857142857142, "-157|111": 0.07142857142857142, "66|135": 0.07142857142857142, "78|148": 0.07142857142857142, "-44|133": 0.07142857142857142, "-125|162": 0.07142857142857142, "-21|194": 0.07142857142857142, "89|125": 0.07142857142857142, "102|137": 0.07142857142857142, "110|120": 0.07142857142857142}, "SHORT_MID_RANGE": {"0|75": 0.020833333333333332, "20|109": 0.020833333333333332, "-42|34": 0.020833333333333332, "-31|92": 0.020833333333333332, "15|125": 0.020833333333333332, "-28|58": 0.020833333333333332, "4|57": 0.020833333333333332, "-21|57": 0.020833333333333332, "-2|93": 0.020833333333333332, "-4|122": 0.020833333333333332, "49|11": 0.020833333333333332, "34|93": 0.020833333333333332, "71|71": 0.020833333333333332, "-76|66": 0.020833333333333332, "-22|47": 0.020833333333333332, "-16|66": 0.020833333333333332, "1|92": 0.020833333333333332, "31|43": 0.020833333333333332, "-1|67": 0.020833333333333332, "89|22": 0.020833333333333332, "-49|39": 0.020833333333333332, "54|51": 0.020833333333333332, "-58|103": 0.020833333333333332, "26|52": 0.020833333333333332, "-36|27": 0.020833333333333332, "23|44": 0.020833333333333332, "-1|64": 0.020833333333333332, "49|31": 0.020833333333333332, "-113|2": 0.020833333333333332, "-21|88": 0.020833333333333332, "0|83": 0.020833333333333332, "39|118": 0.020833333333333332, "43|12": 0.020833333333333332, "-45|29": 0.020833333333333332, "-66|60": 0.020833333333333332, "34|34": 0.020833333333333332, "15|56": 0.020833333333333332, "-51|51": 0.020833333333333332, "0|41": 0.020833333333333332, "103|69": 0.020833333333333332, "12|47": 0.020833333333333332, "110|56": 0.020833333333333332, "25|46": 0.020833333333333332, "-36|64": 0.020833333333333332, "2|49": 0.020833333333333332, "26|43": 0.020833333333333332, "-15|67": 0.020833333333333332, "61|47": 0.020833333333333332}}, "FOUL_AWAY_FROM_PLAY": 0.0, "FOULED_AWAY_FROM_PLAY": 0.0, "FOUL_CLEAR_PATH": 0.0, "FOULED_CLEAR_PATH": 0.0, "FOUL_COUNT_AS_PERSONAL": 0.16666666666666666, "FOULED_COUNT_AS_PERSONAL": 0.2222222222222222, "FOUL_COUNT_TOWARD_PENALTY": 0.167420814479638, "FOULED_COUNT_TOWARD_PENALTY": 0.19838056680161945,