{"ASSIST": 0.425, "BLOCK": 0.0, "FG_ARC_3_ATTEMPT": 0.15625, "FG_ARC_3_BLOCK": 0.0, "FG_ARC_3_MADE": 0.8, "FG_ARC_3_MADE_FOUL": 0.0, "FG_AT_RIM_ATTEMPT": 0.39344262295081966, "FG_AT_RIM_BLOCK": 0.03278688524590164, "FG_AT_RIM_MADE": 0.7916666666666666, "FG_AT_RIM_MADE_FOUL": 0.0, "FG_CORNER_3_ATTEMPT": 0.0, "FG_CORNER_3_BLOCK": 0.0, "FG_CORNER_3_MADE": 0.0, "FG_CORNER_3_MADE_FOUL": 0.0, "FG_LONG_MID_RANGE_ATTEMPT": 0.25, "FG_LONG_MID_RANGE_BLOCK": 0.0, "FG_LONG_MID_RANGE_MADE": 0.6666666666666666, "FG_LONG_MID_RANGE_MADE_FOUL": 0.0, "FG_SHORT_MID_RANGE_ATTEMPT": 0.3333333333333333, "FG_SHORT_MID_RANGE_BLOCK": 0.05128205128205128, "FG_SHORT_MID_RANGE_MADE": 0.46153846153846156, "FG_SHORT_MID_RANGE_MADE_FOUL": 0.0, "FG_XY": {"ARC_3": {"7|259": 0.2, "163|208": 0.2, "221|117": 0.2, "-195|178": 0.2, "87|256": 0.2}, "AT_RIM": {"16|29": 0.041666666666666664, "23|6": 0.041666666666666664, "-1|4": 0.041666666666666664, "-10|34": 0.041666666666666664, "10|3": 0.041666666666666664, "22|15": 0.041666666666666664, "1|1": 0.041666666666666664, "12|6": 0.041666666666666664, "11|9": 0.041666666666666664, "5|-2": 0.041666666666666664, "17|1": 0.041666666666666664, "-12|12": 0.041666666666666664, "-5|7": 0.041666666666666664, "10|22": 0.041666666666666664, "0|0": 0.041666666666666664, "4|20": 0.041666666666666664, "5|16": 0.041666666666666664, "-15|1": 0.041666666666666664, "-27|-6": 0.041666666666666664, "-28|2": 0.041666666666666664, "11|3": 0.041666666666666664, "15|1": 0.041666666666666664, "0|5": 0.041666666666666664, "10|5": 0.041666666666666664}, "CORNER_3": {}, "LONG_MID_RANGE": {"1|159": 0.3333333333333333, "6|172": 0.3333333333333333, "-36|148": 0.3333333333333333}, "SHORT_MID_RANGE": {"61|27": 0.07692307692307693, "-22|69": 0.07692307692307693, "6|52": 0.07692307692307693, "-2|105": 0.07692307692307693, "48|73": 0.07692307692307693, "43|25": 0.07692307692307693, "-7|59": 0.07692307692307693, "49|41": 0.07692307692307693, "9|53": 0.07692307692307693, "-72|85": 0.07692307692307693, "-23|57": 0.07692307692307693, "85|5": 0.07692307692307693, "36|53": 0.07692307692307693}}, "FOUL_AWAY_FROM_PLAY": 0.0, "FOULED_AWAY_FROM_PLAY": 0.0, "FOUL_CLEAR_PATH": 0.0, "FOULED_CLEAR_PATH": 0.0, "FOUL_COUNT_AS_PERSONAL": 0.25806451612903225, "FOULED_COUNT_AS_PERSONAL": 0.23333333333333334, "FOUL_COUNT_TOWARD_PENALTY": 0.25925925925925924, "FOULED_COUNT_TOWARD_PENALTY": 0.23076923076923078, "FOUL_DEFENSIVE_NON_SHOOTING": 0.3333333333333333, "FOULED_DEFENSIVE_NON_SHOOTING": 0.23076923076923078, "FOUL_DOUBLE": 0.0, "FOUL_TECHNICAL_DOUBLE": 0.0, "FOUL_FLAGRANT": 0.0, "FOULED_FLAGRANT": 0.0, "FOUL_FLAGRANT_1": 0.0, "FOULED_FLAGRANT_1": 0.0, "FOUL_FLAGRANT_2": 0.0, "FOULED_FLAGRANT_2": 0.0, "FOUL_INBOUND": 0.0, "FOULED_INBOUND": 0.0, "FOUL_LOOSE_BALL": 0.0, "FOULED_LOOSE_BALL": 0.0, "FOUL_OFFENSIVE_CHARGE": 1.0, "FOULED_OFFENSIVE_CHARGE": 0.0, "FOUL_OFFENSIVE_OTHER": 0.0, "FOULED_OFFENSIVE_OTHER": 0.0, "FOUL_OFFENSIVE_TOTAL": 0.25, "FOULED_OFFENSIVE_TOTAL": 0.25, "FOUL_PERSONAL": 0.4444444444444444, "FOULED_PERSONAL": 0.3, "FOUL_PERSONAL_BLOCK": 0.0, "FOULED_PERSONAL_BLOCK": 0.0, "FOUL_PERSONAL_TAKE": 0.0, "FOULED_PERSONAL_TAKE": 0.0, "FOUL_SHOOTING": 0.2, "FOULED_SHOOTING": 0.23076923076923078, "FOUL_SHOOTING_BLOCK": 0.0, "FOULED_SHOOTING_BLOCK": 0.0, "FOUL_TECHNICAL": 0.0, "FT": 0.5, "REBOUND_DEFENSIVE": 0.14583333333333334, "REBOUND_OFFENSIVE": 0.06172839506172839, "STEAL": 0.3, "SHOT_TYPE_ARC_3_OFFENSIVE": 0.21052631578947367, "SHOT_TYPE_ARC_3_DEFENSIVE": 0.35119047619047616, "SHOT_TYPE_AT_RIM_OFFENSIVE": 0.40131578947368424, "SHOT_TYPE_AT_RIM_DEFENSIVE": 0.2261904761904762, "SHOT_TYPE_CORNER_3_OFFENSIVE": 0.05263157894736842, "SHOT_TYPE_CORNER_3_DEFENSIVE": 0.1130952380952381, "SHOT_TYPE_LONG_MID_RANGE_OFFENSIVE": 0.07894736842105263, "SHOT_TYPE_LONG_MID_RANGE_DEFENSIVE": 0.10119047619047619, "SHOT_TYPE_SHORT_MID_RANGE_OFFENSIVE": 0.2565789473684211, "SHOT_TYPE_SHORT_MID_RANGE_DEFENSIVE": 0.20833333333333334, "TURNOVER": 0.21875, "VIOLATION_DEFENSIVE_GOALTENDING": 0.0, "VIOLATION_DEFENSIVE_KICK_BALL": 0.0}