{"ASSIST": 0.12732919254658384, "BLOCK": 0.3404255319148936, "FG_ARC_3_ATTEMPT": 0.13915857605177995, "FG_ARC_3_BLOCK": 0.0, "FG_ARC_3_MADE": 0.4186046511627907, "FG_ARC_3_MADE_FOUL": 0.0, "FG_AT_RIM_ATTEMPT": 0.19205298013245034, "FG_AT_RIM_BLOCK": 0.013245033112582781, "FG_AT_RIM_MADE": 0.6379310344827587, "FG_AT_RIM_MADE_FOUL": 0.006622516556291391, "FG_CORNER_3_ATTEMPT": 0.12745098039215685, "FG_CORNER_3_BLOCK": 0.0, "FG_CORNER_3_MADE": 0.3076923076923077, "FG_CORNER_3_MADE_FOUL": 0.0, "FG_LONG_MID_RANGE_ATTEMPT": 0.1048951048951049, "FG_LONG_MID_RANGE_BLOCK": 0.006993006993006993, "FG_LONG_MID_RANGE_MADE": 0.3333333333333333, "FG_LONG_MID_RANGE_MADE_FOUL": 0.0, "FG_SHORT_MID_RANGE_ATTEMPT": 0.2, "FG_SHORT_MID_RANGE_BLOCK": 0.034782608695652174, "FG_SHORT_MID_RANGE_MADE": 0.34782608695652173, "FG_SHORT_MID_RANGE_MADE_FOUL": 0.004347826086956522, "FG_XY": {"ARC_3": {"129|246": 0.023255813953488372, "-98|233": 0.023255813953488372, "201|151": 0.023255813953488372, "-136|226": 0.023255813953488372, "185|163": 0.023255813953488372, "145|230": 0.023255813953488372, "-152|188": 0.023255813953488372, "-163|211": 0.023255813953488372, "157|199": 0.023255813953488372, "130|551": 0.023255813953488372, "168|188": 0.023255813953488372, "22|248": 0.023255813953488372, "-178|174": 0.023255813953488372, "114|230": 0.023255813953488372, "86|236": 0.023255813953488372, "-116|222": 0.023255813953488372, "-156|210": 0.023255813953488372, "-190|162": 0.023255813953488372, "123|224": 0.023255813953488372, "135|215": 0.023255813953488372, "-202|164": 0.023255813953488372, "180|175": 0.023255813953488372, "-145|206": 0.023255813953488372, "-169|187": 0.023255813953488372, "212|132": 0.023255813953488372, "-10|260": 0.023255813953488372, "154|211": 0.023255813953488372, "99|248": 0.023255813953488372, "-123|224": 0.023255813953488372, "-86|268": 0.023255813953488372, "140|227": 0.023255813953488372, "6|250": 0.023255813953488372, "141|222": 0.023255813953488372, "165|197": 0.023255813953488372, "50|251": 0.023255813953488372, "-1|258": 0.023255813953488372, "-60|254": 0.023255813953488372, "145|210": 0.023255813953488372, "-121|229": 0.023255813953488372, "-62|257": 0.023255813953488372, "115|233": 0.023255813953488372, "-219|152": 0.023255813953488372, "-131|227": 0.023255813953488372}, "AT_RIM": {"-4|5": 0.017241379310344827, "-23|31": 0.017241379310344827, "0|0": 0.1206896551724138, "25|10": 0.017241379310344827, "18|8": 0.017241379310344827, "-4|16": 0.017241379310344827, "17|18": 0.017241379310344827, "-16|29": 0.017241379310344827, "21|21": 0.017241379310344827, "-34|8": 0.017241379310344827, "0|8": 0.017241379310344827, "-23|0": 0.017241379310344827, "-9|20": 0.017241379310344827, "-33|10": 0.017241379310344827, "28|22": 0.017241379310344827, "26|10": 0.017241379310344827, "-5|10": 0.017241379310344827, "4|12": 0.017241379310344827, "1|26": 0.017241379310344827, "17|24": 0.017241379310344827, "-16|12": 0.017241379310344827, "-13|18": 0.017241379310344827, "1|4": 0.017241379310344827, "5|9": 0.017241379310344827, "-2|6": 0.017241379310344827, "-31|11": 0.017241379310344827, "-9|27": 0.017241379310344827, "21|10": 0.017241379310344827, "17|12": 0.017241379310344827, "12|13": 0.017241379310344827, "-11|17": 0.017241379310344827, "-20|22": 0.017241379310344827, "-7|27": 0.017241379310344827, "-27|13": 0.017241379310344827, "-15|21": 0.017241379310344827, "31|21": 0.034482758620689655, "-1|8": 0.017241379310344827, "17|21": 0.017241379310344827, "-7|23": 0.017241379310344827, "2|3": 0.017241379310344827, "21|31": 0.017241379310344827, "-11|15": 0.017241379310344827, "-13|10": 0.017241379310344827, "-5|8": 0.017241379310344827, "15|25": 0.017241379310344827, "-9|29": 0.017241379310344827, "25|27": 0.017241379310344827, "-33|7": 0.017241379310344827, "-18|5": 0.017241379310344827, "-15|10": 0.017241379310344827, "4|38": 0.017241379310344827}, "CORNER_3": {"-229|21": 0.07692307692307693, "-237|17": 0.07692307692307693, "-235|38": 0.07692307692307693, "-227|59": 0.07692307692307693, "228|-4": 0.07692307692307693, "222|10": 0.07692307692307693, "-234|48": 0.07692307692307693, "228|25": 0.07692307692307693, "-237|31": 0.07692307692307693, "232|35": 0.07692307692307693, "234|60": 0.07692307692307693, "229|-8": 0.07692307692307693, "229|5": 0.07692307692307693}, "LONG_MID_RANGE": {"7|171": 0.06666666666666667, "138|28": 0.06666666666666667, "-23|151": 0.06666666666666667, "-12|158": 0.06666666666666667, "91|167": 0.06666666666666667, "-72|176": 0.06666666666666667, "10|173": 0.06666666666666667, "-2|162": 0.06666666666666667, "92|166": 0.06666666666666667, "72|182": 0.06666666666666667, "183|4": 0.06666666666666667, "147|103": 0.06666666666666667, "134|43": 0.06666666666666667, "175|15": 0.06666666666666667, "125|124": 0.06666666666666667}, "SHORT_MID_RANGE": {"39|29": 0.021739130434782608, "6|42": 0.021739130434782608, "-102|31": 0.021739130434782608, "34|25": 0.021739130434782608, "12|89": 0.021739130434782608, "53|50": 0.021739130434782608, "93|84": 0.021739130434782608, "-93|64": 0.021739130434782608, "-1|92": 0.021739130434782608, "56|101": 0.021739130434782608, "91|35": 0.021739130434782608, "-58|36": 0.021739130434782608, "-4|60": 0.021739130434782608, "-135|11": 0.021739130434782608, "13|99": 0.021739130434782608, "-114|29": 0.021739130434782608, "16|42": 0.021739130434782608, "-2|54": 0.021739130434782608, "-31|55": 0.021739130434782608, "27|29": 0.021739130434782608, "-20|132": 0.021739130434782608, "112|28": 0.021739130434782608, "-123|53": 0.021739130434782608, "127|31": 0.021739130434782608, "13|78": 0.021739130434782608, "-28|109": 0.021739130434782608, "-112|70": 0.021739130434782608, "-17|36": 0.021739130434782608, "39|11": 0.021739130434782608, "-129|8": 0.021739130434782608, "10|57": 0.021739130434782608, "15|87": 0.021739130434782608, "-33|29": 0.021739130434782608, "2|43": 0.021739130434782608, "-53|57": 0.021739130434782608, "64|40": 0.021739130434782608, "-120|-4": 0.021739130434782608, "-40|83": 0.021739130434782608, "-13|115": 0.021739130434782608, "-29|77": 0.021739130434782608, "-36|47": 0.021739130434782608, "-40|76": 0.021739130434782608, "87|48": 0.021739130434782608, "102|38": 0.021739130434782608, "-16|44": 0.021739130434782608, "-43|111": 0.021739130434782608}}, "FOUL_AWAY_FROM_PLAY": 0.0, "FOULED_AWAY_FROM_PLAY": 0.0, "FOUL_CLEAR_PATH": 0.0, "FOULED_CLEAR_PATH": 0.0, "FOUL_COUNT_AS_PERSONAL": 0.18018018018018017, "FOULED_COUNT_AS_PERSONAL": 0.2345132743362832, "FOUL_COUNT_TOWARD_PENALTY": 0.17010309278350516, "FOULED_COUNT_TOWARD_PENALTY": 0.24271844660194175, "FOUL_DEFENSIVE_NON_SHOOTING": 0.19767441860465115, "FOULED_DEFENSIVE_NON_SHOOTING": 0.2169811320754717, "FOUL_DOUBLE": 0.0, "FOUL_TECHNICAL_DOUBLE": 0.3333333333333333, "FOUL_FLAGRANT": 0.0, "FOULED_FLAGRANT": 0.0, "FOUL_FLAGRANT_1": 0.0, "FOULED_FLAGRANT_1": 0.0, "FOUL_FLAGRANT_2": 0.0, "FOULED_FLAGRANT_2": 0.0, "FOUL_INBOUND": 0.0, "FOULED_INBOUND": 0.0, "FOUL_LOOSE_BALL": 0.0, "FOULED_LOOSE_BALL": 0.3, "FOUL_OFFENSIVE_CHARGE": 0.375, "FOULED_OFFENSIVE_CHARGE": 0.0, "FOUL_OFFENSIVE_OTHER": 0.0, "FOULED_OFFENSIVE_OTHER": 0.0, "FOUL_OFFENSIVE_TOTAL": 0.25925925925925924, "FOULED_OFFENSIVE_TOTAL": 0.15789473684210525, "FOUL_PERSONAL": 0.2222222222222222, "FOULED_PERSONAL": 0.21176470588235294, "FOUL_PERSONAL_BLOCK": 0.0, "FOULED_PERSONAL_BLOCK": 0.0, "FOUL_PERSONAL_TAKE": 0.18181818181818182, "FOULED_PERSONAL_TAKE": 0.2222222222222222, "FOUL_SHOOTING": 0.14678899082568808, "FOULED_SHOOTING": 0.26732673267326734, "FOUL_SHOOTING_BLOCK": 0.0, "FOULED_SHOOTING_BLOCK": 0.0, "FOUL_TECHNICAL": 0.3333333333333333, "FT": 0.76, "REBOUND_DEFENSIVE": 0.13109243697478992, "REBOUND_OFFENSIVE": 0.06759098786828423, "STEAL": 0.12643678160919541, "SHOT_TYPE_ARC_3_OFFENSIVE": 0.2845303867403315, "SHOT_TYPE_ARC_3_DEFENSIVE": 0.27426955702167766, "SHOT_TYPE_AT_RIM_OFFENSIVE": 0.27808471454880296, "SHOT_TYPE_AT_RIM_DEFENSIVE": 0.26201696512723843, "SHOT_TYPE_CORNER_3_OFFENSIVE": 0.09392265193370165,