{"ASSIST": 0.07668711656441718, "BLOCK": 0.5172413793103449, "FG_ARC_3_ATTEMPT": 0.03367003367003367, "FG_ARC_3_BLOCK": 0.0, "FG_ARC_3_MADE": 0.9, "FG_ARC_3_MADE_FOUL": 0.0, "FG_AT_RIM_ATTEMPT": 0.2375366568914956, "FG_AT_RIM_BLOCK": 0.02346041055718475, "FG_AT_RIM_MADE": 0.3333333333333333, "FG_AT_RIM_MADE_FOUL": 0.0, "FG_CORNER_3_ATTEMPT": 0.010638297872340425, "FG_CORNER_3_BLOCK": 0.0, "FG_CORNER_3_MADE": 1.0, "FG_CORNER_3_MADE_FOUL": 0.0, "FG_LONG_MID_RANGE_ATTEMPT": 0.0390625, "FG_LONG_MID_RANGE_BLOCK": 0.0, "FG_LONG_MID_RANGE_MADE": 1.0, "FG_LONG_MID_RANGE_MADE_FOUL": 0.0, "FG_SHORT_MID_RANGE_ATTEMPT": 0.1111111111111111, "FG_SHORT_MID_RANGE_BLOCK": 0.012698412698412698, "FG_SHORT_MID_RANGE_MADE": 0.34285714285714286, "FG_SHORT_MID_RANGE_MADE_FOUL": 0.0, "FG_XY": {"ARC_3": {"172|186": 0.1, "-119|215": 0.1, "-179|184": 0.1, "-158|201": 0.1, "-197|228": 0.1, "-42|240": 0.1, "-115|232": 0.1, "-172|467": 0.1, "-37|267": 0.1, "-134|218": 0.1}, "AT_RIM": {"0|0": 0.345679012345679, "-4|12": 0.012345679012345678, "4|10": 0.012345679012345678, "-1|15": 0.012345679012345678, "-1|0": 0.012345679012345678, "1|-4": 0.012345679012345678, "6|6": 0.012345679012345678, "7|4": 0.012345679012345678, "-6|-2": 0.012345679012345678, "13|3": 0.012345679012345678, "29|17": 0.012345679012345678, "27|22": 0.012345679012345678, "-20|10": 0.012345679012345678, "11|10": 0.012345679012345678, "29|13": 0.012345679012345678, "-5|15": 0.012345679012345678, "-4|26": 0.012345679012345678, "7|20": 0.012345679012345678, "-5|-11": 0.012345679012345678, "18|14": 0.012345679012345678, "-5|-6": 0.012345679012345678, "15|26": 0.012345679012345678, "22|21": 0.012345679012345678, "-11|11": 0.012345679012345678, "-27|26": 0.012345679012345678, "22|17": 0.012345679012345678, "-7|9": 0.012345679012345678, "-31|6": 0.012345679012345678, "28|21": 0.012345679012345678, "-11|10": 0.012345679012345678, "15|25": 0.012345679012345678, "-36|3": 0.012345679012345678, "16|8": 0.012345679012345678, "5|10": 0.012345679012345678, "-1|-5": 0.012345679012345678, "7|3": 0.012345679012345678, "-17|5": 0.012345679012345678, "-5|-8": 0.012345679012345678, "5|6": 0.012345679012345678, "-2|21": 0.012345679012345678, "-2|19": 0.012345679012345678, "-6|13": 0.012345679012345678, "-11|17": 0.012345679012345678, "-23|25": 0.012345679012345678, "21|18": 0.012345679012345678, "-4|28": 0.012345679012345678, "-27|16": 0.012345679012345678, "-12|6": 0.012345679012345678, "6|8": 0.012345679012345678, "4|12": 0.012345679012345678, "-22|16": 0.012345679012345678, "-2|13": 0.012345679012345678, "-1|8": 0.012345679012345678, "5|14": 0.012345679012345678}, "CORNER_3": {"-230|20": 1.0}, "LONG_MID_RANGE": {"-9|187": 0.2, "137|67": 0.2, "-197|-10": 0.2, "10|166": 0.2, "141|31": 0.2}, "SHORT_MID_RANGE": {"102|35": 0.02857142857142857, "-70|-4": 0.02857142857142857, "54|17": 0.02857142857142857, "-21|39": 0.02857142857142857, "67|67": 0.02857142857142857, "-18|47": 0.02857142857142857, "-48|38": 0.02857142857142857, "70|23": 0.02857142857142857, "67|27": 0.02857142857142857, "-69|11": 0.02857142857142857, "12|82": 0.02857142857142857, "-7|71": 0.02857142857142857, "-5|42": 0.02857142857142857, "4|71": 0.02857142857142857, "15|37": 0.02857142857142857, "4|47": 0.02857142857142857, "26|31": 0.02857142857142857, "6|72": 0.02857142857142857, "7|116": 0.02857142857142857, "67|-5": 0.02857142857142857, "0|41": 0.02857142857142857, "-66|26": 0.02857142857142857, "64|17": 0.02857142857142857, "-6|83": 0.02857142857142857, "-15|49": 0.02857142857142857, "-9|139": 0.02857142857142857, "25|109": 0.02857142857142857, "-93|51": 0.02857142857142857, "0|64": 0.02857142857142857, "15|69": 0.02857142857142857, "-13|71": 0.02857142857142857, "59|52": 0.02857142857142857, "-4|76": 0.02857142857142857, "-66|21": 0.02857142857142857, "-119|13": 0.02857142857142857}}, "FOUL_AWAY_FROM_PLAY": 0.0, "FOULED_AWAY_FROM_PLAY": 0.0, "FOUL_CLEAR_PATH": 0.0, "FOULED_CLEAR_PATH": 0.0, "FOUL_COUNT_AS_PERSONAL": 0.2324561403508772, "FOULED_COUNT_AS_PERSONAL": 0.16942148760330578, "FOUL_COUNT_TOWARD_PENALTY": 0.2372093023255814, "FOULED_COUNT_TOWARD_PENALTY": 0.17592592592592593, "FOUL_DEFENSIVE_NON_SHOOTING": 0.225, "FOULED_DEFENSIVE_NON_SHOOTING": 0.1282051282051282, "FOUL_DOUBLE": 0.0, "FOUL_TECHNICAL_DOUBLE": 0.0, "FOUL_FLAGRANT": 0.0, "FOULED_FLAGRANT": 0.0, "FOUL_FLAGRANT_1": 0.0, "FOULED_FLAGRANT_1": 0.0, "FOUL_FLAGRANT_2": 0.0, "FOULED_FLAGRANT_2": 0.0, "FOUL_INBOUND": 0.0, "FOULED_INBOUND": 0.0, "FOUL_LOOSE_BALL": 0.0, "FOULED_LOOSE_BALL": 0.26666666666666666, "FOUL_OFFENSIVE_CHARGE": 0.3333333333333333, "FOULED_OFFENSIVE_CHARGE": 0.375, "FOUL_OFFENSIVE_OTHER": 0.0, "FOULED_OFFENSIVE_OTHER": 0.0, "FOUL_OFFENSIVE_TOTAL": 0.15384615384615385, "FOULED_OFFENSIVE_TOTAL": 0.11538461538461539, "FOUL_PERSONAL": 0.11842105263157894, "FOULED_PERSONAL": 0.08045977011494253, "FOUL_PERSONAL_BLOCK": 0.0, "FOULED_PERSONAL_BLOCK": 0.0, "FOUL_PERSONAL_TAKE": 0.041666666666666664, "FOULED_PERSONAL_TAKE": 0.26666666666666666, "FOUL_SHOOTING": 0.2553191489361702, "FOULED_SHOOTING": 0.23232323232323232, "FOUL_SHOOTING_BLOCK": 0.0, "FOULED_SHOOTING_BLOCK": 0.0, "FOUL_TECHNICAL": 0.0, "FT": 0.52, "REBOUND_DEFENSIVE": 0.28307692307692306, "REBOUND_OFFENSIVE": 0.13474025974025974, "STEAL": 0.22580645161290322, "SHOT_TYPE_ARC_3_OFFENSIVE": 0.2527659574468085, "SHOT_TYPE_ARC_3_DEFENSIVE": 0.3200339558573854, "SHOT_TYPE_AT_RIM_OFFENSIVE": 0.2902127659574468, "SHOT_TYPE_AT_RIM_DEFENSIVE": 0.2869269949066214, "SHOT_TYPE_CORNER_3_OFFENSIVE": 0.08, "SHOT_TYPE_CORNER_3_DEFENSIVE": 0.10441426146010187, "SHOT_TYPE_LONG_MID_RANGE_OFFENSIVE": 0.10893617021276596, "SHOT_TYPE_LONG_MID_RANGE_DEFENSIVE": 0.08743633276740238, "SHOT_TYPE_SHORT_MID_RANGE_OFFENSIVE": 0.2680851063829787, "SHOT_TYPE_SHORT_MID_RANGE_DEFENSIVE": 0.20118845500848898, "TURNOVER": 0.08108108108108109, "VIOLATION_DEFENSIVE_GOALTENDING": 1.3333333333333333, "VIOLATION_DEFENSIVE_KICK_BALL": 0.3333333333333333}