{"ASSIST": 0.07692307692307693, "BLOCK": 0.0, "FG_ARC_3_ATTEMPT": 0.17985611510791366, "FG_ARC_3_BLOCK": 0.0, "FG_ARC_3_MADE": 0.08, "FG_ARC_3_MADE_FOUL": 0.0, "FG_AT_RIM_ATTEMPT": 0.12578616352201258, "FG_AT_RIM_BLOCK": 0.031446540880503145, "FG_AT_RIM_MADE": 0.4, "FG_AT_RIM_MADE_FOUL": 0.012578616352201259, "FG_CORNER_3_ATTEMPT": 0.2631578947368421, "FG_CORNER_3_BLOCK": 0.0, "FG_CORNER_3_MADE": 0.1, "FG_CORNER_3_MADE_FOUL": 0.0, "FG_LONG_MID_RANGE_ATTEMPT": 0.041666666666666664, "FG_LONG_MID_RANGE_BLOCK": 0.0, "FG_LONG_MID_RANGE_MADE": 0.6666666666666666, "FG_LONG_MID_RANGE_MADE_FOUL": 0.0, "FG_SHORT_MID_RANGE_ATTEMPT": 0.09289617486338798, "FG_SHORT_MID_RANGE_BLOCK": 0.01639344262295082, "FG_SHORT_MID_RANGE_MADE": 0.23529411764705882, "FG_SHORT_MID_RANGE_MADE_FOUL": 0.00546448087431694, "FG_XY": {"ARC_3": {"115|225": 0.04, "89|240": 0.04, "-65|243": 0.04, "-67|260": 0.04, "29|259": 0.04, "-211|195": 0.04, "114|233": 0.04, "-217|132": 0.04, "-5|268": 0.04, "-55|241": 0.04, "-207|126": 0.04, "-206|178": 0.04, "-20|268": 0.04, "-199|174": 0.04, "176|184": 0.04, "-25|253": 0.04, "-207|140": 0.04, "185|176": 0.04, "-44|254": 0.04, "-199|178": 0.04, "-49|260": 0.04, "-50|255": 0.04, "140|236": 0.04, "-108|232": 0.04, "-197|162": 0.04}, "AT_RIM": {"-1|25": 0.05, "5|5": 0.05, "4|8": 0.05, "16|19": 0.05, "17|27": 0.05, "-36|-4": 0.05, "-28|20": 0.05, "-5|13": 0.05, "2|1": 0.05, "10|11": 0.05, "4|38": 0.05, "13|11": 0.05, "25|17": 0.05, "6|31": 0.05, "-6|8": 0.05, "20|20": 0.05, "34|10": 0.05, "0|0": 0.1, "29|23": 0.05}, "CORNER_3": {"-225|19": 0.1, "-233|23": 0.1, "-229|-10": 0.1, "-234|53": 0.1, "229|6": 0.1, "-225|-34": 0.1, "234|9": 0.1, "-228|4": 0.1, "-225|-2": 0.1, "-225|4": 0.1}, "LONG_MID_RANGE": {"147|1": 0.3333333333333333, "-168|131": 0.3333333333333333, "-87|164": 0.3333333333333333}, "SHORT_MID_RANGE": {"-32|62": 0.058823529411764705, "-9|43": 0.058823529411764705, "42|84": 0.058823529411764705, "31|47": 0.058823529411764705, "72|41": 0.058823529411764705, "-75|11": 0.058823529411764705, "36|37": 0.058823529411764705, "21|79": 0.058823529411764705, "33|23": 0.058823529411764705, "-47|38": 0.058823529411764705, "29|42": 0.058823529411764705, "-2|62": 0.058823529411764705, "-88|-17": 0.058823529411764705, "80|30": 0.058823529411764705, "2|65": 0.058823529411764705, "-126|52": 0.058823529411764705, "11|94": 0.058823529411764705}}, "FOUL_AWAY_FROM_PLAY": 0.0, "FOULED_AWAY_FROM_PLAY": 0.0, "FOUL_CLEAR_PATH": 0.0, "FOULED_CLEAR_PATH": 0.0, "FOUL_COUNT_AS_PERSONAL": 0.15151515151515152, "FOULED_COUNT_AS_PERSONAL": 0.09009009009009009, "FOUL_COUNT_TOWARD_PENALTY": 0.16470588235294117, "FOULED_COUNT_TOWARD_PENALTY": 0.09473684210526316, "FOUL_DEFENSIVE_NON_SHOOTING": 0.175, "FOULED_DEFENSIVE_NON_SHOOTING": 0.1111111111111111, "FOUL_DOUBLE": 0.0, "FOUL_TECHNICAL_DOUBLE": 0.0, "FOUL_FLAGRANT": 0.0, "FOULED_FLAGRANT": 0.0, "FOUL_FLAGRANT_1": 0.0, "FOULED_FLAGRANT_1": 0.0, "FOUL_FLAGRANT_2": 0.0, "FOULED_FLAGRANT_2": 0.0, "FOUL_INBOUND": 0.0, "FOULED_INBOUND": 0.0, "FOUL_LOOSE_BALL": 0.0, "FOULED_LOOSE_BALL": 0.0, "FOUL_OFFENSIVE_CHARGE": 0.25, "FOULED_OFFENSIVE_CHARGE": 0.0, "FOUL_OFFENSIVE_OTHER": 0.0, "FOULED_OFFENSIVE_OTHER": 0.0, "FOUL_OFFENSIVE_TOTAL": 0.07142857142857142, "FOULED_OFFENSIVE_TOTAL": 0.0625, "FOUL_PERSONAL": 0.10344827586206896, "FOULED_PERSONAL": 0.15789473684210525, "FOUL_PERSONAL_BLOCK": 0.0, "FOULED_PERSONAL_BLOCK": 0.0, "FOUL_PERSONAL_TAKE": 0.3333333333333333, "FOULED_PERSONAL_TAKE": 0.0, "FOUL_SHOOTING": 0.15555555555555556, "FOULED_SHOOTING": 0.07317073170731707, "FOUL_SHOOTING_BLOCK": 0.0, "FOULED_SHOOTING_BLOCK": 0.0, "FOUL_TECHNICAL": 0.0, "FT": 0.6666666666666666, "REBOUND_DEFENSIVE": 0.07028753993610223, "REBOUND_OFFENSIVE": 0.015197568389057751, "STEAL": 0.041666666666666664, "SHOT_TYPE_ARC_3_OFFENSIVE": 0.23519458544839256, "SHOT_TYPE_ARC_3_DEFENSIVE": 0.336734693877551, "SHOT_TYPE_AT_RIM_OFFENSIVE": 0.26903553299492383, "SHOT_TYPE_AT_RIM_DEFENSIVE": 0.3112244897959184, "SHOT_TYPE_CORNER_3_OFFENSIVE": 0.06429780033840947, "SHOT_TYPE_CORNER_3_DEFENSIVE": 0.07653061224489796, "SHOT_TYPE_LONG_MID_RANGE_OFFENSIVE": 0.1218274111675127, "SHOT_TYPE_LONG_MID_RANGE_DEFENSIVE": 0.09183673469387756, "SHOT_TYPE_SHORT_MID_RANGE_OFFENSIVE": 0.3096446700507614, "SHOT_TYPE_SHORT_MID_RANGE_DEFENSIVE": 0.1836734693877551, "TURNOVER": 0.0898876404494382, "VIOLATION_DEFENSIVE_GOALTENDING": 0.0, "VIOLATION_DEFENSIVE_KICK_BALL": 0.0}