{"ASSIST": 0.184, "BLOCK": 0.2, "FG_ARC_3_ATTEMPT": 0.08227848101265822, "FG_ARC_3_BLOCK": 0.0, "FG_ARC_3_MADE": 0.5, "FG_ARC_3_MADE_FOUL": 0.0, "FG_AT_RIM_ATTEMPT": 0.23432343234323433, "FG_AT_RIM_BLOCK": 0.0297029702970297, "FG_AT_RIM_MADE": 0.4507042253521127, "FG_AT_RIM_MADE_FOUL": 0.009900990099009901, "FG_CORNER_3_ATTEMPT": 0.07317073170731707, "FG_CORNER_3_BLOCK": 0.0, "FG_CORNER_3_MADE": 1.0, "FG_CORNER_3_MADE_FOUL": 0.012195121951219513, "FG_LONG_MID_RANGE_ATTEMPT": 0.07692307692307693, "FG_LONG_MID_RANGE_BLOCK": 0.0, "FG_LONG_MID_RANGE_MADE": 0.5714285714285714, "FG_LONG_MID_RANGE_MADE_FOUL": 0.0, "FG_SHORT_MID_RANGE_ATTEMPT": 0.20161290322580644, "FG_SHORT_MID_RANGE_BLOCK": 0.008064516129032258, "FG_SHORT_MID_RANGE_MADE": 0.52, "FG_SHORT_MID_RANGE_MADE_FOUL": 0.0, "FG_XY": {"ARC_3": {"-115|248": 0.038461538461538464, "-93|246": 0.038461538461538464, "-153|206": 0.038461538461538464, "212|154": 0.038461538461538464, "-43|251": 0.038461538461538464, "184|182": 0.038461538461538464, "-113|220": 0.038461538461538464, "228|88": 0.038461538461538464, "6|258": 0.038461538461538464, "-64|251": 0.038461538461538464, "112|258": 0.038461538461538464, "134|222": 0.038461538461538464, "-173|196": 0.038461538461538464, "-159|199": 0.038461538461538464, "105|240": 0.038461538461538464, "20|251": 0.038461538461538464, "-108|262": 0.038461538461538464, "96|305": 0.038461538461538464, "216|138": 0.038461538461538464, "2|305": 0.038461538461538464, "55|291": 0.038461538461538464, "11|248": 0.038461538461538464, "-7|259": 0.038461538461538464, "-100|225": 0.038461538461538464, "93|246": 0.038461538461538464, "-152|244": 0.038461538461538464}, "AT_RIM": {"-5|4": 0.014084507042253521, "0|0": 0.23943661971830985, "-13|24": 0.014084507042253521, "2|6": 0.014084507042253521, "17|34": 0.014084507042253521, "0|31": 0.014084507042253521, "-5|30": 0.014084507042253521, "1|34": 0.014084507042253521, "-12|20": 0.014084507042253521, "1|4": 0.014084507042253521, "-2|16": 0.014084507042253521, "13|4": 0.014084507042253521, "-2|19": 0.014084507042253521, "-12|10": 0.014084507042253521, "-9|18": 0.014084507042253521, "-13|7": 0.014084507042253521, "-6|17": 0.014084507042253521, "10|23": 0.014084507042253521, "-20|7": 0.014084507042253521, "-26|26": 0.014084507042253521, "-11|5": 0.028169014084507043, "-5|8": 0.014084507042253521, "-1|10": 0.014084507042253521, "9|16": 0.014084507042253521, "7|20": 0.014084507042253521, "11|4": 0.014084507042253521, "-11|2": 0.014084507042253521, "0|16": 0.014084507042253521, "-6|1": 0.014084507042253521, "-16|21": 0.014084507042253521, "20|12": 0.014084507042253521, "-15|7": 0.014084507042253521, "-10|11": 0.014084507042253521, "12|13": 0.014084507042253521, "7|10": 0.014084507042253521, "-1|9": 0.014084507042253521, "-5|11": 0.014084507042253521, "32|15": 0.014084507042253521, "10|5": 0.014084507042253521, "1|20": 0.014084507042253521, "2|1": 0.014084507042253521, "28|25": 0.014084507042253521, "11|-1": 0.014084507042253521, "23|24": 0.014084507042253521, "10|1": 0.014084507042253521, "13|27": 0.014084507042253521, "-16|11": 0.014084507042253521, "2|7": 0.014084507042253521, "10|0": 0.014084507042253521, "-1|27": 0.014084507042253521, "-6|25": 0.014084507042253521, "27|11": 0.014084507042253521, "2|34": 0.014084507042253521, "12|11": 0.014084507042253521}, "CORNER_3": {"-234|13": 0.16666666666666666, "-228|-8": 0.16666666666666666, "-239|23": 0.16666666666666666, "230|59": 0.16666666666666666, "-235|15": 0.16666666666666666, "241|69": 0.16666666666666666}, "LONG_MID_RANGE": {"-135|146": 0.14285714285714285, "-148|148": 0.14285714285714285, "-159|13": 0.14285714285714285, "-93|150": 0.14285714285714285, "-92|158": 0.14285714285714285, "-69|164": 0.14285714285714285, "124|130": 0.14285714285714285}, "SHORT_MID_RANGE": {"61|27": 0.04, "0|61": 0.04, "-15|48": 0.04, "72|44": 0.04, "-72|99": 0.04, "-110|42": 0.04, "-44|22": 0.04, "96|17": 0.04, "-39|88": 0.04, "2|133": 0.04, "38|122": 0.04, "-99|13": 0.04, "45|96": 0.04, "37|38": 0.04, "-12|59": 0.04, "-127|32": 0.04, "0|62": 0.04, "10|46": 0.04, "-69|37": 0.04, "16|51": 0.04, "-38|37": 0.04, "-17|66": 0.04, "29|53": 0.04, "-25|34": 0.04, "-49|100": 0.04}}, "FOUL_AWAY_FROM_PLAY": 0.0, "FOULED_AWAY_FROM_PLAY": 1.0, "FOUL_CLEAR_PATH": 0.0, "FOULED_CLEAR_PATH": 0.0, "FOUL_COUNT_AS_PERSONAL": 0.33727810650887574, "FOULED_COUNT_AS_PERSONAL": 0.3020833333333333, "FOUL_COUNT_TOWARD_PENALTY": 0.2905405405405405, "FOULED_COUNT_TOWARD_PENALTY": 0.3076923076923077, "FOUL_DEFENSIVE_NON_SHOOTING": 0.32, "FOULED_DEFENSIVE_NON_SHOOTING": 0.2727272727272727, "FOUL_DOUBLE": 0.0, "FOUL_TECHNICAL_DOUBLE": 1.0, "FOUL_FLAGRANT": 0.0, "FOULED_FLAGRANT": 0.0, "FOUL_FLAGRANT_1": 0.0, "FOULED_FLAGRANT_1": 0.0, "FOUL_FLAGRANT_2": 0.0, "FOULED_FLAGRANT_2": 0.0, "FOUL_INBOUND": 0.0, "FOULED_INBOUND": 0.0, "FOUL_LOOSE_BALL": 0.0, "FOULED_LOOSE_BALL": 0.8125, "FOUL_OFFENSIVE_CHARGE": 0.5714285714285714, "FOULED_OFFENSIVE_CHARGE": 0.0, "FOUL_OFFENSIVE_OTHER": 0.0, "FOULED_OFFENSIVE_OTHER": 0.0, "FOUL_OFFENSIVE_TOTAL": 0.6666666666666666, "FOULED_OFFENSIVE_TOTAL": 0.2, "FOUL_PERSONAL": 0.31666666666666665, "FOULED_PERSONAL": 0.1864406779661017, "FOUL_PERSONAL_BLOCK": 0.0, "FOULED_PERSONAL_BLOCK": 0.0, "FOUL_PERSONAL_TAKE": 0.2727272727272727, "FOULED_PERSONAL_TAKE": 0.0, "FOUL_SHOOTING": 0.2602739726027397, "FOULED_SHOOTING": 0.3333333333333333, "FOUL_SHOOTING_BLOCK": 0.0, "FOULED_SHOOTING_BLOCK": 0.0, "FOUL_TECHNICAL": 0.0, "FT": 0.7575757575757576, "REBOUND_DEFENSIVE": 0.32879377431906615, "REBOUND_OFFENSIVE": 0.1, "STEAL": 0.3023255813953488, "SHOT_TYPE_ARC_3_OFFENSIVE": 0.34497816593886466, "SHOT_TYPE_ARC_3_DEFENSIVE": 0.26703296703296703, "SHOT_TYPE_AT_RIM_OFFENSIVE": 0.3307860262008734, "SHOT_TYPE_AT_RIM_DEFENSIVE": 0.3065934065934066, "SHOT_TYPE_CORNER_3_OFFENSIVE": 0.08951965065502183, "SHOT_TYPE_CORNER_3_DEFENSIVE": 0.11538461538461539, "SHOT_TYPE_LONG_MID_RANGE_OFFENSIVE": 0.09934497816593886, "SHOT_TYPE_LONG_MID_RANGE_DEFENSIVE": 0.11428571428571428, "SHOT_TYPE_SHORT_MID_RANGE_OFFENSIVE": 0.13537117903930132, "SHOT_TYPE_SHORT_MID_RANGE_DEFENSIVE": 0.1967032967032967, "TURNOVER": 0.3, "VIOLATION_DEFENSIVE_GOALTENDING": 0.25, "VIOLATION_DEFENSIVE_KICK_BALL": 0.3333333333333333}