{"ASSIST": 0.32786885245901637, "BLOCK": 0.16666666666666666, "FG_ARC_3_ATTEMPT": 0.26555023923444976, "FG_ARC_3_BLOCK": 0.0, "FG_ARC_3_MADE": 0.4774774774774775, "FG_ARC_3_MADE_FOUL": 0.0, "FG_AT_RIM_ATTEMPT": 0.2585227272727273, "FG_AT_RIM_BLOCK": 0.03977272727272727, "FG_AT_RIM_MADE": 0.6153846153846154, "FG_AT_RIM_MADE_FOUL": 0.011363636363636364, "FG_CORNER_3_ATTEMPT": 0.25384615384615383, "FG_CORNER_3_BLOCK": 0.0, "FG_CORNER_3_MADE": 0.48484848484848486, "FG_CORNER_3_MADE_FOUL": 0.0, "FG_LONG_MID_RANGE_ATTEMPT": 0.47101449275362317, "FG_LONG_MID_RANGE_BLOCK": 0.014492753623188406, "FG_LONG_MID_RANGE_MADE": 0.27692307692307694, "FG_LONG_MID_RANGE_MADE_FOUL": 0.014492753623188406, "FG_SHORT_MID_RANGE_ATTEMPT": 0.29777777777777775, "FG_SHORT_MID_RANGE_BLOCK": 0.013333333333333334, "FG_SHORT_MID_RANGE_MADE": 0.4626865671641791, "FG_SHORT_MID_RANGE_MADE_FOUL": 0.013333333333333334, "FG_XY": {"ARC_3": {"157|193": 0.009009009009009009, "64|247": 0.009009009009009009, "134|214": 0.018018018018018018, "-192|149": 0.009009009009009009, "-42|253": 0.009009009009009009, "-120|231": 0.009009009009009009, "-210|157": 0.009009009009009009, "-172|194": 0.009009009009009009, "94|239": 0.009009009009009009, "185|183": 0.009009009009009009, "47|262": 0.009009009009009009, "156|216": 0.009009009009009009, "26|260": 0.009009009009009009, "-206|136": 0.009009009009009009, "5|255": 0.009009009009009009, "-112|225": 0.009009009009009009, "-18|243": 0.009009009009009009, "-47|245": 0.009009009009009009, "-170|188": 0.009009009009009009, "-25|243": 0.009009009009009009, "158|188": 0.009009009009009009, "-25|245": 0.009009009009009009, "42|242": 0.009009009009009009, "15|257": 0.009009009009009009, "170|193": 0.009009009009009009, "148|216": 0.009009009009009009, "-191|158": 0.009009009009009009, "-88|236": 0.009009009009009009, "-2|258": 0.009009009009009009, "-87|230": 0.009009009009009009, "214|166": 0.009009009009009009, "-142|203": 0.009009009009009009, "51|266": 0.009009009009009009, "197|147": 0.009009009009009009, "-83|226": 0.009009009009009009, "-44|260": 0.009009009009009009, "-134|207": 0.009009009009009009, "-39|246": 0.009009009009009009, "147|216": 0.009009009009009009, "206|119": 0.009009009009009009, "25|241": 0.009009009009009009, "-202|154": 0.009009009009009009, "-162|204": 0.009009009009009009, "-118|223": 0.009009009009009009, "-38|269": 0.009009009009009009, "-223|119": 0.009009009009009009, "96|250": 0.009009009009009009, "-130|239": 0.009009009009009009, "107|264": 0.009009009009009009, "-201|173": 0.009009009009009009, "-124|256": 0.009009009009009009, "-216|165": 0.009009009009009009, "-104|280": 0.009009009009009009, "112|247": 0.009009009009009009, "129|217": 0.009009009009009009, "-114|230": 0.009009009009009009, "-173|257": 0.009009009009009009, "-167|179": 0.009009009009009009, "-38|256": 0.009009009009009009, "184|171": 0.009009009009009009, "99|235": 0.009009009009009009, "118|237": 0.009009009009009009, "206|163": 0.009009009009009009, "-174|188": 0.009009009009009009, "130|241": 0.009009009009009009, "-161|192": 0.009009009009009009, "-164|197": 0.009009009009009009, "51|263": 0.009009009009009009, "109|235": 0.009009009009009009, "140|210": 0.009009009009009009, "-93|237": 0.009009009009009009, "-99|237": 0.009009009009009009, "180|169": 0.009009009009009009, "102|232": 0.009009009009009009, "-99|222": 0.009009009009009009, "-104|229": 0.009009009009009009, "-164|185": 0.018018018018018018, "53|244": 0.009009009009009009, "194|143": 0.009009009009009009, "21|254": 0.009009009009009009, "-191|160": 0.009009009009009009, "-4|258": 0.009009009009009009, "-169|185": 0.009009009009009009, "189|168": 0.009009009009009009, "-64|246": 0.009009009009009009, "-211|138": 0.009009009009009009, "-195|159": 0.009009009009009009, "217|131": 0.009009009009009009, "-148|203": 0.009009009009009009, "-142|204": 0.009009009009009009, "-6|247": 0.009009009009009009, "-168|183": 0.009009009009009009, "-100|262": 0.009009009009009009, "121|226": 0.009009009009009009, "23|247": 0.009009009009009009, "-134|211": 0.009009009009009009, "158|190": 0.009009009009009009, "-186|163": 0.009009009009009009, "137|243": 0.009009009009009009, "-156|201": 0.009009009009009009, "-162|190": 0.009009009009009009, "107|229": 0.009009009009009009, "-203|190": 0.009009009009009009, "4|251": 0.009009009009009009, "151|214": 0.009009009009009009, "-69|241": 0.009009009009009009, "-104|227": 0.009009009009009009, "22|246": 0.009009009009009009, "-164|214": 0.009009009009009009}, "AT_RIM": {"-5|22": 0.01098901098901099, "-5|8": 0.01098901098901099, "-7|4": 0.01098901098901099, "5|3": 0.01098901098901099, "-5|7": 0.01098901098901099, "-6|4": 0.01098901098901099, "-12|32": 0.01098901098901099, "17|26": 0.01098901098901099, "-23|1": 0.01098901098901099, "-6|6": 0.01098901098901099, "-13|26": 0.01098901098901099, "0|0": 0.12087912087912088, "16|8": 0.01098901098901099, "11|1": 0.02197802197802198, "-18|12": 0.01098901098901099, "0|7": 0.01098901098901099, "0|12": 0.01098901098901099, "-2|22": 0.01098901098901099, "-4|22": 0.01098901098901099, "-6|-6": 0.01098901098901099, "-26|9": 0.01098901098901099, "-15|19": 0.01098901098901099, "-1|14": 0.01098901098901099, "17|1": 0.01098901098901099, "12|5": 0.01098901098901099, "-17|6": 0.01098901098901099, "-9|5": 0.01098901098901099, "-9|-4": 0.01098901098901099, "-13|5": 0.01098901098901099, "-11|8": 0.01098901098901099, "10|5": 0.01098901098901099, "26|4": 0.01098901098901099, "-16|6": 0.01098901098901099, "-6|17": 0.01098901098901099, "-6|10": 0.01098901098901099, "0|8": 0.01098901098901099, "-22|3": 0.01098901098901099, "-11|22": 0.01098901098901099, "-26|5": 0.01098901098901099, "-21|26": 0.01098901098901099, "16|16": 0.01098901098901099, "-1|15": 0.01098901098901099, "5|21": 0.01098901098901099, "9|16": 0.01098901098901099, "34|1": 0.01098901098901099, "-18|21": 0.01098901098901099, "-1|11": 0.01098901098901099, "1|6": 0.01098901098901099, "-13|0": 0.01098901098901099, "-28|25": 0.01098901098901099, "-25|23": 0.01098901098901099, "-27|-15": 0.01098901098901099, "-10|19": 0.01098901098901099, "-11|26": 0.01098901098901099, "0|26": 0.01098901098901099, "16|36": 0.01098901098901099, "17|17": 0.01098901098901099, "4|6": 0.01098901098901099, "-16|22": 0.01098901098901099, "1|20": 0.01098901098901099, "2|1": 0.02197802197802198, "-22|23": 0.01098901098901099, "-4|3": 0.01098901098901099, "-31|16": 0.01098901098901099, "-12|11": 0.01098901098901099, "-12|6": 0.01098901098901099, "-11|3": 0.01098901098901099, "-20|-4": 0.01098901098901099, "-20|-1": 0.01098901098901099, "2|11": 0.01098901098901099, "-7|6": 0.01098901098901099, "-9|-3": 0.01098901098901099, "-2|-1": 0.01098901098901099, "-2|1": 0.01098901098901099, "2|2": 0.01098901098901099, "0|10": 0.01098901098901099, "-2|6": 0.01098901098901099, "-7|29": 0.01098901098901099, "-5|28": 0.01098901098901099}, "CORNER_3": {"-233|-29": 0.030303030303030304, "224|40": 0.030303030303030304, "234|83": 0.030303030303030304, "227|-5": 0.030303030303030304, "-233|85": 0.030303030303030304, "-240|2": 0.030303030303030304, "-241|1": 0.030303030303030304, "-227|27": 0.030303030303030304, "-234|-13": 0.030303030303030304, "-233|8": 0.030303030303030304, "235|47": 0.030303030303030304, "225|1": 0.030303030303030304, "-238|22": 0.030303030303030304, "-234|-10": 0.030303030303030304, "237|82": 0.030303030303030304, "229|48": 0.030303030303030304, "229|27": 0.030303030303030304, "225|15": 0.030303030303030304, "229|6": 0.030303030303030304, "224|-25": 0.030303030303030304, "-237|-15": 0.030303030303030304, "229|57": 0.030303030303030304, "-235|-5": 0.030303030303030304, "225|75": 0.030303030303030304, "-239|26": 0.030303030303030304, "-234|10": 0.030303030303030304, "244|3": 0.030303030303030304, "239|23": 0.030303030303030304, "-234|-19": 0.030303030303030304, "229|22": 0.030303030303030304, "234|-6": 0.030303030303030304, "237|-3": 0.030303030303030304, "223|86": 0.030303030303030304},