{"ASSIST": 0.11904761904761904, "BLOCK": 0.0, "FG_ARC_3_ATTEMPT": 0.1452991452991453, "FG_ARC_3_BLOCK": 0.0, "FG_ARC_3_MADE": 0.35294117647058826, "FG_ARC_3_MADE_FOUL": 0.0, "FG_AT_RIM_ATTEMPT": 0.08108108108108109, "FG_AT_RIM_BLOCK": 0.0, "FG_AT_RIM_MADE": 0.8333333333333334, "FG_AT_RIM_MADE_FOUL": 0.0, "FG_CORNER_3_ATTEMPT": 0.2, "FG_CORNER_3_BLOCK": 0.0, "FG_CORNER_3_MADE": 0.0, "FG_CORNER_3_MADE_FOUL": 0.0, "FG_LONG_MID_RANGE_ATTEMPT": 0.16216216216216217, "FG_LONG_MID_RANGE_BLOCK": 0.0, "FG_LONG_MID_RANGE_MADE": 0.16666666666666666, "FG_LONG_MID_RANGE_MADE_FOUL": 0.0, "FG_SHORT_MID_RANGE_ATTEMPT": 0.057692307692307696, "FG_SHORT_MID_RANGE_BLOCK": 0.0, "FG_SHORT_MID_RANGE_MADE": 0.6666666666666666, "FG_SHORT_MID_RANGE_MADE_FOUL": 0.0, "FG_XY": {"ARC_3": {"-152|222": 0.058823529411764705, "-225|131": 0.058823529411764705, "-125|248": 0.058823529411764705, "-56|267": 0.058823529411764705, "-164|222": 0.058823529411764705, "-137|225": 0.058823529411764705, "-153|201": 0.058823529411764705, "89|246": 0.058823529411764705, "-109|224": 0.058823529411764705, "80|264": 0.058823529411764705, "-138|230": 0.058823529411764705, "-219|167": 0.058823529411764705, "-115|232": 0.058823529411764705, "-12|262": 0.058823529411764705, "-181|178": 0.058823529411764705, "120|241": 0.058823529411764705, "92|246": 0.058823529411764705}, "AT_RIM": {"-2|19": 0.16666666666666666, "2|31": 0.16666666666666666, "21|25": 0.16666666666666666, "1|13": 0.16666666666666666, "0|0": 0.16666666666666666, "-22|19": 0.16666666666666666}, "CORNER_3": {"-234|17": 0.1111111111111111, "237|26": 0.1111111111111111, "232|16": 0.1111111111111111, "-232|11": 0.1111111111111111, "230|-1": 0.1111111111111111, "-235|10": 0.1111111111111111, "235|26": 0.1111111111111111, "235|24": 0.1111111111111111, "224|0": 0.1111111111111111}, "LONG_MID_RANGE": {"-156|126": 0.16666666666666666, "145|0": 0.16666666666666666, "104|156": 0.16666666666666666, "98|150": 0.16666666666666666, "77|148": 0.16666666666666666, "27|220": 0.16666666666666666}, "SHORT_MID_RANGE": {"4|93": 0.3333333333333333, "107|-5": 0.3333333333333333, "-92|63": 0.3333333333333333}}, "FOUL_AWAY_FROM_PLAY": 0.0, "FOULED_AWAY_FROM_PLAY": 0.0, "FOUL_CLEAR_PATH": 0.0, "FOULED_CLEAR_PATH": 0.0, "FOUL_COUNT_AS_PERSONAL": 0.14814814814814814, "FOULED_COUNT_AS_PERSONAL": 0.07407407407407407, "FOUL_COUNT_TOWARD_PENALTY": 0.17142857142857143, "FOULED_COUNT_TOWARD_PENALTY": 0.08450704225352113, "FOUL_DEFENSIVE_NON_SHOOTING": 0.07692307692307693, "FOULED_DEFENSIVE_NON_SHOOTING": 0.11764705882352941, "FOUL_DOUBLE": 0.0, "FOUL_TECHNICAL_DOUBLE": 0.0, "FOUL_FLAGRANT": 0.0, "FOULED_FLAGRANT": 0.0, "FOUL_FLAGRANT_1": 0.0, "FOULED_FLAGRANT_1": 0.0, "FOUL_FLAGRANT_2": 0.0, "FOULED_FLAGRANT_2": 0.0, "FOUL_INBOUND": 0.0, "FOULED_INBOUND": 0.0, "FOUL_LOOSE_BALL": 0.0, "FOULED_LOOSE_BALL": 0.0, "FOUL_OFFENSIVE_CHARGE": 0.0, "FOULED_OFFENSIVE_CHARGE": 0.0, "FOUL_OFFENSIVE_OTHER": 0.0, "FOULED_OFFENSIVE_OTHER": 0.0, "FOUL_OFFENSIVE_TOTAL": 0.0, "FOULED_OFFENSIVE_TOTAL": 0.0, "FOUL_PERSONAL": 0.08333333333333333, "FOULED_PERSONAL": 0.17391304347826086, "FOUL_PERSONAL_BLOCK": 0.0, "FOULED_PERSONAL_BLOCK": 0.0, "FOUL_PERSONAL_TAKE": 0.0, "FOULED_PERSONAL_TAKE": 0.0, "FOUL_SHOOTING": 0.22727272727272727, "FOULED_SHOOTING": 0.05405405405405406, "FOUL_SHOOTING_BLOCK": 0.0, "FOULED_SHOOTING_BLOCK": 0.0, "FOUL_TECHNICAL": 0.0, "FT": 1.0, "REBOUND_DEFENSIVE": 0.10185185185185185, "REBOUND_OFFENSIVE": 0.015873015873015872, "STEAL": 0.18181818181818182, "SHOT_TYPE_ARC_3_OFFENSIVE": 0.36, "SHOT_TYPE_ARC_3_DEFENSIVE": 0.37228260869565216, "SHOT_TYPE_AT_RIM_OFFENSIVE": 0.2276923076923077, "SHOT_TYPE_AT_RIM_DEFENSIVE": 0.28532608695652173, "SHOT_TYPE_CORNER_3_OFFENSIVE": 0.13846153846153847, "SHOT_TYPE_CORNER_3_DEFENSIVE": 0.07336956521739131, "SHOT_TYPE_LONG_MID_RANGE_OFFENSIVE": 0.11384615384615385, "SHOT_TYPE_LONG_MID_RANGE_DEFENSIVE": 0.08967391304347826, "SHOT_TYPE_SHORT_MID_RANGE_OFFENSIVE": 0.16, "SHOT_TYPE_SHORT_MID_RANGE_DEFENSIVE": 0.1793478260869565, "TURNOVER": 0.029850746268656716, "VIOLATION_DEFENSIVE_GOALTENDING": 0.0, "VIOLATION_DEFENSIVE_KICK_BALL": 0.0}