{"ASSIST": 0.16333333333333333, "BLOCK": 0.08163265306122448, "FG_ARC_3_ATTEMPT": 0.21189591078066913, "FG_ARC_3_BLOCK": 0.0, "FG_ARC_3_MADE": 0.14035087719298245, "FG_ARC_3_MADE_FOUL": 0.0, "FG_AT_RIM_ATTEMPT": 0.11960132890365449, "FG_AT_RIM_BLOCK": 0.006644518272425249, "FG_AT_RIM_MADE": 0.7222222222222222, "FG_AT_RIM_MADE_FOUL": 0.0033222591362126247, "FG_CORNER_3_ATTEMPT": 0.3068181818181818, "FG_CORNER_3_BLOCK": 0.0, "FG_CORNER_3_MADE": 0.3333333333333333, "FG_CORNER_3_MADE_FOUL": 0.0, "FG_LONG_MID_RANGE_ATTEMPT": 0.14634146341463414, "FG_LONG_MID_RANGE_BLOCK": 0.0, "FG_LONG_MID_RANGE_MADE": 0.2222222222222222, "FG_LONG_MID_RANGE_MADE_FOUL": 0.0, "FG_SHORT_MID_RANGE_ATTEMPT": 0.17582417582417584, "FG_SHORT_MID_RANGE_BLOCK": 0.01098901098901099, "FG_SHORT_MID_RANGE_MADE": 0.6041666666666666, "FG_SHORT_MID_RANGE_MADE_FOUL": 0.003663003663003663, "FG_XY": {"ARC_3": {"134|210": 0.017543859649122806, "-148|203": 0.017543859649122806, "-142|235": 0.017543859649122806, "72|246": 0.017543859649122806, "-113|236": 0.017543859649122806, "-188|170": 0.017543859649122806, "27|257": 0.017543859649122806, "-186|168": 0.017543859649122806, "-195|157": 0.017543859649122806, "-156|256": 0.017543859649122806, "-221|159": 0.017543859649122806, "-214|152": 0.017543859649122806, "-186|191": 0.017543859649122806, "10|314": 0.017543859649122806, "-110|235": 0.017543859649122806, "92|243": 0.017543859649122806, "132|215": 0.017543859649122806, "192|158": 0.017543859649122806, "163|202": 0.017543859649122806, "-196|173": 0.017543859649122806, "-169|208": 0.017543859649122806, "6|276": 0.017543859649122806, "-195|183": 0.017543859649122806, "-230|115": 0.017543859649122806, "-208|157": 0.017543859649122806, "-216|163": 0.017543859649122806, "-197|178": 0.017543859649122806, "184|205": 0.017543859649122806, "181|457": 0.017543859649122806, "-195|181": 0.017543859649122806, "15|290": 0.017543859649122806, "-201|169": 0.017543859649122806, "-188|180": 0.017543859649122806, "219|101": 0.017543859649122806, "116|222": 0.017543859649122806, "26|247": 0.017543859649122806, "176|171": 0.017543859649122806, "172|176": 0.017543859649122806, "-186|167": 0.017543859649122806, "65|239": 0.017543859649122806, "-131|203": 0.017543859649122806, "174|192": 0.017543859649122806, "-15|344": 0.017543859649122806, "201|145": 0.017543859649122806, "225|109": 0.017543859649122806, "-169|194": 0.017543859649122806, "-163|214": 0.017543859649122806, "-154|195": 0.017543859649122806, "-203|146": 0.017543859649122806, "-159|200": 0.017543859649122806, "216|115": 0.017543859649122806, "140|214": 0.017543859649122806, "-156|195": 0.017543859649122806, "-37|278": 0.017543859649122806, "-227|96": 0.017543859649122806, "-161|189": 0.017543859649122806, "-165|196": 0.017543859649122806}, "AT_RIM": {"-4|-2": 0.027777777777777776, "-6|5": 0.027777777777777776, "-15|4": 0.027777777777777776, "-5|27": 0.027777777777777776, "10|1": 0.027777777777777776, "0|4": 0.027777777777777776, "-18|26": 0.027777777777777776, "-9|21": 0.027777777777777776, "18|22": 0.027777777777777776, "-22|6": 0.027777777777777776, "0|0": 0.05555555555555555, "-4|15": 0.027777777777777776, "0|13": 0.027777777777777776, "4|3": 0.027777777777777776, "-18|27": 0.027777777777777776, "0|-12": 0.027777777777777776, "-22|11": 0.027777777777777776, "-22|12": 0.027777777777777776, "21|-6": 0.027777777777777776, "9|5": 0.027777777777777776, "32|17": 0.027777777777777776, "2|-4": 0.027777777777777776, "-6|10": 0.027777777777777776, "1|5": 0.027777777777777776, "-10|7": 0.027777777777777776, "-1|13": 0.027777777777777776, "-5|12": 0.027777777777777776, "-27|26": 0.027777777777777776, "-7|13": 0.027777777777777776, "-21|16": 0.027777777777777776, "-2|-6": 0.027777777777777776, "0|15": 0.027777777777777776, "15|10": 0.027777777777777776, "-4|4": 0.027777777777777776, "-2|4": 0.027777777777777776}, "CORNER_3": {"230|15": 0.037037037037037035, "-227|12": 0.037037037037037035, "225|17": 0.037037037037037035, "-228|59": 0.037037037037037035, "232|51": 0.037037037037037035, "-227|-11": 0.037037037037037035, "-225|10": 0.037037037037037035, "-232|8": 0.037037037037037035, "223|-1": 0.037037037037037035, "228|22": 0.037037037037037035, "-225|1": 0.037037037037037035, "233|49": 0.037037037037037035, "-230|2": 0.037037037037037035, "234|35": 0.037037037037037035, "-228|84": 0.037037037037037035, "227|14": 0.037037037037037035, "-227|32": 0.037037037037037035, "-238|-8": 0.037037037037037035, "-225|-1": 0.037037037037037035, "-222|0": 0.037037037037037035, "-224|36": 0.037037037037037035, "-229|-10": 0.037037037037037035, "-224|-11": 0.037037037037037035, "228|47": 0.037037037037037035, "229|27": 0.037037037037037035, "229|52": 0.037037037037037035, "-232|40": 0.037037037037037035}, "LONG_MID_RANGE": {"38|145": 0.05555555555555555, "62|136": 0.05555555555555555, "-22|179": 0.05555555555555555, "-13|164": 0.05555555555555555, "97|112": 0.05555555555555555, "-169|89": 0.05555555555555555, "-142|142": 0.05555555555555555, "-203|-25": 0.05555555555555555, "34|184": 0.05555555555555555, "119|127": 0.05555555555555555, "-76|178": 0.05555555555555555, "-77|146": 0.05555555555555555, "1|150": 0.05555555555555555, "205|62": 0.05555555555555555, "-109|164": 0.05555555555555555, "-21|168": 0.05555555555555555, "126|115": 0.05555555555555555, "103|115": 0.05555555555555555}, "SHORT_MID_RANGE": {"4|120": 0.020833333333333332, "6|79": 0.020833333333333332, "-1|77": 0.020833333333333332, "-59|67": 0.020833333333333332, "18|48": 0.020833333333333332, "-11|106": 0.020833333333333332, "4|62": 0.020833333333333332, "6|130": 0.020833333333333332, "9|47": 0.020833333333333332, "82|110": 0.020833333333333332, "-51|74": 0.020833333333333332, "2|48": 0.020833333333333332, "-48|10": 0.020833333333333332, "-39|85": 0.020833333333333332, "56|34": 0.020833333333333332, "-21|122": 0.020833333333333332, "-5|43": 0.020833333333333332, "-13|58": 0.020833333333333332, "-4|80": 0.020833333333333332, "-26|34": 0.020833333333333332, "-67|72": 0.020833333333333332, "113|54": 0.020833333333333332, "-40|15": 0.020833333333333332, "6|115": 0.020833333333333332, "-9|79": 0.020833333333333332, "-34|22": 0.020833333333333332, "-1|69": 0.020833333333333332, "-40|3": 0.020833333333333332, "-50|59": 0.020833333333333332, "-26|111": 0.020833333333333332, "-13|39": 0.020833333333333332, "-82|85": 0.020833333333333332, "-61|90": 0.020833333333333332, "38|118": 0.020833333333333332, "-12|76": 0.020833333333333332, "-50|26": 0.020833333333333332, "37|103": 0.020833333333333332, "-89|73": 0.020833333333333332, "69|84": 0.020833333333333332, "15|111": 0.020833333333333332, "-66|115": 0.020833333333333332, "-37|18": 0.020833333333333332, "-36|73": 0.020833333333333332, "-31|62": 0.020833333333333332, "1|47": 0.020833333333333332, "-18|100": 0.020833333333333332, "10|110": 0.020833333333333332, "48|112": 0.020833333333333332}}, "FOUL_AWAY_FROM_PLAY": 0.0, "FOULED_AWAY_FROM_PLAY": 0.0, "FOUL_CLEAR_PATH": 0.0, "FOULED_CLEAR_PATH": 0.0, "FOUL_COUNT_AS_PERSONAL": 0.18719211822660098, "FOULED_COUNT_AS_PERSONAL": 0.12217194570135746, "FOUL_COUNT_TOWARD_PENALTY": 0.193717277486911, "FOULED_COUNT_TOWARD_PENALTY": 0.125, "FOUL_DEFENSIVE_NON_SHOOTING": 0.2222222222222222, "FOULED_DEFENSIVE_NON_SHOOTING": 0.1724137931034483, "FOUL_DOUBLE": 0.0, "FOUL_TECHNICAL_DOUBLE": 0.0, "FOUL_FLAGRANT": 0.0, "FOULED_FLAGRANT": 0.0, "FOUL_FLAGRANT_1": 0.0, "FOULED_FLAGRANT_1": 0.0, "FOUL_FLAGRANT_2": 0.0, "FOULED_FLAGRANT_2": 0.0, "FOUL_INBOUND": 0.0, "FOULED_INBOUND": 0.0, "FOUL_LOOSE_BALL": 0.0, "FOULED_LOOSE_BALL": 0.0, "FOUL_OFFENSIVE_CHARGE": 0.0, "FOULED_OFFENSIVE_CHARGE": 0.0, "FOUL_OFFENSIVE_OTHER": 0.0, "FOULED_OFFENSIVE_OTHER": 0.0, "FOUL_OFFENSIVE_TOTAL": 0.08333333333333333, "FOULED_OFFENSIVE_TOTAL": 0.09523809523809523, "FOUL_PERSONAL": 0.21794871794871795, "FOULED_PERSONAL": 0.20224719101123595, "FOUL_PERSONAL_BLOCK": 0.0, "FOULED_PERSONAL_BLOCK": 0.0, "FOUL_PERSONAL_TAKE": 0.3888888888888889,