{"ASSIST": 0.09523809523809523, "BLOCK": 0.16666666666666666, "FG_ARC_3_ATTEMPT": 0.08888888888888889, "FG_ARC_3_BLOCK": 0.0, "FG_ARC_3_MADE": 0.25, "FG_ARC_3_MADE_FOUL": 0.0, "FG_AT_RIM_ATTEMPT": 0.15789473684210525, "FG_AT_RIM_BLOCK": 0.02631578947368421, "FG_AT_RIM_MADE": 0.5, "FG_AT_RIM_MADE_FOUL": 0.0, "FG_CORNER_3_ATTEMPT": 0.07142857142857142, "FG_CORNER_3_BLOCK": 0.0, "FG_CORNER_3_MADE": 0.0, "FG_CORNER_3_MADE_FOUL": 0.0, "FG_LONG_MID_RANGE_ATTEMPT": 0.21052631578947367, "FG_LONG_MID_RANGE_BLOCK": 0.0, "FG_LONG_MID_RANGE_MADE": 0.25, "FG_LONG_MID_RANGE_MADE_FOUL": 0.0, "FG_SHORT_MID_RANGE_ATTEMPT": 0.15789473684210525, "FG_SHORT_MID_RANGE_BLOCK": 0.05263157894736842, "FG_SHORT_MID_RANGE_MADE": 0.6666666666666666, "FG_SHORT_MID_RANGE_MADE_FOUL": 0.05263157894736842, "FG_XY": {"ARC_3": {"-38|265": 0.25, "-31|772": 0.25, "99|241": 0.25, "174|215": 0.25}, "AT_RIM": {"-9|32": 0.16666666666666666, "10|22": 0.16666666666666666, "4|17": 0.16666666666666666, "-11|-1": 0.16666666666666666, "12|9": 0.16666666666666666, "0|0": 0.16666666666666666}, "CORNER_3": {"238|22": 1.0}, "LONG_MID_RANGE": {"-147|34": 0.25, "-97|193": 0.25, "89|154": 0.25, "175|32": 0.25}, "SHORT_MID_RANGE": {"-23|54": 0.3333333333333333, "13|82": 0.3333333333333333, "-21|48": 0.3333333333333333}}, "FOUL_AWAY_FROM_PLAY": 0.0, "FOULED_AWAY_FROM_PLAY": 0.0, "FOUL_CLEAR_PATH": 0.0, "FOULED_CLEAR_PATH": 0.0, "FOUL_COUNT_AS_PERSONAL": 0.2894736842105263, "FOULED_COUNT_AS_PERSONAL": 0.08823529411764706, "FOUL_COUNT_TOWARD_PENALTY": 0.29411764705882354, "FOULED_COUNT_TOWARD_PENALTY": 0.1, "FOUL_DEFENSIVE_NON_SHOOTING": 0.13333333333333333, "FOULED_DEFENSIVE_NON_SHOOTING": 0.16666666666666666, "FOUL_DOUBLE": 0.0, "FOUL_TECHNICAL_DOUBLE": 0.0, "FOUL_FLAGRANT": 0.0, "FOULED_FLAGRANT": 0.0, "FOUL_FLAGRANT_1": 0.0, "FOULED_FLAGRANT_1": 0.0, "FOUL_FLAGRANT_2": 0.0, "FOULED_FLAGRANT_2": 0.0, "FOUL_INBOUND": 0.0, "FOULED_INBOUND": 0.0, "FOUL_LOOSE_BALL": 0.0, "FOULED_LOOSE_BALL": 0.0, "FOUL_OFFENSIVE_CHARGE": 0.0, "FOULED_OFFENSIVE_CHARGE": 0.0, "FOUL_OFFENSIVE_OTHER": 0.0, "FOULED_OFFENSIVE_OTHER": 0.0, "FOUL_OFFENSIVE_TOTAL": 0.25, "FOULED_OFFENSIVE_TOTAL": 0.0, "FOUL_PERSONAL": 0.09090909090909091, "FOULED_PERSONAL": 0.25, "FOUL_PERSONAL_BLOCK": 0.0, "FOULED_PERSONAL_BLOCK": 0.0, "FOUL_PERSONAL_TAKE": 0.0, "FOULED_PERSONAL_TAKE": 0.0, "FOUL_SHOOTING": 0.42105263157894735, "FOULED_SHOOTING": 0.05555555555555555, "FOUL_SHOOTING_BLOCK": 0.0, "FOULED_SHOOTING_BLOCK": 0.0, "FOUL_TECHNICAL": 0.0, "FT": 1.0, "REBOUND_DEFENSIVE": 0.175, "REBOUND_OFFENSIVE": 0.03896103896103896, "STEAL": 0.2727272727272727, "SHOT_TYPE_ARC_3_OFFENSIVE": 0.3333333333333333, "SHOT_TYPE_ARC_3_DEFENSIVE": 0.3055555555555556, "SHOT_TYPE_AT_RIM_OFFENSIVE": 0.2814814814814815, "SHOT_TYPE_AT_RIM_DEFENSIVE": 0.2986111111111111, "SHOT_TYPE_CORNER_3_OFFENSIVE": 0.1037037037037037, "SHOT_TYPE_CORNER_3_DEFENSIVE": 0.09027777777777778, "SHOT_TYPE_LONG_MID_RANGE_OFFENSIVE": 0.14074074074074075, "SHOT_TYPE_LONG_MID_RANGE_DEFENSIVE": 0.09027777777777778, "SHOT_TYPE_SHORT_MID_RANGE_OFFENSIVE": 0.14074074074074075, "SHOT_TYPE_SHORT_MID_RANGE_DEFENSIVE": 0.2152777777777778, "TURNOVER": 0.2631578947368421, "VIOLATION_DEFENSIVE_GOALTENDING": 1.0, "VIOLATION_DEFENSIVE_KICK_BALL": 0.0}