{"ASSIST": 0.11834319526627218, "BLOCK": 0.37142857142857144, "FG_ARC_3_ATTEMPT": 0.05454545454545454, "FG_ARC_3_BLOCK": 0.0, "FG_ARC_3_MADE": 0.4166666666666667, "FG_ARC_3_MADE_FOUL": 0.0, "FG_AT_RIM_ATTEMPT": 0.17037037037037037, "FG_AT_RIM_BLOCK": 0.044444444444444446, "FG_AT_RIM_MADE": 0.21739130434782608, "FG_AT_RIM_MADE_FOUL": 0.0, "FG_CORNER_3_ATTEMPT": 0.06451612903225806, "FG_CORNER_3_BLOCK": 0.0, "FG_CORNER_3_MADE": 0.5, "FG_CORNER_3_MADE_FOUL": 0.0, "FG_LONG_MID_RANGE_ATTEMPT": 0.06481481481481481, "FG_LONG_MID_RANGE_BLOCK": 0.0, "FG_LONG_MID_RANGE_MADE": 1.0, "FG_LONG_MID_RANGE_MADE_FOUL": 0.0, "FG_SHORT_MID_RANGE_ATTEMPT": 0.06338028169014084, "FG_SHORT_MID_RANGE_BLOCK": 0.0, "FG_SHORT_MID_RANGE_MADE": 0.4444444444444444, "FG_SHORT_MID_RANGE_MADE_FOUL": 0.0, "FG_XY": {"ARC_3": {"-21|256": 0.08333333333333333, "-121|264": 0.08333333333333333, "-31|254": 0.08333333333333333, "49|245": 0.08333333333333333, "121|220": 0.08333333333333333, "77|235": 0.08333333333333333, "-121|210": 0.08333333333333333, "151|204": 0.08333333333333333, "112|230": 0.08333333333333333, "42|257": 0.08333333333333333, "164|211": 0.08333333333333333, "87|235": 0.08333333333333333}, "AT_RIM": {"7|-4": 0.043478260869565216, "16|15": 0.043478260869565216, "-4|5": 0.043478260869565216, "6|-1": 0.043478260869565216, "-10|16": 0.043478260869565216, "-10|13": 0.043478260869565216, "1|21": 0.043478260869565216, "1|7": 0.043478260869565216, "-2|2": 0.043478260869565216, "5|-1": 0.043478260869565216, "-21|3": 0.043478260869565216, "22|8": 0.043478260869565216, "28|21": 0.043478260869565216, "2|4": 0.043478260869565216, "0|0": 0.08695652173913043, "23|23": 0.043478260869565216, "25|16": 0.043478260869565216, "-9|3": 0.043478260869565216, "-4|9": 0.043478260869565216, "-7|19": 0.043478260869565216, "-6|11": 0.043478260869565216, "-2|6": 0.043478260869565216}, "CORNER_3": {"-232|55": 0.25, "-230|5": 0.25, "230|49": 0.25, "-229|-4": 0.25}, "LONG_MID_RANGE": {"29|163": 0.14285714285714285, "44|171": 0.14285714285714285, "-153|0": 0.14285714285714285, "-7|201": 0.14285714285714285, "-161|8": 0.14285714285714285, "71|184": 0.14285714285714285, "-20|198": 0.14285714285714285}, "SHORT_MID_RANGE": {"29|80": 0.1111111111111111, "-38|26": 0.1111111111111111, "-26|54": 0.1111111111111111, "28|34": 0.1111111111111111, "-23|51": 0.1111111111111111, "21|34": 0.1111111111111111, "11|40": 0.1111111111111111, "-109|-8": 0.1111111111111111, "15|53": 0.1111111111111111}}, "FOUL_AWAY_FROM_PLAY": 0.0, "FOULED_AWAY_FROM_PLAY": 0.0, "FOUL_CLEAR_PATH": 0.0, "FOULED_CLEAR_PATH": 0.0, "FOUL_COUNT_AS_PERSONAL": 0.3237410071942446, "FOULED_COUNT_AS_PERSONAL": 0.2517482517482518, "FOUL_COUNT_TOWARD_PENALTY": 0.30327868852459017, "FOULED_COUNT_TOWARD_PENALTY": 0.26717557251908397, "FOUL_DEFENSIVE_NON_SHOOTING": 0.22857142857142856, "FOULED_DEFENSIVE_NON_SHOOTING": 0.3333333333333333, "FOUL_DOUBLE": 0.0, "FOUL_TECHNICAL_DOUBLE": 0.0, "FOUL_FLAGRANT": 0.0, "FOULED_FLAGRANT": 1.0, "FOUL_FLAGRANT_1": 0.0, "FOULED_FLAGRANT_1": 1.0, "FOUL_FLAGRANT_2": 0.0, "FOULED_FLAGRANT_2": 0.0, "FOUL_INBOUND": 0.0, "FOULED_INBOUND": 0.0, "FOUL_LOOSE_BALL": 0.0, "FOULED_LOOSE_BALL": 0.16666666666666666, "FOUL_OFFENSIVE_CHARGE": 0.0, "FOULED_OFFENSIVE_CHARGE": 0.0, "FOUL_OFFENSIVE_OTHER": 0.0, "FOULED_OFFENSIVE_OTHER": 0.0, "FOUL_OFFENSIVE_TOTAL": 0.47058823529411764, "FOULED_OFFENSIVE_TOTAL": 0.08333333333333333, "FOUL_PERSONAL": 0.17777777777777778, "FOULED_PERSONAL": 0.375, "FOUL_PERSONAL_BLOCK": 0.0, "FOULED_PERSONAL_BLOCK": 0.0, "FOUL_PERSONAL_TAKE": 0.07692307692307693, "FOULED_PERSONAL_TAKE": 0.0, "FOUL_SHOOTING": 0.4117647058823529, "FOULED_SHOOTING": 0.2112676056338028, "FOUL_SHOOTING_BLOCK": 0.0, "FOULED_SHOOTING_BLOCK": 0.0, "FOUL_TECHNICAL": 0.14285714285714285, "FT": 0.6470588235294118, "REBOUND_DEFENSIVE": 0.14534883720930233, "REBOUND_OFFENSIVE": 0.09774436090225563, "STEAL": 0.1694915254237288, "SHOT_TYPE_ARC_3_OFFENSIVE": 0.32983508245877063, "SHOT_TYPE_ARC_3_DEFENSIVE": 0.2608047690014903, "SHOT_TYPE_AT_RIM_OFFENSIVE": 0.20239880059970014, "SHOT_TYPE_AT_RIM_DEFENSIVE": 0.2846497764530551, "SHOT_TYPE_CORNER_3_OFFENSIVE": 0.09295352323838081, "SHOT_TYPE_CORNER_3_DEFENSIVE": 0.09985096870342772, "SHOT_TYPE_LONG_MID_RANGE_OFFENSIVE": 0.1619190404797601, "SHOT_TYPE_LONG_MID_RANGE_DEFENSIVE": 0.12667660208643816, "SHOT_TYPE_SHORT_MID_RANGE_OFFENSIVE": 0.2128935532233883, "SHOT_TYPE_SHORT_MID_RANGE_DEFENSIVE": 0.22801788375558868, "TURNOVER": 0.14432989690721648, "VIOLATION_DEFENSIVE_GOALTENDING": 0.0, "VIOLATION_DEFENSIVE_KICK_BALL": 0.6666666666666666}