{"ASSIST": 0.3588709677419355, "BLOCK": 0.34210526315789475, "FG_ARC_3_ATTEMPT": 0.23660714285714285, "FG_ARC_3_BLOCK": 0.0, "FG_ARC_3_MADE": 0.33962264150943394, "FG_ARC_3_MADE_FOUL": 0.0, "FG_AT_RIM_ATTEMPT": 0.3782771535580524, "FG_AT_RIM_BLOCK": 0.0149812734082397, "FG_AT_RIM_MADE": 0.7623762376237624, "FG_AT_RIM_MADE_FOUL": 0.03745318352059925, "FG_CORNER_3_ATTEMPT": 0.12195121951219512, "FG_CORNER_3_BLOCK": 0.0, "FG_CORNER_3_MADE": 0.9, "FG_CORNER_3_MADE_FOUL": 0.0, "FG_LONG_MID_RANGE_ATTEMPT": 0.27884615384615385, "FG_LONG_MID_RANGE_BLOCK": 0.0, "FG_LONG_MID_RANGE_MADE": 0.6551724137931034, "FG_LONG_MID_RANGE_MADE_FOUL": 0.0, "FG_SHORT_MID_RANGE_ATTEMPT": 0.3881578947368421, "FG_SHORT_MID_RANGE_BLOCK": 0.046052631578947366, "FG_SHORT_MID_RANGE_MADE": 0.5084745762711864, "FG_SHORT_MID_RANGE_MADE_FOUL": 0.013157894736842105, "FG_XY": {"ARC_3": {"38|248": 0.018867924528301886, "-132|221": 0.018867924528301886, "-174|189": 0.018867924528301886, "11|254": 0.018867924528301886, "47|241": 0.018867924528301886, "5|259": 0.018867924528301886, "167|195": 0.018867924528301886, "-32|256": 0.018867924528301886, "-180|179": 0.018867924528301886, "67|258": 0.018867924528301886, "164|195": 0.018867924528301886, "49|252": 0.018867924528301886, "-1|248": 0.018867924528301886, "-113|225": 0.018867924528301886, "-44|253": 0.018867924528301886, "-168|187": 0.018867924528301886, "-23|247": 0.018867924528301886, "13|262": 0.018867924528301886, "189|189": 0.018867924528301886, "-134|220": 0.018867924528301886, "-56|258": 0.018867924528301886, "-53|245": 0.018867924528301886, "-127|215": 0.018867924528301886, "-102|232": 0.018867924528301886, "-100|246": 0.018867924528301886, "131|217": 0.018867924528301886, "-82|251": 0.018867924528301886, "123|232": 0.018867924528301886, "-60|240": 0.018867924528301886, "-219|123": 0.018867924528301886, "-137|208": 0.018867924528301886, "158|201": 0.018867924528301886, "140|218": 0.018867924528301886, "-142|225": 0.018867924528301886, "98|238": 0.018867924528301886, "163|205": 0.018867924528301886, "-98|235": 0.018867924528301886, "-6|255": 0.018867924528301886, "-185|174": 0.018867924528301886, "23|250": 0.018867924528301886, "-213|129": 0.018867924528301886, "-192|193": 0.018867924528301886, "-197|162": 0.018867924528301886, "-210|142": 0.018867924528301886, "-185|178": 0.018867924528301886, "-56|260": 0.018867924528301886, "-4|257": 0.018867924528301886, "-18|273": 0.018867924528301886, "-102|241": 0.018867924528301886, "-116|237": 0.018867924528301886, "-72|252": 0.018867924528301886, "-39|257": 0.018867924528301886, "74|258": 0.018867924528301886}, "AT_RIM": {"-5|1": 0.009900990099009901, "-15|10": 0.019801980198019802, "6|1": 0.009900990099009901, "0|0": 0.16831683168316833, "-9|0": 0.009900990099009901, "21|17": 0.009900990099009901, "0|26": 0.009900990099009901, "-7|5": 0.019801980198019802, "-1|8": 0.019801980198019802, "-33|4": 0.009900990099009901, "16|3": 0.009900990099009901, "25|8": 0.009900990099009901, "28|23": 0.009900990099009901, "16|28": 0.009900990099009901, "-4|13": 0.009900990099009901, "-34|4": 0.009900990099009901, "1|27": 0.009900990099009901, "1|22": 0.009900990099009901, "25|27": 0.009900990099009901, "22|0": 0.009900990099009901, "-6|13": 0.009900990099009901, "1|15": 0.009900990099009901, "-2|-3": 0.009900990099009901, "4|4": 0.009900990099009901, "16|11": 0.009900990099009901, "11|25": 0.009900990099009901, "20|12": 0.009900990099009901, "-23|17": 0.009900990099009901, "-2|10": 0.009900990099009901, "-12|17": 0.009900990099009901, "25|20": 0.009900990099009901, "6|10": 0.009900990099009901, "10|20": 0.009900990099009901, "21|5": 0.009900990099009901, "1|5": 0.009900990099009901, "29|11": 0.009900990099009901, "-1|6": 0.009900990099009901, "-5|7": 0.009900990099009901, "5|6": 0.009900990099009901, "-20|7": 0.009900990099009901, "4|7": 0.009900990099009901, "-26|21": 0.009900990099009901, "16|4": 0.009900990099009901, "-1|20": 0.009900990099009901, "-6|14": 0.009900990099009901, "23|5": 0.009900990099009901, "4|9": 0.009900990099009901, "-16|35": 0.009900990099009901, "-20|8": 0.009900990099009901, "16|13": 0.009900990099009901, "23|0": 0.009900990099009901, "-16|6": 0.009900990099009901, "-7|4": 0.009900990099009901, "29|16": 0.009900990099009901, "33|10": 0.009900990099009901, "18|20": 0.009900990099009901, "18|14": 0.009900990099009901, "-11|17": 0.009900990099009901, "-9|18": 0.009900990099009901, "-4|2": 0.009900990099009901, "17|-4": 0.009900990099009901, "25|25": 0.009900990099009901, "-2|11": 0.009900990099009901, "22|20": 0.019801980198019802, "-22|12": 0.009900990099009901, "-21|22": 0.009900990099009901, "-2|15": 0.009900990099009901, "-17|20": 0.009900990099009901, "-18|17": 0.009900990099009901, "18|15": 0.009900990099009901, "21|11": 0.019801980198019802, "1|31": 0.009900990099009901, "11|15": 0.009900990099009901, "-16|22": 0.009900990099009901, "-4|16": 0.009900990099009901, "20|16": 0.009900990099009901, "-17|6": 0.009900990099009901, "-15|33": 0.009900990099009901, "-7|-6": 0.009900990099009901, "9|6": 0.009900990099009901}, "CORNER_3": {"-233|17": 0.1, "-233|16": 0.1, "-234|22": 0.1, "-227|-7": 0.1, "225|37": 0.1, "-234|19": 0.1, "-241|11": 0.1, "-233|20": 0.1, "233|21": 0.1, "228|29": 0.1}, "LONG_MID_RANGE": {"-109|170": 0.034482758620689655, "-141|51": 0.034482758620689655, "-114|118": 0.034482758620689655, "-64|132": 0.034482758620689655, "-164|24": 0.034482758620689655, "-129|89": 0.034482758620689655, "-212|-3": 0.034482758620689655, "205|-9": 0.034482758620689655, "-179|37": 0.034482758620689655, "-12|155": 0.034482758620689655, "49|181": 0.034482758620689655, "44|170": 0.034482758620689655, "-56|167": 0.034482758620689655, "-43|185": 0.034482758620689655, "-6|158": 0.034482758620689655, "1|176": 0.034482758620689655, "-136|86": 0.034482758620689655, "162|16": 0.034482758620689655, "143|26": 0.034482758620689655, "72|198": 0.034482758620689655, "-189|20": 0.034482758620689655, "-152|39": 0.034482758620689655, "153|11": 0.034482758620689655, "150|11": 0.034482758620689655, "20|168": 0.034482758620689655, "-148|28": 0.034482758620689655, "8|140": 0.034482758620689655, "0|187": 0.034482758620689655, "-27|164": 0.034482758620689655}, "SHORT_MID_RANGE": {"123|45": 0.01694915254237288, "69|63": 0.01694915254237288, "-11|104": 0.01694915254237288, "-58|22": 0.01694915254237288, "18|49": 0.01694915254237288, "-17|79": 0.01694915254237288, "58|13": 0.01694915254237288, "12|48": 0.01694915254237288, "0|69": 0.01694915254237288, "75|50": 0.01694915254237288, "32|48": 0.01694915254237288, "-10|77": 0.01694915254237288, "5|78": 0.01694915254237288, "132|36": 0.01694915254237288, "9|74": 0.01694915254237288, "2|68": 0.01694915254237288, "38|15": 0.01694915254237288, "-94|-2": 0.01694915254237288, "1|107": 0.01694915254237288, "70|27": 0.01694915254237288, "96|31": 0.01694915254237288, "-5|107": 0.01694915254237288, "4|61": 0.01694915254237288, "-27|79": 0.01694915254237288, "47|93": 0.01694915254237288, "28|75": 0.01694915254237288, "-125|5": 0.01694915254237288, "-71|69": 0.01694915254237288, "55|120": 0.01694915254237288, "60|121": 0.01694915254237288, "48|101": 0.01694915254237288, "-21|64": 0.01694915254237288, "20|38": 0.01694915254237288, "11|46": 0.01694915254237288, "4|117": 0.01694915254237288, "42|68": 0.01694915254237288, "103|38": 0.01694915254237288, "12|65": 0.01694915254237288, "-42|36": 0.01694915254237288, "-28|72": 0.01694915254237288, "-47|52": 0.01694915254237288, "54|46": 0.01694915254237288, "48|28": 0.01694915254237288, "1|97": 0.01694915254237288, "26|52": 0.01694915254237288, "16|79": 0.01694915254237288, "4|56": 0.01694915254237288, "6|115": 0.01694915254237288, "-10|62": 0.01694915254237288, "34|52": 0.01694915254237288, "45|63": 0.01694915254237288, "9|121": 0.01694915254237288, "17|37": 0.01694915254237288, "17|58": 0.01694915254237288, "26|36": 0.01694915254237288, "-23|80": 0.01694915254237288, "-103|19": 0.01694915254237288, "-1|96": 0.01694915254237288,