{"ASSIST": 0.19004524886877827, "BLOCK": 0.07692307692307693, "FG_ARC_3_ATTEMPT": 0.37910447761194027, "FG_ARC_3_BLOCK": 0.0029850746268656717, "FG_ARC_3_MADE": 0.1968503937007874, "FG_ARC_3_MADE_FOUL": 0.0, "FG_AT_RIM_ATTEMPT": 0.22321428571428573, "FG_AT_RIM_BLOCK": 0.013392857142857142, "FG_AT_RIM_MADE": 0.7, "FG_AT_RIM_MADE_FOUL": 0.017857142857142856, "FG_CORNER_3_ATTEMPT": 0.2748091603053435, "FG_CORNER_3_BLOCK": 0.0, "FG_CORNER_3_MADE": 0.3055555555555556, "FG_CORNER_3_MADE_FOUL": 0.0, "FG_LONG_MID_RANGE_ATTEMPT": 0.3125, "FG_LONG_MID_RANGE_BLOCK": 0.0, "FG_LONG_MID_RANGE_MADE": 0.6, "FG_LONG_MID_RANGE_MADE_FOUL": 0.0, "FG_SHORT_MID_RANGE_ATTEMPT": 0.32642487046632124, "FG_SHORT_MID_RANGE_BLOCK": 0.010362694300518135, "FG_SHORT_MID_RANGE_MADE": 0.4603174603174603, "FG_SHORT_MID_RANGE_MADE_FOUL": 0.015544041450777202, "FG_XY": {"ARC_3": {"-214|124": 0.007874015748031496, "-103|222": 0.007874015748031496, "147|206": 0.007874015748031496, "163|195": 0.007874015748031496, "10|257": 0.007874015748031496, "175|184": 0.007874015748031496, "150|226": 0.007874015748031496, "-140|206": 0.007874015748031496, "-229|112": 0.007874015748031496, "234|90": 0.007874015748031496, "126|222": 0.007874015748031496, "-190|170": 0.007874015748031496, "-5|256": 0.007874015748031496, "-158|226": 0.007874015748031496, "70|247": 0.007874015748031496, "-163|190": 0.007874015748031496, "-210|141": 0.007874015748031496, "83|258": 0.007874015748031496, "165|220": 0.007874015748031496, "31|257": 0.007874015748031496, "53|269": 0.007874015748031496, "-157|214": 0.007874015748031496, "134|230": 0.007874015748031496, "1|263": 0.007874015748031496, "-192|173": 0.007874015748031496, "141|210": 0.007874015748031496, "-135|213": 0.007874015748031496, "119|222": 0.007874015748031496, "70|243": 0.007874015748031496, "-147|215": 0.007874015748031496, "-218|127": 0.007874015748031496, "-116|252": 0.007874015748031496, "-121|295": 0.007874015748031496, "-82|252": 0.007874015748031496, "151|247": 0.007874015748031496, "-142|267": 0.007874015748031496, "110|250": 0.007874015748031496, "194|222": 0.007874015748031496, "-168|236": 0.007874015748031496, "53|246": 0.007874015748031496, "9|260": 0.007874015748031496, "136|216": 0.007874015748031496, "16|260": 0.007874015748031496, "185|196": 0.007874015748031496, "-195|173": 0.007874015748031496, "-142|221": 0.007874015748031496, "87|247": 0.007874015748031496, "-107|231": 0.007874015748031496, "201|156": 0.007874015748031496, "54|245": 0.007874015748031496, "-131|225": 0.015748031496062992, "-109|246": 0.007874015748031496, "-100|231": 0.007874015748031496, "-61|264": 0.007874015748031496, "140|211": 0.007874015748031496, "-26|253": 0.015748031496062992, "-1|263": 0.007874015748031496, "-126|235": 0.007874015748031496, "-217|140": 0.007874015748031496, "125|222": 0.007874015748031496, "-156|221": 0.007874015748031496, "-181|168": 0.007874015748031496, "-134|226": 0.007874015748031496, "-42|260": 0.007874015748031496, "141|215": 0.007874015748031496, "148|237": 0.007874015748031496, "25|263": 0.007874015748031496, "-197|193": 0.007874015748031496, "169|190": 0.007874015748031496, "-4|306": 0.007874015748031496, "-207|221": 0.007874015748031496, "99|236": 0.007874015748031496, "-219|162": 0.007874015748031496, "-5|252": 0.007874015748031496, "185|188": 0.007874015748031496, "17|253": 0.007874015748031496, "-100|237": 0.007874015748031496, "-201|184": 0.007874015748031496, "140|205": 0.007874015748031496, "185|185": 0.007874015748031496, "131|219": 0.007874015748031496, "157|195": 0.007874015748031496, "118|244": 0.007874015748031496, "31|260": 0.007874015748031496, "-104|237": 0.007874015748031496, "-145|230": 0.007874015748031496, "-129|204": 0.007874015748031496, "-150|195": 0.007874015748031496, "-194|147": 0.007874015748031496, "-161|187": 0.007874015748031496, "132|231": 0.007874015748031496, "161|190": 0.007874015748031496, "-29|251": 0.007874015748031496, "118|240": 0.007874015748031496, "-206|177": 0.007874015748031496, "-116|221": 0.007874015748031496, "183|183": 0.007874015748031496, "126|221": 0.007874015748031496, "132|244": 0.007874015748031496, "12|257": 0.007874015748031496, "167|192": 0.007874015748031496, "-32|240": 0.007874015748031496, "121|306": 0.007874015748031496, "-72|237": 0.007874015748031496, "134|287": 0.007874015748031496, "-170|169": 0.007874015748031496, "-165|180": 0.007874015748031496, "130|221": 0.007874015748031496, "147|207": 0.007874015748031496, "-173|181": 0.007874015748031496, "-197|164": 0.007874015748031496, "-147|199": 0.007874015748031496, "21|265": 0.007874015748031496, "-178|184": 0.007874015748031496, "-211|157": 0.007874015748031496, "-1|255": 0.007874015748031496, "-180|171": 0.007874015748031496, "195|142": 0.007874015748031496, "-1|273": 0.007874015748031496, "190|164": 0.007874015748031496, "146|235": 0.007874015748031496, "-5|253": 0.007874015748031496, "-9|274": 0.007874015748031496, "173|189": 0.007874015748031496, "-164|203": 0.007874015748031496}, "AT_RIM": {"13|16": 0.02, "26|13": 0.02, "-1|-4": 0.02, "4|29": 0.02, "-21|18": 0.02, "11|13": 0.02, "23|12": 0.02, "26|11": 0.02, "23|17": 0.02, "-9|10": 0.02, "0|0": 0.04, "-4|19": 0.02, "-4|9": 0.02, "-16|6": 0.02, "-21|28": 0.02, "7|2": 0.02, "-9|9": 0.02, "1|30": 0.02, "2|18": 0.02, "4|4": 0.02, "22|25": 0.02, "-22|4": 0.02, "26|20": 0.02, "4|11": 0.02, "20|18": 0.02, "0|23": 0.02, "23|14": 0.02, "-10|11": 0.02, "-7|13": 0.02, "18|9": 0.02, "29|22": 0.02, "33|19": 0.02, "7|-2": 0.02, "-31|20": 0.02, "-23|15": 0.02, "5|27": 0.02, "-22|16": 0.02, "37|5": 0.02, "28|8": 0.02, "27|13": 0.02, "-12|6": 0.02, "25|5": 0.02, "12|5": 0.02, "2|9": 0.02, "0|18": 0.02, "-16|17": 0.02, "6|22": 0.02, "33|-1": 0.02, "12|15": 0.02}, "CORNER_3": {"237|58": 0.027777777777777776, "-234|-5": 0.027777777777777776, "232|70": 0.027777777777777776, "-235|65": 0.027777777777777776, "-238|60": 0.027777777777777776, "232|7": 0.027777777777777776, "232|21": 0.027777777777777776, "-229|0": 0.027777777777777776, "-232|24": 0.027777777777777776, "-235|-4": 0.027777777777777776, "-238|-17": 0.027777777777777776, "-241|-13": 0.027777777777777776, "229|-1": 0.027777777777777776, "-229|17": 0.027777777777777776, "-232|-6": 0.027777777777777776, "-223|46": 0.027777777777777776, "-225|11": 0.027777777777777776, "-233|21": 0.027777777777777776, "-241|27": 0.027777777777777776, "224|17": 0.027777777777777776, "229|-9": 0.027777777777777776, "238|4": 0.027777777777777776, "-222|-8": 0.027777777777777776, "-228|-8": 0.027777777777777776, "227|18": 0.027777777777777776, "-235|26": 0.027777777777777776, "-219|4": 0.027777777777777776, "234|38": 0.027777777777777776, "229|17": 0.027777777777777776, "-230|-27": 0.027777777777777776, "-238|13": 0.027777777777777776, "-230|12": 0.027777777777777776, "-232|-10": 0.027777777777777776, "-237|-10": 0.027777777777777776, "239|34": 0.027777777777777776, "-223|34": 0.027777777777777776}, "LONG_MID_RANGE": {"-143|22": 0.2, "-71|168": 0.2, "-74|130": 0.2, "211|85": 0.2, "-194|10": 0.2}, "SHORT_MID_RANGE": {"37|64": 0.015873015873015872, "-2|65": 0.015873015873015872, "-4|63": 0.015873015873015872, "65|82": 0.015873015873015872, "11|53": 0.015873015873015872, "-44|14": 0.015873015873015872, "0|97": 0.015873015873015872, "49|18": 0.015873015873015872, "64|45": 0.015873015873015872, "-43|74": 0.015873015873015872, "-17|40": 0.015873015873015872, "-131|-23": 0.015873015873015872, "42|5": 0.015873015873015872, "-16|50": 0.015873015873015872, "-77|-1": 0.015873015873015872, "6|55": 0.015873015873015872, "-25|38": 0.015873015873015872, "26|58": 0.015873015873015872, "22|136": 0.015873015873015872, "-43|96": 0.015873015873015872, "-85|0": 0.015873015873015872, "-31|25": 0.015873015873015872, "1|47": 0.015873015873015872, "1|46": 0.015873015873015872, "38|125": 0.015873015873015872, "55|6": 0.015873015873015872, "1|92": 0.015873015873015872, "-17|50": 0.015873015873015872, "-20|35": 0.015873015873015872, "-4|95": 0.015873015873015872,