{"ASSIST": 0.17073170731707318, "BLOCK": 0.288135593220339, "FG_ARC_3_ATTEMPT": 0.16363636363636364, "FG_ARC_3_BLOCK": 0.0, "FG_ARC_3_MADE": 0.24074074074074073, "FG_ARC_3_MADE_FOUL": 0.0, "FG_AT_RIM_ATTEMPT": 0.2042042042042042, "FG_AT_RIM_BLOCK": 0.006006006006006006, "FG_AT_RIM_MADE": 0.5441176470588235, "FG_AT_RIM_MADE_FOUL": 0.012012012012012012, "FG_CORNER_3_ATTEMPT": 0.3305084745762712, "FG_CORNER_3_BLOCK": 0.0, "FG_CORNER_3_MADE": 0.2564102564102564, "FG_CORNER_3_MADE_FOUL": 0.0, "FG_LONG_MID_RANGE_ATTEMPT": 0.45535714285714285, "FG_LONG_MID_RANGE_BLOCK": 0.008928571428571428, "FG_LONG_MID_RANGE_MADE": 0.2549019607843137, "FG_LONG_MID_RANGE_MADE_FOUL": 0.0, "FG_SHORT_MID_RANGE_ATTEMPT": 0.22926829268292684, "FG_SHORT_MID_RANGE_BLOCK": 0.03414634146341464, "FG_SHORT_MID_RANGE_MADE": 0.3404255319148936, "FG_SHORT_MID_RANGE_MADE_FOUL": 0.00975609756097561, "FG_XY": {"ARC_3": {"105|255": 0.018518518518518517, "154|204": 0.018518518518518517, "0|253": 0.018518518518518517, "-140|211": 0.018518518518518517, "-152|199": 0.018518518518518517, "-65|274": 0.018518518518518517, "4|265": 0.018518518518518517, "-125|213": 0.018518518518518517, "115|219": 0.018518518518518517, "-82|251": 0.018518518518518517, "173|197": 0.018518518518518517, "-159|204": 0.018518518518518517, "67|252": 0.018518518518518517, "212|146": 0.018518518518518517, "141|211": 0.018518518518518517, "113|260": 0.018518518518518517, "-132|238": 0.018518518518518517, "86|251": 0.018518518518518517, "37|247": 0.018518518518518517, "150|208": 0.018518518518518517, "-29|263": 0.018518518518518517, "-36|265": 0.018518518518518517, "120|225": 0.018518518518518517, "-23|284": 0.018518518518518517, "-72|252": 0.018518518518518517, "-233|100": 0.018518518518518517, "-103|238": 0.018518518518518517, "-119|230": 0.018518518518518517, "-157|207": 0.018518518518518517, "-134|262": 0.018518518518518517, "-147|242": 0.018518518518518517, "49|295": 0.018518518518518517, "222|137": 0.018518518518518517, "-158|267": 0.018518518518518517, "-181|194": 0.018518518518518517, "196|168": 0.018518518518518517, "-184|190": 0.018518518518518517, "-153|221": 0.018518518518518517, "37|532": 0.018518518518518517, "-146|222": 0.018518518518518517, "-175|197": 0.018518518518518517, "-74|251": 0.018518518518518517, "69|263": 0.018518518518518517, "-81|245": 0.018518518518518517, "-112|277": 0.018518518518518517, "-124|275": 0.018518518518518517, "40|284": 0.018518518518518517, "-174|216": 0.018518518518518517, "-125|249": 0.018518518518518517, "-188|218": 0.018518518518518517, "-65|247": 0.018518518518518517, "-188|173": 0.018518518518518517, "-201|139": 0.018518518518518517, "102|258": 0.018518518518518517}, "AT_RIM": {"-20|3": 0.014705882352941176, "-7|26": 0.014705882352941176, "0|0": 0.04411764705882353, "4|11": 0.014705882352941176, "-32|-1": 0.014705882352941176, "-29|0": 0.014705882352941176, "26|6": 0.029411764705882353, "5|21": 0.014705882352941176, "22|11": 0.014705882352941176, "-6|22": 0.014705882352941176, "-16|13": 0.014705882352941176, "-12|-2": 0.014705882352941176, "-1|-6": 0.014705882352941176, "21|6": 0.029411764705882353, "-1|8": 0.014705882352941176, "-1|26": 0.014705882352941176, "9|11": 0.014705882352941176, "-33|11": 0.014705882352941176, "31|18": 0.014705882352941176, "-12|11": 0.014705882352941176, "33|6": 0.014705882352941176, "-11|9": 0.014705882352941176, "-1|36": 0.014705882352941176, "-20|4": 0.014705882352941176, "-25|26": 0.014705882352941176, "-17|11": 0.014705882352941176, "-13|5": 0.014705882352941176, "-21|18": 0.014705882352941176, "-1|5": 0.014705882352941176, "-1|-4": 0.014705882352941176, "16|15": 0.014705882352941176, "12|31": 0.014705882352941176, "-11|15": 0.014705882352941176, "-28|16": 0.014705882352941176, "15|8": 0.014705882352941176, "-9|15": 0.014705882352941176, "-7|16": 0.014705882352941176, "-31|18": 0.014705882352941176, "-32|20": 0.014705882352941176, "-28|27": 0.014705882352941176, "17|26": 0.014705882352941176, "25|6": 0.029411764705882353, "15|6": 0.014705882352941176, "-21|-4": 0.014705882352941176, "-5|20": 0.014705882352941176, "-12|4": 0.014705882352941176, "16|5": 0.029411764705882353, "-20|13": 0.014705882352941176, "-36|2": 0.014705882352941176, "-17|1": 0.014705882352941176, "26|14": 0.014705882352941176, "31|11": 0.014705882352941176, "12|26": 0.014705882352941176, "7|36": 0.014705882352941176, "-4|29": 0.014705882352941176, "31|21": 0.014705882352941176, "4|18": 0.014705882352941176, "0|26": 0.014705882352941176, "5|19": 0.014705882352941176, "-13|34": 0.014705882352941176, "20|11": 0.014705882352941176, "-17|21": 0.014705882352941176}, "CORNER_3": {"-233|-2": 0.02564102564102564, "-239|6": 0.02564102564102564, "-232|26": 0.02564102564102564, "230|11": 0.02564102564102564, "-230|1": 0.02564102564102564, "-230|10": 0.02564102564102564, "-234|8": 0.02564102564102564, "-237|0": 0.02564102564102564, "237|10": 0.02564102564102564, "227|10": 0.02564102564102564, "-229|-4": 0.02564102564102564, "-232|52": 0.02564102564102564, "-234|-3": 0.02564102564102564, "-235|54": 0.02564102564102564, "238|15": 0.02564102564102564, "237|16": 0.02564102564102564, "229|15": 0.02564102564102564, "-229|36": 0.02564102564102564, "-233|13": 0.02564102564102564, "235|49": 0.02564102564102564, "229|7": 0.02564102564102564, "-234|5": 0.02564102564102564, "225|63": 0.02564102564102564, "-229|-2": 0.02564102564102564, "-233|29": 0.02564102564102564, "235|13": 0.02564102564102564, "-235|64": 0.02564102564102564, "-234|12": 0.02564102564102564, "223|42": 0.02564102564102564, "227|63": 0.02564102564102564, "-234|30": 0.02564102564102564, "-235|36": 0.02564102564102564, "241|15": 0.02564102564102564, "228|1": 0.02564102564102564, "227|53": 0.02564102564102564, "-241|69": 0.02564102564102564, "240|48": 0.02564102564102564, "-230|83": 0.02564102564102564, "228|27": 0.02564102564102564}, "LONG_MID_RANGE": {"102|104": 0.0196078431372549, "49|171": 0.0196078431372549, "120|137": 0.0196078431372549, "76|157": 0.0196078431372549, "-154|138": 0.0196078431372549, "109|179": 0.0196078431372549, "116|167": 0.0196078431372549, "43|143": 0.0196078431372549, "-127|157": 0.0196078431372549, "4|180": 0.0196078431372549, "-121|135": 0.0196078431372549, "70|206": 0.0196078431372549, "4|140": 0.0196078431372549, "105|170": 0.0196078431372549, "38|200": 0.0196078431372549, "-25|198": 0.0196078431372549, "180|37": 0.0196078431372549, "131|89": 0.0196078431372549, "-71|162": 0.0196078431372549, "-59|139": 0.0196078431372549, "99|159": 0.0196078431372549, "113|126": 0.0196078431372549, "6|202": 0.0196078431372549, "36|161": 0.0196078431372549, "83|189": 0.0196078431372549, "-99|206": 0.0196078431372549, "58|190": 0.0196078431372549, "-2|142": 0.0196078431372549, "191|13": 0.0196078431372549, "151|2": 0.0196078431372549, "-49|200": 0.0196078431372549, "-3|146": 0.0196078431372549, "136|145": 0.0196078431372549, "88|178": 0.0196078431372549, "173|63": 0.0196078431372549, "150|134": 0.0196078431372549, "141|22": 0.0196078431372549, "-119|181": 0.0196078431372549, "-48|204": 0.0196078431372549, "62|142": 0.0196078431372549, "148|40": 0.0196078431372549, "141|103": 0.0196078431372549, "113|128": 0.0196078431372549, "60|187": 0.0196078431372549, "145|120": 0.0196078431372549, "34|205": 0.0196078431372549, "91|141": 0.0196078431372549, "130|143": 0.0196078431372549, "184|84": 0.0196078431372549, "-98|121": 0.0196078431372549, "108|138": 0.0196078431372549}, "SHORT_MID_RANGE": {"-80|32": 0.02127659574468085, "115|13": 0.02127659574468085, "-62|23": 0.02127659574468085, "-1|43": 0.02127659574468085, "-116|-14": 0.02127659574468085, "1|47": 0.02127659574468085, "17|48": 0.02127659574468085, "12|41": 0.02127659574468085, "116|8": 0.02127659574468085, "-21|122": 0.02127659574468085, "129|46": 0.02127659574468085, "-4|42": 0.02127659574468085, "22|99": 0.02127659574468085, "-51|68": 0.02127659574468085, "11|120": 0.02127659574468085, "11|57": 0.02127659574468085, "56|-8": 0.02127659574468085,