{"ASSIST": 0.16025641025641027, "BLOCK": 0.03225806451612903, "FG_ARC_3_ATTEMPT": 0.14691943127962084, "FG_ARC_3_BLOCK": 0.0, "FG_ARC_3_MADE": 0.3548387096774194, "FG_ARC_3_MADE_FOUL": 0.0, "FG_AT_RIM_ATTEMPT": 0.1404494382022472, "FG_AT_RIM_BLOCK": 0.02247191011235955, "FG_AT_RIM_MADE": 0.6, "FG_AT_RIM_MADE_FOUL": 0.011235955056179775, "FG_CORNER_3_ATTEMPT": 0.3389830508474576, "FG_CORNER_3_BLOCK": 0.01694915254237288, "FG_CORNER_3_MADE": 0.35, "FG_CORNER_3_MADE_FOUL": 0.0, "FG_LONG_MID_RANGE_ATTEMPT": 0.16417910447761194, "FG_LONG_MID_RANGE_BLOCK": 0.0, "FG_LONG_MID_RANGE_MADE": 0.18181818181818182, "FG_LONG_MID_RANGE_MADE_FOUL": 0.0, "FG_SHORT_MID_RANGE_ATTEMPT": 0.1323529411764706, "FG_SHORT_MID_RANGE_BLOCK": 0.022058823529411766, "FG_SHORT_MID_RANGE_MADE": 0.3333333333333333, "FG_SHORT_MID_RANGE_MADE_FOUL": 0.0, "FG_XY": {"ARC_3": {"-119|227": 0.03225806451612903, "-156|211": 0.03225806451612903, "103|215": 0.03225806451612903, "-200|176": 0.03225806451612903, "-183|221": 0.03225806451612903, "190|165": 0.03225806451612903, "176|188": 0.03225806451612903, "-28|270": 0.03225806451612903, "153|220": 0.03225806451612903, "-70|250": 0.03225806451612903, "70|262": 0.03225806451612903, "-20|265": 0.03225806451612903, "189|178": 0.03225806451612903, "-214|148": 0.03225806451612903, "201|136": 0.03225806451612903, "-180|172": 0.03225806451612903, "-140|218": 0.03225806451612903, "-28|276": 0.03225806451612903, "78|257": 0.03225806451612903, "168|203": 0.03225806451612903, "-228|90": 0.03225806451612903, "243|92": 0.03225806451612903, "-96|239": 0.03225806451612903, "20|255": 0.03225806451612903, "-123|237": 0.03225806451612903, "-132|218": 0.03225806451612903, "7|268": 0.03225806451612903, "219|128": 0.03225806451612903, "-164|220": 0.03225806451612903, "-141|199": 0.03225806451612903, "223|126": 0.03225806451612903}, "AT_RIM": {"-20|23": 0.04, "11|31": 0.04, "0|0": 0.12, "-1|4": 0.04, "23|29": 0.04, "21|13": 0.04, "18|4": 0.04, "16|-4": 0.04, "27|28": 0.04, "11|29": 0.04, "10|10": 0.04, "-9|23": 0.04, "16|30": 0.04, "9|10": 0.04, "12|17": 0.04, "10|21": 0.04, "-34|13": 0.04, "5|4": 0.04, "-10|16": 0.04, "10|7": 0.04, "18|32": 0.04, "6|13": 0.04, "-4|3": 0.04}, "CORNER_3": {"-223|13": 0.05, "228|71": 0.05, "-238|-4": 0.05, "-225|9": 0.05, "-234|4": 0.05, "234|-6": 0.05, "229|13": 0.05, "229|21": 0.05, "-235|-4": 0.05, "-237|-11": 0.05, "-249|25": 0.05, "-233|6": 0.05, "-222|41": 0.05, "233|60": 0.05, "235|63": 0.05, "-238|5": 0.05, "228|-2": 0.05, "-227|-4": 0.05, "-235|27": 0.05, "228|21": 0.05}, "LONG_MID_RANGE": {"112|84": 0.09090909090909091, "-178|94": 0.09090909090909091, "-118|137": 0.09090909090909091, "78|147": 0.09090909090909091, "-173|-6": 0.09090909090909091, "104|186": 0.09090909090909091, "-2|194": 0.09090909090909091, "9|166": 0.09090909090909091, "107|131": 0.09090909090909091, "184|70": 0.09090909090909091, "-159|89": 0.09090909090909091}, "SHORT_MID_RANGE": {"58|36": 0.05555555555555555, "-22|57": 0.05555555555555555, "-43|121": 0.05555555555555555, "31|25": 0.05555555555555555, "45|21": 0.05555555555555555, "-37|31": 0.05555555555555555, "70|54": 0.05555555555555555, "-21|134": 0.05555555555555555, "94|15": 0.05555555555555555, "42|17": 0.05555555555555555, "-91|30": 0.05555555555555555, "-107|31": 0.05555555555555555, "-28|67": 0.05555555555555555, "65|58": 0.05555555555555555, "56|31": 0.05555555555555555, "54|21": 0.05555555555555555, "43|38": 0.05555555555555555, "-93|16": 0.05555555555555555}}, "FOUL_AWAY_FROM_PLAY": 0.0, "FOULED_AWAY_FROM_PLAY": 0.0, "FOUL_CLEAR_PATH": 0.0, "FOULED_CLEAR_PATH": 0.0, "FOUL_COUNT_AS_PERSONAL": 0.16326530612244897, "FOULED_COUNT_AS_PERSONAL": 0.07936507936507936, "FOUL_COUNT_TOWARD_PENALTY": 0.16176470588235295, "FOULED_COUNT_TOWARD_PENALTY": 0.07017543859649122, "FOUL_DEFENSIVE_NON_SHOOTING": 0.22388059701492538, "FOULED_DEFENSIVE_NON_SHOOTING": 0.07936507936507936, "FOUL_DOUBLE": 0.0, "FOUL_TECHNICAL_DOUBLE": 0.0, "FOUL_FLAGRANT": 0.0, "FOULED_FLAGRANT": 0.0, "FOUL_FLAGRANT_1": 0.0, "FOULED_FLAGRANT_1": 0.0, "FOUL_FLAGRANT_2": 0.0, "FOULED_FLAGRANT_2": 0.0, "FOUL_INBOUND": 0.0, "FOULED_INBOUND": 0.0, "FOUL_LOOSE_BALL": 0.0, "FOULED_LOOSE_BALL": 0.0, "FOUL_OFFENSIVE_CHARGE": 1.0, "FOULED_OFFENSIVE_CHARGE": 0.0, "FOUL_OFFENSIVE_OTHER": 0.0, "FOULED_OFFENSIVE_OTHER": 0.0, "FOUL_OFFENSIVE_TOTAL": 0.2, "FOULED_OFFENSIVE_TOTAL": 0.16666666666666666, "FOUL_PERSONAL": 0.2222222222222222, "FOULED_PERSONAL": 0.07142857142857142, "FOUL_PERSONAL_BLOCK": 0.0, "FOULED_PERSONAL_BLOCK": 0.0, "FOUL_PERSONAL_TAKE": 0.0, "FOULED_PERSONAL_TAKE": 0.2857142857142857, "FOUL_SHOOTING": 0.10144927536231885, "FOULED_SHOOTING": 0.058823529411764705, "FOUL_SHOOTING_BLOCK": 0.0, "FOULED_SHOOTING_BLOCK": 0.0, "FOUL_TECHNICAL": 0.0, "FT": 0.75, "REBOUND_DEFENSIVE": 0.03977272727272727, "REBOUND_OFFENSIVE": 0.03282828282828283, "STEAL": 0.16981132075471697, "SHOT_TYPE_ARC_3_OFFENSIVE": 0.3241167434715822, "SHOT_TYPE_ARC_3_DEFENSIVE": 0.31587057010785824, "SHOT_TYPE_AT_RIM_OFFENSIVE": 0.27342549923195086, "SHOT_TYPE_AT_RIM_DEFENSIVE": 0.2711864406779661, "SHOT_TYPE_CORNER_3_OFFENSIVE": 0.09062980030721966, "SHOT_TYPE_CORNER_3_DEFENSIVE": 0.08628659476117104, "SHOT_TYPE_LONG_MID_RANGE_OFFENSIVE": 0.10291858678955453, "SHOT_TYPE_LONG_MID_RANGE_DEFENSIVE": 0.12788906009244994, "SHOT_TYPE_SHORT_MID_RANGE_OFFENSIVE": 0.20890937019969277, "SHOT_TYPE_SHORT_MID_RANGE_DEFENSIVE": 0.1987673343605547, "TURNOVER": 0.1282051282051282, "VIOLATION_DEFENSIVE_GOALTENDING": 0.0, "VIOLATION_DEFENSIVE_KICK_BALL": 0.0}