{"ASSIST": 0.41904761904761906, "BLOCK": 0.05263157894736842, "FG_ARC_3_ATTEMPT": 0.3614457831325301, "FG_ARC_3_BLOCK": 0.0, "FG_ARC_3_MADE": 0.4, "FG_ARC_3_MADE_FOUL": 0.0, "FG_AT_RIM_ATTEMPT": 0.27350427350427353, "FG_AT_RIM_BLOCK": 0.021367521367521368, "FG_AT_RIM_MADE": 0.796875, "FG_AT_RIM_MADE_FOUL": 0.042735042735042736, "FG_CORNER_3_ATTEMPT": 0.19318181818181818, "FG_CORNER_3_BLOCK": 0.0, "FG_CORNER_3_MADE": 0.7058823529411765, "FG_CORNER_3_MADE_FOUL": 0.0, "FG_LONG_MID_RANGE_ATTEMPT": 0.26373626373626374, "FG_LONG_MID_RANGE_BLOCK": 0.0, "FG_LONG_MID_RANGE_MADE": 0.4166666666666667, "FG_LONG_MID_RANGE_MADE_FOUL": 0.01098901098901099, "FG_SHORT_MID_RANGE_ATTEMPT": 0.36548223350253806, "FG_SHORT_MID_RANGE_BLOCK": 0.04060913705583756, "FG_SHORT_MID_RANGE_MADE": 0.5416666666666666, "FG_SHORT_MID_RANGE_MADE_FOUL": 0.015228426395939087, "FG_XY": {"ARC_3": {"-145|251": 0.011111111111111112, "-37|272": 0.011111111111111112, "201|128": 0.011111111111111112, "-86|247": 0.011111111111111112, "-165|204": 0.011111111111111112, "-189|208": 0.011111111111111112, "222|153": 0.011111111111111112, "-194|224": 0.011111111111111112, "-138|203": 0.011111111111111112, "-31|276": 0.011111111111111112, "132|231": 0.011111111111111112, "-26|267": 0.011111111111111112, "130|253": 0.011111111111111112, "-153|200": 0.011111111111111112, "-140|209": 0.011111111111111112, "159|194": 0.011111111111111112, "2|263": 0.011111111111111112, "-13|284": 0.011111111111111112, "157|195": 0.011111111111111112, "-92|242": 0.011111111111111112, "208|152": 0.011111111111111112, "32|253": 0.011111111111111112, "159|227": 0.011111111111111112, "183|201": 0.011111111111111112, "-188|260": 0.011111111111111112, "165|203": 0.011111111111111112, "-158|235": 0.011111111111111112, "189|179": 0.011111111111111112, "216|133": 0.011111111111111112, "-145|232": 0.011111111111111112, "175|189": 0.011111111111111112, "61|242": 0.011111111111111112, "-75|251": 0.011111111111111112, "-37|243": 0.011111111111111112, "-67|247": 0.011111111111111112, "152|205": 0.011111111111111112, "-145|215": 0.011111111111111112, "-218|121": 0.011111111111111112, "188|163": 0.011111111111111112, "97|241": 0.011111111111111112, "-164|270": 0.011111111111111112, "-189|184": 0.011111111111111112, "165|200": 0.011111111111111112, "62|266": 0.011111111111111112, "219|130": 0.011111111111111112, "206|178": 0.011111111111111112, "-21|268": 0.011111111111111112, "-147|206": 0.011111111111111112, "-157|185": 0.011111111111111112, "-96|257": 0.011111111111111112, "-191|214": 0.011111111111111112, "127|214": 0.011111111111111112, "-185|217": 0.011111111111111112, "-153|215": 0.011111111111111112, "42|279": 0.011111111111111112, "-80|267": 0.011111111111111112, "-192|191": 0.011111111111111112, "2|319": 0.011111111111111112, "158|236": 0.011111111111111112, "-188|310": 0.011111111111111112, "-50|266": 0.011111111111111112, "-92|256": 0.011111111111111112, "208|155": 0.011111111111111112, "145|230": 0.011111111111111112, "216|146": 0.011111111111111112, "-2|264": 0.011111111111111112, "211|131": 0.011111111111111112, "-222|131": 0.011111111111111112, "158|192": 0.011111111111111112, "218|148": 0.011111111111111112, "186|184": 0.011111111111111112, "162|233": 0.011111111111111112, "-180|190": 0.011111111111111112, "112|239": 0.011111111111111112, "-5|273": 0.011111111111111112, "-161|202": 0.011111111111111112, "208|164": 0.011111111111111112, "-119|246": 0.011111111111111112, "-39|267": 0.011111111111111112, "-212|151": 0.011111111111111112, "-200|146": 0.011111111111111112, "186|203": 0.011111111111111112, "157|210": 0.011111111111111112, "-150|263": 0.011111111111111112, "-195|165": 0.011111111111111112, "126|231": 0.011111111111111112, "-137|298": 0.011111111111111112, "-190|164": 0.011111111111111112, "28|258": 0.011111111111111112, "-32|255": 0.011111111111111112}, "AT_RIM": {"22|19": 0.015625, "-13|15": 0.015625, "-2|11": 0.015625, "-2|4": 0.046875, "9|0": 0.015625, "-7|13": 0.03125, "-22|18": 0.015625, "33|17": 0.015625, "-34|17": 0.015625, "11|15": 0.015625, "16|6": 0.015625, "-4|31": 0.015625, "1|3": 0.03125, "-4|7": 0.015625, "-7|12": 0.015625, "4|15": 0.015625, "20|24": 0.015625, "-26|-4": 0.015625, "21|26": 0.015625, "-26|17": 0.015625, "-27|17": 0.015625, "-13|17": 0.015625, "21|29": 0.015625, "-11|25": 0.015625, "17|25": 0.015625, "23|15": 0.015625, "2|3": 0.015625, "-11|18": 0.015625, "5|12": 0.015625, "2|8": 0.015625, "7|11": 0.015625, "9|7": 0.015625, "18|21": 0.015625, "20|14": 0.015625, "13|29": 0.015625, "13|16": 0.015625, "10|17": 0.015625, "5|7": 0.03125, "2|34": 0.015625, "0|0": 0.015625, "-26|-6": 0.015625, "-22|17": 0.015625, "16|0": 0.015625, "-9|29": 0.015625, "-26|8": 0.015625, "28|7": 0.015625, "-11|23": 0.015625, "23|16": 0.015625, "4|26": 0.015625, "0|16": 0.015625, "-12|13": 0.015625, "31|17": 0.015625, "16|16": 0.015625, "-18|7": 0.015625, "13|17": 0.015625, "-1|-1": 0.015625, "5|-10": 0.015625, "5|2": 0.015625, "-2|1": 0.015625}, "CORNER_3": {"-232|-10": 0.058823529411764705, "225|63": 0.058823529411764705, "-243|-7": 0.058823529411764705, "-232|68": 0.058823529411764705, "222|57": 0.058823529411764705, "-230|14": 0.058823529411764705, "228|59": 0.058823529411764705, "-235|-6": 0.058823529411764705, "-237|25": 0.058823529411764705, "234|62": 0.058823529411764705, "-237|-5": 0.058823529411764705, "232|63": 0.058823529411764705, "-233|-5": 0.058823529411764705, "223|25": 0.058823529411764705, "232|-15": 0.058823529411764705, "-243|-4": 0.058823529411764705, "-229|23": 0.058823529411764705}, "LONG_MID_RANGE": {"-100|138": 0.041666666666666664, "-62|126": 0.041666666666666664, "74|130": 0.041666666666666664, "110|121": 0.041666666666666664, "-22|172": 0.041666666666666664, "131|191": 0.041666666666666664, "105|140": 0.041666666666666664, "-53|172": 0.041666666666666664, "151|147": 0.041666666666666664, "-16|157": 0.041666666666666664, "-121|90": 0.041666666666666664, "48|146": 0.041666666666666664, "-7|151": 0.041666666666666664, "65|134": 0.041666666666666664, "-10|168": 0.041666666666666664, "0|148": 0.041666666666666664, "33|155": 0.041666666666666664, "168|16": 0.041666666666666664, "-21|160": 0.041666666666666664, "61|170": 0.041666666666666664, "-92|180": 0.041666666666666664, "146|1": 0.041666666666666664, "-34|162": 0.041666666666666664, "191|100": 0.041666666666666664}, "SHORT_MID_RANGE": {"22|48": 0.013888888888888888, "-61|42": 0.013888888888888888, "21|70": 0.013888888888888888, "45|48": 0.013888888888888888, "-34|44": 0.013888888888888888, "-67|52": 0.013888888888888888, "62|53": 0.013888888888888888, "-97|75": 0.013888888888888888, "45|20": 0.013888888888888888, "58|17": 0.013888888888888888, "47|29": 0.013888888888888888, "-43|75": 0.013888888888888888, "43|45": 0.013888888888888888, "-55|35": 0.013888888888888888, "-56|11": 0.013888888888888888, "-85|83": 0.013888888888888888, "51|77": 0.013888888888888888, "18|60": 0.013888888888888888, "-43|130": 0.013888888888888888, "-4|42": 0.013888888888888888, "71|9": 0.013888888888888888, "34|73": 0.013888888888888888, "100|35": 0.013888888888888888, "9|40": 0.013888888888888888, "-34|27": 0.013888888888888888, "-69|101": 0.013888888888888888, "-43|34": 0.013888888888888888, "4|42": 0.013888888888888888, "-77|33": 0.013888888888888888, "-36|88": 0.013888888888888888, "34|124": 0.013888888888888888, "-28|43": 0.013888888888888888, "31|83": 0.013888888888888888, "45|43": 0.013888888888888888, "66|41": 0.013888888888888888, "38|111": 0.013888888888888888, "-50|52": 0.013888888888888888, "-61|36": 0.013888888888888888, "-37|20": 0.013888888888888888, "31|46": 0.013888888888888888, "-11|39": 0.013888888888888888, "10|83": 0.013888888888888888, "40|22": 0.013888888888888888, "-40|63": 0.013888888888888888, "33|25": 0.013888888888888888, "-10|68": 0.013888888888888888, "-11|43": 0.013888888888888888, "-120|21": 0.013888888888888888, "11|66": 0.013888888888888888, "29|29": 0.013888888888888888, "-55|36": 0.013888888888888888,