{"ASSIST": 0.26521739130434785, "BLOCK": 0.05172413793103448, "FG_ARC_3_ATTEMPT": 0.1956521739130435, "FG_ARC_3_BLOCK": 0.0, "FG_ARC_3_MADE": 0.36507936507936506, "FG_ARC_3_MADE_FOUL": 0.003105590062111801, "FG_AT_RIM_ATTEMPT": 0.125, "FG_AT_RIM_BLOCK": 0.0, "FG_AT_RIM_MADE": 0.9615384615384616, "FG_AT_RIM_MADE_FOUL": 0.009615384615384616, "FG_CORNER_3_ATTEMPT": 0.2578125, "FG_CORNER_3_BLOCK": 0.0, "FG_CORNER_3_MADE": 0.48484848484848486, "FG_CORNER_3_MADE_FOUL": 0.0, "FG_LONG_MID_RANGE_ATTEMPT": 0.03225806451612903, "FG_LONG_MID_RANGE_BLOCK": 0.0, "FG_LONG_MID_RANGE_MADE": 1.0, "FG_LONG_MID_RANGE_MADE_FOUL": 0.0, "FG_SHORT_MID_RANGE_ATTEMPT": 0.09424083769633508, "FG_SHORT_MID_RANGE_BLOCK": 0.010471204188481676, "FG_SHORT_MID_RANGE_MADE": 0.6111111111111112, "FG_SHORT_MID_RANGE_MADE_FOUL": 0.010471204188481676, "FG_XY": {"ARC_3": {"85|242": 0.015873015873015872, "-234|89": 0.015873015873015872, "207|172": 0.015873015873015872, "145|209": 0.015873015873015872, "-27|253": 0.015873015873015872, "-100|227": 0.015873015873015872, "77|247": 0.015873015873015872, "225|116": 0.015873015873015872, "202|166": 0.015873015873015872, "-124|213": 0.015873015873015872, "-4|255": 0.015873015873015872, "151|198": 0.015873015873015872, "-219|130": 0.015873015873015872, "134|215": 0.015873015873015872, "-170|191": 0.015873015873015872, "-172|211": 0.015873015873015872, "169|191": 0.015873015873015872, "156|201": 0.015873015873015872, "-11|250": 0.015873015873015872, "167|194": 0.015873015873015872, "208|151": 0.015873015873015872, "47|236": 0.015873015873015872, "230|130": 0.015873015873015872, "-229|104": 0.015873015873015872, "163|206": 0.015873015873015872, "153|216": 0.015873015873015872, "17|274": 0.015873015873015872, "-214|169": 0.015873015873015872, "180|202": 0.015873015873015872, "218|117": 0.015873015873015872, "-205|155": 0.015873015873015872, "-25|263": 0.015873015873015872, "125|220": 0.015873015873015872, "93|237": 0.015873015873015872, "-87|253": 0.015873015873015872, "196|157": 0.015873015873015872, "-130|208": 0.015873015873015872, "-211|148": 0.015873015873015872, "-175|189": 0.015873015873015872, "152|204": 0.015873015873015872, "218|147": 0.015873015873015872, "212|172": 0.015873015873015872, "-186|185": 0.015873015873015872, "-136|220": 0.015873015873015872, "-109|246": 0.015873015873015872, "168|192": 0.015873015873015872, "96|227": 0.015873015873015872, "222|126": 0.015873015873015872, "-214|110": 0.015873015873015872, "-158|197": 0.015873015873015872, "183|182": 0.015873015873015872, "206|125": 0.015873015873015872, "214|190": 0.015873015873015872, "-44|257": 0.015873015873015872, "185|195": 0.015873015873015872, "129|230": 0.015873015873015872, "143|218": 0.015873015873015872, "213|133": 0.015873015873015872, "201|164": 0.015873015873015872, "211|135": 0.015873015873015872, "75|252": 0.015873015873015872, "-138|214": 0.015873015873015872, "140|205": 0.015873015873015872}, "AT_RIM": {"13|23": 0.038461538461538464, "-27|13": 0.038461538461538464, "16|9": 0.038461538461538464, "-7|22": 0.038461538461538464, "-23|25": 0.038461538461538464, "-18|10": 0.038461538461538464, "7|8": 0.038461538461538464, "1|10": 0.038461538461538464, "18|16": 0.038461538461538464, "28|16": 0.038461538461538464, "28|23": 0.038461538461538464, "28|8": 0.038461538461538464, "0|16": 0.038461538461538464, "-17|13": 0.038461538461538464, "-4|5": 0.038461538461538464, "26|15": 0.038461538461538464, "11|0": 0.038461538461538464, "-36|5": 0.038461538461538464, "18|20": 0.038461538461538464, "-13|25": 0.038461538461538464, "16|8": 0.038461538461538464, "26|6": 0.038461538461538464, "17|19": 0.038461538461538464, "16|11": 0.038461538461538464, "2|17": 0.038461538461538464, "-22|8": 0.038461538461538464}, "CORNER_3": {"-228|41": 0.030303030303030304, "234|9": 0.030303030303030304, "-239|45": 0.030303030303030304, "240|79": 0.030303030303030304, "233|8": 0.030303030303030304, "234|68": 0.030303030303030304, "235|38": 0.030303030303030304, "232|19": 0.030303030303030304, "-235|20": 0.030303030303030304, "-222|-20": 0.030303030303030304, "235|77": 0.030303030303030304, "227|-16": 0.030303030303030304, "241|38": 0.030303030303030304, "232|80": 0.030303030303030304, "230|13": 0.030303030303030304, "233|6": 0.030303030303030304, "222|5": 0.030303030303030304, "-230|83": 0.030303030303030304, "229|80": 0.030303030303030304, "-237|6": 0.030303030303030304, "228|12": 0.030303030303030304, "229|17": 0.030303030303030304, "240|78": 0.030303030303030304, "230|9": 0.030303030303030304, "233|4": 0.030303030303030304, "237|27": 0.030303030303030304, "232|65": 0.030303030303030304, "-233|11": 0.030303030303030304, "234|75": 0.030303030303030304, "232|69": 0.030303030303030304, "-234|-20": 0.030303030303030304, "-229|-22": 0.030303030303030304, "222|52": 0.030303030303030304}, "LONG_MID_RANGE": {"-200|22": 1.0}, "SHORT_MID_RANGE": {"40|79": 0.05555555555555555, "-42|96": 0.05555555555555555, "-54|26": 0.05555555555555555, "-92|2": 0.05555555555555555, "36|27": 0.05555555555555555, "4|64": 0.05555555555555555, "45|106": 0.05555555555555555, "9|101": 0.05555555555555555, "37|132": 0.05555555555555555, "-5|76": 0.05555555555555555, "-59|35": 0.05555555555555555, "-36|75": 0.05555555555555555, "9|88": 0.05555555555555555, "-28|57": 0.05555555555555555, "4|83": 0.05555555555555555, "-44|27": 0.05555555555555555, "40|73": 0.05555555555555555, "-16|44": 0.05555555555555555}}, "FOUL_AWAY_FROM_PLAY": 0.0, "FOULED_AWAY_FROM_PLAY": 0.0, "FOUL_CLEAR_PATH": 0.0, "FOULED_CLEAR_PATH": 0.0, "FOUL_COUNT_AS_PERSONAL": 0.17, "FOULED_COUNT_AS_PERSONAL": 0.047619047619047616, "FOUL_COUNT_TOWARD_PENALTY": 0.1896551724137931, "FOULED_COUNT_TOWARD_PENALTY": 0.044444444444444446, "FOUL_DEFENSIVE_NON_SHOOTING": 0.29292929292929293, "FOULED_DEFENSIVE_NON_SHOOTING": 0.052083333333333336, "FOUL_DOUBLE": 0.0, "FOUL_TECHNICAL_DOUBLE": 0.0, "FOUL_FLAGRANT": 1.0, "FOULED_FLAGRANT": 0.0, "FOUL_FLAGRANT_1": 0.0, "FOULED_FLAGRANT_1": 0.0, "FOUL_FLAGRANT_2": 1.0, "FOULED_FLAGRANT_2": 0.0, "FOUL_INBOUND": 0.0, "FOULED_INBOUND": 0.0, "FOUL_LOOSE_BALL": 0.0, "FOULED_LOOSE_BALL": 0.0, "FOUL_OFFENSIVE_CHARGE": 0.0, "FOULED_OFFENSIVE_CHARGE": 0.0, "FOUL_OFFENSIVE_OTHER": 0.0, "FOULED_OFFENSIVE_OTHER": 0.0, "FOUL_OFFENSIVE_TOTAL": 0.038461538461538464, "FOULED_OFFENSIVE_TOTAL": 0.1111111111111111, "FOUL_PERSONAL": 0.3, "FOULED_PERSONAL": 0.04285714285714286, "FOUL_PERSONAL_BLOCK": 0.0, "FOULED_PERSONAL_BLOCK": 0.0, "FOUL_PERSONAL_TAKE": 0.4, "FOULED_PERSONAL_TAKE": 0.2, "FOUL_SHOOTING": 0.05405405405405406, "FOULED_SHOOTING": 0.03571428571428571, "FOUL_SHOOTING_BLOCK": 0.0, "FOULED_SHOOTING_BLOCK": 0.0, "FOUL_TECHNICAL": 0.16666666666666666, "FT": 0.8888888888888888, "REBOUND_DEFENSIVE": 0.1015625, "REBOUND_OFFENSIVE": 0.02053388090349076, "STEAL": 0.15714285714285714, "SHOT_TYPE_ARC_3_OFFENSIVE": 0.3659090909090909, "SHOT_TYPE_ARC_3_DEFENSIVE": 0.3076923076923077, "SHOT_TYPE_AT_RIM_OFFENSIVE": 0.23636363636363636, "SHOT_TYPE_AT_RIM_DEFENSIVE": 0.24835164835164836, "SHOT_TYPE_CORNER_3_OFFENSIVE": 0.14545454545454545, "SHOT_TYPE_CORNER_3_DEFENSIVE": 0.06043956043956044, "SHOT_TYPE_LONG_MID_RANGE_OFFENSIVE": 0.035227272727272725, "SHOT_TYPE_LONG_MID_RANGE_DEFENSIVE": 0.12857142857142856, "SHOT_TYPE_SHORT_MID_RANGE_OFFENSIVE": 0.21704545454545454, "SHOT_TYPE_SHORT_MID_RANGE_DEFENSIVE": 0.2549450549450549, "TURNOVER": 0.12269938650306748, "VIOLATION_DEFENSIVE_GOALTENDING": 0.0, "VIOLATION_DEFENSIVE_KICK_BALL": 0.3333333333333333}