{"ASSIST": 0.1319796954314721, "BLOCK": 0.5277777777777778, "FG_ARC_3_ATTEMPT": 0.21825396825396826, "FG_ARC_3_BLOCK": 0.0, "FG_ARC_3_MADE": 0.14545454545454545, "FG_ARC_3_MADE_FOUL": 0.0, "FG_AT_RIM_ATTEMPT": 0.21264367816091953, "FG_AT_RIM_BLOCK": 0.005747126436781609, "FG_AT_RIM_MADE": 0.6486486486486487, "FG_AT_RIM_MADE_FOUL": 0.005747126436781609, "FG_CORNER_3_ATTEMPT": 0.1016949152542373, "FG_CORNER_3_BLOCK": 0.0, "FG_CORNER_3_MADE": 0.6666666666666666, "FG_CORNER_3_MADE_FOUL": 0.0, "FG_LONG_MID_RANGE_ATTEMPT": 0.19801980198019803, "FG_LONG_MID_RANGE_BLOCK": 0.019801980198019802, "FG_LONG_MID_RANGE_MADE": 0.1, "FG_LONG_MID_RANGE_MADE_FOUL": 0.0, "FG_SHORT_MID_RANGE_ATTEMPT": 0.275, "FG_SHORT_MID_RANGE_BLOCK": 0.03125, "FG_SHORT_MID_RANGE_MADE": 0.2727272727272727, "FG_SHORT_MID_RANGE_MADE_FOUL": 0.00625, "FG_XY": {"ARC_3": {"39|262": 0.01818181818181818, "-94|226": 0.01818181818181818, "126|277": 0.01818181818181818, "163|219": 0.01818181818181818, "165|198": 0.01818181818181818, "-66|256": 0.01818181818181818, "-169|216": 0.01818181818181818, "-70|283": 0.01818181818181818, "17|373": 0.01818181818181818, "-162|227": 0.01818181818181818, "173|212": 0.01818181818181818, "94|251": 0.01818181818181818, "-76|244": 0.01818181818181818, "2|268": 0.01818181818181818, "115|228": 0.01818181818181818, "72|264": 0.01818181818181818, "37|275": 0.01818181818181818, "-9|248": 0.01818181818181818, "49|262": 0.01818181818181818, "-76|240": 0.01818181818181818, "-145|222": 0.01818181818181818, "-7|252": 0.01818181818181818, "-137|214": 0.01818181818181818, "-93|258": 0.01818181818181818, "119|246": 0.01818181818181818, "-153|222": 0.01818181818181818, "-66|267": 0.01818181818181818, "-143|231": 0.01818181818181818, "115|246": 0.01818181818181818, "-131|256": 0.01818181818181818, "-172|189": 0.01818181818181818, "-168|193": 0.01818181818181818, "-16|291": 0.01818181818181818, "-124|283": 0.01818181818181818, "116|231": 0.01818181818181818, "-2|290": 0.01818181818181818, "212|153": 0.01818181818181818, "-105|287": 0.01818181818181818, "184|182": 0.01818181818181818, "-115|235": 0.01818181818181818, "74|247": 0.01818181818181818, "94|263": 0.01818181818181818, "134|218": 0.01818181818181818, "-56|263": 0.01818181818181818, "-134|241": 0.01818181818181818, "-94|244": 0.01818181818181818, "141|263": 0.01818181818181818, "-97|245": 0.01818181818181818, "-100|256": 0.01818181818181818, "-60|267": 0.01818181818181818, "-34|286": 0.01818181818181818, "66|254": 0.01818181818181818, "-170|222": 0.01818181818181818, "25|258": 0.01818181818181818, "-128|202": 0.01818181818181818}, "AT_RIM": {"-25|26": 0.02702702702702703, "0|0": 0.35135135135135137, "-16|15": 0.02702702702702703, "4|10": 0.02702702702702703, "10|11": 0.02702702702702703, "6|13": 0.02702702702702703, "11|29": 0.02702702702702703, "-17|18": 0.02702702702702703, "-1|7": 0.02702702702702703, "-23|4": 0.02702702702702703, "-7|38": 0.02702702702702703, "2|22": 0.02702702702702703, "7|38": 0.02702702702702703, "1|9": 0.02702702702702703, "-15|13": 0.02702702702702703, "-5|37": 0.02702702702702703, "-2|31": 0.02702702702702703, "-14|24": 0.02702702702702703, "22|12": 0.02702702702702703, "-7|13": 0.02702702702702703, "28|21": 0.02702702702702703, "6|1": 0.02702702702702703, "-26|27": 0.02702702702702703, "2|19": 0.02702702702702703, "-2|34": 0.02702702702702703}, "CORNER_3": {"228|5": 0.16666666666666666, "230|23": 0.16666666666666666, "237|0": 0.16666666666666666, "-227|79": 0.16666666666666666, "230|69": 0.16666666666666666, "228|13": 0.16666666666666666}, "LONG_MID_RANGE": {"-134|92": 0.05, "140|62": 0.05, "121|108": 0.05, "-37|157": 0.05, "0|148": 0.05, "136|70": 0.05, "190|91": 0.05, "11|195": 0.05, "-137|171": 0.05, "-89|141": 0.05, "0|153": 0.05, "10|167": 0.05, "141|68": 0.05, "104|101": 0.05, "54|130": 0.05, "-150|20": 0.05, "-135|97": 0.05, "-97|116": 0.05, "-107|108": 0.05, "127|93": 0.05}, "SHORT_MID_RANGE": {"2|113": 0.022727272727272728, "-116|42": 0.022727272727272728, "33|120": 0.022727272727272728, "100|97": 0.022727272727272728, "-5|52": 0.022727272727272728, "51|13": 0.022727272727272728, "-134|16": 0.022727272727272728, "120|5": 0.022727272727272728, "-1|118": 0.022727272727272728, "-21|109": 0.022727272727272728, "-98|75": 0.022727272727272728, "-9|123": 0.022727272727272728, "2|111": 0.022727272727272728, "22|89": 0.022727272727272728, "-32|77": 0.022727272727272728, "-27|98": 0.022727272727272728, "-4|100": 0.022727272727272728, "51|22": 0.022727272727272728, "-87|19": 0.022727272727272728, "-2|73": 0.022727272727272728, "-32|111": 0.022727272727272728, "-136|-4": 0.022727272727272728, "-48|15": 0.022727272727272728, "-76|68": 0.022727272727272728, "103|53": 0.022727272727272728, "31|75": 0.022727272727272728, "-6|63": 0.022727272727272728, "15|62": 0.022727272727272728, "-105|59": 0.022727272727272728, "91|59": 0.022727272727272728, "-103|55": 0.022727272727272728, "-127|41": 0.022727272727272728, "9|55": 0.022727272727272728, "50|55": 0.022727272727272728, "68|36": 0.022727272727272728, "78|63": 0.022727272727272728, "-40|24": 0.022727272727272728, "56|92": 0.022727272727272728, "-58|105": 0.022727272727272728, "99|69": 0.022727272727272728, "66|76": 0.022727272727272728, "-22|55": 0.022727272727272728, "56|125": 0.022727272727272728, "-58|22": 0.022727272727272728}}, "FOUL_AWAY_FROM_PLAY": 0.0, "FOULED_AWAY_FROM_PLAY": 0.5, "FOUL_CLEAR_PATH": 0.0, "FOULED_CLEAR_PATH": 0.0, "FOUL_COUNT_AS_PERSONAL": 0.21621621621621623, "FOULED_COUNT_AS_PERSONAL": 0.3357142857142857, "FOUL_COUNT_TOWARD_PENALTY": 0.19548872180451127, "FOULED_COUNT_TOWARD_PENALTY": 0.35877862595419846, "FOUL_DEFENSIVE_NON_SHOOTING": 0.2, "FOULED_DEFENSIVE_NON_SHOOTING": 0.32857142857142857, "FOUL_DOUBLE": 0.0, "FOUL_TECHNICAL_DOUBLE": 0.0, "FOUL_FLAGRANT": 0.0, "FOULED_FLAGRANT": 0.0, "FOUL_FLAGRANT_1": 0.0, "FOULED_FLAGRANT_1": 0.0, "FOUL_FLAGRANT_2": 0.0, "FOULED_FLAGRANT_2": 0.0, "FOUL_INBOUND": 0.0, "FOULED_INBOUND": 0.0, "FOUL_LOOSE_BALL": 0.0, "FOULED_LOOSE_BALL": 0.7, "FOUL_OFFENSIVE_CHARGE": 0.3333333333333333, "FOULED_OFFENSIVE_CHARGE": 0.0, "FOUL_OFFENSIVE_OTHER": 0.0, "FOULED_OFFENSIVE_OTHER": 0.0, "FOUL_OFFENSIVE_TOTAL": 0.4, "FOULED_OFFENSIVE_TOTAL": 0.0, "FOUL_PERSONAL": 0.23636363636363636, "FOULED_PERSONAL": 0.27586206896551724, "FOUL_PERSONAL_BLOCK": 0.0, "FOULED_PERSONAL_BLOCK": 0.0, "FOUL_PERSONAL_TAKE": 0.0, "FOULED_PERSONAL_TAKE": 0.0, "FOUL_SHOOTING": 0.18867924528301888, "FOULED_SHOOTING": 0.38333333333333336, "FOUL_SHOOTING_BLOCK": 0.0, "FOULED_SHOOTING_BLOCK": 0.0, "FOUL_TECHNICAL": 0.14285714285714285, "FT": 0.8852459016393442, "REBOUND_DEFENSIVE": 0.18604651162790697, "REBOUND_OFFENSIVE": 0.0763888888888889, "STEAL": 0.22413793103448276, "SHOT_TYPE_ARC_3_OFFENSIVE": 0.3378016085790885, "SHOT_TYPE_ARC_3_DEFENSIVE": 0.2726008344923505, "SHOT_TYPE_AT_RIM_OFFENSIVE": 0.23324396782841822, "SHOT_TYPE_AT_RIM_DEFENSIVE": 0.26842837273991654, "SHOT_TYPE_CORNER_3_OFFENSIVE": 0.07908847184986595, "SHOT_TYPE_CORNER_3_DEFENSIVE": 0.10848400556328233, "SHOT_TYPE_LONG_MID_RANGE_OFFENSIVE": 0.1353887399463807, "SHOT_TYPE_LONG_MID_RANGE_DEFENSIVE": 0.13351877607788595, "SHOT_TYPE_SHORT_MID_RANGE_OFFENSIVE": 0.21447721179624665, "SHOT_TYPE_SHORT_MID_RANGE_DEFENSIVE": 0.21696801112656466, "TURNOVER": 0.22988505747126436, "VIOLATION_DEFENSIVE_GOALTENDING": 0.0, "VIOLATION_DEFENSIVE_KICK_BALL": 0.0}