{"ASSIST": 0.41198501872659177, "BLOCK": 0.1267605633802817, "FG_ARC_3_ATTEMPT": 0.152317880794702, "FG_ARC_3_BLOCK": 0.0, "FG_ARC_3_MADE": 0.7608695652173914, "FG_ARC_3_MADE_FOUL": 0.0, "FG_AT_RIM_ATTEMPT": 0.30662020905923343, "FG_AT_RIM_BLOCK": 0.010452961672473868, "FG_AT_RIM_MADE": 0.7386363636363636, "FG_AT_RIM_MADE_FOUL": 0.006968641114982578, "FG_CORNER_3_ATTEMPT": 0.25882352941176473, "FG_CORNER_3_BLOCK": 0.0, "FG_CORNER_3_MADE": 0.8181818181818182, "FG_CORNER_3_MADE_FOUL": 0.0, "FG_LONG_MID_RANGE_ATTEMPT": 0.21505376344086022, "FG_LONG_MID_RANGE_BLOCK": 0.0, "FG_LONG_MID_RANGE_MADE": 0.4, "FG_LONG_MID_RANGE_MADE_FOUL": 0.010752688172043012, "FG_SHORT_MID_RANGE_ATTEMPT": 0.3627450980392157, "FG_SHORT_MID_RANGE_BLOCK": 0.0196078431372549, "FG_SHORT_MID_RANGE_MADE": 0.5675675675675675, "FG_SHORT_MID_RANGE_MADE_FOUL": 0.014705882352941176, "FG_XY": {"ARC_3": {"93|260": 0.021739130434782608, "-112|239": 0.021739130434782608, "-142|211": 0.021739130434782608, "23|260": 0.021739130434782608, "153|273": 0.021739130434782608, "-104|247": 0.021739130434782608, "64|281": 0.021739130434782608, "-206|174": 0.021739130434782608, "165|226": 0.021739130434782608, "-131|233": 0.021739130434782608, "-126|224": 0.021739130434782608, "89|243": 0.021739130434782608, "114|222": 0.021739130434782608, "-29|259": 0.021739130434782608, "71|253": 0.021739130434782608, "-11|251": 0.021739130434782608, "100|234": 0.021739130434782608, "191|150": 0.021739130434782608, "-55|247": 0.021739130434782608, "51|252": 0.021739130434782608, "10|245": 0.021739130434782608, "145|231": 0.021739130434782608, "-221|147": 0.021739130434782608, "-28|250": 0.021739130434782608, "58|250": 0.021739130434782608, "190|148": 0.021739130434782608, "-6|254": 0.021739130434782608, "123|247": 0.021739130434782608, "-154|236": 0.021739130434782608, "183|541": 0.021739130434782608, "154|201": 0.021739130434782608, "91|252": 0.021739130434782608, "124|226": 0.021739130434782608, "-53|260": 0.021739130434782608, "50|251": 0.021739130434782608, "26|430": 0.021739130434782608, "141|230": 0.021739130434782608, "16|271": 0.021739130434782608, "157|221": 0.021739130434782608, "-51|252": 0.021739130434782608, "225|147": 0.021739130434782608, "186|154": 0.021739130434782608, "37|256": 0.021739130434782608, "-110|263": 0.021739130434782608, "-89|241": 0.021739130434782608, "-146|214": 0.021739130434782608}, "AT_RIM": {"2|6": 0.011363636363636364, "0|4": 0.011363636363636364, "26|22": 0.011363636363636364, "27|15": 0.011363636363636364, "5|16": 0.011363636363636364, "-25|11": 0.011363636363636364, "15|8": 0.011363636363636364, "-10|13": 0.011363636363636364, "-16|14": 0.011363636363636364, "18|15": 0.011363636363636364, "-25|18": 0.011363636363636364, "-10|2": 0.011363636363636364, "5|3": 0.011363636363636364, "10|16": 0.011363636363636364, "12|0": 0.011363636363636364, "-17|6": 0.011363636363636364, "-6|1": 0.011363636363636364, "-1|12": 0.011363636363636364, "-2|6": 0.011363636363636364, "16|11": 0.011363636363636364, "-5|22": 0.011363636363636364, "-1|15": 0.011363636363636364, "-12|10": 0.011363636363636364, "1|23": 0.011363636363636364, "-18|1": 0.011363636363636364, "-18|8": 0.011363636363636364, "5|6": 0.011363636363636364, "0|6": 0.011363636363636364, "29|8": 0.011363636363636364, "22|4": 0.011363636363636364, "-1|26": 0.011363636363636364, "15|29": 0.011363636363636364, "-22|4": 0.011363636363636364, "-4|8": 0.011363636363636364, "-16|5": 0.011363636363636364, "-23|17": 0.011363636363636364, "6|16": 0.011363636363636364, "-15|-4": 0.011363636363636364, "20|17": 0.011363636363636364, "13|10": 0.011363636363636364, "-5|13": 0.011363636363636364, "27|7": 0.011363636363636364, "21|11": 0.022727272727272728, "22|15": 0.011363636363636364, "2|18": 0.011363636363636364, "20|20": 0.011363636363636364, "0|18": 0.011363636363636364, "29|22": 0.011363636363636364, "-5|21": 0.011363636363636364, "-5|26": 0.011363636363636364, "28|26": 0.011363636363636364, "27|9": 0.011363636363636364, "-25|17": 0.011363636363636364, "9|26": 0.011363636363636364, "-21|21": 0.011363636363636364, "12|10": 0.011363636363636364, "-27|10": 0.011363636363636364, "5|27": 0.011363636363636364, "-6|24": 0.011363636363636364, "-25|-4": 0.011363636363636364, "20|8": 0.011363636363636364, "25|29": 0.011363636363636364, "9|11": 0.011363636363636364, "7|5": 0.011363636363636364, "-23|32": 0.011363636363636364, "-29|16": 0.011363636363636364, "9|6": 0.011363636363636364, "-12|30": 0.011363636363636364, "-20|10": 0.011363636363636364, "-1|11": 0.011363636363636364, "15|27": 0.011363636363636364, "-7|26": 0.011363636363636364, "21|12": 0.011363636363636364, "-1|6": 0.011363636363636364, "-11|8": 0.03409090909090909, "-5|11": 0.011363636363636364, "-2|16": 0.011363636363636364, "-21|15": 0.011363636363636364, "11|0": 0.011363636363636364, "16|5": 0.011363636363636364, "-12|4": 0.011363636363636364, "27|12": 0.011363636363636364, "4|8": 0.011363636363636364, "-16|18": 0.011363636363636364, "-6|5": 0.011363636363636364}, "CORNER_3": {"-235|6": 0.045454545454545456, "234|19": 0.045454545454545456, "-233|5": 0.045454545454545456, "230|57": 0.045454545454545456, "-227|18": 0.045454545454545456, "-234|10": 0.045454545454545456, "239|6": 0.045454545454545456, "-234|0": 0.045454545454545456, "-234|13": 0.045454545454545456, "-244|27": 0.045454545454545456, "227|7": 0.045454545454545456, "224|16": 0.045454545454545456, "-233|22": 0.045454545454545456, "222|80": 0.045454545454545456, "-238|8": 0.045454545454545456, "-227|48": 0.045454545454545456, "-225|6": 0.045454545454545456, "-229|23": 0.045454545454545456, "241|-11": 0.045454545454545456, "-230|-10": 0.045454545454545456, "-228|5": 0.045454545454545456, "232|-1": 0.045454545454545456}, "LONG_MID_RANGE": {"206|2": 0.05, "148|89": 0.05, "51|141": 0.05, "152|54": 0.05, "145|19": 0.05, "60|143": 0.05, "22|153": 0.05, "-85|138": 0.05, "207|29": 0.05, "148|114": 0.05, "-204|86": 0.05, "15|168": 0.05, "186|31": 0.05, "140|18": 0.05, "105|160": 0.05, "105|103": 0.05, "82|148": 0.05, "138|38": 0.05, "71|216": 0.05, "170|15": 0.05}, "SHORT_MID_RANGE": {"-6|51": 0.013513513513513514, "132|27": 0.013513513513513514, "-22|73": 0.013513513513513514, "22|122": 0.013513513513513514, "26|35": 0.013513513513513514, "75|82": 0.013513513513513514, "10|71": 0.013513513513513514, "-48|34": 0.013513513513513514, "31|62": 0.013513513513513514, "-37|23": 0.013513513513513514, "2|82": 0.013513513513513514, "119|5": 0.013513513513513514, "-43|8": 0.013513513513513514, "-104|25": 0.013513513513513514, "98|6": 0.013513513513513514, "40|101": 0.013513513513513514, "1|73": 0.013513513513513514, "39|95": 0.013513513513513514, "-18|56": 0.013513513513513514, "50|31": 0.013513513513513514, "-11|116": 0.013513513513513514, "1|43": 0.013513513513513514, "75|25": 0.013513513513513514, "7|95": 0.013513513513513514, "-125|-5": 0.013513513513513514, "-21|84": 0.013513513513513514, "50|21": 0.013513513513513514, "-62|89": 0.013513513513513514, "77|38": 0.013513513513513514, "81|9": 0.013513513513513514, "116|21": 0.013513513513513514, "97|1": 0.013513513513513514, "66|20": 0.013513513513513514, "-59|49": 0.013513513513513514, "47|23": 0.013513513513513514, "-114|12": 0.013513513513513514, "50|89": 0.013513513513513514, "53|55": 0.013513513513513514, "-48|25": 0.013513513513513514, "44|-3": 0.013513513513513514, "47|64": 0.013513513513513514, "17|113": 0.013513513513513514, "87|26": 0.013513513513513514, "32|29": 0.013513513513513514, "-27|50": 0.013513513513513514, "31|29": 0.013513513513513514, "13|38": 0.013513513513513514, "11|110": 0.013513513513513514, "123|22": 0.013513513513513514, "36|57": 0.013513513513513514, "48|100": 0.013513513513513514, "36|17": 0.013513513513513514, "-12|65": 0.013513513513513514, "-21|72": 0.013513513513513514, "-45|37": 0.013513513513513514, "-69|35": 0.013513513513513514, "48|8": 0.013513513513513514, "45|47": 0.013513513513513514, "-62|97": 0.013513513513513514, "100|88": 0.013513513513513514,