{
  "ARC_3": {
    "-164|210": 0.00819672131147541,
    "0|263": 0.00819672131147541,
    "-213|172": 0.00819672131147541,
    "23|282": 0.00819672131147541,
    "-54|261": 0.00819672131147541,
    "-17|263": 0.00819672131147541,
    "-124|240": 0.00819672131147541,
    "176|193": 0.00819672131147541,
    "-116|224": 0.00819672131147541,
    "221|142": 0.00819672131147541,
    "-169|194": 0.00819672131147541,
    "47|269": 0.00819672131147541,
    "-218|143": 0.00819672131147541,
    "148|222": 0.00819672131147541,
    "-104|235": 0.00819672131147541,
    "88|253": 0.00819672131147541,
    "-216|155": 0.00819672131147541,
    "-124|238": 0.00819672131147541,
    "61|283": 0.00819672131147541,
    "152|216": 0.00819672131147541,
    "2|268": 0.00819672131147541,
    "-212|154": 0.00819672131147541,
    "-93|245": 0.00819672131147541,
    "-126|220": 0.00819672131147541,
    "33|257": 0.00819672131147541,
    "194|184": 0.00819672131147541,
    "203|147": 0.00819672131147541,
    "-47|264": 0.00819672131147541,
    "74|255": 0.00819672131147541,
    "192|188": 0.00819672131147541,
    "-110|268": 0.00819672131147541,
    "7|263": 0.00819672131147541,
    "140|225": 0.00819672131147541,
    "16|273": 0.00819672131147541,
    "-200|179": 0.00819672131147541,
    "-216|159": 0.00819672131147541,
    "89|248": 0.00819672131147541,
    "42|267": 0.00819672131147541,
    "-58|267": 0.00819672131147541,
    "67|256": 0.00819672131147541,
    "-230|126": 0.00819672131147541,
    "1|274": 0.00819672131147541,
    "131|232": 0.00819672131147541,
    "123|231": 0.00819672131147541,
    "168|227": 0.00819672131147541,
    "-12|269": 0.00819672131147541,
    "-207|172": 0.00819672131147541,
    "-116|253": 0.00819672131147541,
    "49|289": 0.00819672131147541,
    "67|264": 0.00819672131147541,
    "126|236": 0.00819672131147541,
    "210|169": 0.00819672131147541,
    "-159|225": 0.00819672131147541,
    "185|183": 0.00819672131147541,
    "165|204": 0.00819672131147541,
    "-118|244": 0.00819672131147541,
    "89|244": 0.00819672131147541,
    "-99|277": 0.00819672131147541,
    "216|151": 0.00819672131147541,
    "-65|273": 0.00819672131147541,
    "-110|257": 0.00819672131147541,
    "-60|257": 0.00819672131147541,
    "143|222": 0.00819672131147541,
    "233|129": 0.00819672131147541,
    "123|271": 0.00819672131147541,
    "126|240": 0.00819672131147541,
    "62|269": 0.00819672131147541,
    "-109|260": 0.00819672131147541,
    "48|257": 0.00819672131147541,
    "-165|189": 0.00819672131147541,
    "-190|174": 0.00819672131147541,
    "-146|204": 0.00819672131147541,
    "205|169": 0.00819672131147541,
    "-179|180": 0.00819672131147541,
    "180|190": 0.00819672131147541,
    "89|251": 0.00819672131147541,
    "202|173": 0.00819672131147541,
    "135|228": 0.00819672131147541,
    "-26|256": 0.00819672131147541,
    "142|207": 0.00819672131147541,
    "83|247": 0.00819672131147541,
    "146|223": 0.00819672131147541,
    "-113|267": 0.00819672131147541,
    "-147|221": 0.00819672131147541,
    "183|184": 0.00819672131147541,
    "-2|268": 0.00819672131147541,
    "77|487": 0.00819672131147541,
    "-39|288": 0.00819672131147541,
    "-18|267": 0.00819672131147541,
    "195|178": 0.00819672131147541,
    "76|259": 0.00819672131147541,
    "-124|219": 0.00819672131147541,
    "190|185": 0.00819672131147541,
    "-89|247": 0.00819672131147541,
    "179|211": 0.00819672131147541,
    "-136|238": 0.00819672131147541,
    "141|245": 0.00819672131147541,
    "150|205": 0.00819672131147541,
    "-113|242": 0.00819672131147541,
    "-168|202": 0.00819672131147541,
    "192|168": 0.00819672131147541,
    "169|195": 0.00819672131147541,
    "98|251": 0.00819672131147541,
    "179|175": 0.00819672131147541,
    "119|234": 0.00819672131147541,
    "216|116": 0.00819672131147541,
    "-45|258": 0.00819672131147541,
    "147|241": 0.00819672131147541,
    "-163|204": 0.00819672131147541,
    "-126|231": 0.00819672131147541,
    "-145|217": 0.00819672131147541,
    "201|169": 0.00819672131147541,
    "48|260": 0.00819672131147541,
    "131|239": 0.00819672131147541,
    "-97|241": 0.00819672131147541,
    "-164|225": 0.00819672131147541,
    "227|148": 0.00819672131147541,
    "167|196": 0.00819672131147541,
    "69|285": 0.00819672131147541,
    "134|236": 0.00819672131147541,
    "228|107": 0.00819672131147541,
    "-168|242": 0.00819672131147541
  },
  "AT_RIM": {
    "1|4": 0.00909090909090909,
    "6|8": 0.00909090909090909,
    "-6|36": 0.00909090909090909,
    "-2|20": 0.02727272727272727,
    "4|15": 0.01818181818181818,
    "0|21": 0.00909090909090909,
    "21|15": 0.00909090909090909,
    "9|6": 0.00909090909090909,
    "7|15": 0.00909090909090909,
    "-7|16": 0.00909090909090909,
    "0|0": 0.06363636363636363,
    "-4|22": 0.00909090909090909,
    "-5|34": 0.00909090909090909,
    "2|14": 0.00909090909090909,
    "9|28": 0.00909090909090909,
    "22|26": 0.00909090909090909,
    "5|8": 0.00909090909090909,
    "-17|27": 0.00909090909090909,
    "-2|15": 0.00909090909090909,
    "-1|12": 0.00909090909090909,
    "-9|11": 0.00909090909090909,
    "-21|20": 0.00909090909090909,
    "1|21": 0.00909090909090909,
    "6|22": 0.00909090909090909,
    "4|13": 0.00909090909090909,
    "2|13": 0.00909090909090909,
    "17|13": 0.00909090909090909,
    "-12|10": 0.00909090909090909,
    "-5|20": 0.00909090909090909,
    "-28|24": 0.00909090909090909,
    "16|11": 0.00909090909090909,
    "17|31": 0.00909090909090909,
    "-2|19": 0.00909090909090909,
    "6|7": 0.00909090909090909,
    "2|5": 0.01818181818181818,
    "5|31": 0.00909090909090909,
    "1|13": 0.00909090909090909,
    "5|32": 0.00909090909090909,
    "9|16": 0.00909090909090909,
    "9|13": 0.00909090909090909,
    "2|4": 0.00909090909090909,
    "-5|7": 0.00909090909090909,
    "12|32": 0.00909090909090909,
    "1|15": 0.00909090909090909,
    "10|25": 0.00909090909090909,
    "-12|18": 0.00909090909090909,
    "5|12": 0.00909090909090909,
    "5|17": 0.00909090909090909,
    "-12|15": 0.00909090909090909,
    "-5|1": 0.00909090909090909,
    "22|24": 0.00909090909090909,
    "9|29": 0.00909090909090909,
    "-13|12": 0.00909090909090909,
    "-36|13": 0.00909090909090909,
    "0|14": 0.00909090909090909,
    "-15|22": 0.00909090909090909,
    "18|16": 0.00909090909090909,
    "-13|13": 0.00909090909090909,
    "-7|29": 0.00909090909090909,
    "16|13": 0.00909090909090909,
    "-5|10": 0.00909090909090909,
    "21|21": 0.00909090909090909,
    "16|-4": 0.00909090909090909,
    "15|31": 0.00909090909090909,
    "-4|8": 0.00909090909090909,
    "12|26": 0.00909090909090909,
    "-12|26": 0.00909090909090909,
    "-4|10": 0.00909090909090909,
    "0|15": 0.01818181818181818,
    "-17|11": 0.00909090909090909,
    "-9|18": 0.00909090909090909,
    "-1|20": 0.00909090909090909,
    "-1|10": 0.00909090909090909,
    "-4|12": 0.00909090909090909,
    "-27|15": 0.00909090909090909,
    "-1|22": 0.00909090909090909,
    "10|7": 0.00909090909090909,
    "-9|27": 0.00909090909090909,
    "-4|17": 0.00909090909090909,
    "-9|15": 0.00909090909090909,
    "-10|32": 0.00909090909090909,
    "38|10": 0.00909090909090909,
    "-17|8": 0.00909090909090909,
    "7|8": 0.00909090909090909,
    "-5|21": 0.00909090909090909,
    "7|21": 0.00909090909090909,
    "-20|14": 0.00909090909090909,
    "-4|9": 0.00909090909090909,
    "20|16": 0.00909090909090909,
    "0|22": 0.00909090909090909,
    "2|21": 0.00909090909090909,
    "-5|9": 0.00909090909090909,
    "-18|15": 0.00909090909090909,
    "-5|6": 0.00909090909090909,
    "5|13": 0.00909090909090909,
    "-10|13": 0.00909090909090909,
    "4|29": 0.00909090909090909,
    "-6|17": 0.00909090909090909,
    "2|38": 0.00909090909090909
  },
  "CORNER_3": {
    "-228|7": 0.027777777777777776,
    "243|72": 0.027777777777777776,
    "-240|35": 0.027777777777777776,
    "-245|62": 0.027777777777777776,
    "235|37": 0.027777777777777776,
    "233|15": 0.027777777777777776,