{"-245":0.0000191303,"-244":0.0000191303,"-242":0.0000382607,"-241":0.0000956517,"-240":0.0000191303,"-239":0.0001339123,"-238":0.0000382607,"-237":0.0002678247,"-236":0.0004208674,"-235":0.000286955,"-234":0.0007269527,"-233":0.000459128,"-232":0.0008608651,"-231":0.0014347751,"-230":0.0015112965,"-229":0.0008417347,"-228":0.0017791212,"-227":0.0009756471,"-226":0.0019895548,"-225":0.0021999885,"-224":0.0009947774,"-223":0.0019512942,"-222":0.0007460831,"-221":0.0022191189,"-220":0.0022191189,"-219":0.0008799954,"-218":0.0021425975,"-217":0.0023721615,"-216":0.0014539055,"-215":0.0023530312,"-214":0.0030034626,"-213":0.0010712988,"-212":0.0026973772,"-211":0.0009756471,"-210":0.0027547682,"-209":0.0027547682,"-208":0.0017791212,"-207":0.0025634649,"-206":0.0024869435,"-205":0.0010330381,"-204":0.0030799839,"-203":0.0022765099,"-202":0.0016069481,"-201":0.0022191189,"-200":0.0013008628,"-199":0.0025252042,"-198":0.0032138963,"-197":0.0013582538,"-196":0.0022382492,"-195":0.0027547682,"-194":0.0015878178,"-193":0.0030608536,"-192":0.0028312896,"-191":0.0015495571,"-190":0.00342433,"-189":0.0013582538,"-188":0.0027547682,"-187":0.0032904176,"-186":0.0022573795,"-185":0.003539112,"-184":0.0009565167,"-183":0.003366939,"-182":0.0035773726,"-181":0.0022765099,"-180":0.0036730243,"-179":0.0035199816,"-178":0.0016069481,"-177":0.0033860693,"-176":0.0044191074,"-175":0.0015495571,"-174":0.0034051996,"-173":0.0014156448,"-172":0.0039025883,"-171":0.003883458,"-170":0.0022191189,"-169":0.0039025883,"-168":0.004170413,"-167":0.0014921661,"-166":0.003883458,"-165":0.0035199816,"-164":0.0028695502,"-163":0.0040938917,"-162":0.0016834695,"-161":0.0045721501,"-160":0.0044956287,"-159":0.0027738986,"-158":0.0047634534,"-157":0.0035008513,"-156":0.0017217301,"-155":0.003768676,"-154":0.0041512827,"-153":0.0021808582,"-152":0.003539112,"-151":0.0018173818,"-150":0.003711285,"-149":0.003366939,"-148":0.0018556425,"-147":0.004285195,"-146":0.0019704245,"-145":0.0036921546,"-144":0.0042086737,"-143":0.0046295411,"-142":0.0022382492,"-141":0.0043043254,"-140":0.0014156448,"-139":0.0043043254,"-138":0.00399824,"-137":0.0023912919,"-136":0.003653894,"-135":0.0012817324,"-134":0.0041895434,"-133":0.003596503,"-132":0.0015878178,"-131":0.0035773726,"-130":0.0028886806,"-129":0.0015878178,"-128":0.0030225929,"-127":0.0032521569,"-126":0.0012052111,"-125":0.0030034626,"-124":0.0021808582,"-123":0.0031182446,"-122":0.0032712873,"-121":0.0013199931,"-120":0.0029269413,"-119":0.0032712873,"-118":0.0016643391,"-117":0.0029652019,"-116":0.00342433,"-115":0.0017408605,"-114":0.0029843323,"-113":0.0014730358,"-112":0.0031182446,"-111":0.0034051996,"-110":0.0013199931,"-109":0.0029078109,"-108":0.0011478201,"-107":0.0031565053,"-106":0.0024869435,"-105":0.0027547682,"-104":0.0012243414,"-103":0.0022573795,"-102":0.0017982515,"-101":0.0022765099,"-100":0.0020660762,"-99":0.0010712988,"-98":0.0027356379,"-97":0.0018747728,"-96":0.0023339009,"-95":0.0024104222,"-94":0.0013773841,"-93":0.0028312896,"-92":0.0029652019,"-91":0.0010139078,"-90":0.0024104222,"-89":0.0024678132,"-88":0.0013008628,"-87":0.0024678132,"-86":0.0010330381,"-85":0.0018556425,"-84":0.0020278155,"-83":0.0008991257,"-82":0.0016643391,"-81":0.0033286783,"-79":0.0015878178,"-78":0.0019704245,"-77":0.0008608651,"-76":0.0018173818,"-75":0.0012817324,"-74":0.0019512942,"-73":0.0016260785,"-72":0.0007843437,"-71":0.0016643391,"-70":0.0018556425,"-69":0.0008799954,"-68":0.0020469458,"-67":0.0017599908,"-66":0.0012434718,"-65":0.0018747728,"-64":0.0008799954,"-63":0.0018939032,"-62":0.0016069481,"-61":0.0007652134,"-60":0.0013965145,"-59":0.0008417347,"-58":0.0017025998,"-57":0.0013582538,"-56":0.0007269527,"-55":0.0015304268,"-54":0.0013008628,"-53":0.0008608651,"-52":0.0014347751,"-51":0.0018747728,"-50":0.0008417347,"-49":0.0019130335,"-48":0.0012052111,"-47":0.0015495571,"-46":0.0016260785,"-45":0.0010139078,"-44":0.0015304268,"-43":0.0019895548,"-42":0.0007460831,"-41":0.0018747728,"-40":0.0016260785,"-39":0.0008991257,"-38":0.0018173818,"-37":0.0006121707,"-36":0.0015495571,"-35":0.0017982515,"-34":0.0010139078,"-33":0.0016452088,"-32":0.0016834695,"-31":0.0011669504,"-30":0.0017982515,"-29":0.0018747728,"-28":0.0009947774,"-27":0.0018173818,"-26":0.0009947774,"-25":0.0018173818,"-24":0.0023530312,"-23":0.0012243414,"-22":0.0023912919,"-21":0.0008034741,"-20":0.0021999885,"-19":0.0024295525,"-18":0.0022191189,"-17":0.0021425975,"-16":0.0025060739,"-15":0.0006504314,"-14":0.0020852065,"-13":0.0021999885,"-12":0.0014347751,"-11":0.0026591166,"-10":0.0009182561,"-9":0.0026591166,"-8":0.0026973772,"-7":0.0015112965,"-6":0.0030034626,"-5":0.0030608536,"-4":0.0019512942,"-3":0.0029843323,"-2":0.0027738986,"-1":0.0013391234,"0":0.0030225929,"1":0.0014921661,"2":0.0028312896,"3":0.0031947659,"4":0.0015878178,"5":0.0025634649,"6":0.0028121592,"7":0.0014921661,"8":0.0024295525,"9":0.0023530312,"10":0.0008991257,"11":0.0024295525,"12":0.0013582538,"13":0.0023147705,"14":0.0019512942,"15":0.0008991257,"16":0.0023339009,"17":0.0016643391,"18":0.0021808582,"19":0.0018173818,"20":0.0019895548,"21":0.0007078224,"22":0.0019130335,"23":0.0012052111,"24":0.0016069481,"25":0.0017217301,"26":0.0011669504,"27":0.0015878178,"28":0.0007269527,"29":0.0016260785,"30":0.0013008628,"31":0.0009756471,"32":0.0016069481,"33":0.0013965145,"34":0.0006695617,"35":0.0015686875,"36":0.0011478201,"37":0.0006886921,"38":0.0016260785,"39":0.0008417347,"40":0.0017408605,"41":0.0015878178,"42":0.0005547797,"43":0.0017982515,"44":0.0015495571,"45":0.0011478201,"46":0.0013582538,"47":0.0013391234,"48":0.0009182561,"49":0.0015495571,"50":0.0007460831,"51":0.0013965145,"52":0.0017025998,"53":0.0008034741,"54":0.0013391234,"55":0.0014730358,"56":0.0008226044,"57":0.0015304268,"58":0.0017217301,"59":0.0007652134,"60":0.0018939032,"61":0.0007460831,"62":0.0014730358,"63":0.0019704245,"64":0.0007652134,"65":0.0018173818,"66":0.0008799954,"67":0.0016260785,"68":0.0022382492,"69":0.0008226044,"70":0.0023530312,"71":0.0019895548,"72":0.0010712988,"73":0.0019321638,"74":0.0018556425,"75":0.0013582538,"76":0.0018939032,"77":0.0006886921,"78":0.0022956402,"79":0.0021234672,"81":0.0028121592,"82":0.0020852065,"83":0.0010139078,"84":0.0020469458,"85":0.0023339009,"86":0.0009947774,"87":0.0028504199,"88":0.0012434718,"89":0.0023721615,"90":0.0023339009,"91":0.0010904291,"92":0.0025060739,"93":0.0026591166,"94":0.0015112965,"95":0.0028504199,"96":0.0024678132,"97":0.0019130335,"98":0.0030608536,"99":0.0010139078,"100":0.0025634649,"101":0.0023147705,"102":0.0016643391,"103":0.0030225929,"104":0.0013199931,"105":0.0025634649,"106":0.0026399862,"107":0.0024869435,"108":0.0010521684,"109":0.0028886806,"110":0.0015304268,"111":0.0033478086,"112":0.003481721,"113":0.0014539055,"114":0.003711285,"115":0.0017025998,"116":0.003481721,"117":0.0032330266,"118":0.0017982515,"119":0.0037878063,"120":0.0035582423,"121":0.0013199931,"122":0.0036156333,"123":0.0036730243,"124":0.0019704245,"125":0.003309548,"126":0.0012243414,"127":0.003481721,"128":0.0033286783,"129":0.0015686875,"130":0.0031565053,"131":0.0031182446,"132":0.0020086852,"133":0.0032330266,"134":0.003768676,"135":0.0013391234,"136":0.0029652019,"137":0.0019321638,"138":0.0036156333,"139":0.0035199816,"140":0.0013773841,"141":0.004285195,"142":0.0022382492,"143":0.0038451973,"144":0.0033860693,"145":0.0038643277,"146":0.0019895548,"147":0.0035199816,"148":0.0013965145,"149":0.003711285,"150":0.0038069367,"151":0.0019321638,"152":0.0027547682,"153":0.0017217301,"154":0.0034051996,"155":0.0032521569,"156":0.0013582538,"157":0.003883458,"158":0.0034625906,"159":0.0024869435,"160":0.003596503,"161":0.0037304153,"162":0.0016260785,"163":0.00399824,"164":0.0018747728,"165":0.0032330266,"166":0.0034434603,"167":0.0015112965,"168":0.0036347636,"169":0.0028312896,"170":0.0012052111,"171":0.0030417233,"172":0.0037304153,"173":0.0014156448,"174":0.0030991143,"175":0.0018365122,"176":0.0030991143,"177":0.0035008513,"178":0.0010139078,