{"-37":0.0000189937,"-34":0.0000189937,"-31":0.0000569811,"-30":0.0000189937,"-29":0.0000189937,"-27":0.0000569811,"-25":0.0000759749,"-24":0.0000569811,"-23":0.0000379874,"-22":0.0001519497,"-21":0.0001519497,"-20":0.0001709434,"-19":0.0002849057,"-18":0.0001139623,"-17":0.0006267925,"-16":0.0005888051,"-15":0.0007787422,"-14":0.0003608805,"-13":0.0009686794,"-12":0.0007597485,"-11":0.0014245285,"-10":0.0020323273,"-9":0.0013105662,"-8":0.0025451576,"-7":0.0018044027,"-6":0.0057740888,"-5":0.0067047807,"-4":0.009534844,"-3":0.006685787,"-2":0.0081862903,"-1":0.0222036506,"0":0.1129556117,"1":0.0314915763,"2":0.0190886816,"3":0.0218047826,"4":0.0420520808,"5":0.0438564835,"6":0.0469904462,"7":0.0217288078,"8":0.0477501947,"9":0.024558871,"10":0.042697867,"11":0.0415392505,"12":0.0210830215,"13":0.0394119546,"14":0.0177021406,"15":0.0359550989,"16":0.0324602557,"17":0.0310547209,"18":0.0164295618,"19":0.0126498129,"20":0.0243119527,"21":0.0252996258,"22":0.0246158522,"23":0.0110353473,"24":0.0102566051,"25":0.0203992478,"26":0.0169803795,"27":0.015156983,"28":0.0067807556,"29":0.0135235237,"30":0.0060020133,"31":0.0108264165,"32":0.0093069194,"33":0.0037797489,"34":0.0079203784,"35":0.0033049061,"36":0.0049573591,"37":0.0039886797,"38":0.0034568558,"39":0.0013105662}