{"-39":0.0000949686,"-38":0.0007787422,"-37":0.0005698114,"-36":0.001519497,"-35":0.0019373587,"-34":0.0008357234,"-33":0.0023362267,"-32":0.0028110695,"-31":0.0023932078,"-30":0.0041406295,"-29":0.004767422,"-28":0.0017094342,"-27":0.0059830196,"-26":0.0050713214,"-25":0.0085471709,"-24":0.0092119508,"-23":0.0044445289,"-22":0.0097627685,"-21":0.0056221391,"-20":0.0135425174,"-19":0.0120230204,"-18":0.0147011339,"-17":0.008471196,"-16":0.0146251591,"-15":0.0077304412,"-14":0.0161636498,"-13":0.0161446561,"-12":0.00833824,"-11":0.0195445308,"-10":0.0094398754,"-9":0.0187657885,"-8":0.0227164808,"-7":0.0108074227,"-6":0.0256035252,"-5":0.0270470474,"-4":0.0202093107,"-3":0.0342836521,"-2":0.0323842808,"-1":0.0173032726,"0":0.1199832855,"1":0.0171893103,"2":0.0327831488,"3":0.0327831488,"4":0.0206081787,"5":0.029991073,"6":0.0290223936,"7":0.0120040267,"8":0.0254135881,"9":0.0228684305,"10":0.0109973599,"11":0.0230013865,"12":0.0093259131,"13":0.0188797508,"14":0.0198294365,"15":0.0080153469,"16":0.0167524549,"17":0.009534844,"18":0.0140743414,"19":0.0131246557,"20":0.0135994986,"21":0.0057740888,"22":0.0113392467,"23":0.0048054094,"24":0.0089650326,"25":0.0087750954,"26":0.005033334,"27":0.0060779882,"28":0.0021083022,"29":0.0058690573,"30":0.0042545917,"31":0.002583145,"32":0.0032669186,"33":0.002716101,"34":0.0012345914,"35":0.0018044027,"36":0.0013865411,"37":0.0005698114,"38":0.0009306919,"39":0.0003418868}