{
  "ARC_300000": 0.130579674623912,
  "AT_RIM00000": 0.0718041559764672,
  "CORNER_300000": 0.0400406189101417,
  "LONG_MID_RANGE00000": 0.12817157463106,
  "SHORT_MID_RANGE00000": 0.0981844684384308,
  "AT_RIM00001": 0.0171662547580661,
  "LONG_MID_RANGE00001": 0.000490744108069351,
  "SHORT_MID_RANGE00001": 0.00217519509248504,
  "ARC_300010": 0.0139262723930858,
  "AT_RIM00010": 0.0559751188858539,
  "CORNER_300010": 0.00107919376117773,
  "LONG_MID_RANGE00010": 0.0357670633314783,
  "SHORT_MID_RANGE00010": 0.0392523254012069,
  "AT_RIM00011": 0.0256138133846254,
  "LONG_MID_RANGE00011": 0.000313802875276563,
  "SHORT_MID_RANGE00011": 0.00180173457817709,
  "ARC_300100": 0.00142624237956776,
  "AT_RIM00100": 0.0326632038146904,
  "CORNER_300100": 0.000564438838637538,
  "LONG_MID_RANGE00100": 0.00320950710045959,
  "SHORT_MID_RANGE00100": 0.0170814781131268,
  "AT_RIM00101": 0.00340140891765343,
  "LONG_MID_RANGE00101": 0.0000289976759378578,
  "SHORT_MID_RANGE00101": 0.000550217048527888,
  "ARC_301010": 0.0550017574069207,
  "AT_RIM01010": 0.0937581671400183,
  "CORNER_301010": 0.0241343778160761,
  "LONG_MID_RANGE01010": 0.0497323071234361,
  "SHORT_MID_RANGE01010": 0.0297623280294675,
  "AT_RIM10000": 1.84698572852597e-7,
  "SHORT_MID_RANGE10000": 1.84698572852597e-7,
  "ARC_310010": 0.000166967509858748,
  "AT_RIM10010": 0.00749580688064981,
  "CORNER_310010": 0.0000144064886825026,
  "LONG_MID_RANGE10010": 0.000682830623836053,
  "SHORT_MID_RANGE10010": 0.00329613073112745,
  "AT_RIM10011": 0.00185511246573149,
  "LONG_MID_RANGE10011": 0.00000627975147698831,
  "SHORT_MID_RANGE10011": 0.000171030878461505,
  "SHORT_MID_RANGE10100": 1.84698572852597e-7,
  "ARC_311010": 0.000333380923998938,
  "AT_RIM11010": 0.00980767891704578,
  "CORNER_311010": 0.00015071403544772,
  "LONG_MID_RANGE11010": 0.000442722479127676,
  "SHORT_MID_RANGE11010": 0.00191994166480275
}
