{
  "Arc300000": 0.130579674623912,
  "AtRim00000": 0.0718041559764672,
  "Corner300000": 0.0400406189101417,
  "LongMidRange00000": 0.12817157463106,
  "ShortMidRange00000": 0.0981844684384308,
  "AtRim00001": 0.0171662547580661,
  "LongMidRange00001": 0.000490744108069351,
  "ShortMidRange00001": 0.00217519509248504,
  "Arc300010": 0.0139262723930858,
  "AtRim00010": 0.0559751188858539,
  "Corner300010": 0.00107919376117773,
  "LongMidRange00010": 0.0357670633314783,
  "ShortMidRange00010": 0.0392523254012069,
  "AtRim00011": 0.0256138133846254,
  "LongMidRange00011": 0.000313802875276563,
  "ShortMidRange00011": 0.00180173457817709,
  "Arc300100": 0.00142624237956776,
  "AtRim00100": 0.0326632038146904,
  "Corner300100": 0.000564438838637538,
  "LongMidRange00100": 0.00320950710045959,
  "ShortMidRange00100": 0.0170814781131268,
  "AtRim00101": 0.00340140891765343,
  "LongMidRange00101": 0.0000289976759378578,
  "ShortMidRange00101": 0.000550217048527888,
  "Arc301010": 0.0550017574069207,
  "AtRim01010": 0.0937581671400183,
  "Corner301010": 0.0241343778160761,
  "LongMidRange01010": 0.0497323071234361,
  "ShortMidRange01010": 0.0297623280294675,
  "AtRim10000": 1.84698572852597e-7,
  "ShortMidRange10000": 1.84698572852597e-7,
  "Arc310010": 0.000166967509858748,
  "AtRim10010": 0.00749580688064981,
  "Corner310010": 0.0000144064886825026,
  "LongMidRange10010": 0.000682830623836053,
  "ShortMidRange10010": 0.00329613073112745,
  "AtRim10011": 0.00185511246573149,
  "LongMidRange10011": 0.00000627975147698831,
  "ShortMidRange10011": 0.000171030878461505,
  "ShortMidRange10100": 1.84698572852597e-7,
  "Arc311010": 0.000333380923998938,
  "AtRim11010": 0.00980767891704578,
  "Corner311010": 0.00015071403544772,
  "LongMidRange11010": 0.000442722479127676,
  "ShortMidRange11010": 0.00191994166480275
}
