{"1":0.0201635383757666,"2":0.0240351855293316,"3":0.0286501889363811,"4":0.0373226785603667,"5":0.0446942947407545,"6":0.0473889611596358,"7":0.0440748311961841,"8":0.0453757046397819,"9":0.0445704020318404,"10":0.0487208077804621,"11":0.0507340643003159,"12":0.0518490986805427,"13":0.0549464164033947,"14":0.0544508455677383,"15":0.0543579260360528,"16":0.0518490986805427,"17":0.0507030911230874,"18":0.0443226166140123,"19":0.0407607012327325,"20":0.0356811001672552,"21":0.0309422040512916,"22":0.0277209936195255,"23":0.0217741435916496,"24":0.0166635693489438,"25":0.0114291023973239,"26":0.0067831258130459,"27":0.00480084247042062,"28":0.00278758595056681,"29":0.00117698073468376,"30":0.000774329430713003,"31":0.000340704949513721,"32":0.00012389270891408,"33":0.0000309731772285201}