{"ASSIST": 0.5555555555555556, "BLOCK": 0.0636604774535809, "FG_SHOOTING_FOUL": 0.08753315649867374, "FOUL_CLEAR_PATH": 0.0, "FOUL_DOUBLE": 0.0, "FOUL_FLAGRANT_1": 0.025, "FOUL_FLAGRANT_2": 0.0, "FOUL_INBOUND": 0.0, "FOUL_LOOSE_BALL": 0.15789473684210525, "FOUL_OFF_CHARGE": 0.42857142857142855, "FOUL_OFF_OTHER": 0.5714285714285714, "FOUL_PERSONAL": 0.5526315789473685, "FOUL_PERSONAL_BLOCK": 0.0, "FOUL_PERSONAL_TAKE": 0.23684210526315788, "FOUL_TECHNICAL_PER_POSSESSION_OUTCOME": 0.0020833333333333333, "FOUL_TECHNICAL_DOUBLE": 0.0, "FOUL_TECHNICAL_NON_PLAYER": 0.0, "REBOUND_DEFENSIVE": 0.7630331753554502, "REBOUND_DEFENSIVE_TEAM": 0.02843601895734597, "REBOUND_OFFENSIVE": 0.15165876777251186, "REBOUND_OFFENSIVE_TEAM": 0.05687203791469194, "TURNOVER_3_SECOND": 0.0, "TURNOVER_BAD_PASS": 0.2857142857142857, "TURNOVER_BAD_PASS_OUT_OF_BOUNDS": 0.17857142857142858, "TURNOVER_KICK_BALL": 0.0, "TURNOVER_LANE_VIOLATION": 0.0, "TURNOVER_LOST_BALL": 0.19642857142857142, "TURNOVER_LOST_BALL_OUT_OF_BOUNDS": 0.08928571428571429, "TURNOVER_OFFENSIVE_GOALTENDING": 0.017857142857142856, "TURNOVER_STEP_OUT_OF_BOUNDS": 0.017857142857142856, "TURNOVER_SHOT_CLOCK": 0.05357142857142857, "TURNOVER_TRAVEL": 0.03571428571428571, "VIOLATION_DEFENSIVE_GOALTENDING": 0.5, "VIOLATION_DEFENSIVE_KICK_BALL": 0.5}