{"3_SECOND": 0.004646531695984069, "ASSIST": 0.5834060047340227, "BAD_PASS": 0.35147693328908064, "BAD_PASS_OUT_OF_BOUNDS": 0.11848655824759376, "BLOCK": 0.056694141234127866, "DEF_REB": 0.7040936823459949, "DEF_REB_TEAM": 0.043200157449321, "FG_SHOOTING_FOUL": 0.09434172421474717, "FOUL_AWAY_FROM_PLAY": 0.0045480386583285955, "FOUL_CLEAR_PATH": 0.0028425241614553724, "FOUL_DOUBLE": 0.0011370096645821489, "FOUL_FLAGRANT": 0.004136504653567736, "FOUL_FLAGRANT_1": 0.875, "FOUL_FLAGRANT_2": 0.125, "FOUL_INBOUND": 0.0, "FOUL_LOOSE_BALL": 0.12222853894258101, "FOUL_OFF_CHARGE": 0.3125, "FOUL_OFF_OTHER": 0.6875, "FOUL_PERSONAL_BLOCK": 0.0, "FOUL_PERSONAL_TAKE": 0.144968732234224, "FOUL_TECHNICAL_PER_POSSESSION_OUTCOME": 0.0027059530968129887, "FOUL_TECHNICAL_DOUBLE": 1.0, "FOUL_TECHNICAL_NON_PLAYER": 0.2222222222222222, "KICK_BALL": 0.0009956853634251576, "LANE_VIOLATION": 0.0, "LOST_BALL": 0.19946896780617324, "LOST_BALL_OUT_OF_BOUNDS": 0.06272817789578493, "OFF_REB": 0.20458571147411928, "OFF_REB_TEAM": 0.04812044873056485, "OFF_GOALTEND": 0.0036508463325589115, "SHOT_CLOCK": 0.043146365748423496, "STEP_OUT_OF_BOUNDS": 0.0258878194490541, "TRAVEL": 0.04646531695984069, "VIOLATION_DEF_GOALTEND": 0.3942307692307692, "VIOLATION_DEF_KICK_BALL": 0.6057692307692307}