{"ASSIST": 0.5865115093858829, "BLOCK": 0.056266373058961996, "FG_SHOOTING_FOUL": 0.09495425035119025, "FOUL_CLEAR_PATH": 0.0035252643948296123, "FOUL_DOUBLE": 0.0011750881316098707, "FOUL_FLAGRANT": 0.0031790886612504416, "FOUL_FLAGRANT_1": 0.8888888888888888, "FOUL_FLAGRANT_2": 0.1111111111111111, "FOUL_INBOUND": 0.0, "FOUL_LOOSE_BALL": 0.12534273403838622, "FOUL_OFF_CHARGE": 0.287292817679558, "FOUL_OFF_OTHER": 0.712707182320442, "FOUL_PERSONAL": 0.7195456325891109, "FOUL_PERSONAL_BLOCK": 0.0, "FOUL_PERSONAL_TAKE": 0.14336075205640422, "FOUL_TECHNICAL_PER_POSSESSION_OUTCOME": 0.0029049295774647888, "FOUL_TECHNICAL_DOUBLE": 1.0, "FOUL_TECHNICAL_NON_PLAYER": 0.16161616161616163, "REBOUND_DEFENSIVE": 0.7046552186745372, "REBOUND_DEFENSIVE_TEAM": 0.043131204722296757, "REBOUND_OFFENSIVE": 0.20398443788569895, "REBOUND_OFFENSIVE_TEAM": 0.04822913871746713, "TURNOVER_3_SECOND": 0.005013673655423883, "TURNOVER_BAD_PASS": 0.35483135824977213, "TURNOVER_BAD_PASS_OUT_OF_BOUNDS": 0.12215132178669097, "TURNOVER_KICK_BALL": 0.0009115770282588879, "TURNOVER_LANE_VIOLATION": 0.0, "TURNOVER_LOST_BALL": 0.19735642661804922, "TURNOVER_LOST_BALL_OUT_OF_BOUNDS": 0.06358249772105742, "TURNOVER_OFFENSIVE_GOALTENDING": 0.0034184138559708297, "TURNOVER_STEP_OUT_OF_BOUNDS": 0.02666362807657247, "TURNOVER_SHOT_CLOCK": 0.04398359161349134, "TURNOVER_TRAVEL": 0.04284412032816773, "VIOLATION_DEFENSIVE_GOALTENDING": 0.36129032258064514, "VIOLATION_DEFENSIVE_KICK_BALL": 0.6387096774193548}