{"ASSIST": 0.5834060047340227, "BLOCK": 0.056694141234127866, "DEF_REB": 0.7040936823459949, "DEF_REB_TEAM": 0.043200157449321, "FG_SHOOTING_FOUL": 0.09434172421474717, "OFF_FOUL_CHARGE": 0.3125, "OFF_FOUL_OTHER": 0.6875, "OFF_REB": 0.20458571147411928, "OFF_REB_TEAM": 0.04812044873056485, "3_SECOND": 0.004646531695984069, "BAD_PASS": 0.35147693328908064, "BAD_PASS_OUT_OF_BOUNDS": 0.11848655824759376, "KICK_BALL": 0.0009956853634251576, "LANE_VIOLATION": 0.0, "LOST_BALL": 0.19946896780617324, "LOST_BALL_OUT_OF_BOUNDS": 0.06272817789578493, "OFF_GOALTEND": 0.0036508463325589115, "SHOT_CLOCK": 0.043146365748423496, "STEP_OUT_OF_BOUNDS": 0.0258878194490541, "TRAVEL": 0.04646531695984069, "VIOLATION_DEF_GOALTEND": 0.3942307692307692, "VIOLATION_DEF_KICK_BALL": 0.6057692307692307}