{"ASSIST": 0.6033739687230637, "BLOCK": 0.05590729225551159, "DEF_REB": 0.712366134572641, "DEF_REB_TEAM": 0.038997777328753286, "FG_SHOOTING_FOUL": 0.11237987563595252, "OFF_FOUL_CHARGE": 0.3002070393374741, "OFF_FOUL_OTHER": 0.6997929606625258, "OFF_REB": 0.19913113760355627, "OFF_REB_TEAM": 0.04950495049504951, "TURNOVER_3_SECOND": 0.004543979227523531, "TURNOVER_BAD_PASS": 0.3281402142161636, "TURNOVER_BAD_PASS_OUT_OF_BOUNDS": 0.10970464135021098, "TURNOVER_KICK_BALL": 0.0009737098344693282, "TURNOVER_LANE_VIOLATION": 0.0003245699448231094, "TURNOVER_LOST_BALL": 0.18143459915611815, "TURNOVER_LOST_BALL_OUT_OF_BOUNDS": 0.0483609217786433, "TURNOVER_OFF_GOALTEND": 0.0035702693930542034, "TURNOVER_SHOT_CLOCK": 0.041220382992534894, "TURNOVER_STEP_OUT_OF_BOUNDS": 0.024667315806556313, "TURNOVER_TRAVEL": 0.07789678675754626, "VIOLATION_DEF_GOALTEND": 0.375, "VIOLATION_DEF_KICK_BALL": 0.625}