{"ASSIST": 0.5834060047340227, "BLOCK": 0.056694141234127866, "FG_SHOOTING_FOUL": 0.09434172421474717, "FOUL_CLEAR_PATH": 0.0028555111364934323, "FOUL_DOUBLE": 0.001142204454597373, "FOUL_FLAGRANT_1": 0.0036194415718717684, "FOUL_FLAGRANT_2": 0.000517063081695967, "FOUL_INBOUND": 0.0, "FOUL_LOOSE_BALL": 0.12278697886921759, "FOUL_OFF_CHARGE": 0.3125, "FOUL_OFF_OTHER": 0.6875, "FOUL_PERSONAL": 0.7184466019417476, "FOUL_PERSONAL_BLOCK": 0.0, "FOUL_PERSONAL_TAKE": 0.14563106796116504, "FOUL_TECHNICAL_PER_POSSESSION_OUTCOME": 0.0027068832173240526, "FOUL_TECHNICAL_DOUBLE": 0.15873015873015872, "FOUL_TECHNICAL_NON_PLAYER": 0.2222222222222222, "REBOUND_DEFENSIVE": 0.7040936823459949, "REBOUND_DEFENSIVE_TEAM": 0.043200157449321, "REBOUND_OFFENSIVE": 0.20458571147411928, "REBOUND_OFFENSIVE_TEAM": 0.04812044873056485, "TURNOVER_3_SECOND": 0.004646531695984069, "TURNOVER_BAD_PASS": 0.35147693328908064, "TURNOVER_BAD_PASS_OUT_OF_BOUNDS": 0.11848655824759376, "TURNOVER_KICK_BALL": 0.0009956853634251576, "TURNOVER_LANE_VIOLATION": 0.0, "TURNOVER_LOST_BALL": 0.19946896780617324, "TURNOVER_LOST_BALL_OUT_OF_BOUNDS": 0.06272817789578493, "TURNOVER_OFFENSIVE_GOALTENDING": 0.0036508463325589115, "TURNOVER_STEP_OUT_OF_BOUNDS": 0.0258878194490541, "TURNOVER_SHOT_CLOCK": 0.043146365748423496, "TURNOVER_TRAVEL": 0.04646531695984069, "VIOLATION_DEFENSIVE_GOALTENDING": 0.3942307692307692, "VIOLATION_DEFENSIVE_KICK_BALL": 0.6057692307692307}