{"ASSIST": 0.6042307583754339, "BLOCK": 0.05444923029378247, "DEF_REB": 0.6980116419802893, "DEF_REB_TEAM": 0.04232609071523255, "FG_SHOOTING_FOUL": 0.10409544228330082, "OFF_FOUL_CHARGE": 0.27187395239691586, "OFF_FOUL_OTHER": 0.7281260476030842, "OFF_REB": 0.2112385453287995, "OFF_REB_TEAM": 0.04842372197567864, "3_SECOND": 0.00588957055214724, "BAD_PASS": 0.358200408997955, "BAD_PASS_OUT_OF_BOUNDS": 0.11930470347648262, "KICK_BALL": 0.0006134969325153375, "LANE_VIOLATION": 0.00049079754601227, "LOST_BALL": 0.19190184049079756, "LOST_BALL_OUT_OF_BOUNDS": 0.06065439672801636, "OFF_GOALTEND": 0.003967280163599182, "SHOT_CLOCK": 0.04822085889570552, "STEP_OUT_OF_BOUNDS": 0.02638036809815951, "TRAVEL": 0.04621676891615542, "VIOLATION_DEF_GOALTEND": 0.34079844206426485, "VIOLATION_DEF_KICK_BALL": 0.6592015579357352}