{"ASSIST": 0.5552763819095478, "BLOCK": 0.046964490263459335, "DEF_REB": 0.7175257731958763, "DEF_REB_TEAM": 0.041237113402061855, "OFF_FOUL_CHARGE": 0.24242424242424243, "OFF_FOUL_OTHER": 0.7575757575757576, "OFF_REB": 0.19175257731958764, "OFF_REB_TEAM": 0.049484536082474224, "TURNOVER_3_SECOND": 0.0, "TURNOVER_BAD_PASS": 0.2883435582822086, "TURNOVER_BAD_PASS_OUT_OF_BOUNDS": 0.1165644171779141, "TURNOVER_KICK_BALL": 0.0, "TURNOVER_LANE_VIOLATION": 0.0, "TURNOVER_LOST_BALL": 0.17177914110429449, "TURNOVER_LOST_BALL_OUT_OF_BOUNDS": 0.07975460122699386, "TURNOVER_OFF_GOALTEND": 0.006134969325153374, "TURNOVER_SHOT_CLOCK": 0.018404907975460124, "TURNOVER_STEP_OUT_OF_BOUNDS": 0.03067484662576687, "TURNOVER_TRAVEL": 0.0736196319018405, "VIOLATION_DEF_GOALTEND": 1.0, "VIOLATION_DEF_KICK_BALL": 0.0}