{"-217":0.0001674761,"-216":0.0003349523,"-215":0.0001674761,"-214":0.0000558254,"-213":0.0001674761,"-212":0.0001674761,"-211":0.0002233015,"-210":0.000446603,"-209":0.0009490314,"-208":0.0005582538,"-207":0.0008373807,"-206":0.0010606822,"-205":0.0005024284,"-204":0.0011723329,"-203":0.0011723329,"-202":0.0007257299,"-201":0.0011165076,"-200":0.000446603,"-199":0.0012839837,"-198":0.0007257299,"-197":0.0005024284,"-196":0.0011165076,"-195":0.0006699045,"-194":0.0006699045,"-193":0.0006699045,"-192":0.0007257299,"-191":0.0003349523,"-190":0.001618936,"-189":0.0003907776,"-188":0.0012839837,"-187":0.0012839837,"-186":0.0006140792,"-185":0.0013398091,"-184":0.0005582538,"-183":0.0015072852,"-182":0.001618936,"-181":0.0012839837,"-180":0.0011723329,"-179":0.0014514598,"-178":0.0006699045,"-177":0.0017864121,"-176":0.0013956345,"-175":0.0008373807,"-174":0.0016747613,"-173":0.0009490314,"-172":0.0013956345,"-171":0.0021213644,"-170":0.0008373807,"-169":0.0017305867,"-168":0.0019538882,"-167":0.0013956345,"-166":0.002512142,"-165":0.0022888405,"-164":0.001618936,"-163":0.0024563166,"-162":0.0011165076,"-161":0.0025679674,"-160":0.0022330151,"-159":0.0016747613,"-158":0.0029029197,"-157":0.0033495227,"-156":0.0016747613,"-155":0.0026237928,"-154":0.0031262212,"-153":0.0015631106,"-152":0.0024563166,"-151":0.0015072852,"-150":0.0027354435,"-149":0.0034611734,"-148":0.0018980629,"-147":0.003684475,"-146":0.0016747613,"-145":0.0044102049,"-144":0.0040752526,"-143":0.0043543795,"-142":0.0030703958,"-141":0.0043543795,"-140":0.0021771898,"-139":0.0042427287,"-138":0.0045218556,"-137":0.002065539,"-136":0.0037961257,"-135":0.0009490314,"-134":0.0033495227,"-133":0.0028470943,"-132":0.002065539,"-131":0.0032936973,"-130":0.002065539,"-129":0.0012839837,"-128":0.0023446659,"-127":0.002958745,"-126":0.0010048568,"-125":0.0030145704,"-124":0.0018980629,"-123":0.0033495227,"-122":0.0024004913,"-121":0.0017305867,"-120":0.0031262212,"-119":0.0035728242,"-118":0.0011723329,"-117":0.0049684587,"-116":0.0036286496,"-115":0.0022888405,"-114":0.0042427287,"-113":0.0010606822,"-112":0.0034053481,"-111":0.0040194272,"-110":0.0019538882,"-109":0.0037403003,"-108":0.0012281583,"-107":0.0031262212,"-106":0.0033495227,"-105":0.003684475,"-104":0.0017864121,"-103":0.0030145704,"-102":0.0011723329,"-101":0.0025679674,"-100":0.0032378719,"-99":0.0017305867,"-98":0.0031262212,"-97":0.0022888405,"-96":0.0032936973,"-95":0.0031262212,"-94":0.0019538882,"-93":0.0037403003,"-92":0.003684475,"-91":0.0012839837,"-90":0.0040194272,"-89":0.0043543795,"-88":0.001618936,"-87":0.0035169988,"-86":0.0015072852,"-85":0.0030145704,"-84":0.0032936973,"-83":0.0020097136,"-82":0.0032378719,"-81":0.0048009825,"-79":0.0031262212,"-78":0.0031262212,"-77":0.0013398091,"-76":0.003684475,"-75":0.0017305867,"-74":0.0034611734,"-73":0.0038519511,"-72":0.0016747613,"-71":0.0035169988,"-70":0.0036286496,"-69":0.0015631106,"-68":0.0045218556,"-67":0.0032378719,"-66":0.0018422375,"-65":0.002958745,"-64":0.0012839837,"-63":0.002958745,"-62":0.0023446659,"-61":0.0014514598,"-60":0.0034053481,"-59":0.0012839837,"-58":0.0023446659,"-57":0.002065539,"-56":0.0011723329,"-55":0.0030145704,"-54":0.0022888405,"-53":0.001618936,"-52":0.0030703958,"-51":0.0017305867,"-50":0.0012281583,"-49":0.0024563166,"-48":0.0013398091,"-47":0.0027912689,"-46":0.0030145704,"-45":0.0015072852,"-44":0.0022888405,"-43":0.0027354435,"-42":0.0012281583,"-41":0.0023446659,"-40":0.0030145704,"-39":0.0013398091,"-38":0.0028470943,"-37":0.0010048568,"-36":0.0022888405,"-35":0.0027912689,"-34":0.0010048568,"-33":0.0022330151,"-32":0.0020097136,"-31":0.0015072852,"-30":0.0024004913,"-29":0.0026237928,"-28":0.0011165076,"-27":0.0025679674,"-26":0.0021213644,"-25":0.0041869034,"-24":0.0026237928,"-23":0.0011165076,"-22":0.0027354435,"-21":0.0008932061,"-20":0.0034611734,"-19":0.003684475,"-18":0.0027354435,"-17":0.0024004913,"-16":0.0032936973,"-15":0.0013956345,"-14":0.0038519511,"-13":0.0021771898,"-12":0.0025679674,"-11":0.0045218556,"-10":0.0016747613,"-9":0.0037403003,"-8":0.0039077765,"-7":0.0024563166,"-6":0.0048568079,"-5":0.0053592363,"-4":0.0037403003,"-3":0.0053034109,"-2":0.0063082677,"-1":0.0031820466,"0":0.0063082677,"1":0.0023446659,"2":0.0045218556,"3":0.0054708871,"4":0.0036286496,"5":0.0062524424,"6":0.0054708871,"7":0.0026237928,"8":0.004131078,"9":0.0031820466,"10":0.0018422375,"11":0.0036286496,"12":0.0017305867,"13":0.0033495227,"14":0.0034053481,"15":0.0013956345,"16":0.0035728242,"17":0.0021213644,"18":0.0038519511,"19":0.0032378719,"20":0.0035169988,"21":0.0013956345,"22":0.0029029197,"23":0.0013956345,"24":0.0028470943,"25":0.0029029197,"26":0.0018980629,"27":0.0027912689,"28":0.0008932061,"29":0.002958745,"30":0.002512142,"31":0.0016747613,"32":0.0021213644,"33":0.0024004913,"34":0.0013398091,"35":0.0022330151,"36":0.0018980629,"37":0.0011723329,"38":0.0024004913,"39":0.0009490314,"40":0.0024563166,"41":0.0031262212,"42":0.0016747613,"43":0.0031820466,"44":0.0027354435,"45":0.001618936,"46":0.0024004913,"47":0.002065539,"48":0.0022330151,"49":0.0024004913,"50":0.0012281583,"51":0.0027912689,"52":0.0030145704,"53":0.0018980629,"54":0.0027354435,"55":0.002512142,"56":0.0013398091,"57":0.0022330151,"58":0.003684475,"59":0.0013956345,"60":0.0020097136,"61":0.0016747613,"62":0.0036286496,"63":0.0031262212,"64":0.0008932061,"65":0.0031262212,"66":0.001618936,"67":0.0037961257,"68":0.0037403003,"69":0.0018422375,"70":0.0038519511,"71":0.0026796182,"72":0.0016747613,"73":0.0032936973,"74":0.0035169988,"75":0.0015072852,"76":0.0039636019,"77":0.0017864121,"78":0.0040194272,"79":0.0034611734,"81":0.0050801094,"82":0.0027912689,"83":0.0021771898,"84":0.0027912689,"85":0.0043543795,"86":0.0013956345,"87":0.0037403003,"88":0.0016747613,"89":0.0044102049,"90":0.0040194272,"91":0.0011723329,"92":0.0036286496,"93":0.0040194272,"94":0.0025679674,"95":0.0036286496,"96":0.003684475,"97":0.0029029197,"98":0.0030703958,"99":0.0021771898,"100":0.0032378719,"101":0.0029029197,"102":0.0019538882,"103":0.0037403003,"104":0.0017305867,"105":0.004131078,"106":0.0043543795,"107":0.0039636019,"108":0.0018422375,"109":0.0030703958,"110":0.0021771898,"111":0.0043543795,"112":0.0039636019,"113":0.0010048568,"114":0.0046893318,"115":0.0024004913,"116":0.0035169988,"117":0.0035169988,"118":0.0016747613,"119":0.0036286496,"120":0.0037403003,"121":0.0016747613,"122":0.0046335064,"123":0.0039077765,"124":0.0013398091,"125":0.0025679674,"126":0.0015072852,"127":0.0033495227,"128":0.0029029197,"129":0.0010048568,"130":0.003684475,"131":0.0026237928,"132":0.0024004913,"133":0.0035169988,"134":0.0030703958,"135":0.0012281583,"136":0.0030703958,"137":0.0022330151,"138":0.0028470943,"139":0.003684475,"140":0.0027912689,"141":0.0040194272,"142":0.0025679674,"143":0.004131078,"144":0.0040194272,"145":0.0045218556,"146":0.0018422375,"147":0.0040752526,"148":0.0012839837,"149":0.0032378719,"150":0.003684475,"151":0.0016747613,"152":0.0030703958,"153":0.0016747613,"154":0.0028470943,"155":0.0026796182,"156":0.0012281583,"157":0.0029029197,"158":0.002512142,"159":0.001618936,"160":0.0022888405,"161":0.0026237928,"162":0.0008932061,"163":0.002958745,"164":0.0015631106,"165":0.0021213644,"166":0.0017864121,"167":0.0008932061,"168":0.0023446659,"169":0.0018980629,"170":0.0011165076,"171":0.0018422375,"172":0.0017864121,"173":0.0008373807,"174":0.0012839837,"175":0.0008373807,"176":0.0012281583,"177":0.0017864121,"178":0.0005024284,"179":0.0015072852,"180":0.0012281583,"181":0.0011165076,"182":0.0017864121,"183":0.0012281583,"184":0.0005582538,"185":0.0011723329,"186":0.0008373807,"187":0.0010048568,"188":0.0015072852,"189":0.0003349523,"190":0.0011723329,"191":0.000446603,"192":0.0008373807,"193":0.0008932061,"194":0.0007257299,"195":0.0010606822,"196":0.0006140792,"197":0.0007257299,"198":0.0011723329,"199":0.0007815553,"200":0.0006699045,"201":0.0005582538,"202":0.0001674761,"203":0.0009490314,"204":0.0011165076,"205":0.0001674761,"206":0.0008373807,"207":0.0006140792,