{"-44":0.0000558254,"-42":0.0000558254,"-39":0.0001116508,"-38":0.0000558254,"-37":0.0001674761,"-34":0.0000558254,"-33":0.0000558254,"-31":0.0002233015,"-29":0.0000558254,"-28":0.0003349523,"-27":0.0000558254,"-26":0.0002233015,"-25":0.0002791269,"-24":0.0001116508,"-23":0.0001674761,"-22":0.0005024284,"-21":0.0006140792,"-20":0.0006140792,"-19":0.0001674761,"-18":0.000446603,"-17":0.0007815553,"-16":0.0014514598,"-15":0.0011165076,"-14":0.0006140792,"-13":0.0008932061,"-12":0.0007257299,"-11":0.0013956345,"-10":0.0010606822,"-9":0.0005582538,"-8":0.0017305867,"-7":0.0007815553,"-6":0.0016747613,"-5":0.0014514598,"-4":0.001618936,"-3":0.0008932061,"-2":0.0011165076,"-1":0.0030145704,"0":0.002958745,"1":0.0022888405,"2":0.0008373807,"3":0.0014514598,"4":0.0028470943,"5":0.0022888405,"6":0.0024004913,"7":0.0020097136,"8":0.0030703958,"9":0.0011723329,"10":0.0022330151,"11":0.0020097136,"12":0.0011723329,"13":0.0026796182,"14":0.0015072852,"15":0.0023446659,"16":0.0025679674,"17":0.0031262212,"18":0.0017864121,"19":0.0012281583,"20":0.0019538882,"21":0.002512142,"22":0.0030145704,"23":0.0013398091,"24":0.0012839837,"25":0.0027912689,"26":0.0026796182,"27":0.0021213644,"28":0.0018422375,"29":0.0020097136,"30":0.0010606822,"31":0.0027912689,"32":0.0018980629,"33":0.0008932061,"34":0.0030145704,"35":0.0010048568,"36":0.0017864121,"37":0.002065539,"38":0.0021213644,"39":0.0011723329,"40":0.0014514598,"41":0.0022330151,"42":0.002512142,"43":0.0026237928,"44":0.0008932061,"45":0.0013956345,"46":0.002512142,"47":0.0012839837,"48":0.0021213644,"49":0.0010606822,"50":0.0024004913,"51":0.0010606822,"52":0.0019538882,"53":0.002065539,"54":0.0007257299,"55":0.0019538882,"56":0.0015631106,"57":0.0018422375,"58":0.0018980629,"59":0.0020097136,"60":0.0010048568,"61":0.0012281583,"62":0.002065539,"63":0.0021771898,"64":0.0022888405,"65":0.0007815553,"66":0.0010606822,"67":0.0015631106,"68":0.0025679674,"69":0.002512142,"70":0.0010048568,"71":0.0031262212,"72":0.0008932061,"73":0.0030145704,"74":0.0022330151,"75":0.0027354435,"76":0.0010048568,"77":0.0011165076,"78":0.0035169988,"79":0.0030703958,"80":0.0032378719,"81":0.0010606822,"82":0.0010606822,"83":0.0029029197,"84":0.002065539,"85":0.002512142,"86":0.0016747613,"87":0.0011723329,"88":0.0024004913,"89":0.0030703958,"90":0.0031820466,"91":0.0017305867,"92":0.0031262212,"93":0.0018980629,"94":0.0032378719,"95":0.0040752526,"96":0.0032378719,"97":0.002512142,"98":0.0017864121,"99":0.003684475,"100":0.004131078,"101":0.0035728242,"102":0.0021213644,"103":0.0022888405,"104":0.0046335064,"105":0.0039636019,"106":0.0037403003,"107":0.0024004913,"108":0.0019538882,"109":0.0035169988,"110":0.0042985541,"111":0.0044102049,"112":0.0021213644,"113":0.004577681,"114":0.0026237928,"115":0.0070339977,"116":0.005024284,"117":0.0060849662,"118":0.0033495227,"119":0.0027354435,"120":0.0063082677,"121":0.0067548708,"122":0.0064757439,"123":0.0035169988,"124":0.0042985541,"125":0.0064757439,"126":0.0061407916,"127":0.0085971082,"128":0.0037403003,"129":0.0047451571,"130":0.0093228382,"131":0.0073131245,"132":0.0075364261,"133":0.0049684587,"134":0.0086529336,"135":0.0043543795,"136":0.0108301234,"137":0.0096577904,"138":0.0093228382,"139":0.0065315693,"140":0.0069781723,"141":0.0138446938,"142":0.0148495506,"143":0.0159660582,"144":0.0078713783,"145":0.0077039022,"146":0.0148495506,"147":0.0129514877,"148":0.0146820745,"149":0.0068106961,"150":0.0080388545,"151":0.0140121699,"152":0.0121141071,"153":0.0118349802,"154":0.0075922514,"155":0.0146262491,"156":0.0055825378,"157":0.0122257578,"158":0.0126723609,"159":0.0140121699,"160":0.0075922514,"161":0.0049684587,"162":0.010327695,"163":0.0112767264,"164":0.0113325518,"165":0.0061407916,"166":0.005750014,"167":0.0122257578,"168":0.0117233294,"169":0.0122815832,"170":0.0047451571,"171":0.0062524424,"172":0.0097136158,"173":0.0093228382,"174":0.0100485681,"175":0.0037961257,"176":0.0090437113,"177":0.0033495227,"178":0.0073131245,"179":0.0084854575,"180":0.0094903143,"181":0.0041869034,"182":0.002512142,"183":0.0068665215,"184":0.007815553,"185":0.0073689499,"186":0.0040194272,"187":0.0027354435,"188":0.0063640931,"189":0.0073131245,"190":0.0069223469,"191":0.0040194272,"192":0.0031262212,"193":0.0058058393,"194":0.0056383632,"195":0.0055267124,"196":0.0022330151,"197":0.003684475,"198":0.0022330151,"199":0.0051917602,"200":0.0045218556,"201":0.0044102049,"202":0.002065539,"203":0.002065539,"204":0.0042985541,"205":0.0032378719,"206":0.0036286496,"207":0.0021213644,"208":0.0014514598,"209":0.0028470943,"210":0.0031820466,"211":0.0022330151,"212":0.0005582538,"213":0.0009490314,"214":0.0024004913,"215":0.0024563166,"216":0.0026237928,"217":0.0012839837,"218":0.0017864121,"219":0.0008373807,"220":0.0015072852,"221":0.0015072852,"222":0.0012839837,"223":0.0005582538,"224":0.0006699045,"225":0.0008932061,"226":0.0008932061,"227":0.0012839837,"228":0.0006140792,"229":0.0002233015,"230":0.0005582538,"231":0.0005024284,"232":0.0002233015,"233":0.0002791269,"234":0.0001116508,"235":0.0002233015,"236":0.0003349523,"237":0.0003907776,"238":0.0000558254,"239":0.0001116508}