{"fg": {"18": 0.03929273084479371, "12": 0.057067696713396156, "9": 0.04845659485198628, "16": 0.04777729679331358, "1": 0.02352902001265359, "21": 0.025973161066897538, "10": 0.051333621924011856, "26": 0.005780693283606939, "3": 0.034650860777196896, "15": 0.052632279977356734, "17": 0.04209650028304086, "11": 0.05492324597915487, "6": 0.04927574839332689, "7": 0.04863640904398788, "13": 0.05748726316139989, "19": 0.034244613898971064, "2": 0.030674969198494887, "14": 0.05562252339249442, "4": 0.043335220272385205, "20": 0.03046185608204855, "8": 0.04755752389197829, "5": 0.04831673936931837, "24": 0.013412806766341448, "29": 0.0014851320302354234, "25": 0.009603409809863142, "23": 0.017002430821484466, "22": 0.02190403249975026, "28": 0.002370883420465519, "27": 0.004169025340481502, "30": 0.0008724318204521994, "31": 2.6639139555792348e-05, "33": 6.659784888948087e-06, "32": 1.3319569777896174e-05, "34": 6.659784888948087e-06}, "foul": {"12": 0.056806373397990995, "23": 0.0066966862948851175, "7": 0.05746064734634184, "4": 0.05442019782165262, "15": 0.04268175345418158, "13": 0.050610014240080055, "14": 0.046645883847130816, "2": 0.056536966478081825, "8": 0.058422814917446025, "3": 0.05976984951699188, "18": 0.023630835546318747, "22": 0.009429242196820998, "10": 0.05984682292268021, "1": 0.05742216064349767, "9": 0.05561328560982181, "11": 0.06215602509333026, "16": 0.035099872993880614, "5": 0.05803794788900435, "6": 0.05619058615248432, "19": 0.020898279644382865, "21": 0.013855213023900243, "17": 0.029904168109918024, "20": 0.01808875033675865, "25": 0.0024246622791825423, "28": 0.0002694069199091714, "26": 0.0012315744910133548, "24": 0.004425970827079244, "27": 0.0009621675711041835, "29": 0.0002694069199091714, "31": 7.697340568833467e-05, "30": 0.00011546010853250202}, "jumpBall": {"6": 0.03982300884955752, "5": 0.10398230088495575, "2": 0.1836283185840708, "16": 0.022123893805309734, "25": 0.008849557522123894, "18": 0.011061946902654867, "1": 0.028761061946902654, "9": 0.02654867256637168, "20": 0.01327433628318584, "3": 0.17035398230088494, "7": 0.030973451327433628, "21": 0.015486725663716814, "4": 0.13938053097345132, "19": 0.01991150442477876, "10": 0.028761061946902654, "15": 0.01991150442477876, "29": 0.004424778761061947, "13": 0.017699115044247787, "14": 0.015486725663716814, "8": 0.030973451327433628, "12": 0.017699115044247787, "17": 0.011061946902654867, "11": 0.022123893805309734, "22": 0.00663716814159292, "23": 0.0022123893805309734, "30": 0.004424778761061947, "24": 0.0022123893805309734, "26": 0.0022123893805309734}, "rebound": {"3": 0.3396777609103318, "2": 0.307938613836125, "4": 0.17198841674214493, "1": 0.0995165137965786, "5": 0.054471928459350165, "6": 0.016647743943665565, "7": 0.005804385819438952, "22": 1.2756891910854839e-05, "14": 3.827067573256452e-05, "8": 0.002219699192488742, "9": 0.0008674686499381291, "12": 0.00010205513528683871, "10": 0.00030616540586051615, "11": 0.00024238094630624194, "17": 1.2756891910854839e-05, "18": 1.2756891910854839e-05, "20": 1.2756891910854839e-05, "13": 8.929824337598387e-05, "19": 2.5513783821709677e-05, "15": 1.2756891910854839e-05}, "turnover": {"21": 0.021826479488069844, "8": 0.04821667741455429, "11": 0.05694726920978223, "3": 0.042363212460935565, "4": 0.04479388858574334, "15": 0.051837888784165884, "17": 0.037105015129718734, "19": 0.028473634604891114, "18": 0.03586487424971477, "6": 0.04925839575375763, "7": 0.04742298725135175, "16": 0.04444664913934223, "24": 0.017163549779254925, "13": 0.055955156505779056, "9": 0.05302842402896969, "2": 0.040378987052929215, "10": 0.05163946624336525, "5": 0.04692693089935017, "1": 0.0408750434049308, "12": 0.05704648048018255, "20": 0.02405873307207699, "26": 0.004910957884815715, "14": 0.05223473386576715, "22": 0.016766704697653654, "23": 0.013443127139243017, "25": 0.009673098864030954, "29": 0.001686591596805397, "27": 0.003273971923210477, "28": 0.001686591596805397, "30": 0.0005952676224019049, "32": 4.960563520015874e-05, "33": 4.960563520015874e-05}, "violation": {"10": 0.09744408945686901, "4": 0.038338658146964855, "16": 0.036741214057507986, "18": 0.027156549520766772, "9": 0.07188498402555911, "5": 0.05591054313099041, "3": 0.0463258785942492, "1": 0.038338658146964855, "7": 0.052715654952076675, "17": 0.023961661341853034, "12": 0.06389776357827476, "13": 0.06070287539936102, "29": 0.001597444089456869, "8": 0.07188498402555911, "6": 0.06230031948881789, "14": 0.04153354632587859, "2": 0.039936102236421724, "15": 0.04792332268370607, "11": 0.06389776357827476, "21": 0.011182108626198083, "19": 0.01597444089456869, "20": 0.020766773162939296, "23": 0.004792332268370607, "22": 0.003194888178913738, "26": 0.001597444089456869}}