{"FIELD_GOAL": 0.77150468333763, "FOUL_DEFENSIVE_NON_SHOOTING": 0.07523416688149867, "FOUL_OFFENSIVE": 0.016499097705594226, "JUMP_BALL": 0.0028357824181490074, "TURNOVER": 0.12945776402852968, "VIOLATION_DEFENSIVE_GOALTENDING": 0.0017616224112743835, "VIOLATION_DEFENSIVE_KICK_BALL": 0.0027068832173240526}