{"FIELD_GOAL": 0.7871985646660518, "FOUL_DEFENSIVE_NON_SHOOTING": 0.06528438060677323, "JUMP_BALL": 0.0032741021560418844, "OFFENSIVE_FOUL": 0.015118648191134582, "TURNOVER": 0.12391919150963478, "VIOLATION_DEF_GOALTEND": 0.001773894356988637, "VIOLATION_DEF_KICK_BALL": 0.0034312185133751633}