{"FIELD_GOAL": 0.7728579812206573, "FOUL_DEFENSIVE_NON_SHOOTING": 0.07491197183098591, "FOUL_OFFENSIVE": 0.015933098591549295, "JUMP_BALL": 0.002992957746478873, "TURNOVER": 0.12875586854460094, "VIOLATION_DEFENSIVE_GOALTENDING": 0.0016431924882629107, "VIOLATION_DEFENSIVE_KICK_BALL": 0.0029049295774647888}