{"FIELD_GOAL": 0.7803902820635403, "FOUL_DEFENSIVE_NON_SHOOTING": 0.06458342387761311, "JUMP_BALL": 0.002868442783258725, "OFFENSIVE_FOUL": 0.016689121648050764, "TURNOVER": 0.13094875918118998, "VIOLATION_DEF_GOALTEND": 0.0017819114259637534, "VIOLATION_DEF_KICK_BALL": 0.0027380590203833284}