{"FIELD_GOAL": 0.7687961755758366, "FOUL_DEFENSIVE_NON_SHOOTING": 0.06731855714906562, "JUMP_BALL": 0.00343328987396784, "OFFENSIVE_FOUL": 0.020990873533246416, "TURNOVER": 0.13389830508474576, "VIOLATION_DEF_GOALTEND": 0.0020860495436766623, "VIOLATION_DEF_KICK_BALL": 0.003476749239461104}