{"FIELD_GOAL": 0.7557483731019523, "FOUL_DEFENSIVE_NON_SHOOTING": 0.07418655097613883, "JUMP_BALL": 0.0039045553145336228, "OFFENSIVE_FOUL": 0.02386117136659436, "TURNOVER": 0.1383947939262473, "VIOLATION_DEF_GOALTEND": 0.0021691973969631237, "VIOLATION_DEF_KICK_BALL": 0.0017353579175704988}