{"fg": {"16": 0.0453670767974809, "11": 0.0574960639104321, "22": 0.017726981165082513, "18": 0.037261647909499096, "2": 0.03090559216280833, "7": 0.05038194646918188, "12": 0.062394308706047, "6": 0.054405504694151265, "8": 0.053705755437634846, "4": 0.04320951658988862, "10": 0.05253950667677416, "14": 0.054813691760452504, "3": 0.035162400139949854, "17": 0.040818706630124206, "13": 0.05691293953000175, "9": 0.05218963204851595, "1": 0.0217505393900519, "5": 0.046941512624642835, "19": 0.034112776255175226, "20": 0.026823721499795908, "23": 0.016502419966178787, "15": 0.05178144498221471, "21": 0.025365910548720044, "25": 0.008571928392326083, "27": 0.0031488716543238674, "28": 0.0018076855793340719, "24": 0.011312612980348708, "29": 0.0010496238847746225, "26": 0.004956557233657939, "30": 0.0005248119423873112, "33": 5.831243804303458e-05}, "foul": {"12": 0.05670426065162907, "16": 0.03226817042606516, "10": 0.06610275689223058, "9": 0.06672932330827068, "8": 0.06390977443609022, "7": 0.06390977443609022, "18": 0.02882205513784461, "1": 0.05263157894736842, "3": 0.05889724310776942, "11": 0.06015037593984962, "2": 0.05858395989974937, "13": 0.04949874686716792, "6": 0.05200501253132832, "17": 0.03226817042606516, "5": 0.05545112781954887, "4": 0.06077694235588972, "24": 0.0037593984962406013, "14": 0.03790726817042606, "21": 0.009711779448621553, "15": 0.03884711779448621, "20": 0.015977443609022556, "19": 0.021929824561403508, "27": 0.0006265664160401002, "22": 0.005952380952380952, "23": 0.0043859649122807015, "33": 0.0003132832080200501, "25": 0.0012531328320802004, "29": 0.0003132832080200501, "26": 0.0003132832080200501}, "jumpBall": {"4": 0.07547169811320754, "15": 0.018867924528301886, "1": 0.03773584905660377, "18": 0.03773584905660377, "12": 0.018867924528301886, "24": 0.018867924528301886, "2": 0.11320754716981132, "13": 0.03773584905660377, "5": 0.11320754716981132, "7": 0.03773584905660377, "20": 0.03773584905660377, "19": 0.05660377358490566, "17": 0.05660377358490566, "9": 0.03773584905660377, "3": 0.1509433962264151, "11": 0.05660377358490566, "8": 0.03773584905660377, "14": 0.018867924528301886, "22": 0.018867924528301886, "6": 0.018867924528301886}, "rebound": {"6": 0.020311973964762652, "5": 0.05813040062843677, "4": 0.17237122657389742, "3": 0.3383458646616541, "2": 0.29659970822578835, "1": 0.10155986982381326, "7": 0.007967680395017395, "9": 0.0010099876557064303, "10": 0.0006733251038042868, "8": 0.0025810795645830995, "11": 0.00022444170126809562, "12": 0.00022444170126809562}, "turnover": {"10": 0.05634953042057983, "11": 0.057982850142915474, "4": 0.05104124132298898, "8": 0.049407921600653326, "21": 0.01837484687627603, "3": 0.05349122090649244, "9": 0.05512454062882809, "12": 0.06124948958758677, "5": 0.045732952225398124, "14": 0.05634953042057983, "6": 0.05553287055941201, "18": 0.028583095140873826, "13": 0.053082890975908535, "19": 0.027766435279706004, "15": 0.042057982850142915, "7": 0.0518579011841568, "1": 0.03879134340547162, "22": 0.016333197223356473, "24": 0.010208248264597795, "17": 0.03511637403021641, "16": 0.03960800326663944, "23": 0.012249897917517355, "25": 0.009391588403429971, "20": 0.02490812576561862, "2": 0.04287464271131074, "27": 0.002041649652919559, "26": 0.0028583095140873828, "28": 0.0008166598611678236, "30": 0.0004083299305839118, "29": 0.0004083299305839118}, "violation": {"9": 0.10810810810810811, "10": 0.12162162162162163, "20": 0.013513513513513514, "8": 0.05405405405405406, "14": 0.0945945945945946, "5": 0.04054054054054054, "18": 0.04054054054054054, "13": 0.06756756756756757, "7": 0.04054054054054054, "11": 0.06756756756756757, "1": 0.02702702702702703, "22": 0.02702702702702703, "16": 0.04054054054054054, "6": 0.04054054054054054, "21": 0.02702702702702703, "3": 0.04054054054054054, "2": 0.02702702702702703, "15": 0.02702702702702703, "4": 0.05405405405405406, "12": 0.02702702702702703, "19": 0.013513513513513514}}