{
  "FIELD_GOAL": 0.7942583732057417,
  "NON_SHOOTING_DEFENSIVE_FOUL": 0.05741626794258373,
  "JUMP_BALL": 0.004784688995215311,
  "OFFENSIVE_FOUL": 0.019138755980861243,
  "TURNOVER": 0.11483253588516747,
  "VIOLATION": 0.009569377990430622
}
