{"FG": {"18": 0.036128526645768023, "12": 0.05795454545454545, "9": 0.05086206896551724, "16": 0.04706112852664577, "1": 0.023550156739811912, "21": 0.02511755485893417, "10": 0.05211598746081505, "26": 0.005525078369905956, "3": 0.03452194357366771, "15": 0.05203761755485893, "17": 0.040203761755485894, "11": 0.05736677115987461, "6": 0.047844827586206895, "7": 0.05043103448275862, "13": 0.05654388714733542, "19": 0.03268025078369906, "2": 0.03213166144200627, "14": 0.05603448275862069, "4": 0.047178683385579935, "20": 0.029663009404388714, "8": 0.048510971786833855, "5": 0.049255485893416925, "24": 0.0125, "29": 0.0012147335423197492, "25": 0.009561128526645767, "23": 0.016810344827586206, "22": 0.019945141065830722, "28": 0.00219435736677116, "27": 0.004310344827586207, "30": 0.0007053291536050156, "31": 3.918495297805643e-05}, "FOUL": {"12": 0.05182567726737338, "23": 0.005418138987043581, "7": 0.05441696113074205, "4": 0.056301531213191994, "15": 0.038869257950530034, "13": 0.051590106007067135, "14": 0.0447585394581861, "2": 0.06289752650176679, "8": 0.06666666666666667, "3": 0.0636042402826855, "18": 0.02143698468786808, "22": 0.006831566548881037, "10": 0.06619552414605419, "1": 0.061955241460541814, "9": 0.05700824499411072, "11": 0.053945818610129564, "16": 0.03133097762073027, "5": 0.06548881036513546, "6": 0.051354534746760896, "19": 0.021908127208480566, "21": 0.013898704358068316, "17": 0.02685512367491166, "20": 0.015547703180212015, "25": 0.001884570082449941, "28": 0.00023557126030624264, "26": 0.001884570082449941, "24": 0.004711425206124852, "27": 0.0009422850412249705, "29": 0.00023557126030624264}, "JUMP_BALL": {"6": 0.04054054054054054, "5": 0.12162162162162163, "2": 0.20270270270270271, "16": 0.02702702702702703, "25": 0.013513513513513514, "18": 0.013513513513513514, "1": 0.04054054054054054, "9": 0.02702702702702703, "20": 0.013513513513513514, "3": 0.17567567567567569, "7": 0.013513513513513514, "21": 0.013513513513513514, "4": 0.14864864864864866, "19": 0.02702702702702703, "10": 0.013513513513513514, "15": 0.02702702702702703, "29": 0.013513513513513514, "13": 0.02702702702702703, "14": 0.013513513513513514, "8": 0.02702702702702703}, "REBOUND": {"3": 0.34666964684845775, "2": 0.29667709730293546, "4": 0.1790344210996871, "1": 0.08836239010579645, "5": 0.0569214722098048, "6": 0.019669199821189094, "7": 0.007152436298614216, "22": 7.450454477723141e-05, "14": 0.00014900908955446283, "8": 0.0029801817910892563, "9": 0.0010430636268812397, "12": 0.00022351363433169424, "10": 0.0004470272686633885, "11": 0.0004470272686633885, "17": 7.450454477723141e-05, "18": 7.450454477723141e-05}, "TURNOVER": {"21": 0.020277777777777777, "8": 0.0475, "11": 0.05555555555555555, "3": 0.04805555555555555, "4": 0.04583333333333333, "15": 0.05361111111111111, "17": 0.03888888888888889, "19": 0.026111111111111113, "18": 0.03222222222222222, "6": 0.04722222222222222, "7": 0.04666666666666667, "16": 0.03972222222222222, "24": 0.015277777777777777, "13": 0.057777777777777775, "9": 0.05722222222222222, "2": 0.043611111111111114, "10": 0.05722222222222222, "5": 0.04138888888888889, "1": 0.04111111111111111, "12": 0.055, "20": 0.02722222222222222, "26": 0.005277777777777778, "14": 0.051666666666666666, "22": 0.015, "23": 0.011666666666666667, "25": 0.010555555555555556, "29": 0.0022222222222222222, "27": 0.0022222222222222222, "28": 0.002777777777777778, "30": 0.0011111111111111111}, "VIOLATION": {"10": 0.07777777777777778, "4": 0.011111111111111112, "16": 0.03333333333333333, "18": 0.03333333333333333, "9": 0.05555555555555555, "5": 0.03333333333333333, "3": 0.044444444444444446, "1": 0.044444444444444446, "7": 0.03333333333333333, "17": 0.03333333333333333, "12": 0.07777777777777778, "13": 0.08888888888888889, "29": 0.011111111111111112, "8": 0.06666666666666667, "6": 0.06666666666666667, "14": 0.05555555555555555, "2": 0.06666666666666667, "15": 0.03333333333333333, "11": 0.08888888888888889, "21": 0.011111111111111112, "19": 0.011111111111111112, "20": 0.022222222222222223}}