{"FIELD_GOAL": 0.7712395842281591, "FOUL_DEFENSIVE_NON_SHOOTING": 0.07555192852847693, "JUMP_BALL": 0.002834808006185036, "OFFENSIVE_FOUL": 0.016493428399622024, "TURNOVER": 0.1294132806459926, "VIOLATION_DEF_GOALTEND": 0.00176101709475131, "VIOLATION_DEF_KICK_BALL": 0.0027059530968129887}