{"DEF_REB": 0.6995798319327731, "DEF_REB_TEAM": 0.046218487394957986, "OFF_REB": 0.21008403361344538, "OFF_REB_TEAM": 0.04411764705882353}