{"-49":0.0000276978,"-44":0.0000276978,"-41":0.0000276978,"-40":0.0000276978,"-39":0.0000276978,"-35":0.0000553955,"-34":0.0000830933,"-33":0.0000276978,"-32":0.0000553955,"-31":0.0000830933,"-29":0.0001384888,"-28":0.0000830933,"-27":0.0002492799,"-26":0.0000830933,"-25":0.0002769776,"-24":0.0001661866,"-23":0.0001384888,"-22":0.0004985597,"-21":0.0003877687,"-20":0.0003600709,"-19":0.0002492799,"-18":0.0003600709,"-17":0.0006647463,"-16":0.0005262575,"-15":0.0008586306,"-14":0.000581653,"-13":0.0008032351,"-12":0.0006647463,"-11":0.0014125859,"-10":0.001634168,"-9":0.0007755373,"-8":0.0015510747,"-7":0.0008586306,"-6":0.0021881232,"-5":0.0019111456,"-4":0.0026589852,"-3":0.0014956791,"-2":0.0017172612,"-1":0.003379127,"0":0.0035453135,"1":0.0039330822,"2":0.0021881232,"3":0.0025204963,"4":0.0047086195,"5":0.0054564591,"6":0.0059273211,"7":0.0022712165,"8":0.0055949479,"9":0.0029359628,"10":0.0062596942,"11":0.0063150897,"12":0.0034345225,"13":0.0071737204,"14":0.0035453135,"15":0.007450698,"16":0.0072845114,"17":0.008143142,"18":0.004542433,"19":0.0039884777,"20":0.008143142,"21":0.0080877465,"22":0.010940616,"23":0.0050132949,"24":0.0055949479,"25":0.0115776645,"26":0.0108852205,"27":0.0114668735,"28":0.0052625748,"29":0.0117161533,"30":0.00581653,"31":0.0108021272,"32":0.010358963,"33":0.00396078,"34":0.011522269,"35":0.0049302016,"36":0.0102481719,"37":0.0107467317,"38":0.0130733437,"39":0.0079769555,"40":0.0073953025,"41":0.014901396,"42":0.0147906049,"43":0.0155384445,"44":0.0075891868,"45":0.006979836,"46":0.0157600266,"47":0.0157046311,"48":0.015483049,"49":0.0083093286,"50":0.0143751385,"51":0.0069244405,"52":0.014901396,"53":0.0148183027,"54":0.0063150897,"55":0.0145413251,"56":0.0074230002,"57":0.0119654332,"58":0.0116607578,"59":0.010940616,"60":0.0070352316,"61":0.0047086195,"62":0.0111068026,"63":0.0127686683,"64":0.011051407,"65":0.0063704853,"66":0.0050132949,"67":0.0102204742,"68":0.0104974518,"69":0.0119100377,"70":0.0059550188,"71":0.0119100377,"72":0.0057888323,"73":0.0111898959,"74":0.0107190339,"75":0.0102758697,"76":0.0042931531,"77":0.0043485486,"78":0.0089740749,"79":0.0091679592,"80":0.0089740749,"81":0.0042931531,"82":0.0038499889,"83":0.0081985376,"84":0.0083647241,"85":0.0073122092,"86":0.0037668956,"87":0.0036007091,"88":0.0077830711,"89":0.0075337913,"90":0.0082539331,"91":0.0034068247,"92":0.0072291159,"93":0.0035453135,"94":0.0080600487,"95":0.0081708398,"96":0.0072014181,"97":0.004071571,"98":0.0044316419,"99":0.0088909816,"100":0.0076722801,"101":0.0067859517,"102":0.0034622203,"103":0.0039330822,"104":0.006287392,"105":0.0065089741,"106":0.0065920674,"107":0.0028251717,"108":0.0028251717,"109":0.0064812763,"110":0.0072568136,"111":0.0050409927,"112":0.0032960337,"113":0.0054841569,"114":0.0033237314,"115":0.0064258808,"116":0.00581653,"117":0.00581653,"118":0.0031575449,"119":0.0039330822,"120":0.0072568136,"121":0.0055949479,"122":0.0056503435,"123":0.0026589852,"124":0.0029359628,"125":0.0044039442,"126":0.00396078,"127":0.0038222912,"128":0.0019665411,"129":0.0019388433,"130":0.0031298471,"131":0.002215821,"132":0.0028528695,"133":0.0012187015,"134":0.0021604254,"135":0.0013017948,"136":0.0016618657,"137":0.0011910038,"138":0.0015233769,"139":0.0006093508}