{"-139":0.0004154664,"-138":0.0004985597,"-137":0.0004154664,"-136":0.0007478396,"-135":0.0003323731,"-134":0.0007755373,"-133":0.0008309329,"-132":0.000470862,"-131":0.0006370485,"-130":0.0007755373,"-129":0.000470862,"-128":0.001163306,"-127":0.0011356082,"-126":0.0003046754,"-125":0.001052515,"-124":0.0007478396,"-123":0.0011910038,"-122":0.0010248172,"-121":0.0002769776,"-120":0.0010248172,"-119":0.0014956791,"-118":0.0006093508,"-117":0.0013294926,"-116":0.0013017948,"-115":0.0009140261,"-114":0.0013571903,"-113":0.0006093508,"-112":0.0011356082,"-111":0.0014402836,"-110":0.0008586306,"-109":0.0014402836,"-108":0.0009694217,"-107":0.0018834478,"-106":0.0014679814,"-105":0.0013848881,"-104":0.0008309329,"-103":0.0020219366,"-102":0.001163306,"-101":0.0016895635,"-100":0.0021327277,"-99":0.0007201418,"-98":0.0019111456,"-97":0.001744959,"-96":0.0018003545,"-95":0.002215821,"-94":0.0011079105,"-93":0.0020773322,"-92":0.0015233769,"-91":0.0006924441,"-90":0.0018557501,"-89":0.0021604254,"-88":0.0008586306,"-87":0.0023543098,"-86":0.0011356082,"-85":0.001744959,"-84":0.0020496344,"-83":0.0008586306,"-82":0.0018003545,"-81":0.0027697762,"-79":0.0021604254,"-78":0.0025758919,"-77":0.0009694217,"-76":0.0027143807,"-75":0.0018557501,"-74":0.0030467538,"-73":0.0030744516,"-72":0.0011910038,"-71":0.0024927986,"-70":0.003489918,"-69":0.0013571903,"-68":0.0034345225,"-67":0.0037668956,"-66":0.0021604254,"-65":0.0034345225,"-64":0.0015233769,"-63":0.0044593397,"-62":0.0041546643,"-61":0.0024097053,"-60":0.0052902725,"-59":0.0020496344,"-58":0.0052902725,"-57":0.0049578994,"-56":0.0019942389,"-55":0.004653224,"-54":0.0049302016,"-53":0.0031298471,"-52":0.0057888323,"-51":0.0056503435,"-50":0.0030467538,"-49":0.0060658099,"-48":0.0032683359,"-47":0.0066474629,"-46":0.0057888323,"-45":0.0047363173,"-44":0.0077276756,"-43":0.008032351,"-42":0.0029913583,"-41":0.0079492577,"-40":0.0085309107,"-39":0.0049855972,"-38":0.0080046532,"-37":0.0029359628,"-36":0.0061766009,"-35":0.007561489,"-34":0.0033237314,"-33":0.0075337913,"-32":0.0060935076,"-31":0.0037668956,"-30":0.0064258808,"-29":0.0065643696,"-28":0.0024651008,"-27":0.0057888323,"-26":0.0031021493,"-25":0.0065366718,"-24":0.0060381121,"-23":0.00396078,"-22":0.0059273211,"-21":0.0024374031,"-20":0.007561489,"-19":0.0059550188,"-18":0.0060381121,"-17":0.0050409927,"-16":0.0067859517,"-15":0.0026866829,"-14":0.0070352316,"-13":0.0072568136,"-12":0.0045701307,"-11":0.0086970973,"-10":0.003489918,"-9":0.008614004,"-8":0.0098050078,"-7":0.0055949479,"-6":0.0102481719,"-5":0.0112452914,"-4":0.0071737204,"-3":0.0124362951,"-2":0.0123532019,"-1":0.0072568136,"0":0.0126024817,"1":0.0063150897,"2":0.0127132728,"3":0.013156437,"4":0.0074783957,"5":0.0113006869,"6":0.011051407,"7":0.0043762464,"8":0.0095003324,"9":0.0083647241,"10":0.0038222912,"11":0.0081708398,"12":0.0045147352,"13":0.0067859517,"14":0.0071737204,"15":0.0026312874,"16":0.006869045,"17":0.0044593397,"18":0.0065643696,"19":0.0069244405,"20":0.0072568136,"21":0.002908265,"22":0.006398183,"23":0.0037391979,"24":0.0065643696,"25":0.0058996233,"26":0.0028528695,"27":0.0059827166,"28":0.0031021493,"29":0.0077830711,"30":0.0073676047,"31":0.0037668956,"32":0.0066474629,"33":0.0076722801,"34":0.0039330822,"35":0.0080046532,"36":0.0072568136,"37":0.0032129404,"38":0.008724795,"39":0.0046255263,"40":0.0097219145,"41":0.0082539331,"42":0.0031575449,"43":0.009195657,"44":0.0078384667,"45":0.0052071793,"46":0.0061212054,"47":0.0067582539,"48":0.0043485486,"49":0.0071737204,"50":0.0037115001,"51":0.0063427875,"52":0.0049025039,"53":0.0027697762,"54":0.0061766009,"55":0.0060935076,"56":0.0023543098,"57":0.0051517837,"58":0.0056226457,"59":0.0019665411,"60":0.005705739,"61":0.0032960337,"62":0.0044316419,"63":0.0052071793,"64":0.0013017948,"65":0.0042100598,"66":0.0028528695,"67":0.0043208509,"68":0.0043485486,"69":0.0015787724,"70":0.00396078,"71":0.0035176158,"72":0.0019111456,"73":0.0026589852,"74":0.0029636605,"75":0.0015233769,"76":0.0020496344,"77":0.0011079105,"78":0.0025758919,"79":0.0022989142,"81":0.003489918,"82":0.0030190561,"83":0.001052515,"84":0.0019388433,"85":0.0019942389,"86":0.0009417239,"87":0.0019665411,"88":0.0013848881,"89":0.0024097053,"90":0.0021050299,"91":0.0010802127,"92":0.0024927986,"93":0.0023543098,"94":0.0013017948,"95":0.0018834478,"96":0.0021050299,"97":0.0014679814,"98":0.0019111456,"99":0.0008863284,"100":0.0019388433,"101":0.0019942389,"102":0.0014125859,"103":0.0016895635,"104":0.0008032351,"105":0.0017726568,"106":0.0013571903,"107":0.0016618657,"108":0.0008586306,"109":0.0014125859,"110":0.0007201418,"111":0.0013017948,"112":0.0014956791,"113":0.0006647463,"114":0.0016895635,"115":0.0009694217,"116":0.0012740971,"117":0.0015233769,"118":0.0007478396,"119":0.0013017948,"120":0.0014125859,"121":0.0003877687,"122":0.0008863284,"123":0.0013848881,"124":0.0006370485,"125":0.0012463993,"126":0.000581653,"127":0.0008586306,"128":0.0008309329,"129":0.0004431642,"130":0.0008032351,"131":0.0007755373,"132":0.0003323731,"133":0.0009140261,"134":0.0009140261,"135":0.0002769776,"136":0.0006647463,"137":0.0002769776,"138":0.0006093508,"139":0.0002492799}