{"Arc3":0.2983499518,"AtRim":0.3004959847,"Corner3":0.0928501715,"LongMidRange":0.1022390658,"ShortMidRange":0.2060648262}