{"1":0.045503130248893,"2":0.0429073140937548,"3":0.056039089937395,"4":0.0557336998014964,"5":0.0514582378989159,"6":0.0479462513360818,"7":0.0471827759963353,"8":0.0563444800732936,"9":0.0539013589861047,"10":0.0561917850053443,"11":0.0589402962284318,"12":0.0586349060925332,"13":0.054512139257902,"14":0.0513055428309666,"15":0.0471827759963353,"16":0.0458085203847916,"17":0.0412276683463124,"18":0.0308444037257597,"19":0.0282485875706215,"20":0.0210719193770041,"21":0.0161856772026264,"22":0.0116048251641472,"23":0.00809283860131318,"24":0.00641319285387082,"25":0.00366468163078333,"26":0.00167964574744236,"27":0.000610780271797221,"28":0.000763475339746526}