{"FG": {"18": 0.024725274725274724, "12": 0.07692307692307693, "9": 0.06593406593406594, "16": 0.03571428571428571, "1": 0.03021978021978022, "21": 0.019230769230769232, "10": 0.06593406593406594, "26": 0.005494505494505495, "3": 0.027472527472527472, "15": 0.046703296703296704, "17": 0.046703296703296704, "11": 0.0521978021978022, "6": 0.03571428571428571, "7": 0.07692307692307693, "13": 0.046703296703296704, "19": 0.024725274725274724, "2": 0.038461538461538464, "14": 0.06868131868131869, "4": 0.04120879120879121, "20": 0.02197802197802198, "8": 0.04395604395604396, "5": 0.06593406593406594, "24": 0.005494505494505495, "29": 0.0027472527472527475, "25": 0.0027472527472527475, "23": 0.01098901098901099, "22": 0.013736263736263736, "28": 0.0027472527472527475}, "FOUL": {"12": 0.07936507936507936, "23": 0.015873015873015872, "7": 0.06349206349206349, "4": 0.07936507936507936, "15": 0.015873015873015872, "13": 0.1111111111111111, "14": 0.06349206349206349, "2": 0.031746031746031744, "8": 0.06349206349206349, "3": 0.1111111111111111, "18": 0.015873015873015872, "22": 0.015873015873015872, "10": 0.047619047619047616, "1": 0.031746031746031744, "9": 0.09523809523809523, "11": 0.047619047619047616, "16": 0.031746031746031744, "5": 0.031746031746031744, "6": 0.015873015873015872, "19": 0.031746031746031744}, "JUMP_BALL": {}, "REBOUND": {"3": 0.4512820512820513, "2": 0.3076923076923077, "4": 0.1282051282051282, "1": 0.07179487179487179, "5": 0.03076923076923077, "6": 0.010256410256410256}, "TURNOVER": {"21": 0.021739130434782608, "8": 0.06521739130434782, "11": 0.17391304347826086, "3": 0.043478260869565216, "4": 0.021739130434782608, "15": 0.06521739130434782, "17": 0.021739130434782608, "19": 0.06521739130434782, "18": 0.043478260869565216, "6": 0.06521739130434782, "7": 0.021739130434782608, "16": 0.021739130434782608, "24": 0.021739130434782608, "13": 0.06521739130434782, "9": 0.043478260869565216, "2": 0.043478260869565216, "10": 0.06521739130434782, "5": 0.06521739130434782, "1": 0.021739130434782608, "12": 0.021739130434782608, "20": 0.021739130434782608}, "VIOLATION": {"10": 1.0}}