{"FIELD_GOAL": 0.7854166666666667, "FOUL_DEFENSIVE_NON_SHOOTING": 0.07916666666666666, "FOUL_OFFENSIVE": 0.014583333333333334, "JUMP_BALL": 0.0, "TURNOVER": 0.11666666666666667, "VIOLATION_DEFENSIVE_GOALTENDING": 0.0020833333333333333, "VIOLATION_DEFENSIVE_KICK_BALL": 0.0020833333333333333}